split,filename,label,is_noise,is_train,has_text,gec_verb_form_per_100w,gec_agreement_per_100w,gec_determiner_per_100w,gec_preposition_per_100w,gec_pronoun_per_100w,gec_other_grammar_per_100w,gec_punct_per_100w,gec_orth_per_100w,gec_spell_per_100w,gec_all_per_100w,gec_grammar_per_100w,gec_share_chunks_changed,gec_grammar_edits,n_sentences,mean_sentence_len,share_sentences_without_verb,noun_share,verb_share,adj_share,adv_share,aux_share,pron_share,conj_share,tense_past_share,tense_present_share,future_marker_count,tense_variety,mean_parse_depth,max_parse_depth,subordinate_clauses_per_sentence,mean_word_len,n_words_text,n_unique_words,ttr,root_ttr,gpt2_mean_loss,gpt2_perplexity,gpt2_n_tokens,pause_count,long_pause_count,filler_count,like_count,immediate_repeat_count,articulation_rate,mean_pause_len,max_pause_len,pause_time_ratio,filler_rate,like_rate,immediate_repeat_rate,share_low_confidence_words,speaking_rate,mean_word_prob,min_word_prob
train,audio_192.wav,3.0,False,True,True,0.0,2.0408163265306123,0.0,0.0,0.0,0.0,0.0,0.0,0.0,2.0408163265306123,2.0408163265306123,0.1111111111111111,2,9,11.22222222222222,0.1111111111111111,0.1881188118811881,0.1584158415841584,0.0594059405940594,0.0693069306930693,0.0594059405940594,0.1386138613861386,0.099009900990099,0.0,1.0,1,3,3.333333333333333,6,0.5555555555555556,4.040816326530612,98,63,0.6428571428571429,6.363961030678928,3.8299523630449848,46.06034400741628,124,12,5,1,3,1,2.349311817750356,1.203333333333333,3.039999999999999,0.25521385648639083,1.0101010101010102,3.0303030303030303,1.0101010101010102,0.30303030303030304,1.6361371463041272,0.693263063418933,0.001365650910884142
train,audio_436.wav,3.0,False,True,True,0.9090909090909092,0.0,1.818181818181818,0.0,0.9090909090909092,4.545454545454546,0.0,0.0,0.0,8.181818181818182,8.181818181818182,0.6666666666666666,9,5,22.0,0.2,0.2909090909090909,0.1181818181818181,0.0909090909090909,0.0454545454545454,0.0454545454545454,0.0909090909090909,0.0545454545454545,0.0,1.0,3,2,6.6,10,1.2,4.390909090909091,110,51,0.4636363636363636,4.862659205152521,4.3595234375,78.21984889260924,125,7,1,1,5,1,2.0028870443883076,0.6457142857142854,1.04,0.07540874207540871,0.9009009009009009,4.504504504504505,0.9009009009009009,0.0990990990990991,1.8476999984394424,0.8138373359159359,9.036231494974345e-05
train,audio_447.wav,3.5,False,True,True,0.0,1.3605442176870748,2.0408163265306123,0.6802721088435374,0.0,0.6802721088435374,0.0,0.0,0.0,4.761904761904762,4.761904761904762,0.5,7,12,12.25,0.0833333333333333,0.2517006802721088,0.1564625850340136,0.0544217687074829,0.0340136054421768,0.0544217687074829,0.0952380952380952,0.0476190476190476,0.0,1.0,0,3,5.333333333333333,8,0.8333333333333334,3.986394557823129,147,78,0.5306122448979592,6.4333315709701155,2.7051871937407546,14.957116307034948,169,10,0,0,1,0,2.9649052037111745,0.4960000000000007,0.8000000000000043,0.09094242757609107,0.0,0.6802721088435374,0.0,0.04081632653061224,2.44695405198737,0.9020548356768765,0.2637280821800232
train,audio_126.wav,2.0,False,True,True,0.0,0.0,0.9523809523809524,0.9523809523809524,0.0,1.9047619047619049,0.0,0.0,0.0,3.809523809523809,3.809523809523809,0.75,4,3,35.0,0.0,0.2095238095238095,0.1333333333333333,0.019047619047619,0.0380952380952381,0.0,0.1904761904761904,0.0666666666666666,0.9166666666666666,0.0833333333333333,0,2,6.333333333333333,8,1.3333333333333333,3.619047619047619,105,44,0.41904761904761906,4.293960320973546,3.768035138239626,43.29491268878735,122,9,3,0,0,2,2.8579205225911806,0.8022222222222217,1.9799999999999969,0.16424021838034567,0.0,0.0,1.9047619047619047,0.09523809523809523,2.3302263648468706,0.8458354813711983,0.18976573646068573
train,audio_61.wav,2.0,False,True,True,2.5,0.0,0.0,0.0,0.0,3.75,1.25,0.0,0.0,7.5,6.25,1.0,5,5,16.2,0.0,0.2345679012345679,0.1358024691358024,0.037037037037037,0.037037037037037,0.074074074074074,0.1481481481481481,0.074074074074074,0.5454545454545454,0.4545454545454545,0,2,4.4,8,1.0,3.75,80,45,0.5625,5.031152949374526,4.0741997612847225,58.803404993736784,90,5,0,0,0,3,1.9870839542970689,0.4160000000000002,0.6400000000000006,0.04912612187057158,0.0,0.0,3.75,0.0375,1.7660044150110377,0.8773102224804461,0.07151759415864944
train,audio_639.wav,2.5,False,True,True,0.0,0.0,0.0,0.0,0.0,0.0,1.0638297872340423,0.0,0.0,1.0638297872340423,0.0,0.1666666666666666,0,6,16.0,0.1666666666666666,0.1458333333333333,0.125,0.0520833333333333,0.09375,0.0833333333333333,0.1979166666666666,0.09375,0.5333333333333333,0.4666666666666667,1,3,4.333333333333333,7,1.6666666666666667,3.797872340425532,94,60,0.6382978723404256,6.18852747755276,3.63202184274656,37.78914313601984,109,11,6,0,0,0,2.6125625347415244,1.3181818181818195,4.020000000000003,0.28724247226624433,0.0,0.0,0.0,0.24468085106382978,1.5647189175973657,0.691600400637439,0.07030100375413895
train,audio_703.wav,2.0,False,True,True,0.0,0.0,0.0,0.0,0.0,4.545454545454546,0.0,0.0,0.0,4.545454545454546,4.545454545454546,0.3333333333333333,2,2,22.0,0.0,0.1363636363636363,0.1363636363636363,0.1136363636363636,0.1136363636363636,0.0681818181818181,0.1136363636363636,0.0454545454545454,0.75,0.25,0,2,4.5,8,2.0,3.4318181818181817,44,34,0.7727272727272727,5.125692857821981,3.687356387867647,39.93912372121919,51,3,1,0,0,1,1.7187500000000009,3.913333333333339,10.440000000000015,0.31440814140332124,0.0,0.0,2.272727272727273,0.36363636363636365,0.843558282208589,0.6556334315629845,0.02336895279586315
train,audio_509.wav,3.0,False,True,True,0.7692307692307693,0.0,1.5384615384615383,0.0,0.0,0.7692307692307693,0.7692307692307693,0.0,0.0,3.8461538461538463,3.076923076923077,0.4,4,10,13.1,0.0,0.2137404580152671,0.2061068702290076,0.0610687022900763,0.0534351145038167,0.0381679389312977,0.1603053435114503,0.1068702290076335,0.0,1.0,0,2,3.9,9,0.7,4.892307692307693,130,84,0.6461538461538462,7.367287362179046,3.583350396925403,35.99393301617828,155,17,1,0,2,1,2.670501232539031,0.6517647058823532,3.6400000000000077,0.18540829986613128,0.0,1.5384615384615385,0.7692307692307693,0.038461538461538464,2.163972971145293,0.9298924026724238,0.24563968367874622
train,audio_672.wav,4.0,False,True,True,0.0,0.0,0.0,0.0,0.8547008547008547,1.709401709401709,0.0,0.0,0.0,2.5641025641025643,2.5641025641025643,0.2222222222222222,3,9,13.11111111111111,0.0,0.2627118644067797,0.1016949152542373,0.059322033898305,0.0677966101694915,0.0847457627118644,0.1186440677966101,0.0677966101694915,0.0,1.0,0,1,3.7777777777777777,9,0.6666666666666666,4.128205128205129,117,71,0.6068376068376068,6.563952321998544,3.2099139873798075,24.77695500211287,130,7,3,0,0,0,2.4725274725274726,1.2457142857142853,2.3599999999999994,0.1556031406138472,0.0,0.0,0.0,0.03418803418803419,1.9475756740307637,0.9234629787685099,0.030186103656888008
train,audio_344.wav,4.0,False,True,True,0.0,0.8695652173913043,0.0,0.0,0.0,0.8695652173913043,0.0,0.0,0.0,1.7391304347826086,1.7391304347826086,0.1666666666666666,2,6,19.33333333333333,0.0,0.2327586206896551,0.1379310344827586,0.0603448275862069,0.043103448275862,0.0948275862068965,0.1206896551724138,0.0603448275862069,0.0,1.0,0,2,5.5,8,2.0,4.28695652173913,115,66,0.5739130434782609,6.1545317343860715,3.389967679977417,29.66499348161565,128,6,3,3,0,0,2.5911286780851994,0.8933333333333326,1.1799999999999997,0.10530451866404707,2.542372881355932,0.0,0.0,0.05084745762711865,1.9642216199626505,0.9061280534498125,0.0012941815657541156
train,audio_592.wav,5.0,False,True,True,0.0,0.0,0.8928571428571429,0.8928571428571429,0.0,1.7857142857142858,0.8928571428571429,0.8928571428571429,0.0,5.357142857142857,3.571428571428572,0.4,4,5,22.6,0.0,0.2831858407079646,0.1238938053097345,0.0530973451327433,0.0176991150442477,0.0530973451327433,0.1061946902654867,0.0884955752212389,0.0,1.0,1,2,5.2,6,1.8,5.089285714285714,112,79,0.7053571428571429,7.464798341932237,3.64346145269439,38.22391828141578,127,4,0,0,0,0,3.1511433351924145,0.36499999999999844,0.4399999999999977,0.03912111468381548,0.0,0.0,0.0,0.1592920353982301,1.8809918903032161,0.7928609754615478,0.07681191712617874
train,audio_705.wav,3.0,False,True,True,0.0,0.0,0.0,0.0,0.0,0.9174311926605504,0.9174311926605504,0.0,0.0,1.834862385321101,0.9174311926605504,0.3333333333333333,1,6,18.5,0.0,0.2522522522522522,0.1441441441441441,0.045045045045045,0.027027027027027,0.036036036036036,0.1531531531531531,0.063063063063063,0.0,1.0,0,2,5.0,9,1.0,3.844036697247706,109,61,0.5596330275229358,5.842740339849024,3.343392578125,28.31502487641557,125,9,3,0,4,0,2.1425788858589794,0.7466666666666668,1.5399999999999991,0.11574233551498452,0.0,3.6363636363636362,0.0,0.12727272727272726,1.8310540525075556,0.807346738231453,0.05985935404896736
train,audio_497.wav,2.0,False,True,True,1.3157894736842106,5.2631578947368425,2.631578947368421,0.0,1.3157894736842106,2.631578947368421,0.0,0.0,0.0,13.157894736842104,13.157894736842104,1.0,10,3,25.666666666666668,0.0,0.3116883116883117,0.1688311688311688,0.0649350649350649,0.0259740259740259,0.0389610389610389,0.0909090909090909,0.0519480519480519,0.0,1.0,0,1,7.0,7,2.0,5.131578947368421,76,52,0.6842105263157895,5.9648090806346055,3.478887097588901,32.423617666970244,87,8,2,1,0,0,1.8487394957983194,1.8362499999999997,10.5,0.2607383741569045,1.2987012987012987,0.0,0.0,0.09090909090909091,1.281737836755289,0.8183476033547966,0.0064751566387712955
train,audio_702.wav,3.0,False,True,True,0.0,0.0,0.0,0.0,0.0,0.0,0.0,0.0,0.0,0.0,0.0,0.0,0,4,24.25,0.0,0.1546391752577319,0.2061855670103092,0.0309278350515463,0.0824742268041237,0.0618556701030927,0.2061855670103092,0.1030927835051546,0.0714285714285714,0.9285714285714286,0,2,5.5,6,3.25,3.9072164948453607,97,56,0.5773195876288659,5.685938524748267,3.1578314950533004,23.5195383545086,107,8,4,1,0,0,2.4549098196392793,1.7100000000000004,3.8599999999999994,0.255223880597015,1.0204081632653061,0.0,0.0,0.12244897959183673,1.6313027013249133,0.8157658127649706,0.09369245916604996
train,audio_598.wav,2.0,False,True,True,0.7518796992481203,0.0,0.0,0.0,0.0,1.5037593984962403,1.5037593984962403,0.0,0.0,3.7593984962406015,2.255639097744361,1.0,3,2,66.5,0.0,0.1804511278195488,0.1278195488721804,0.0601503759398496,0.075187969924812,0.1203007518796992,0.1729323308270676,0.0676691729323308,0.3529411764705882,0.6470588235294118,1,5,8.0,9,8.0,4.0,133,65,0.48872180451127817,5.63621480190678,3.793363772564053,44.405519401821145,161,14,0,4,0,0,2.6468315301391034,0.5028571428571426,0.9800000000000004,0.11972789115646253,2.9197080291970803,0.0,0.0,0.16058394160583941,2.280494592668501,0.793130413015031,0.030965687707066536
train,audio_99.wav,3.5,False,True,True,0.0,0.0,2.5641025641025643,0.0,0.0,1.2820512820512822,1.2820512820512822,0.0,0.0,5.128205128205129,3.8461538461538463,1.0,3,2,40.0,0.0,0.1,0.1625,0.1,0.05,0.1125,0.175,0.025,0.25,0.75,2,3,10.0,14,3.0,3.5128205128205128,78,48,0.6153846153846154,5.4349297638940595,3.905058099982444,49.65296466474961,89,4,0,6,0,0,2.0843672456575684,0.39500000000000046,0.7800000000000011,0.03772683858643748,7.142857142857143,0.0,0.0,0.08333333333333333,1.8641810918774966,0.8968757327113833,0.32751598954200745
train,audio_194.wav,4.0,False,True,True,0.0,0.0,0.0,0.0,0.0,0.0,0.0,0.0,0.0,0.0,0.0,0.0,0,3,17.333333333333332,0.0,0.1923076923076923,0.1346153846153846,0.1153846153846153,0.0192307692307692,0.0384615384615384,0.1538461538461538,0.1153846153846153,0.625,0.375,0,3,5.333333333333333,7,1.0,3.9038461538461537,52,34,0.6538461538461539,4.714951667914447,3.2150320325578963,24.90408964008187,56,4,1,1,0,0,2.5803310613437196,0.7100000000000006,1.360000000000003,0.12147134302822934,1.8867924528301887,0.0,0.0,0.018867924528301886,1.9970797418868635,0.9613203631257111,0.43046295642852783
train,audio_5055.wav,0.0,True,True,True,2.272727272727273,0.0,0.0,0.0,0.0,2.272727272727273,0.0,2.272727272727273,0.0,6.818181818181818,4.545454545454546,0.5,2,4,11.5,0.0,0.1304347826086956,0.2391304347826087,0.0434782608695652,0.0869565217391304,0.0434782608695652,0.2391304347826087,0.0652173913043478,0.0,1.0,1,3,3.5,5,1.0,3.636363636363636,44,36,0.8181818181818182,5.4272042023997455,4.095049257631655,60.04229662594197,54,6,4,1,0,0,1.7842981760507544,3.356666666666669,13.140000000000002,0.444003527336861,2.2222222222222223,0.0,0.0,0.37777777777777777,0.7490013315579228,0.5693038899238066,8.838807116262615e-05
train,audio_178.wav,3.0,False,True,True,1.0,1.0,1.0,0.0,0.0,1.0,0.0,1.0,1.0,6.0,4.0,0.7142857142857143,4,8,12.75,0.0,0.2352941176470588,0.0980392156862745,0.1078431372549019,0.1078431372549019,0.088235294117647,0.1176470588235294,0.0392156862745098,0.0,1.0,2,2,4.0,5,0.875,4.04,100,55,0.55,5.5,4.805953979492188,122.23604609794964,120,9,3,1,2,0,1.9913249211356467,0.7799999999999999,1.1400000000000006,0.12157949428472462,0.9900990099009901,1.9801980198019802,0.0,0.1782178217821782,1.6812405391205738,0.778755257748338,0.019003573805093765
train,audio_609.wav,5.0,False,True,True,0.0,0.99009900990099,0.0,0.0,0.0,0.99009900990099,1.98019801980198,0.0,0.0,3.96039603960396,1.98019801980198,0.75,2,5,21.0,0.0,0.1333333333333333,0.1523809523809524,0.0666666666666666,0.0571428571428571,0.0761904761904762,0.1904761904761904,0.0857142857142857,0.0,1.0,0,2,5.0,6,2.0,3.603960396039604,101,67,0.6633663366336634,6.666749174406927,3.257552120663704,25.98584900107201,109,3,0,1,1,0,2.5297619047619047,0.5000000000000003,0.9000000000000004,0.03586800573888094,0.9803921568627451,0.9803921568627451,0.0,0.0196078431372549,2.218678499618665,0.9421074548188377,0.30669116973876953
train,audio_77.wav,4.0,False,True,True,0.0,0.0,0.0,0.0,0.0,1.0869565217391304,1.0869565217391304,0.0,0.0,2.1739130434782608,1.0869565217391304,0.5,1,4,24.0,0.0,0.1875,0.125,0.0520833333333333,0.03125,0.1458333333333333,0.125,0.0625,0.0,1.0,1,2,8.5,13,2.0,4.108695652173913,92,59,0.6413043478260869,6.151175214683706,3.1381554236778846,23.061289293821687,104,7,1,3,0,0,2.78755868544601,0.5114285714285721,1.0199999999999996,0.09506107275624016,3.1578947368421053,0.0,0.0,0.042105263157894736,2.3773773773773774,0.9210323914811995,0.002410493092611432
train,audio_18.wav,4.0,False,True,True,2.0,0.0,0.0,0.0,0.0,1.0,2.0,0.0,0.0,5.0,3.0,0.75,3,3,33.666666666666664,0.0,0.1485148514851485,0.1584158415841584,0.0693069306930693,0.0495049504950495,0.0495049504950495,0.198019801980198,0.0891089108910891,0.8823529411764706,0.1176470588235294,0,2,8.0,15,5.0,4.09,100,60,0.6,6.0,3.772996534994983,43.51024967251312,109,5,0,1,0,0,2.5249999999999995,0.45199999999999924,0.6600000000000001,0.05347846663511585,0.9900990099009901,0.0,0.0,0.0297029702970297,2.243846085488314,0.9305768381841112,0.33936193585395813
train,audio_9.wav,4.0,False,True,True,0.0,0.0,0.0,0.0,0.0,1.2820512820512822,0.0,0.0,0.0,1.2820512820512822,1.2820512820512822,0.1428571428571428,1,7,11.428571428571429,0.1428571428571428,0.3125,0.0375,0.1,0.025,0.1,0.0875,0.025,0.3333333333333333,0.6666666666666666,0,3,4.571428571428571,6,0.4285714285714285,4.294871794871795,78,44,0.5641025641025641,4.98201895023622,2.7157785516036186,15.116374369250956,95,10,1,0,0,0,2.1525885558583098,0.6759999999999986,1.019999999999996,0.1555453290381957,0.0,0.0,0.0,0.0,1.7532179316466932,0.9537512232482686,0.6236756443977356
train,audio_138.wav,2.0,False,True,True,0.0,1.4285714285714286,0.0,0.0,0.0,0.0,1.4285714285714286,0.0,0.0,2.857142857142857,1.4285714285714286,0.25,1,4,18.5,0.0,0.1081081081081081,0.1216216216216216,0.054054054054054,0.1351351351351351,0.1216216216216216,0.1891891891891892,0.0945945945945946,0.4615384615384615,0.5384615384615384,0,4,4.0,5,1.75,3.8857142857142857,70,44,0.6285714285714286,5.259005881071332,3.576466279871324,35.74699750973446,85,9,1,6,0,1,2.322738386308068,0.653333333333333,1.6799999999999997,0.15233160621761652,7.894736842105263,0.0,1.3157894736842106,0.06578947368421052,1.7690875232774674,0.903801095132765,0.23349972069263458
train,audio_269.wav,4.0,False,True,True,0.0,0.9009009009009008,0.0,0.9009009009009008,0.9009009009009008,1.8018018018018016,0.0,0.0,0.0,4.504504504504505,4.504504504504505,0.5,5,8,14.375,0.0,0.217391304347826,0.1913043478260869,0.0695652173913043,0.017391304347826,0.0695652173913043,0.2782608695652174,0.0434782608695652,0.0,1.0,0,3,3.75,8,1.75,4.117117117117117,111,61,0.5495495495495496,5.789863774090244,3.074800703260633,21.64556759056875,144,15,4,1,0,1,2.5339366515837094,0.8453333333333326,2.0199999999999996,0.2229254571026721,0.8928571428571429,0.0,0.8928571428571429,0.125,1.8641810918774968,0.8386385783863565,0.043687235563993454
train,audio_717.wav,4.5,False,True,True,0.0,0.0,0.0,0.0,0.0,0.99009900990099,0.0,0.99009900990099,0.0,1.98019801980198,0.99009900990099,0.25,1,4,26.25,0.0,0.219047619047619,0.0857142857142857,0.0476190476190476,0.0857142857142857,0.1047619047619047,0.1619047619047619,0.0666666666666666,0.625,0.375,0,4,5.5,7,1.75,4.099009900990099,101,65,0.6435643564356436,6.467741736364929,3.252264351680361,25.8488044839112,116,7,2,1,1,0,1.99374511336982,0.777142857142856,2.2200000000000006,0.09611307420494687,0.9803921568627451,0.9803921568627451,0.0,0.058823529411764705,1.6978864850524606,0.8903316431130994,0.0012028077617287636
train,audio_529.wav,3.0,False,True,True,0.0,0.0,0.8403361344537815,0.0,0.0,0.8403361344537815,0.0,0.0,0.0,1.680672268907563,1.680672268907563,0.3333333333333333,2,9,13.444444444444445,0.0,0.1322314049586777,0.0909090909090909,0.0909090909090909,0.0661157024793388,0.1074380165289256,0.2148760330578512,0.0991735537190082,0.0714285714285714,0.9285714285714286,0,3,3.555555555555556,6,0.6666666666666666,3.84873949579832,119,76,0.6386554621848739,6.966908577414406,3.517004305428832,33.68337207751923,137,9,2,1,1,1,2.8155795401220085,1.524444444444445,5.240000000000002,0.24352147674831387,0.8333333333333334,0.8333333333333334,0.8333333333333334,0.075,1.9975135118264242,0.8562087989088873,0.0024564587511122227
train,audio_578.wav,4.0,False,True,True,1.408450704225352,0.0,0.704225352112676,1.408450704225352,0.0,2.112676056338028,0.0,0.0,0.0,5.633802816901408,5.633802816901408,0.5,8,10,14.2,0.2,0.2887323943661972,0.1338028169014084,0.0845070422535211,0.0140845070422535,0.0352112676056338,0.1056338028169014,0.056338028169014,0.0,1.0,0,2,5.0,11,0.3,4.746478873239437,142,90,0.6338028169014085,7.5526322246702025,3.662868724149816,38.97298540337141,170,15,2,0,0,0,2.9134181370537555,0.6640000000000004,2.799999999999997,0.1696763202725725,0.0,0.0,0.0,0.11267605633802817,2.3637243223279354,0.8427631450126148,0.10545442998409271
train,audio_171.wav,2.0,False,True,True,0.0,0.0,1.075268817204301,1.075268817204301,0.0,4.301075268817204,1.075268817204301,0.0,1.075268817204301,8.602150537634408,6.451612903225806,0.5,6,9,10.666666666666666,0.3333333333333333,0.1666666666666666,0.1354166666666666,0.0625,0.0833333333333333,0.09375,0.1875,0.0729166666666666,0.0,1.0,1,3,2.7777777777777777,10,0.5555555555555556,4.075268817204301,93,57,0.6129032258064516,5.910624659963424,3.759137015057425,42.91137812200659,117,11,6,1,1,0,2.3198420533070085,1.765454545454545,8.079999999999991,0.32399065732399057,1.0638297872340425,1.0638297872340425,0.0,0.2553191489361702,1.5645805592543276,0.7124638025853651,0.04086817800998688
train,audio_596.wav,3.0,False,True,True,0.0,0.0,1.6666666666666667,0.8333333333333334,0.0,0.8333333333333334,0.0,0.0,0.0,3.333333333333333,3.333333333333333,0.4,4,5,24.2,0.0,0.3057851239669421,0.1487603305785124,0.0909090909090909,0.024793388429752,0.0082644628099173,0.0330578512396694,0.0991735537190082,0.0,1.0,0,1,6.4,8,2.2,5.066666666666666,120,83,0.6916666666666667,7.576828712154798,3.7781610903532608,43.73554203226971,138,9,1,0,0,0,2.586764388876913,0.6455555555555558,1.0,0.1113026819923372,0.0,0.0,0.0,0.05,1.9975135118264242,0.8976853426338899,0.06574460864067078
train,audio_5066.wav,0.0,True,True,True,1.0526315789473684,0.0,0.0,0.0,0.0,1.0526315789473684,0.0,0.0,0.0,2.1052631578947367,2.1052631578947367,0.2,2,5,20.6,0.0,0.0970873786407767,0.145631067961165,0.0776699029126213,0.058252427184466,0.1359223300970873,0.203883495145631,0.0776699029126213,0.2307692307692307,0.7692307692307693,2,5,4.6,7,1.2,3.557894736842105,95,55,0.5789473684210527,5.642880936468348,3.1492135184151784,23.31771841129556,119,11,4,2,1,0,2.4045612295488357,1.6036363636363644,6.640000000000001,0.30424284235943444,2.0618556701030926,1.0309278350515463,0.0,0.35051546391752575,1.6146567553930262,0.6028754577309507,0.012561922892928123
train,audio_501.wav,3.0,False,True,True,0.7407407407407407,0.0,0.7407407407407407,0.0,0.0,4.444444444444445,0.0,0.0,0.0,5.925925925925926,5.925925925925926,0.8,8,4,33.75,0.0,0.2,0.1777777777777777,0.0888888888888888,0.0666666666666666,0.074074074074074,0.2074074074074074,0.0444444444444444,0.1875,0.8125,0,3,5.75,9,2.0,3.948148148148148,135,51,0.37777777777777777,4.389381125701739,3.3766209193638392,29.27169240110522,140,2,0,0,1,0,2.26890756302521,0.27000000000000046,0.28000000000000114,0.008994003997335125,0.0,0.7407407407407407,0.0,0.05185185185185185,2.2472027008047273,0.8823393334945043,0.12309934198856354
train,audio_8.wav,2.0,False,True,True,0.0,0.0,1.0638297872340423,0.0,0.0,1.0638297872340423,0.0,0.0,0.0,2.127659574468085,2.127659574468085,0.3333333333333333,2,3,31.33333333333333,0.0,0.202127659574468,0.1063829787234042,0.0957446808510638,0.0957446808510638,0.0638297872340425,0.0851063829787234,0.0851063829787234,0.0,1.0,0,1,4.0,6,1.6666666666666667,3.9468085106382977,94,48,0.5106382978723404,4.950821982042208,3.630561361507493,37.73399308404037,98,1,0,0,1,0,2.2138483278379653,0.3000000000000007,0.3000000000000007,0.007015902712815733,0.0,1.0638297872340425,0.0,0.05319148936170213,2.0861074123391035,0.877597783474212,0.2565953731536865
train,audio_84.wav,2.5,False,True,True,0.0,0.0,0.0,0.0,0.0,1.1235955056179776,1.1235955056179776,0.0,0.0,2.247191011235955,1.1235955056179776,0.2857142857142857,1,6,14.833333333333334,0.0,0.1685393258426966,0.1235955056179775,0.0898876404494382,0.0449438202247191,0.1235955056179775,0.2022471910112359,0.0449438202247191,0.0,1.0,2,2,4.5,7,1.3333333333333333,3.6741573033707855,89,55,0.6179775280898876,5.82998834003498,3.25494762302674,25.9182569785943,97,6,1,0,1,0,2.204061416542843,0.7733333333333348,1.2800000000000011,0.1030653043091961,0.0,1.1235955056179776,0.0,0.033707865168539325,1.9751442521083,0.89652515093932,0.26470649242401123
train,audio_11.wav,3.0,False,True,True,0.0,0.0,0.0,0.0,1.351351351351351,1.351351351351351,0.0,0.0,0.0,2.702702702702702,2.702702702702702,0.25,2,4,18.5,0.0,0.2567567567567567,0.1351351351351351,0.027027027027027,0.054054054054054,0.081081081081081,0.1351351351351351,0.0945945945945946,0.0,1.0,1,2,4.0,5,1.25,4.175675675675675,74,39,0.527027027027027,4.533657911008952,3.0258192905159884,20.610884097558543,86,8,1,1,0,0,2.2123893805309733,0.5775000000000006,1.2200000000000006,0.11993769470404995,1.3333333333333333,0.0,0.0,0.04,1.758087201125176,0.9061542477319017,0.0005407490534707904
train,audio_142.wav,2.5,False,True,True,0.0,5.128205128205129,0.0,0.0,0.0,0.0,0.0,5.128205128205129,0.0,10.256410256410255,5.128205128205129,1.0,2,3,13.0,0.3333333333333333,0.358974358974359,0.1025641025641025,0.0512820512820512,0.0512820512820512,0.0,0.1025641025641025,0.1025641025641025,0.0,1.0,0,1,4.333333333333333,6,0.3333333333333333,4.589743589743589,39,25,0.6410256410256411,4.003203845127178,4.090008025473737,59.740371147001,47,8,2,0,1,0,2.054794520547945,4.094999999999999,25.479999999999997,0.6331658291457285,0.0,2.5641025641025643,0.0,0.05128205128205128,0.6491344873501997,0.9065455703590161,0.025818172842264175
train,audio_610.wav,5.0,False,True,True,0.0,0.9174311926605504,0.0,0.0,0.0,0.0,0.0,0.0,0.0,0.9174311926605504,0.9174311926605504,0.1428571428571428,1,7,16.285714285714285,0.0,0.219298245614035,0.131578947368421,0.0789473684210526,0.0350877192982456,0.0964912280701754,0.1140350877192982,0.0526315789473684,0.0,1.0,0,2,4.571428571428571,7,0.8571428571428571,4.08256880733945,109,68,0.6238532110091743,6.513218739503829,3.1462502479553223,23.248723980202403,128,8,1,1,0,0,2.8871391076115485,0.6375,1.980000000000004,0.11805555555555554,0.9090909090909091,0.0,0.0,0.02727272727272727,2.3871527777777777,0.9474716714837335,0.41453316807746887
train,audio_654.wav,3.0,False,True,True,0.0,1.020408163265306,1.020408163265306,0.0,0.0,1.020408163265306,1.020408163265306,0.0,0.0,4.081632653061225,3.061224489795918,0.75,3,3,33.333333333333336,0.0,0.24,0.19,0.03,0.09,0.07,0.1,0.05,0.0,1.0,0,2,6.333333333333333,9,2.333333333333333,4.479591836734694,98,56,0.5714285714285714,5.656854249492381,3.545844070049895,34.668936006264104,119,16,4,3,0,0,2.4047619047619047,0.85375,1.8999999999999986,0.24541861300754583,2.9702970297029703,0.0,0.0,0.10891089108910891,1.6812405391205738,0.8381094180490121,0.08855070173740387
train,audio_170.wav,2.5,False,True,True,0.6535947712418301,0.0,0.0,1.30718954248366,0.0,1.96078431372549,0.6535947712418301,0.6535947712418301,0.0,5.228758169934641,3.92156862745098,0.4545454545454545,6,11,14.363636363636363,0.0909090909090909,0.1139240506329113,0.1772151898734177,0.0822784810126582,0.0569620253164556,0.0886075949367088,0.2025316455696202,0.0569620253164556,0.0,1.0,0,2,5.727272727272728,14,1.4545454545454546,3.941176470588236,153,75,0.49019607843137253,6.063390625908324,3.4416302767666904,31.237843008551263,176,10,4,0,2,0,2.987114408434206,0.7700000000000007,1.5400000000000063,0.13068567549219293,0.0,1.3071895424836601,0.0,0.05228758169934641,2.5466045272969375,0.8830219218446538,0.04786915332078934
train,audio_255.wav,4.5,False,True,True,0.0,0.0,0.0,1.0526315789473684,0.0,1.0526315789473684,1.0526315789473684,0.0,0.0,3.1578947368421053,2.1052631578947367,0.4,2,5,19.0,0.0,0.2736842105263158,0.1473684210526315,0.0947368421052631,0.0105263157894736,0.0210526315789473,0.0736842105263157,0.0842105263157894,0.0,1.0,0,1,5.6,7,1.0,4.684210526315789,95,65,0.6842105263157895,6.668859288553502,3.943372744605655,51.59231589349895,105,6,1,0,1,0,1.7291590826356025,0.636666666666667,1.0199999999999996,0.06501021102791019,0.0,1.0526315789473684,0.0,0.08421052631578947,1.5812250332889481,0.857907396633374,0.11271359771490097
train,audio_162.wav,3.0,False,True,True,0.0,0.0,1.0309278350515465,1.0309278350515465,0.0,2.061855670103093,1.0309278350515465,0.0,0.0,5.154639175257732,4.123711340206185,1.0,4,5,20.4,0.2,0.2058823529411764,0.0980392156862745,0.0294117647058823,0.0588235294117647,0.1372549019607843,0.1862745098039215,0.1078431372549019,0.0,1.0,1,2,4.2,10,1.8,4.072164948453608,97,57,0.5876288659793815,5.787473141261629,4.121536542784493,61.653903380752105,106,3,0,1,1,0,1.8345189067764884,0.553333333333334,0.8000000000000007,0.030137981118373312,1.0204081632653061,1.0204081632653061,0.0,0.09183673469387756,1.6311584553928096,0.8629591526577667,0.11204922199249268
train,audio_5069.wav,0.0,True,True,True,0.0,0.0,0.0,0.0,0.0,0.0,0.0,0.0,0.0,0.0,0.0,0.0,0,1,3.0,0.0,0.3333333333333333,0.3333333333333333,0.0,0.0,0.0,0.0,0.0,,,0,0,2.0,2,0.0,5.666666666666667,3,3,1.0,1.7320508075688774,3.48049259185791,32.47571540943795,4,1,1,0,0,0,124.99999999998046,29.999999999999996,29.999999999999996,0.9986684420772302,0.0,0.0,0.0,0.4,0.08322972965943434,0.518149679619819,0.005248813424259424
train,audio_769.wav,3.0,False,True,True,0.0,0.9615384615384616,0.0,0.0,0.9615384615384616,0.9615384615384616,0.0,0.0,0.0,2.8846153846153846,2.8846153846153846,0.2,3,4,26.5,0.0,0.2264150943396226,0.1792452830188679,0.0094339622641509,0.0471698113207547,0.0377358490566037,0.1415094339622641,0.0754716981132075,0.0,1.0,0,2,5.75,12,2.75,4.163461538461538,104,55,0.5288461538461539,5.393193716300061,3.5977405109236726,36.515634484733496,113,4,2,0,0,1,1.8759018759018755,1.1499999999999977,2.6999999999999957,0.07661558960692856,0.0,0.0,0.9615384615384616,0.04807692307692308,1.7311783769162343,0.912323615155541,0.18310672044754028
train,audio_720.wav,3.0,False,True,True,0.7633587786259542,0.0,0.0,1.5267175572519085,0.0,0.7633587786259542,1.5267175572519085,0.0,0.0,4.580152671755725,3.053435114503817,0.3333333333333333,4,6,22.5,0.0,0.1851851851851851,0.1703703703703703,0.0296296296296296,0.0666666666666666,0.074074074074074,0.1777777777777777,0.0444444444444444,0.0833333333333333,0.9166666666666666,0,4,5.833333333333333,9,2.0,3.954198473282443,131,75,0.5725190839694656,6.552780424957784,3.485664791531033,32.644121433426115,144,5,1,0,0,0,2.4431182394628874,0.9360000000000008,1.9200000000000017,0.08027444253859356,0.0,0.0,0.0,0.05343511450381679,2.1829444963449216,0.8990155715523785,0.16329245269298553
train,audio_623.wav,3.0,False,True,True,0.0,0.0,0.0,0.970873786407767,0.0,1.941747572815534,0.970873786407767,0.0,0.0,3.883495145631068,2.912621359223301,0.6666666666666666,3,4,26.75,0.0,0.1682242990654205,0.1401869158878504,0.0654205607476635,0.0560747663551401,0.1214953271028037,0.1775700934579439,0.0373831775700934,0.0,1.0,0,1,6.5,11,3.25,4.135922330097087,103,58,0.5631067961165048,5.7149098133529,3.500565351065943,33.13417910796444,118,10,1,1,6,2,2.0537124802527646,0.6259999999999997,1.7799999999999976,0.11001757469244282,0.9615384615384616,5.769230769230769,1.9230769230769231,0.08653846153846154,1.7311783769162343,0.8761968845132148,0.00026212993543595076
train,audio_718.wav,4.5,False,True,True,0.0,2.0202020202020203,0.0,0.0,0.0,2.0202020202020203,0.0,0.0,0.0,4.040404040404041,4.040404040404041,0.75,4,3,35.666666666666664,0.0,0.2429906542056074,0.102803738317757,0.0654205607476635,0.0747663551401869,0.0654205607476635,0.1214953271028037,0.0747663551401869,0.0,1.0,0,2,6.0,6,3.333333333333333,4.17,99,60,0.6060606060606061,6.030226891555272,3.695845127105713,40.27959958879575,128,14,2,5,0,0,2.186711522287637,0.5571428571428575,1.1400000000000006,0.14089595375722552,4.8076923076923075,0.0,0.0,0.057692307692307696,1.7311783769162343,0.8878176372605734,0.07290992885828018
train,audio_136.wav,3.5,False,True,True,0.0,0.0,0.0,0.0,0.0,5.797101449275362,0.0,0.0,0.0,5.797101449275362,5.797101449275362,0.5,4,6,11.666666666666666,0.0,0.2714285714285714,0.1428571428571428,0.0857142857142857,0.0857142857142857,0.0428571428571428,0.0857142857142857,0.0857142857142857,0.0,1.0,0,1,4.333333333333333,8,0.8333333333333334,4.159420289855072,69,56,0.8115942028985508,6.741607772803075,4.027419478804977,56.115915935402256,81,9,3,0,1,0,2.653846153846154,0.8466666666666668,1.240000000000002,0.22665080309339683,0.0,1.4492753623188406,0.0,0.08695652173913043,1.5312916111850865,0.873566664647365,0.303241103887558
train,audio_119.wav,2.0,False,True,True,1.351351351351351,1.351351351351351,4.054054054054054,0.0,0.0,1.351351351351351,1.351351351351351,0.0,0.0,9.45945945945946,8.108108108108109,0.6,6,5,14.8,0.0,0.2837837837837837,0.1486486486486486,0.081081081081081,0.0405405405405405,0.081081081081081,0.0675675675675675,0.081081081081081,0.3333333333333333,0.6666666666666666,0,3,5.8,8,0.8,4.324324324324325,74,49,0.6621621621621622,5.696134298447145,3.9695159912109377,52.95889206626177,80,2,1,0,0,0,1.761066158971918,0.9499999999999993,1.1600000000000001,0.04326047358834241,0.0,0.0,0.0,0.04054054054054054,1.64225477141589,0.8762889360790853,0.16537079215049744
train,audio_542.wav,3.0,False,True,True,0.0,0.0,0.8771929824561403,0.8771929824561403,0.0,4.385964912280702,0.0,0.0,0.0,6.140350877192983,6.140350877192983,0.6,7,5,22.8,0.0,0.175438596491228,0.1140350877192982,0.0614035087719298,0.0526315789473684,0.0614035087719298,0.1842105263157894,0.1403508771929824,0.8461538461538461,0.1538461538461538,0,3,4.8,8,1.6,3.8157894736842106,114,62,0.543859649122807,5.806832031806502,3.201841723017332,24.57775395468134,119,5,0,0,1,3,2.0448430493273544,0.39399999999999996,0.5700000000000003,0.03413028413028413,0.0,0.8771929824561403,2.6315789473684212,0.03508771929824561,1.8976378362351032,0.9335630788353452,0.19814972579479218
train,audio_5073.wav,0.0,True,True,True,0.0,0.0,0.9009009009009008,0.9009009009009008,0.0,1.8018018018018016,0.0,0.0,0.0,3.603603603603604,3.603603603603604,0.5,4,6,18.666666666666668,0.0,0.2678571428571428,0.0803571428571428,0.0446428571428571,0.0357142857142857,0.0714285714285714,0.0892857142857142,0.0803571428571428,0.0,1.0,1,3,5.166666666666667,8,0.8333333333333334,4.144144144144144,111,60,0.5405405405405406,5.694947974514994,3.339223061838457,28.19721070377722,124,9,1,0,0,0,2.2289156626506026,0.9177777777777779,3.7600000000000016,0.14226662073716848,0.0,0.0,0.0,0.2972972972972973,1.8476999984394424,0.6746579628974736,0.024750540032982826
train,audio_322.wav,4.0,False,True,True,0.0,0.0,0.0,1.9230769230769231,0.0,1.9230769230769231,0.9615384615384616,0.0,0.0,4.807692307692308,3.8461538461538463,1.0,4,2,52.5,0.0,0.2095238095238095,0.1523809523809524,0.019047619047619,0.0476190476190476,0.0476190476190476,0.0952380952380952,0.1142857142857142,0.0,1.0,0,2,9.0,12,5.5,3.951923076923077,104,58,0.5576923076923077,5.687367919007337,3.903039932250977,49.55285770398845,112,6,2,1,0,0,1.9946808510638299,0.7766666666666661,1.2400000000000002,0.08132635253054096,0.9523809523809523,0.0,0.0,0.10476190476190476,1.7478243228481212,0.84911765172368,0.13845637440681458
train,audio_5039.wav,0.0,True,True,True,0.0,0.0,0.0,0.0,0.0,6.0606060606060606,0.0,3.0303030303030303,0.0,9.090909090909092,6.0606060606060606,0.5,2,2,16.5,0.0,0.3333333333333333,0.1212121212121212,0.1212121212121212,0.0303030303030303,0.0909090909090909,0.0303030303030303,0.0909090909090909,0.3333333333333333,0.6666666666666666,0,2,5.0,7,1.0,5.2727272727272725,33,30,0.9090909090909091,5.222329678670935,5.794749904323268,328.5699997689756,37,3,2,1,0,0,1.8104366347177854,1.9000000000000032,3.1400000000000077,0.23284313725490233,2.9411764705882355,0.0,0.0,0.47058823529411764,0.5659621616841536,0.5212843405404105,0.0003135119623038918
train,audio_707.wav,3.0,False,True,True,0.0,0.0,0.0,0.0,0.0,0.99009900990099,0.0,0.0,0.0,0.99009900990099,0.99009900990099,0.25,1,3,34.0,0.0,0.2254901960784313,0.1568627450980392,0.0490196078431372,0.0588235294117647,0.1078431372549019,0.1078431372549019,0.0686274509803921,0.1666666666666666,0.8333333333333334,1,3,4.333333333333333,6,2.6666666666666665,4.247524752475248,101,63,0.6237623762376238,6.268734298322932,4.142928957000492,62.987037862015775,127,13,3,9,2,1,2.329521389241846,0.9353846153846148,2.5399999999999974,0.20478275513640945,8.181818181818182,1.8181818181818181,0.9090909090909091,0.16363636363636364,1.8310540525075556,0.768478337853131,0.010023788549005985
train,audio_148.wav,3.5,False,True,True,0.0,0.0,0.7633587786259542,0.7633587786259542,0.0,2.2900763358778624,0.7633587786259542,0.0,0.0,4.580152671755725,3.816793893129771,0.5,5,5,26.4,0.0,0.2575757575757575,0.0984848484848484,0.0681818181818181,0.0606060606060606,0.0833333333333333,0.0984848484848484,0.0757575757575757,0.0,1.0,1,3,5.4,9,1.6,4.793893129770993,131,72,0.549618320610687,6.290669207959473,3.784830305311415,44.02819857334386,144,6,2,0,1,0,2.381818181818182,0.8199999999999997,1.1600000000000001,0.08210947930574096,0.0,0.7633587786259542,0.0,0.07633587786259542,2.1804260985352863,0.8492987168142359,0.03632831200957298
train,audio_316.wav,2.0,False,True,True,0.0,0.0,1.020408163265306,0.0,1.020408163265306,2.0408163265306123,1.020408163265306,0.0,0.0,5.1020408163265305,4.081632653061225,0.75,4,3,33.0,0.0,0.2525252525252525,0.1212121212121212,0.0404040404040404,0.101010101010101,0.0606060606060606,0.1616161616161616,0.0606060606060606,0.25,0.75,0,3,5.333333333333333,7,3.0,4.63265306122449,98,52,0.5306122448979592,5.252793231671496,4.766897869925214,117.55400792842,117,7,0,12,1,2,2.0393029291805713,0.5314285714285719,0.9000000000000004,0.06451612903225813,10.909090909090908,0.9090909090909091,1.8181818181818181,0.16363636363636364,1.8310540525075556,0.7970513570598665,0.0007965700933709741
train,audio_647.wav,4.5,False,True,True,0.0,0.8130081300813008,0.0,0.0,0.0,3.252032520325203,0.8130081300813008,0.0,0.0,4.878048780487805,4.065040650406504,0.5,5,2,61.5,0.0,0.1951219512195122,0.1382113821138211,0.089430894308943,0.048780487804878,0.056910569105691,0.1463414634146341,0.073170731707317,0.0,1.0,0,1,9.0,10,5.0,4.211382113821138,123,70,0.5691056910569106,6.311687442672025,3.218735773760573,24.996498967476786,133,5,1,0,0,0,2.234738372093023,0.6880000000000013,1.220000000000006,0.058823529411764816,0.0,0.0,0.0,0.008130081300813009,2.0474513496220847,0.9394817578235293,0.09057105332612991
train,audio_286.wav,5.0,False,True,True,0.0,0.0,0.0,0.0,0.8771929824561403,2.631578947368421,0.0,0.0,0.0,3.508771929824561,3.508771929824561,0.25,4,12,10.166666666666666,0.0,0.1639344262295081,0.1147540983606557,0.0655737704918032,0.1311475409836065,0.1311475409836065,0.2049180327868852,0.0737704918032786,0.0,1.0,1,3,3.0,6,0.5833333333333334,4.280701754385965,114,68,0.5964912280701754,6.368783518755519,3.34859619140625,28.46274933305864,145,14,4,0,1,0,2.7423622804907386,0.7321428571428571,1.3400000000000016,0.19780007719027404,0.0,0.8771929824561403,0.0,0.03508771929824561,1.8976378362351032,0.9111301152329696,0.3856179416179657
train,audio_92.wav,4.0,False,True,True,3.3707865168539324,0.0,0.0,0.0,0.0,1.1235955056179776,1.1235955056179776,0.0,0.0,5.617977528089888,4.49438202247191,0.5,4,4,22.25,0.0,0.1797752808988764,0.1685393258426966,0.0786516853932584,0.0786516853932584,0.0337078651685393,0.1685393258426966,0.1011235955056179,0.5,0.5,0,3,5.75,8,1.25,4.50561797752809,89,47,0.5280898876404494,4.9819900360298925,3.6393561112253288,38.067317713930166,95,5,1,0,0,0,2.4791086350974934,0.5599999999999998,1.0199999999999996,0.07235142118863047,0.0,0.0,0.0,0.0449438202247191,2.1497584541062804,0.8946092908971766,0.13319163024425507
train,audio_462.wav,3.5,False,True,True,0.0,0.0,0.0,1.098901098901099,1.098901098901099,0.0,2.197802197802198,0.0,0.0,4.395604395604396,2.197802197802198,0.5,2,4,22.0,0.0,0.3295454545454545,0.1704545454545454,0.0454545454545454,0.0227272727272727,0.0,0.034090909090909,0.0568181818181818,0.0,1.0,0,1,5.5,7,1.25,4.666666666666667,91,60,0.6593406593406593,6.28970902033151,4.36755766691985,78.85081637855295,108,3,2,0,0,0,2.082379862700229,2.253333333333335,4.880000000000003,0.13396749900911623,0.0,0.0,0.0,0.07692307692307693,1.5147810798017052,0.8723077355669095,0.08558093756437302
train,audio_376.wav,5.0,False,True,True,0.0,0.0,0.99009900990099,0.0,0.0,0.99009900990099,0.0,0.0,0.0,1.98019801980198,1.98019801980198,0.2857142857142857,2,6,16.833333333333332,0.0,0.2178217821782178,0.1584158415841584,0.1188118811881188,0.0396039603960396,0.0693069306930693,0.1386138613861386,0.0792079207920792,0.9333333333333332,0.0666666666666666,0,2,4.833333333333333,9,1.3333333333333333,4.1683168316831685,101,76,0.7524752475247525,7.562282645595918,3.532791913565943,34.21937190115123,118,8,2,3,0,0,2.7926960257787328,0.7775000000000005,1.3600000000000012,0.1431201104463876,2.8846153846153846,0.0,0.0,0.009615384615384616,2.2684980062029245,0.9616426820747362,0.35258054733276367
train,audio_76.wav,4.0,False,True,True,0.0,0.0,0.0,0.0,0.0,1.25,0.0,0.0,0.0,1.25,1.25,0.5,1,1,80.0,0.0,0.225,0.0875,0.15,0.05,0.075,0.0875,0.0875,1.0,0.0,1,3,9.0,9,1.0,4.3,80,52,0.65,5.813776741499453,3.674428511639032,39.426118849668654,98,13,1,2,1,0,2.523076923076922,0.592307692307692,1.3799999999999955,0.19154228855721378,2.4390243902439024,1.2195121951219512,0.0,0.036585365853658534,1.8197958277851751,0.9336755068563833,0.05643349885940552
train,audio_105.wav,2.0,False,True,True,0.0,2.5974025974025974,0.0,0.0,0.0,3.896103896103896,2.5974025974025974,0.0,0.0,9.090909090909092,6.493506493506493,1.0,5,2,39.5,0.0,0.2151898734177215,0.0886075949367088,0.1012658227848101,0.050632911392405,0.0759493670886076,0.1139240506329113,0.0379746835443038,0.1666666666666666,0.8333333333333334,0,3,7.0,8,2.0,4.051948051948052,77,36,0.4675324675324675,4.102580752546966,4.1724853515625,64.87649279588413,92,9,2,8,0,7,2.227463312368973,0.6533333333333332,1.4,0.13351498637602177,9.411764705882353,0.0,8.235294117647058,0.11764705882352941,1.8863737239236573,0.8364005203980281,9.776202205102891e-05
train,audio_355.wav,3.0,False,True,True,0.0,0.0,0.0,0.0,0.0,1.1764705882352942,1.1764705882352942,0.0,0.0,2.3529411764705883,1.1764705882352942,0.25,1,6,14.166666666666666,0.0,0.2470588235294117,0.1411764705882353,0.0705882352941176,0.0588235294117647,0.0823529411764705,0.1294117647058823,0.0352941176470588,0.2222222222222222,0.7777777777777778,1,4,4.0,7,1.0,4.352941176470588,85,57,0.6705882352941176,6.182518047831701,3.418760650011958,30.53155228434695,98,9,5,1,0,0,2.0525059665871126,1.635555555555557,4.220000000000002,0.2599788060755919,1.1627906976744187,0.0,0.0,0.13953488372093023,1.4285076559082184,0.7904556923610873,0.018976064398884773
train,audio_663.wav,3.0,False,True,True,0.0,2.4390243902439024,0.0,0.0,0.0,2.4390243902439024,0.0,0.0,0.0,4.878048780487805,4.878048780487805,0.75,4,4,20.5,0.0,0.2073170731707317,0.1707317073170731,0.0365853658536585,0.0853658536585365,0.0609756097560975,0.1951219512195122,0.0975609756097561,0.0,1.0,1,2,4.25,6,1.5,4.146341463414634,82,51,0.6219512195121951,5.632007829817173,3.925522155761719,50.679533761793614,100,14,5,6,1,0,2.2727272727272725,1.1528571428571424,3.4400000000000013,0.2942034269048486,6.818181818181818,1.1363636363636365,0.0,0.06818181818181818,1.4648432420060444,0.8479115481234409,0.013047806918621063
train,audio_767.wav,4.5,False,True,True,0.0,0.0,0.0,0.0,0.0,2.702702702702702,0.0,0.0,0.0,2.702702702702702,2.702702702702702,0.4,3,3,37.66666666666666,0.0,0.1592920353982301,0.1327433628318584,0.0973451327433628,0.0353982300884955,0.0530973451327433,0.2123893805309734,0.0884955752212389,0.7058823529411765,0.2941176470588235,0,3,6.0,7,3.0,3.981981981981982,111,59,0.5315315315315315,5.600032174939744,2.876187456332571,17.74648479041982,123,6,3,2,0,0,2.0590379008746353,0.8233333333333334,1.2200000000000024,0.08258107656302241,1.7699115044247788,0.0,0.0,0.035398230088495575,1.8809918903032161,0.9046092636603038,0.003952286206185818
train,audio_655.wav,5.0,False,True,True,0.0,0.0,0.0,1.0,0.0,2.0,0.0,0.0,0.0,3.0,3.0,0.4,3,5,20.2,0.0,0.2178217821782178,0.1287128712871287,0.099009900990099,0.0495049504950495,0.099009900990099,0.1881188118811881,0.0792079207920792,0.4444444444444444,0.5555555555555556,0,3,4.0,5,1.8,4.181818181818182,100,65,0.65,6.5,3.7861250492564418,44.08524073638614,114,7,2,4,1,0,2.2005924672027084,1.0228571428571427,3.6400000000000006,0.13156927600147003,3.8461538461538463,0.9615384615384616,0.0,0.0673076923076923,1.7311783769162343,0.897317261122785,0.0005491051124408841
train,audio_372.wav,5.0,False,True,True,0.0,0.0,0.0,0.8403361344537815,0.0,0.8403361344537815,0.8403361344537815,0.8403361344537815,0.0,3.361344537815126,1.680672268907563,0.4285714285714285,2,6,20.0,0.0,0.1583333333333333,0.1666666666666666,0.0916666666666666,0.075,0.0416666666666666,0.1666666666666666,0.0833333333333333,0.0,1.0,0,2,5.666666666666667,11,1.3333333333333333,4.159663865546219,119,73,0.6134453781512605,6.691899028305943,3.4026941197519083,30.044935762837653,131,8,3,5,2,0,2.454473475851148,0.8249999999999992,1.2999999999999998,0.11554621848739485,4.032258064516129,1.6129032258064515,0.0,0.03225806451612903,2.066298607227254,0.9469905393498559,0.079665407538414
train,audio_667.wav,5.0,False,True,True,0.0,0.78125,0.0,0.0,0.0,0.78125,0.78125,0.0,0.0,2.34375,1.5625,0.375,2,8,16.875,0.0,0.1629629629629629,0.1185185185185185,0.1185185185185185,0.0814814814814814,0.1037037037037037,0.1703703703703703,0.0518518518518518,0.2,0.8,0,3,4.75,8,1.375,4.328125,128,85,0.6640625,7.513009550107067,3.3896765457956413,29.65635824507825,152,8,2,1,0,1,2.5443786982248517,0.8099999999999998,2.0,0.11332633788037773,0.7751937984496124,0.0,0.7751937984496124,0.023255813953488372,2.1473270252134062,0.9530312631866421,0.04569427669048309
train,audio_517.wav,2.5,False,True,True,1.0101010101010102,0.0,0.0,1.0101010101010102,0.0,4.040404040404041,0.0,0.0,0.0,6.0606060606060606,6.0606060606060606,1.0,6,3,34.0,0.0,0.1764705882352941,0.1470588235294117,0.0784313725490196,0.0392156862745098,0.1078431372549019,0.1372549019607843,0.1568627450980392,0.0,1.0,1,3,7.333333333333333,10,2.333333333333333,4.090909090909091,99,63,0.6363636363636364,6.331738236133036,3.8078439302533584,45.053196239644656,107,2,0,0,0,0,1.776103336921421,0.5600000000000009,0.6000000000000014,0.01969750263805842,0.0,0.0,0.0,0.18181818181818182,1.6479486472568001,0.7723964791970722,0.030548004433512688
train,audio_765.wav,5.0,False,True,True,0.0,0.0,0.0,0.0,0.0,0.0,0.0,0.0,0.0,0.0,0.0,0.0,0,5,19.8,0.0,0.2222222222222222,0.1313131313131313,0.0909090909090909,0.0707070707070707,0.0909090909090909,0.1414141414141414,0.0707070707070707,0.0769230769230769,0.9230769230769232,0,3,5.4,8,1.4,4.552083333333333,96,70,0.7291666666666666,7.144345083117604,3.700184096637954,40.45475125826782,117,10,3,5,0,1,2.2129710780017526,0.8159999999999996,2.549999999999997,0.1516728624535315,4.9504950495049505,0.0,0.9900990099009901,0.009900990099009901,1.6786610600495289,0.9538059860069101,0.0013483156217262149
train,audio_38.wav,4.0,False,True,True,0.0,0.0,1.1904761904761905,0.0,0.0,1.1904761904761905,1.1904761904761905,0.0,0.0,3.571428571428572,2.380952380952381,0.2,2,4,22.25,0.0,0.247191011235955,0.1348314606741573,0.0337078651685393,0.0898876404494382,0.0786516853932584,0.1235955056179775,0.0561797752808988,0.0,1.0,0,2,5.25,8,1.75,4.238095238095238,84,49,0.5833333333333334,5.346338310781814,3.327359199523926,27.86465945005112,96,3,1,0,0,1,2.2606382978723407,1.0933333333333344,1.6200000000000045,0.08023483365949127,0.0,0.0,1.1764705882352942,0.023529411764705882,1.8863737239236573,0.9248040049099456,0.11297567188739777
train,audio_371.wav,5.0,False,True,True,0.0,0.0,0.0,0.0,0.0,1.5625,0.0,0.0,0.0,1.5625,1.5625,0.4,2,5,25.6,0.0,0.1796875,0.125,0.0703125,0.078125,0.09375,0.125,0.109375,0.0,1.0,0,2,3.0,6,2.2,4.140625,128,78,0.609375,6.894291116568838,3.3994628058539496,29.9480078309691,144,11,1,4,4,0,2.7977956761339553,0.852727272727273,3.780000000000001,0.16584158415841588,3.0303030303030303,3.0303030303030303,0.0,0.030303030303030304,2.1972648630090665,0.9244746952223583,0.02172439731657505
train,audio_507.wav,3.0,False,True,True,2.1052631578947367,0.0,1.0526315789473684,3.1578947368421053,0.0,2.1052631578947367,1.0526315789473684,0.0,0.0,9.473684210526317,8.421052631578947,0.6,8,3,32.0,0.0,0.1875,0.1458333333333333,0.0625,0.0208333333333333,0.1041666666666666,0.1979166666666666,0.1041666666666666,0.2222222222222222,0.7777777777777778,4,4,6.666666666666667,11,2.6666666666666665,4.3578947368421055,95,48,0.5052631578947369,4.92469609000874,3.9808816010097288,53.56423570228056,106,10,4,0,1,1,2.5787187839305106,2.2580000000000005,6.68,0.3800067317401549,0.0,1.0526315789473684,1.0526315789473684,0.06315789473684211,1.5813648635292525,0.8408892931710733,0.10463272035121918
train,audio_5056.wav,0.0,True,True,True,0.0,0.0,0.0,0.0,0.0,3.8461538461538463,0.0,0.0,0.0,3.8461538461538463,3.8461538461538463,0.5,2,1,56.0,0.0,0.1428571428571428,0.1964285714285714,0.0178571428571428,0.0535714285714285,0.0892857142857142,0.2678571428571428,0.0357142857142857,0.0,1.0,0,2,7.0,7,8.0,3.8461538461538463,52,26,0.5,3.6055512754639896,2.5970120943509616,13.423569695557738,65,5,2,0,0,0,2.919708029197078,2.111999999999997,7.359999999999989,0.3550773369199726,0.0,0.0,0.0,0.4642857142857143,0.9320905459387484,0.5131999016074198,0.030996065586805344
train,audio_282.wav,5.0,False,True,True,0.8849557522123894,0.0,0.0,0.0,0.8849557522123894,1.7699115044247788,0.0,0.0,0.0,3.5398230088495577,3.5398230088495577,0.4,4,4,29.5,0.0,0.1101694915254237,0.1610169491525423,0.0762711864406779,0.0677966101694915,0.1271186440677966,0.2033898305084746,0.0677966101694915,0.5333333333333333,0.4666666666666667,0,4,5.25,8,3.25,4.123893805309734,113,71,0.6283185840707964,6.6791181655235405,3.084537476532219,21.857354964150566,129,9,4,0,2,1,2.6328052190121145,1.1377777777777769,3.740000000000002,0.19262603461249042,0.0,1.7699115044247788,0.8849557522123894,0.05309734513274336,1.8809918903032161,0.9095519168582638,0.10874595493078232
train,audio_459.wav,3.0,False,True,True,0.0,0.8620689655172413,0.0,0.8620689655172413,0.0,0.0,0.0,0.0,0.0,1.7241379310344829,1.7241379310344829,0.2857142857142857,2,7,16.571428571428573,0.0,0.2672413793103448,0.1724137931034483,0.0948275862068965,0.0258620689655172,0.0258620689655172,0.1896551724137931,0.0689655172413793,0.0,1.0,0,2,4.285714285714286,7,0.8571428571428571,4.568965517241379,116,76,0.6551724137931034,7.056422850727971,3.864224312000705,47.66628392436122,133,7,1,0,1,0,2.4257632789627768,0.9314285714285722,3.5600000000000023,0.11998527788001478,0.0,0.8620689655172413,0.0,0.0603448275862069,1.9309297280988769,0.8784890056041808,0.13873429596424103
train,audio_303.wav,5.0,False,True,True,0.0,0.0,0.0,1.0101010101010102,0.0,1.0101010101010102,0.0,0.0,0.0,2.0202020202020203,2.0202020202020203,0.2857142857142857,2,6,16.5,0.0,0.2525252525252525,0.1717171717171717,0.0808080808080808,0.0606060606060606,0.0606060606060606,0.1111111111111111,0.0303030303030303,0.0,1.0,0,2,4.5,11,1.3333333333333333,4.727272727272728,99,62,0.6262626262626263,6.231234454607115,3.7040894706294223,40.6130511005082,106,5,3,0,0,0,1.9238243295763697,1.0880000000000003,1.4699999999999989,0.09560632688927945,0.0,0.0,0.0,0.050505050505050504,1.6479486472568001,0.9343489701499039,0.10898411273956299
train,audio_297.wav,4.5,False,True,True,0.0,1.0869565217391304,0.0,0.0,0.0,0.0,0.0,0.0,0.0,1.0869565217391304,1.0869565217391304,0.1666666666666666,1,6,16.0,0.0,0.1875,0.15625,0.0625,0.0625,0.0833333333333333,0.1770833333333333,0.0520833333333333,0.0909090909090909,0.9090909090909092,0,4,5.0,7,1.3333333333333333,3.934782608695652,92,65,0.7065217391304348,6.776718456854931,3.1124815764250577,22.47675302997806,108,7,2,3,0,0,2.6760563380281694,0.8428571428571433,1.4800000000000004,0.14251207729468607,3.1578947368421053,0.0,0.0,0.010526315789473684,2.17119594329179,0.9437646908231648,0.00015369588800240308
train,audio_432.wav,3.5,False,True,True,3.191489361702128,0.0,1.0638297872340423,0.0,0.0,2.127659574468085,1.0638297872340423,0.0,0.0,7.446808510638298,6.382978723404255,0.6666666666666666,6,3,32.333333333333336,0.0,0.134020618556701,0.1134020618556701,0.0515463917525773,0.0309278350515463,0.0618556701030927,0.268041237113402,0.1134020618556701,0.4285714285714285,0.5714285714285714,0,3,5.666666666666667,7,2.0,3.393617021276596,94,52,0.5531914893617021,5.363390480545726,4.091619001116071,59.83668899180311,105,4,1,4,0,2,1.995114006514658,2.33,7.760000000000002,0.15947980835044492,4.081632653061225,0.0,2.0408163265306123,0.15306122448979592,1.6313027013249133,0.8007484221621892,0.03422648832201958
train,audio_454.wav,3.5,False,True,True,0.0,0.0,3.3783783783783785,0.0,0.0,3.3783783783783785,0.6756756756756757,0.0,0.0,7.432432432432432,6.756756756756757,0.5714285714285714,10,5,29.8,0.0,0.2550335570469799,0.0604026845637583,0.046979865771812,0.0536912751677852,0.1140939597315436,0.0671140939597315,0.087248322147651,0.0,1.0,9,2,4.2,7,0.8,4.027027027027027,148,66,0.44594594594594594,5.425166581076791,3.7024721556071993,40.54742009018047,158,6,0,0,1,3,2.7356746765249538,0.4599999999999998,0.7400000000000002,0.04854027435807244,0.0,0.6756756756756757,2.027027027027027,0.0945945945945946,2.4635999979192564,0.8446437841331637,0.0654708743095398
train,audio_482.wav,2.0,False,True,True,0.0,0.0,0.0,1.4814814814814814,0.0,0.7407407407407407,0.0,0.0,0.0,2.2222222222222223,2.2222222222222223,0.3333333333333333,3,9,15.22222222222222,0.0,0.1605839416058394,0.1605839416058394,0.1313868613138686,0.0583941605839416,0.0583941605839416,0.1751824817518248,0.1240875912408759,0.0,1.0,0,2,3.7777777777777777,5,1.1111111111111112,3.91851851851852,135,63,0.4666666666666667,5.422176684690384,3.1439364451282428,23.194993202115604,159,14,3,0,4,0,2.7709359605911326,0.6500000000000001,1.740000000000002,0.15738498789346247,0.0,2.962962962962963,0.0,0.037037037037037035,2.2472027008047273,0.9108918270211162,0.14757271111011505
train,audio_484.wav,2.0,False,True,True,1.0869565217391304,0.0,1.0869565217391304,0.0,1.0869565217391304,2.1739130434782608,2.1739130434782608,0.0,0.0,7.608695652173913,5.434782608695652,0.6,5,4,23.0,0.0,0.2826086956521739,0.1195652173913043,0.0652173913043478,0.0652173913043478,0.0434782608695652,0.0978260869565217,0.0978260869565217,0.125,0.875,1,3,5.0,8,1.0,4.217391304347826,92,60,0.6521739130434783,6.255432421712244,4.1621737698896215,64.2109508340921,109,9,0,2,1,1,2.1295876755777075,0.5177777777777778,0.9600000000000009,0.09549180327868853,2.127659574468085,1.0638297872340425,1.0638297872340425,0.10638297872340426,1.7326969358683244,0.8426121275158639,0.07841908931732178
train,audio_757.wav,4.0,False,True,True,2.0,0.0,1.0,2.0,0.0,4.0,1.0,0.0,0.0,10.0,9.0,1.0,9,6,17.166666666666668,0.0,0.174757281553398,0.145631067961165,0.0485436893203883,0.0388349514563106,0.1262135922330097,0.1650485436893204,0.0388349514563106,0.125,0.875,5,4,6.5,11,0.8333333333333334,3.83,100,55,0.55,5.5,3.6475954922762783,38.38226455192583,110,6,1,0,2,0,1.9223448800913587,0.719999999999999,1.4000000000000021,0.0759760816039394,0.0,1.9801980198019802,0.0,0.04950495049504951,1.6812405391205738,0.8706252026085807,0.15755413472652435
train,audio_773.wav,3.0,False,True,True,1.2658227848101269,0.0,0.0,2.5316455696202533,0.0,1.2658227848101269,1.2658227848101269,0.0,0.0,6.329113924050633,5.063291139240507,0.5,4,5,16.8,0.0,0.1428571428571428,0.119047619047619,0.0119047619047619,0.1071428571428571,0.119047619047619,0.238095238095238,0.0714285714285714,0.3,0.7,1,5,5.0,8,0.8,3.65,79,52,0.6582278481012658,5.850457084815324,3.2962064855238973,27.009981571606552,85,2,2,0,0,0,1.588258946521914,3.45,4.9,0.1218220338983051,0.0,0.0,0.0,0.06329113924050633,1.3150297286190626,0.8735290651645842,0.397802472114563
train,audio_668.wav,5.0,False,True,True,0.0,0.0,0.0,0.0,0.0,0.7936507936507936,0.0,0.0,0.0,0.7936507936507936,0.7936507936507936,0.125,1,8,17.375,0.125,0.237410071942446,0.1726618705035971,0.0503597122302158,0.0431654676258992,0.0863309352517985,0.1654676258992805,0.0359712230215827,0.0526315789473684,0.9473684210526316,0,4,3.875,5,1.625,4.2936507936507935,126,76,0.6031746031746031,6.770618128448084,3.362176965784144,28.851932230849272,162,10,0,1,1,0,2.3989421987155266,0.5799999999999994,0.9200000000000017,0.09874021109976155,0.7874015748031497,0.7874015748031497,0.0,0.031496062992125984,2.1140351333496326,0.9413255850865146,0.19377005100250244
train,audio_240.wav,5.0,False,True,True,0.7936507936507936,1.5873015873015872,0.0,0.0,0.0,1.5873015873015872,0.7936507936507936,0.0,0.0,4.761904761904762,3.968253968253968,1.0,5,2,63.0,0.0,0.2698412698412698,0.1507936507936507,0.0793650793650793,0.0158730158730158,0.0555555555555555,0.1269841269841269,0.0873015873015873,0.125,0.875,1,3,11.0,11,6.0,4.301587301587301,126,78,0.6190476190476191,6.948792289723034,3.199412393912995,24.518118967513665,139,6,1,0,0,0,2.2784810126582276,0.7366666666666662,1.5,0.07401205626255856,0.0,0.0,0.0,0.05555555555555555,2.097203728362184,0.9040441191385663,0.0637541264295578
train,audio_163.wav,2.0,False,True,True,0.0,0.0,1.5151515151515151,0.0,0.0,0.0,0.0,0.0,0.0,1.5151515151515151,1.5151515151515151,0.125,1,8,8.375,0.0,0.2537313432835821,0.1194029850746268,0.0597014925373134,0.0895522388059701,0.044776119402985,0.1641791044776119,0.0298507462686567,0.0,1.0,0,1,3.375,5,0.375,4.090909090909091,66,40,0.6060606060606061,4.923659639173309,3.702236419028424,40.53786270664695,94,10,4,2,0,1,1.5468607825295717,1.1359999999999986,3.0,0.20535068691250877,2.9411764705882355,0.0,1.4705882352941178,0.17647058823529413,1.1319243233683072,0.7820250278904887,0.006831007078289986
train,audio_659.wav,5.0,False,True,True,0.0,0.0,0.0,0.0,0.0,1.5151515151515151,0.0,0.0,0.0,1.5151515151515151,1.5151515151515151,0.2857142857142857,2,7,18.857142857142858,0.0,0.1742424242424242,0.106060606060606,0.0833333333333333,0.0681818181818181,0.1212121212121212,0.1893939393939394,0.0681818181818181,0.8421052631578947,0.1578947368421052,0,3,4.857142857142857,8,1.7142857142857142,3.984848484848485,132,70,0.5303030303030303,6.092717958449424,3.262496530193172,26.11465184510348,146,9,2,1,0,0,2.566576611346971,0.7022222222222226,1.1199999999999992,0.10870313037495706,0.7518796992481203,0.0,0.0,0.03759398496240601,2.2139108089409536,0.9253593555767146,0.003778699552640319
train,audio_532.wav,3.5,False,True,True,0.6756756756756757,0.0,1.351351351351351,0.0,0.6756756756756757,1.351351351351351,0.0,0.6756756756756757,0.0,4.72972972972973,4.054054054054054,0.4,6,9,16.77777777777778,0.1111111111111111,0.1125827814569536,0.0927152317880794,0.0596026490066225,0.086092715231788,0.119205298013245,0.2450331125827814,0.1125827814569536,0.1875,0.8125,1,4,3.4444444444444446,6,0.8888888888888888,3.641891891891892,148,70,0.47297297297297297,5.753964555687506,3.313949682150677,27.49350189850327,157,6,1,0,1,3,2.6485325697924123,0.5466666666666654,1.3599999999999923,0.055442866801893045,0.0,0.6756756756756757,2.027027027027027,0.08783783783783784,2.4635999979192564,0.8704332423622947,0.056370314210653305
train,audio_464.wav,2.0,False,True,True,2.5641025641025643,0.0,3.8461538461538463,3.8461538461538463,0.0,2.5641025641025643,0.0,0.0,0.0,12.82051282051282,12.82051282051282,0.8571428571428571,10,7,11.428571428571429,0.0,0.2375,0.0875,0.0875,0.05,0.075,0.1875,0.075,0.5,0.5,0,2,3.4285714285714284,7,0.7142857142857143,3.8461538461538463,78,47,0.6025641025641025,5.321702060479599,3.693733634529533,40.19463924142947,91,7,6,0,0,0,2.127079356422143,2.6471428571428564,5.140000000000001,0.3356884057971013,0.0,0.0,0.0,0.11538461538461539,1.2983837826871758,0.7994640602801855,0.06223267689347267
train,audio_5.wav,2.5,False,True,True,0.0,0.0,0.0,0.9090909090909092,0.0,0.0,2.727272727272727,0.0,0.0,3.636363636363636,0.9090909090909092,0.5,1,4,27.75,0.0,0.2252252252252252,0.1351351351351351,0.054054054054054,0.072072072072072,0.072072072072072,0.0990990990990991,0.081081081081081,0.0,1.0,0,2,6.75,9,1.5,3.963636363636364,110,64,0.5818181818181818,6.102160571171791,3.612834110966435,37.07096730992699,135,7,0,5,2,0,2.7885548011639187,0.4057142857142857,0.620000000000001,0.06442831215970962,4.3478260869565215,1.7391304347826086,0.0,0.06956521739130435,2.5521526853084775,0.8781484963237376,0.048517465591430664
train,audio_231.wav,3.5,False,True,True,0.0,0.7194244604316546,0.0,1.4388489208633093,0.0,3.597122302158273,0.7194244604316546,0.0,0.0,6.474820143884892,5.755395683453237,1.0,8,2,69.5,0.0,0.158273381294964,0.1079136690647482,0.0431654676258992,0.0719424460431654,0.1007194244604316,0.1942446043165467,0.0863309352517985,0.0,1.0,0,1,10.0,12,7.0,3.741007194244604,139,64,0.460431654676259,5.428409149951814,3.2633229848500847,26.13624334170201,148,4,0,1,1,0,2.5116612845353425,0.5399999999999991,0.7999999999999972,0.037305699481865226,0.7142857142857143,0.7142857142857143,0.0,0.05714285714285714,2.3325558147284235,0.8985097609460354,0.23946769535541534
train,audio_384.wav,5.0,False,True,True,0.0,0.0,0.0,0.0,0.8333333333333334,0.8333333333333334,0.0,0.0,0.0,1.6666666666666667,1.6666666666666667,0.125,2,7,17.714285714285715,0.0,0.1612903225806451,0.1370967741935483,0.064516129032258,0.1209677419354838,0.0564516129032258,0.1693548387096774,0.0725806451612903,0.1,0.9,1,4,4.714285714285714,8,1.0,4.383333333333334,120,90,0.75,8.215838362577491,3.4385555013020834,31.1419411691693,150,12,5,0,0,0,2.556455048998722,0.9650000000000004,2.740000000000002,0.19788106630211902,0.0,0.0,0.0,0.03333333333333333,1.99964381344573,0.9250519875023099,0.27302002906799316
train,audio_54.wav,4.0,False,True,True,0.0,0.0,0.0,0.0,0.0,0.0,0.0,0.0,0.0,0.0,0.0,0.0,0,4,24.5,0.0,0.1938775510204081,0.173469387755102,0.0408163265306122,0.0306122448979591,0.0612244897959183,0.1428571428571428,0.1122448979591836,0.0,1.0,0,2,5.5,7,2.25,3.875,96,55,0.5729166666666666,5.613413993878117,2.747201102120536,15.598910968708932,112,8,0,0,0,0,3.3063427800269913,0.5450000000000006,0.879999999999999,0.1282352941176472,0.0,0.0,0.0,0.0,2.6908292147171884,0.9566049052744495,0.5750281810760498
train,audio_656.wav,5.0,False,True,True,0.925925925925926,0.0,0.0,0.0,0.0,0.0,1.851851851851852,0.0,0.925925925925926,3.703703703703704,0.925925925925926,0.8,1,5,21.8,0.0,0.1651376146788991,0.1192660550458715,0.128440366972477,0.0825688073394495,0.0825688073394495,0.1376146788990825,0.1009174311926605,0.8333333333333334,0.1666666666666666,0,3,5.2,7,1.6,3.871559633027523,108,58,0.5370370370370371,5.581052602166382,2.985181572023502,19.790095237803826,121,7,2,3,0,2,2.0608986260675826,0.8628571428571429,1.7199999999999989,0.1008347245409015,2.7027027027027026,0.0,1.8018018018018018,0.06306306306306306,1.8476999984394424,0.9284979807766708,0.055632613599300385
train,audio_444.wav,3.0,False,True,True,0.9523809523809524,2.857142857142857,0.0,1.9047619047619049,0.0,1.9047619047619049,0.0,0.0,0.0,7.619047619047619,7.619047619047619,1.0,8,3,35.0,0.0,0.1619047619047619,0.1523809523809524,0.0571428571428571,0.0761904761904762,0.0285714285714285,0.1619047619047619,0.0476190476190476,0.0,1.0,0,1,7.666666666666667,13,2.0,4.3619047619047615,105,46,0.4380952380952381,4.489140335563253,4.168117917817215,64.59376685478354,116,6,2,4,2,2,2.6366715045960327,2.8533333333333335,13.459999999999999,0.29284981183715364,3.669724770642202,1.834862385321101,1.834862385321101,0.08256880733944955,1.8144081065756688,0.8512149169291326,0.0014829762512817979
train,audio_5062.wav,0.0,True,True,True,0.0,0.0,0.0,0.0,0.0,2.272727272727273,0.0,0.0,0.0,2.272727272727273,2.272727272727273,0.25,2,4,22.25,0.0,0.1011235955056179,0.1123595505617977,0.0786516853932584,0.0786516853932584,0.1011235955056179,0.2359550561797752,0.0786516853932584,0.6666666666666666,0.3333333333333333,0,4,6.0,9,1.25,3.4545454545454546,88,51,0.5795454545454546,5.436618267068066,3.428440369281572,30.82852412256105,97,4,2,0,1,0,2.5142857142857142,0.7300000000000013,1.1799999999999997,0.07700421940928284,0.0,1.1363636363636365,0.0,0.5340909090909091,1.441803073047601,0.5156273971026001,0.0016124327667057514
train,audio_312.wav,4.5,False,True,True,0.9523809523809524,0.0,0.0,0.0,0.0,1.9047619047619049,0.0,0.0,0.0,2.857142857142857,2.857142857142857,0.25,3,4,26.5,0.0,0.2075471698113207,0.1792452830188679,0.0566037735849056,0.0283018867924528,0.0754716981132075,0.1226415094339622,0.0754716981132075,0.2727272727272727,0.7272727272727273,0,3,5.5,7,2.5,4.6415094339622645,105,66,0.6285714285714286,6.440940481460319,3.387070615067441,29.57917643873896,117,6,3,0,0,1,2.0966453674121412,0.9766666666666678,1.7599999999999998,0.1047550947443691,0.0,0.0,0.9523809523809523,0.01904761904761905,1.7478243228481212,0.9352879987822638,0.20479103922843933
train,audio_120.wav,2.5,False,True,True,1.4492753623188406,1.4492753623188406,0.0,0.0,0.0,1.4492753623188406,0.0,0.0,0.0,4.3478260869565215,4.3478260869565215,0.25,3,8,8.625,0.0,0.1304347826086956,0.1159420289855072,0.1159420289855072,0.1304347826086956,0.1304347826086956,0.1739130434782608,0.072463768115942,0.3,0.7,0,2,2.75,5,0.625,4.086956521739131,69,38,0.5507246376811594,4.57466241725923,3.2083184657952724,24.737454356054336,78,8,0,0,0,0,2.4766690595836325,0.7374999999999998,0.8800000000000026,0.1747630331753554,0.0,0.0,0.0,0.057971014492753624,1.5333333333333334,0.8983593328275542,0.3099377453327179
train,audio_446.wav,3.0,False,True,True,0.0,0.9090909090909092,0.9090909090909092,2.727272727272727,0.0,0.9090909090909092,1.818181818181818,0.0,0.0,7.272727272727272,5.454545454545454,0.6,6,5,22.6,0.0,0.1769911504424778,0.0973451327433628,0.1061946902654867,0.0265486725663716,0.1061946902654867,0.168141592920354,0.0884955752212389,0.1111111111111111,0.8888888888888888,1,3,4.4,6,1.8,4.1909090909090905,110,70,0.6363636363636364,6.674238124719146,4.21840749693311,67.92522697996517,121,3,0,0,0,0,2.4422735346358793,0.6466666666666656,0.8399999999999999,0.04129416773094927,0.0,0.0,0.0,0.045454545454545456,2.1692268062202578,0.8810668197545138,0.28782710433006287
train,audio_546.wav,2.5,False,True,True,0.0,0.0,0.0,1.0309278350515465,0.0,3.09278350515464,0.0,0.0,0.0,4.123711340206185,4.123711340206185,0.4,4,4,25.0,0.0,0.21,0.14,0.06,0.06,0.08,0.15,0.09,0.2,0.8,0,3,5.5,12,2.0,4.494845360824742,97,63,0.6494845360824743,6.3966808403418005,4.1889459390555865,65.95323557926268,113,9,0,3,1,0,1.9357336430507164,0.5444444444444444,0.7800000000000011,0.08663366336633663,3.0,1.0,0.0,0.08,1.664594593188687,0.8525315054506063,0.016835585236549377
train,audio_430.wav,4.0,False,True,True,0.8264462809917356,0.8264462809917356,0.0,0.0,0.0,0.8264462809917356,0.0,0.0,0.0,2.479338842975207,2.479338842975207,0.4285714285714285,3,8,15.625,0.0,0.2,0.136,0.112,0.048,0.088,0.176,0.072,0.0666666666666666,0.9333333333333332,0,3,4.25,7,1.25,3.826446280991736,121,69,0.5702479338842975,6.2727272727272725,3.520588362298044,33.80431179654673,147,8,1,3,0,1,2.445759368836292,0.7024999999999999,2.5,0.09978693181818181,2.4193548387096775,0.0,0.8064516129032258,0.0967741935483871,2.064097295553972,0.8168165544385931,0.0037387986667454243
train,audio_179.wav,2.0,False,True,True,0.0,1.3157894736842106,1.3157894736842106,0.0,0.0,1.3157894736842106,0.0,0.0,0.0,3.947368421052632,3.947368421052632,0.4,3,4,19.25,0.0,0.2987012987012987,0.1168831168831168,0.0649350649350649,0.0649350649350649,0.0909090909090909,0.0649350649350649,0.0519480519480519,0.2222222222222222,0.7777777777777778,2,3,5.75,13,1.0,4.868421052631579,76,44,0.5789473684210527,5.047146145152358,3.998217707094939,54.500926803583184,92,13,6,1,3,1,1.6580534022394489,1.0461538461538464,1.8399999999999999,0.2265156562291806,1.2987012987012987,3.896103896103896,1.2987012987012987,0.16883116883116883,1.281737836755289,0.7930761297093931,0.00011742538481485099
train,audio_674.wav,4.0,False,True,True,0.7633587786259542,0.7633587786259542,0.0,0.7633587786259542,0.7633587786259542,1.5267175572519085,0.0,0.0,0.0,4.580152671755725,4.580152671755725,0.6666666666666666,6,6,21.83333333333333,0.0,0.2290076335877862,0.0916030534351145,0.1297709923664122,0.0687022900763358,0.0687022900763358,0.0763358778625954,0.1145038167938931,0.0,1.0,0,1,4.333333333333333,8,1.1666666666666667,4.122137404580153,131,70,0.5343511450381679,6.1159283966272655,3.546164466594828,34.68004559321861,145,7,1,2,0,0,2.503765060240964,0.6885714285714288,1.0400000000000063,0.0831895063859165,1.5037593984962405,0.0,0.0,0.06015037593984962,2.2139108089409536,0.9023099907960995,0.009352571330964565
train,audio_737.wav,3.5,False,True,True,0.0,0.0,2.150537634408602,0.0,1.075268817204301,5.376344086021505,0.0,1.075268817204301,0.0,9.67741935483871,8.602150537634408,0.4,8,4,23.25,0.25,0.1827956989247312,0.1827956989247312,0.043010752688172,0.075268817204301,0.075268817204301,0.1720430107526881,0.064516129032258,0.1,0.9,0,2,4.75,9,1.75,4.591397849462366,93,59,0.6344086021505376,6.118014998909509,4.143222416672751,63.00552472994578,107,8,5,1,3,2,1.86286167261197,0.9700000000000004,1.1999999999999993,0.13328753005839925,1.0638297872340425,3.1914893617021276,2.127659574468085,0.14893617021276595,1.5647189175973657,0.8041017746671717,0.0657852366566658
train,audio_669.wav,3.0,False,True,True,1.4492753623188406,0.0,0.0,0.0,0.0,0.0,0.0,0.0,0.0,1.4492753623188406,1.4492753623188406,0.1333333333333333,2,16,8.875,0.0,0.2676056338028169,0.1901408450704225,0.0211267605633802,0.028169014084507,0.0774647887323943,0.204225352112676,0.0845070422535211,0.0555555555555555,0.9444444444444444,1,4,2.9375,6,0.5625,4.151079136690647,138,68,0.4927536231884058,5.788544409159491,3.247019958496094,25.7135980376262,160,12,2,0,1,1,2.837171052631578,0.8416666666666656,1.9399999999999942,0.17194416070820542,0.0,0.7246376811594203,0.7246376811594203,0.07246376811594203,2.297140538600388,0.8808423166257747,0.13842809200286865
train,audio_540.wav,4.0,False,True,True,0.0,0.7194244604316546,2.158273381294964,0.7194244604316546,0.0,0.0,0.0,0.0,0.0,3.597122302158273,3.597122302158273,0.4285714285714285,5,7,19.857142857142858,0.0,0.4028776978417266,0.1223021582733813,0.1007194244604316,0.0719424460431654,0.0431654676258992,0.0431654676258992,0.0503597122302158,0.0,1.0,0,1,7.285714285714286,16,1.0,5.589928057553957,139,98,0.7050359712230215,8.312251510863716,4.295596810274346,73.3759929264697,172,18,1,0,0,0,2.860082304526749,0.5377777777777778,1.0800000000000054,0.16609471516815374,0.0,0.0,0.0,0.11510791366906475,2.3137864845322746,0.8283679413316634,0.037594836205244064
train,audio_692.wav,4.0,False,True,True,0.0,0.0,0.0,0.6493506493506493,0.0,3.2467532467532467,0.0,0.0,0.0,3.896103896103896,3.896103896103896,0.5,6,4,39.5,0.0,0.2025316455696202,0.0759493670886076,0.0822784810126582,0.0253164556962025,0.1075949367088607,0.1962025316455696,0.0696202531645569,0.4782608695652174,0.5217391304347826,0,4,7.75,9,4.25,3.51948051948052,154,68,0.44155844155844154,5.479596155372586,3.248179117838541,25.743421476739137,180,12,1,0,0,0,5.188679245283019,0.5749999999999998,1.0799999999999983,0.18862766539092396,0.0,0.0,0.0,0.2077922077922078,3.439136084549151,0.7583460589604718,0.04828859120607376
train,audio_572.wav,2.0,False,True,True,0.0,0.0,0.0,0.8928571428571429,0.0,2.6785714285714284,0.0,0.0,0.0,3.571428571428572,3.571428571428572,0.6,4,4,28.5,0.0,0.219298245614035,0.131578947368421,0.0350877192982456,0.0263157894736842,0.0614035087719298,0.1491228070175438,0.131578947368421,0.1,0.9,1,5,5.25,6,1.5,4.285714285714286,112,68,0.6071428571428571,6.425396041156863,4.124161847933071,61.81597634313189,127,5,1,0,0,0,2.2598870056497176,0.5840000000000007,1.4800000000000004,0.055640243902439095,0.0,0.0,0.0,0.07142857142857142,2.042007001166861,0.8151019700204155,0.025885004550218582
train,audio_479.wav,2.0,False,True,True,0.0,1.020408163265306,1.020408163265306,0.0,0.0,3.061224489795918,2.0408163265306123,0.0,0.0,7.142857142857143,5.1020408163265305,0.6666666666666666,5,2,49.0,0.0,0.2346938775510204,0.1326530612244898,0.0816326530612244,0.0714285714285714,0.0408163265306122,0.0714285714285714,0.1326530612244898,0.0,1.0,0,1,9.5,11,2.5,4.948979591836735,98,67,0.6836734693877551,6.768022048499812,5.28482312353972,197.3192792257261,107,5,1,2,1,0,1.8656716417910444,0.7800000000000005,1.6200000000000045,0.06782608695652177,2.0,1.0,0.0,0.21,1.6497566608925183,0.7351108817756176,0.03704652935266495
train,audio_419.wav,3.0,False,True,True,1.1764705882352942,1.1764705882352942,0.0,0.0,0.0,1.1764705882352942,1.1764705882352942,0.0,0.0,4.705882352941177,3.5294117647058822,1.0,3,2,42.5,0.0,0.2705882352941176,0.1176470588235294,0.0117647058823529,0.0941176470588235,0.1764705882352941,0.0823529411764705,0.0705882352941176,0.0,1.0,5,3,7.5,8,2.5,4.6,85,45,0.5294117647058824,4.880935300919764,4.009669806367608,55.1286644238985,93,4,1,5,3,0,1.989389920424403,1.145,2.879999999999999,0.09193095142513047,5.555555555555555,3.3333333333333335,0.0,0.07777777777777778,1.4826941788808747,0.8473936692294147,0.01741408184170723
train,audio_5037.wav,0.0,True,True,True,0.7407407407407407,0.0,0.0,0.0,0.0,0.7407407407407407,0.0,0.0,0.0,1.4814814814814814,1.4814814814814814,0.25,2,8,17.375,0.0,0.1438848920863309,0.158273381294964,0.079136690647482,0.0935251798561151,0.0935251798561151,0.1366906474820144,0.0719424460431654,0.0,1.0,0,2,5.25,7,1.375,3.729323308270677,135,62,0.45925925925925926,5.336110388107997,2.9636193920752247,19.367945235885028,167,14,0,1,0,1,3.800675675675676,0.492857142857143,0.7800000000000011,0.1626591230551627,0.7407407407407407,0.0,0.7407407407407407,0.34074074074074073,2.996005326231691,0.6147677128237706,0.051972441375255585
train,audio_433.wav,3.0,False,True,True,0.8064516129032258,0.0,0.0,0.0,0.0,1.6129032258064515,0.8064516129032258,0.0,0.0,3.225806451612903,2.419354838709677,0.75,3,2,62.5,0.0,0.264,0.104,0.056,0.016,0.072,0.096,0.08,0.0714285714285714,0.9285714285714286,2,4,9.5,10,4.5,4.387096774193548,124,58,0.46774193548387094,5.208553758776472,3.901593430597979,49.48123122980461,133,4,0,4,5,0,2.228412256267409,0.27999999999999914,0.3200000000000003,0.01912568306010923,3.125,3.90625,0.0,0.1015625,2.130681079281519,0.8638871935871748,0.00012180999328847975
train,audio_405.wav,5.0,False,True,True,0.0,0.7633587786259542,0.7633587786259542,1.5267175572519085,0.0,0.7633587786259542,0.7633587786259542,0.0,0.0,4.580152671755725,3.816793893129771,0.5555555555555556,5,9,14.77777777777778,0.0,0.1804511278195488,0.1428571428571428,0.0451127819548872,0.0451127819548872,0.1203007518796992,0.1578947368421052,0.0827067669172932,0.4285714285714285,0.5714285714285714,0,3,5.222222222222222,9,1.2222222222222223,4.022900763358779,131,67,0.5114503816793893,5.853817179628954,3.337635761982686,28.152488778236755,148,14,5,2,4,0,3.1412376003778935,1.1200000000000006,2.879999999999999,0.2702516373664255,1.5037593984962405,3.007518796992481,0.0,0.03007518796992481,2.2139108089409536,0.9348022169170943,0.0017837411724030972
train,audio_267.wav,4.0,False,True,True,0.0,0.0,0.0,0.0,0.0,0.0,0.0,0.0,0.0,0.0,0.0,0.0,0,4,18.0,0.0,0.25,0.1527777777777778,0.0833333333333333,0.0416666666666666,0.0555555555555555,0.125,0.1111111111111111,0.0,1.0,0,2,4.75,6,1.25,4.166666666666667,72,55,0.7638888888888888,6.481812160876686,3.460313378310785,31.82694882749381,82,6,2,1,1,0,1.675080312069757,0.9800000000000013,1.8800000000000008,0.11888394662353433,1.36986301369863,1.36986301369863,0.0,0.0410958904109589,1.215046604527297,0.9030995988648505,0.0023727156221866608
train,audio_358.wav,5.0,False,True,True,0.6756756756756757,0.0,0.0,0.0,0.6756756756756757,2.702702702702702,0.0,0.0,0.0,4.054054054054054,4.054054054054054,0.4,6,9,16.77777777777778,0.1111111111111111,0.2119205298013245,0.1324503311258278,0.0662251655629139,0.0596026490066225,0.0662251655629139,0.1721854304635761,0.0794701986754966,0.1666666666666666,0.8333333333333334,1,4,4.333333333333333,8,1.2222222222222223,4.236486486486487,148,86,0.581081081081081,7.069156454130364,3.811197680096293,45.20454704396363,172,15,2,4,0,0,3.0682276947920877,0.6213333333333341,1.4800000000000004,0.15834182806659888,2.6315789473684212,0.0,0.0,0.046052631578947366,2.5301837816468042,0.9190520653010983,0.0859990268945694
train,audio_331.wav,5.0,False,True,True,0.0,0.7874015748031497,0.0,0.0,0.0,1.5748031496062993,1.5748031496062993,0.0,0.0,3.937007874015748,2.3622047244094486,0.5714285714285714,3,7,18.714285714285715,0.0,0.2519083969465648,0.1526717557251908,0.0916030534351145,0.0610687022900763,0.0458015267175572,0.0763358778625954,0.0458015267175572,0.1,0.9,0,2,6.285714285714286,13,1.2857142857142858,4.456692913385827,127,85,0.6692913385826772,7.542530330036968,3.614313932073197,37.12586632013883,149,14,2,0,0,0,2.686125211505923,0.5942857142857151,1.6200000000000045,0.14964028776978436,0.0,0.0,0.0,0.031496062992125984,2.1162897025633973,0.9436834598854771,0.2851976156234741
train,audio_487.wav,2.5,False,True,True,1.2345679012345678,0.0,0.0,0.0,0.0,4.938271604938271,0.0,0.0,0.0,6.172839506172839,6.172839506172839,1.0,5,3,28.33333333333333,0.0,0.1647058823529411,0.2,0.0352941176470588,0.0117647058823529,0.0941176470588235,0.1647058823529411,0.1529411764705882,0.1111111111111111,0.8888888888888888,3,4,4.666666666666667,7,1.3333333333333333,3.864197530864197,81,41,0.5061728395061729,4.555555555555555,3.894696669145064,49.141145076178056,88,2,0,0,3,1,1.4205541915117503,0.5600000000000023,0.740000000000002,0.019263845889232963,0.0,3.7037037037037037,1.2345679012345678,0.07407407407407407,1.3483216204828363,0.8462431511761229,0.19253435730934143
train,audio_494.wav,3.0,False,True,True,2.127659574468085,0.0,1.4184397163120568,2.127659574468085,0.0,1.4184397163120568,0.0,0.0,0.0,7.092198581560283,7.092198581560283,0.75,10,3,47.0,0.0,0.1631205673758865,0.1418439716312056,0.0212765957446808,0.0780141843971631,0.0780141843971631,0.1205673758865248,0.0780141843971631,0.2352941176470588,0.7647058823529411,0,3,6.666666666666667,11,4.333333333333333,3.8652482269503534,141,61,0.4326241134751773,5.137126718505765,4.127803285660282,62.04148571150397,155,5,0,3,2,6,2.59577515216613,0.487999999999999,0.8999999999999986,0.04185248713550593,2.0689655172413794,1.3793103448275863,4.137931034482759,0.10344827586206896,2.413662160123596,0.8382940231212255,0.056310057640075684
train,audio_536.wav,2.5,False,True,True,0.0,0.0,0.9090909090909092,0.0,0.0,3.636363636363636,0.0,0.0,0.0,4.545454545454546,4.545454545454546,0.4285714285714285,5,7,15.857142857142858,0.0,0.2972972972972973,0.1261261261261261,0.0990990990990991,0.09009009009009,0.036036036036036,0.09009009009009,0.045045045045045,0.0,1.0,1,2,6.0,12,0.8571428571428571,4.4363636363636365,110,78,0.7090909090909091,7.43700819611562,3.87298260313092,48.08559264966506,132,12,2,0,0,1,3.0606566499721772,0.9750000000000013,3.9999999999999964,0.2455919395465998,0.0,0.0,0.9090909090909091,0.07272727272727272,2.030018904551049,0.8696362240409309,0.15934886038303375
train,audio_634.wav,4.0,False,True,True,0.0,0.0,1.098901098901099,0.0,0.0,5.494505494505495,0.0,1.098901098901099,0.0,7.6923076923076925,6.593406593406593,0.6,6,4,23.5,0.25,0.2340425531914893,0.0425531914893617,0.1063829787234042,0.0744680851063829,0.0851063829787234,0.0957446808510638,0.1170212765957446,0.0,1.0,0,2,5.25,8,1.25,4.032967032967033,91,56,0.6153846153846154,5.870395085642743,4.569930725097656,96.53742192072109,100,7,1,3,0,1,1.7439703153988868,0.6999999999999998,1.0199999999999996,0.08333333333333331,3.1914893617021276,0.0,1.0638297872340425,0.07446808510638298,1.5647189175973657,0.8485596489577376,0.004910011775791645
train,audio_317.wav,3.5,False,True,True,0.0,0.0,0.0,0.0,0.0,4.444444444444445,0.0,0.0,0.0,4.444444444444445,4.444444444444445,0.5,6,5,27.4,0.0,0.1897810218978102,0.1313868613138686,0.0948905109489051,0.0583941605839416,0.0656934306569343,0.1605839416058394,0.1021897810218978,0.0,1.0,0,1,6.8,9,2.4,4.333333333333333,135,81,0.6,6.971370023173351,3.774859306139824,43.59137484546542,156,10,0,0,1,0,2.580275229357798,0.49999999999999944,0.9399999999999995,0.08722958827634324,0.0,0.7407407407407407,0.0,0.05185185185185185,2.2472027008047273,0.9185980420605635,0.07479438930749893
train,audio_5054.wav,0.0,True,True,True,0.0,0.0,0.0,0.0,0.0,1.6666666666666667,0.0,0.0,0.0,1.6666666666666667,1.6666666666666667,0.1,2,10,12.7,0.0,0.1889763779527559,0.1181102362204724,0.0944881889763779,0.0472440944881889,0.0944881889763779,0.1574803149606299,0.0551181102362204,0.0625,0.9375,0,3,3.8,7,0.7,3.591666666666667,120,77,0.6416666666666667,7.029106154649631,3.5556759182497752,35.01147686789422,139,8,2,1,2,0,2.595452595452595,0.8049999999999999,2.1400000000000077,0.12137203166226912,0.8264462809917356,1.6528925619834711,0.0,0.4132231404958678,2.062499267578385,0.5745136961956655,0.018567878752946854
train,audio_723.wav,5.0,False,True,True,0.0,1.408450704225352,0.0,0.0,0.0,1.408450704225352,0.0,0.0,0.0,2.816901408450704,2.816901408450704,0.6666666666666666,4,6,24.33333333333333,0.0,0.184931506849315,0.1301369863013698,0.0547945205479452,0.0547945205479452,0.0753424657534246,0.1643835616438356,0.0821917808219178,0.0,1.0,0,3,6.5,8,1.1666666666666667,4.422535211267606,142,80,0.5633802816901409,6.713450866373513,3.115964877530464,22.555182846685348,159,8,1,0,1,0,2.595029239766082,0.6400000000000001,1.3000000000000007,0.08556149732620322,0.0,0.704225352112676,0.0,0.007042253521126761,2.3637243223279354,0.9660957161809357,0.21134310960769653
train,audio_155.wav,3.5,False,True,True,2.2900763358778624,1.5267175572519085,0.7633587786259542,0.0,0.0,3.053435114503817,0.0,0.0,0.0,7.633587786259542,7.633587786259542,0.4444444444444444,10,9,14.555555555555555,0.1111111111111111,0.2671755725190839,0.1297709923664122,0.099236641221374,0.0305343511450381,0.0610687022900763,0.1374045801526717,0.0763358778625954,0.0714285714285714,0.9285714285714286,0,4,4.555555555555555,7,0.4444444444444444,4.488549618320611,131,85,0.648854961832061,7.4264844816188225,4.378628062553147,79.72857571909063,147,11,2,0,1,1,2.6033386327503973,0.7309090909090906,1.0600000000000023,0.13776559287183,0.0,0.7633587786259542,0.7633587786259542,0.0916030534351145,2.1804260985352863,0.8607461438265466,0.07034287601709366
train,audio_410.wav,2.0,False,True,True,0.0,0.0,2.0,1.0,3.0,0.0,3.0,0.0,0.0,9.0,6.0,1.0,6,3,35.666666666666664,0.0,0.102803738317757,0.1682242990654205,0.0654205607476635,0.0934579439252336,0.0841121495327102,0.2149532710280373,0.102803738317757,0.0,1.0,1,4,7.666666666666667,10,4.0,3.48,100,52,0.52,5.2,3.8990449324898098,49.35528895561392,115,6,2,0,1,0,2.6824034334763946,1.1600000000000001,2.1799999999999997,0.1573236889692586,0.0,1.0,0.0,0.1,2.164127423822715,0.8463051067292691,0.19900108873844147
train,audio_251.wav,2.0,False,True,True,0.0,0.0,0.0,0.0,3.333333333333333,0.0,0.0,0.0,0.0,3.333333333333333,3.333333333333333,0.5,1,2,15.0,0.0,0.2,0.2,0.0666666666666666,0.0,0.0,0.1666666666666666,0.0666666666666666,0.6,0.4,0,2,5.0,8,1.0,4.266666666666667,30,23,0.7666666666666667,4.199206274206274,4.261936664581299,70.94725151943086,32,1,0,0,0,0,3.0612244897959178,0.5999999999999996,0.5999999999999996,0.05769230769230765,0.0,0.0,0.0,0.03333333333333333,1.4955134596211366,0.8855776011943817,0.3561387062072754
train,audio_779.wav,5.0,False,True,True,0.0,1.4705882352941178,0.0,0.0,0.0,2.2058823529411766,0.0,0.0,0.0,3.676470588235294,3.676470588235294,0.2857142857142857,5,6,23.83333333333333,0.0,0.2587412587412587,0.1048951048951049,0.0419580419580419,0.0559440559440559,0.0489510489510489,0.1258741258741259,0.0909090909090909,0.0,1.0,0,2,5.833333333333333,14,2.0,4.272058823529412,136,76,0.5588235294117647,6.516946235415335,3.1036557284268467,22.27924947447518,154,9,5,0,2,0,2.7342179332529155,0.7977777777777781,1.3200000000000003,0.1261419536191146,0.0,1.4705882352941178,0.0,0.04411764705882353,2.2638486467366143,0.9193886664202985,0.15672113001346588
train,audio_382.wav,4.0,False,True,True,0.0,0.0,0.0,0.0,0.0,3.816793893129771,2.2900763358778624,0.0,0.0,6.106870229007634,3.816793893129771,0.8,5,2,67.0,0.0,0.1716417910447761,0.1716417910447761,0.0522388059701492,0.0373134328358208,0.0895522388059701,0.1492537313432835,0.0895522388059701,0.3333333333333333,0.6666666666666666,2,4,10.5,13,7.0,4.099236641221374,131,80,0.6106870229007634,6.989632453288303,4.358628493088943,78.1498777908024,143,4,0,0,0,0,2.339901477832512,0.5200000000000002,0.8599999999999994,0.03530210454854041,0.0,0.0,0.0,0.03759398496240601,2.2139108089409536,0.9194293808107986,0.11135613173246384
train,audio_559.wav,3.0,False,True,True,0.0,0.0,1.5384615384615383,0.0,1.5384615384615383,3.076923076923077,0.0,0.0,0.0,6.153846153846154,6.153846153846154,0.6666666666666666,4,3,21.666666666666668,0.0,0.3538461538461538,0.123076923076923,0.1076923076923077,0.0,0.0153846153846153,0.123076923076923,0.0615384615384615,0.0,1.0,0,1,4.333333333333333,8,1.3333333333333333,4.830769230769231,65,44,0.676923076923077,5.457528321925173,5.042571591659331,154.86776002781951,71,1,1,1,0,1,1.9572953736654806,1.6000000000000014,1.6000000000000014,0.045300113250283165,1.5151515151515151,0.0,1.5151515151515151,0.16666666666666666,1.0986324315045333,0.7934682732042292,0.00017902173567563295
train,audio_161.wav,3.0,False,True,True,0.0,0.0,0.0,0.0,0.0,4.651162790697675,0.0,0.0,0.0,4.651162790697675,4.651162790697675,0.3333333333333333,2,2,22.0,0.0,0.2272727272727272,0.1818181818181818,0.0454545454545454,0.0227272727272727,0.0909090909090909,0.1590909090909091,0.0909090909090909,0.0,1.0,0,2,5.0,9,0.5,4.325581395348837,43,35,0.813953488372093,5.3374499616411635,3.843541684358016,46.69054512644898,46,1,1,0,0,0,1.8423307626392464,28.540000000000003,28.540000000000003,0.5501156515034696,0.0,0.0,0.0,0.023255813953488372,0.7157123834886818,0.8954244398966779,0.04439668729901314
train,audio_535.wav,2.5,False,True,True,0.0,0.0,0.6578947368421053,0.0,0.0,1.973684210526316,0.0,0.0,0.0,2.631578947368421,2.631578947368421,0.4,4,11,13.818181818181818,0.0,0.25,0.1710526315789473,0.0657894736842105,0.0460526315789473,0.0394736842105263,0.1907894736842105,0.0789473684210526,0.0,1.0,0,3,4.2727272727272725,10,0.6363636363636364,4.552631578947368,152,103,0.6776315789473685,8.354403188234272,4.090466876362646,59.76778935936004,172,12,3,0,1,0,3.4451495920217607,0.8733333333333345,1.7600000000000051,0.19194139194139223,0.0,0.6578947368421053,0.0,0.23684210526315788,2.5301837816468042,0.7186280283300827,0.0178502406924963
train,audio_363.wav,5.0,False,True,True,1.2820512820512822,1.2820512820512822,0.0,0.0,0.0,1.2820512820512822,0.0,0.0,0.0,3.8461538461538463,3.8461538461538463,0.6,3,5,16.2,0.0,0.2592592592592592,0.1975308641975308,0.0493827160493827,0.0617283950617283,0.1234567901234567,0.0864197530864197,0.037037037037037,0.0,1.0,0,2,3.6,6,1.8,4.884615384615385,78,60,0.7692307692307693,6.793662204867574,3.5070480192550506,33.349674735481656,99,14,3,1,0,0,3.1053459119496867,0.7314285714285715,1.58,0.28699551569506737,1.2658227848101267,0.0,0.0,0.02531645569620253,1.7906802459918656,0.9493897530851485,0.28412169218063354
train,audio_5057.wav,0.0,True,True,True,1.5748031496062993,0.0,0.0,0.0,0.0,0.7874015748031497,0.0,0.0,0.0,2.3622047244094486,2.3622047244094486,0.5,3,6,21.166666666666668,0.0,0.2047244094488189,0.0866141732283464,0.1023622047244094,0.0472440944881889,0.0629921259842519,0.1574803149606299,0.0629921259842519,0.6666666666666666,0.3333333333333333,0,3,5.5,8,1.3333333333333333,3.677165354330709,127,73,0.5748031496062992,6.477702518737631,3.7719172484485815,43.46331497795922,141,10,4,1,1,0,2.599512591389115,0.9240000000000006,1.8600000000000012,0.1580027359781123,0.78125,0.78125,0.0,0.359375,2.130681079281519,0.6334516364322553,0.0008248056983575225
train,audio_660.wav,4.5,False,True,True,0.0,0.0,0.0,0.819672131147541,0.0,1.639344262295082,0.0,0.0,0.0,2.459016393442623,2.459016393442623,0.25,3,8,16.125,0.0,0.2248062015503876,0.1627906976744186,0.0697674418604651,0.0387596899224806,0.0620155038759689,0.1240310077519379,0.0310077519379844,0.0,1.0,1,4,4.625,8,1.375,4.139344262295082,122,80,0.6557377049180327,7.242859683401482,3.8385571612427567,46.458394086772174,151,18,0,1,0,0,2.559867877786952,0.5499999999999992,0.9799999999999969,0.1696948920123412,0.8064516129032258,0.0,0.0,0.04032258064516129,2.064097295553972,0.9207088384296624,0.048933640122413635
train,audio_293.wav,5.0,False,True,True,0.0,0.0,0.0,0.7407407407407407,0.0,1.4814814814814814,0.7407407407407407,0.0,0.0,2.962962962962963,2.2222222222222223,0.5,3,5,27.2,0.0,0.1544117647058823,0.1617647058823529,0.0808823529411764,0.0588235294117647,0.0661764705882353,0.1911764705882352,0.0808823529411764,0.0,1.0,0,2,6.8,9,2.0,4.355555555555555,135,78,0.5777777777777777,6.713171133426189,3.0950041672279096,22.08733058029428,145,3,2,0,1,0,2.581261950286807,1.2000000000000013,1.7800000000000011,0.06440071556350634,0.0,0.7407407407407407,0.0,0.02962962962962963,2.2472027008047273,0.9595821580769102,0.35369059443473816
train,audio_74.wav,4.0,False,True,True,0.0,0.0,0.0,0.0,0.0,0.0,0.0,0.0,0.0,0.0,0.0,0.0,0,6,15.166666666666666,0.3333333333333333,0.2637362637362637,0.1098901098901098,0.0439560439560439,0.0549450549450549,0.0329670329670329,0.1428571428571428,0.0769230769230769,0.7142857142857143,0.2857142857142857,0,2,3.333333333333333,7,0.6666666666666666,3.8777777777777778,91,53,0.5824175824175825,5.555909634626167,3.2989104648806014,27.08311483505896,106,5,1,0,0,0,2.309644670050762,0.7,1.6000000000000014,0.0815850815850816,0.0,0.0,0.0,0.01098901098901099,2.0195295162006213,0.9202141971378536,0.18711648881435394
train,audio_215.wav,4.0,False,True,True,2.097902097902098,0.0,0.6993006993006993,0.0,0.0,0.6993006993006993,0.6993006993006993,0.0,0.0,4.195804195804196,3.4965034965034967,0.6666666666666666,5,5,28.8,0.0,0.2013888888888889,0.1597222222222222,0.0694444444444444,0.0833333333333333,0.0625,0.1180555555555555,0.0902777777777777,0.2222222222222222,0.7777777777777778,1,5,8.6,15,2.0,4.216783216783217,143,95,0.6643356643356644,7.944299095067362,3.9493729440789473,51.90281066388225,152,5,1,0,1,0,2.625780389276533,0.7559999999999993,1.2999999999999972,0.06490384615384609,0.0,0.6993006993006993,0.0,0.02097902097902098,2.380367791792725,0.9085196797455941,0.19069336354732513
train,audio_228.wav,3.0,False,True,True,2.7777777777777777,0.0,2.7777777777777777,0.0,0.0,1.3888888888888888,0.0,0.0,0.0,6.944444444444445,6.944444444444445,0.75,5,4,19.0,0.0,0.1973684210526315,0.1184210526315789,0.0394736842105263,0.0921052631578947,0.0526315789473684,0.1052631578947368,0.0789473684210526,0.2857142857142857,0.7142857142857143,0,3,5.5,7,1.5,4.277777777777778,72,44,0.6111111111111112,5.185449728701349,3.800543891059028,44.725503680769485,81,4,2,1,3,2,1.71939477303989,2.0850000000000004,6.240000000000002,0.16050808314087764,1.3333333333333333,4.0,2.6666666666666665,0.12,1.2452059570652985,0.8348910967136423,0.012129259295761585
train,audio_602.wav,2.0,False,True,True,0.0,0.0,0.0,0.8264462809917356,0.0,4.132231404958677,0.8264462809917356,0.0,0.0,5.785123966942149,4.958677685950414,0.75,6,1,122.0,0.0,0.1967213114754098,0.1065573770491803,0.0573770491803278,0.0573770491803278,0.0901639344262295,0.0901639344262295,0.1311475409836065,0.0,1.0,2,3,10.0,10,7.0,4.1570247933884295,121,63,0.5206611570247934,5.7272727272727275,4.3266504681299605,75.69033430900275,126,3,1,3,5,0,2.2545454545454544,1.0866666666666653,2.66,0.05595605904565733,2.4193548387096775,4.032258064516129,0.0,0.06451612903225806,2.066298607227254,0.850263102701114,0.07961152493953705
train,audio_396.wav,2.0,False,True,True,0.0,0.0,0.0,0.0,0.0,1.8987341772151896,0.0,0.0,0.0,1.8987341772151896,1.8987341772151896,0.6,3,3,53.0,0.0,0.2075471698113207,0.2012578616352201,0.050314465408805,0.0377358490566037,0.050314465408805,0.1446540880503144,0.050314465408805,0.0454545454545454,0.9545454545454546,2,4,7.333333333333333,9,9.0,4.170886075949367,158,58,0.3670886075949367,4.614232248219234,2.958135190217391,19.26201824263892,184,13,1,2,0,1,3.3655868742111905,0.5938461538461539,1.0999999999999979,0.1397032211364459,1.25,0.0,0.625,0.125,2.663351349101899,0.7892001963686198,0.05487924814224243
train,audio_576.wav,2.0,False,True,True,0.8695652173913043,0.0,1.7391304347826086,0.8695652173913043,0.0,0.0,0.8695652173913043,0.0,0.8695652173913043,5.217391304347826,3.4782608695652173,1.0,4,4,28.75,0.0,0.2,0.1391304347826087,0.0521739130434782,0.0608695652173913,0.1304347826086956,0.1478260869565217,0.0434782608695652,0.125,0.875,1,3,6.5,10,2.0,4.269565217391304,115,60,0.5217391304347826,5.595028849441883,4.09213279781485,59.86744078448122,133,10,0,0,6,0,2.2192203782323423,0.5899999999999989,0.879999999999999,0.10221760221760202,0.0,5.217391304347826,0.0,0.06086956521739131,1.91428378216699,0.8695813822357551,0.021267801523208618
train,audio_5040.wav,0.0,True,True,True,0.0,0.7575757575757576,0.0,0.7575757575757576,0.0,3.787878787878788,0.7575757575757576,0.0,0.0,6.0606060606060606,5.303030303030303,0.8333333333333334,7,5,27.4,0.0,0.1897810218978102,0.1094890510948905,0.0802919708029197,0.0656934306569343,0.072992700729927,0.145985401459854,0.1094890510948905,0.1666666666666666,0.8333333333333334,0,2,5.4,8,1.6,3.909090909090909,132,83,0.6287878787878788,7.2242227221614606,3.507923889160156,33.37889750773272,160,10,2,0,0,1,2.784810126582279,1.088000000000001,4.300000000000001,0.18668496911461924,0.0,0.0,0.7575757575757576,0.19696969696969696,2.1972648630090665,0.7431739889875506,0.06241541728377342
train,audio_198.wav,4.0,False,True,True,0.0,2.857142857142857,0.0,0.0,0.0,1.4285714285714286,0.0,0.0,0.0,4.285714285714286,4.285714285714286,0.25,3,4,17.5,0.0,0.2714285714285714,0.1142857142857142,0.0714285714285714,0.0714285714285714,0.0428571428571428,0.1285714285714285,0.0857142857142857,0.0,1.0,0,1,3.5,4,1.0,3.8857142857142857,70,44,0.6285714285714286,5.259005881071332,3.761035919189453,42.99294012994216,88,9,2,5,0,0,1.5343698854337158,1.086666666666668,5.180000000000007,0.16672349130583042,6.666666666666667,0.0,0.0,0.09333333333333334,1.2497760817853467,0.859062850508425,0.08522511273622513
train,audio_600.wav,2.0,False,True,True,0.0,0.0,0.8,1.6,0.0,1.6,0.0,0.0,0.0,4.0,4.0,0.3333333333333333,5,6,21.166666666666668,0.0,0.2125984251968504,0.0944881889763779,0.0472440944881889,0.0629921259842519,0.0551181102362204,0.2204724409448819,0.1023622047244094,0.0,1.0,0,2,5.333333333333333,8,0.1666666666666666,3.76,125,59,0.472,5.277120426899503,3.9269205729166665,50.75045446801944,135,6,2,0,5,2,2.476415094339623,1.2299999999999998,2.6800000000000015,0.1266735324407827,0.0,3.9682539682539684,1.5873015873015872,0.07142857142857142,2.0973891874177455,0.8450809943849447,0.15949314832687378
train,audio_710.wav,4.0,False,True,True,0.0,0.0,2.5316455696202533,0.0,0.0,1.2658227848101269,1.2658227848101269,1.2658227848101269,0.0,6.329113924050633,3.79746835443038,0.75,3,3,26.33333333333333,0.0,0.2278481012658227,0.1645569620253164,0.0253164556962025,0.0632911392405063,0.1392405063291139,0.0759493670886076,0.1012658227848101,0.0,1.0,0,2,5.333333333333333,7,1.6666666666666667,4.69620253164557,79,52,0.6582278481012658,5.850457084815324,3.2130845013786766,24.85563534745566,85,4,2,1,0,1,1.8382352941176472,1.6450000000000005,3.9800000000000004,0.13133732534930143,1.25,0.0,1.25,0.05,1.3316756745509495,0.908571976920939,0.0012441824655979872
train,audio_246.wav,3.0,False,True,True,0.0,0.0,0.0,0.0,0.0,1.351351351351351,1.351351351351351,0.0,0.0,2.702702702702702,1.351351351351351,0.6666666666666666,1,2,37.0,0.0,0.2297297297297297,0.1216216216216216,0.054054054054054,0.0945945945945946,0.0945945945945946,0.0675675675675675,0.1081081081081081,0.0,1.0,0,2,10.5,12,2.0,4.662162162162162,74,45,0.6081081081081081,5.2311437434718675,4.214903278115355,67.68761868026279,81,9,2,2,0,0,1.4700193423597678,0.6911111111111108,1.1799999999999997,0.10738950276243088,2.6315789473684212,0.0,0.0,0.05263157894736842,1.2649800266311584,0.9001185650888243,0.194194495677948
train,audio_490.wav,2.5,False,True,True,0.0,0.0,1.7241379310344829,0.0,0.0,3.4482758620689653,0.0,0.0,0.0,5.172413793103448,5.172413793103448,0.7142857142857143,6,7,16.857142857142858,0.0,0.1525423728813559,0.1271186440677966,0.0847457627118644,0.0508474576271186,0.0677966101694915,0.2627118644067797,0.1186440677966101,0.1052631578947368,0.8947368421052632,0,2,4.571428571428571,7,1.2857142857142858,3.715517241379312,116,59,0.5086206896551724,5.4780124762230304,3.5793612960481296,35.850635590373805,137,10,2,2,1,2,2.298402804830541,0.7199999999999999,1.4199999999999946,0.12299282541851722,1.694915254237288,0.847457627118644,1.694915254237288,0.11864406779661017,1.9642216199626505,0.8348295534808007,0.00063155876705423
train,audio_657.wav,5.0,False,True,True,0.0,2.127659574468085,0.0,0.0,0.0,2.127659574468085,1.0638297872340423,0.0,0.0,5.319148936170213,4.25531914893617,0.8,4,4,25.25,0.0,0.2277227722772277,0.1287128712871287,0.099009900990099,0.1188118811881188,0.0297029702970297,0.0891089108910891,0.1089108910891089,0.0,1.0,0,1,6.5,8,1.75,4.75531914893617,94,63,0.6702127659574468,6.497953851430398,3.602133987296341,36.6764180027402,117,11,3,4,2,1,1.961569255404323,0.761818181818181,2.0999999999999943,0.1436407267740828,4.081632653061225,2.0408163265306123,1.0204081632653061,0.030612244897959183,1.6313027013249133,0.9228824921408478,0.23957374691963196
train,audio_688.wav,5.0,False,True,True,0.0,0.0,0.0,0.0,0.0,0.0,0.0,0.0,0.0,0.0,0.0,0.0,0,4,17.75,0.0,0.2816901408450704,0.1267605633802817,0.028169014084507,0.0140845070422535,0.0704225352112676,0.0845070422535211,0.0845070422535211,0.0,1.0,0,2,5.5,8,1.0,4.228571428571429,70,45,0.6428571428571429,5.378528742004772,2.88206051557492,17.851017610189853,78,6,2,0,1,0,1.9125683060109284,2.076666666666666,7.740000000000002,0.2539747248267427,0.0,1.4285714285714286,0.0,0.02857142857142857,1.1468888081060462,0.9460329791797059,0.037020500749349594
train,audio_698.wav,5.0,False,True,True,0.0,0.0,0.0,0.0,0.0,0.970873786407767,1.941747572815534,0.0,0.0,2.912621359223301,0.970873786407767,1.0,1,1,110.0,0.0,0.2909090909090909,0.1454545454545454,0.009090909090909,0.0909090909090909,0.0727272727272727,0.109090909090909,0.0727272727272727,0.0,1.0,5,2,13.0,13,14.0,4.281553398058253,103,58,0.5631067961165048,5.7149098133529,3.963198904263771,52.625400596771726,118,7,1,1,2,1,2.1311475409836063,0.6457142857142849,1.0,0.08477119279819945,0.9615384615384616,1.9230769230769231,0.9615384615384616,0.057692307692307696,1.7311783769162343,0.9123363098186439,0.00014067649317439646
train,audio_499.wav,2.5,False,True,True,1.351351351351351,1.351351351351351,2.702702702702702,0.0,1.351351351351351,1.351351351351351,1.351351351351351,0.0,0.0,9.45945945945946,8.108108108108109,1.0,6,2,37.0,0.0,0.2972972972972973,0.1216216216216216,0.0135135135135135,0.0405405405405405,0.054054054054054,0.0945945945945946,0.0945945945945946,0.125,0.875,0,3,7.5,9,3.0,4.1891891891891895,74,47,0.6351351351351351,5.463639020959506,3.8767183743990383,48.26556538427364,78,3,2,0,0,0,1.39992432841468,1.1466666666666663,1.5599999999999987,0.061101243339253965,0.0,0.0,0.0,0.10810810810810811,1.2317999989596282,0.8088502600990437,0.09820001572370529
train,audio_463.wav,4.0,False,True,True,0.0,0.0,0.0,0.0,0.0,1.2195121951219512,0.0,0.0,0.0,1.2195121951219512,1.2195121951219512,0.1666666666666666,1,6,13.666666666666666,0.0,0.3658536585365853,0.1707317073170731,0.1097560975609756,0.024390243902439,0.024390243902439,0.073170731707317,0.048780487804878,0.0,1.0,0,1,5.333333333333333,9,0.6666666666666666,5.646341463414634,82,67,0.8170731707317073,7.398912247014718,3.788257087628866,44.17933242920165,97,11,4,0,0,0,2.533992583436342,2.276363636363637,17.880000000000003,0.4362369337979095,0.0,0.0,0.0,0.08536585365853659,1.3649675664147232,0.8515877868162423,0.17712126672267914
train,audio_604.wav,4.5,False,True,True,1.709401709401709,0.8547008547008547,0.8547008547008547,0.0,0.0,1.709401709401709,0.0,0.0,0.0,5.128205128205129,5.128205128205129,0.4,6,5,23.4,0.0,0.2564102564102564,0.1025641025641025,0.094017094017094,0.0769230769230769,0.0598290598290598,0.0769230769230769,0.0427350427350427,0.0833333333333333,0.9166666666666666,0,2,5.8,9,1.2,4.05982905982906,117,71,0.6068376068376068,6.563952321998544,4.022260771023007,55.82717572669036,127,5,0,0,1,0,2.177959791511541,0.5520000000000003,0.740000000000002,0.04886685552407934,0.0,0.8547008547008547,0.0,0.02564102564102564,1.9475756740307637,0.9370225636113403,0.20075246691703796
train,audio_97.wav,4.0,False,True,True,0.0,0.0,0.0,0.8928571428571429,0.0,0.8928571428571429,0.8928571428571429,0.0,0.0,2.6785714285714284,1.7857142857142858,0.2857142857142857,2,9,12.77777777777778,0.1111111111111111,0.1565217391304348,0.1565217391304348,0.0608695652173913,0.0782608695652174,0.0695652173913043,0.2347826086956521,0.0869565217391304,0.5909090909090909,0.4090909090909091,0,2,3.2222222222222223,7,1.3333333333333333,3.8392857142857135,112,66,0.5892857142857143,6.236413804652249,3.336074607959692,28.108572695926963,138,10,0,6,1,1,3.0040733197556007,0.4620000000000003,0.6400000000000006,0.10523917995444196,5.084745762711864,0.847457627118644,0.847457627118644,0.0423728813559322,2.6187305814469597,0.9122690211160708,0.15515409409999847
train,audio_234.wav,3.0,False,True,True,0.0,0.0,0.0,1.5151515151515151,0.0,0.0,0.0,0.0,0.0,1.5151515151515151,1.5151515151515151,0.3333333333333333,1,3,22.0,0.0,0.2727272727272727,0.1212121212121212,0.106060606060606,0.0454545454545454,0.0757575757575757,0.0909090909090909,0.0909090909090909,0.0,1.0,0,2,7.0,9,0.6666666666666666,5.242424242424242,66,48,0.7272727272727273,5.908391567007971,4.135623794004141,62.52858386316727,83,11,3,3,0,0,1.5026132404181187,0.9018181818181822,2.4399999999999995,0.177650429799427,4.3478260869565215,0.0,0.0,0.08695652173913043,1.148468708388815,0.859707667865759,0.005466874688863754
train,audio_782.wav,5.0,False,True,True,0.0,0.0,0.0,0.0,0.0,0.0,0.9433962264150944,0.0,0.0,0.9433962264150944,0.0,0.1666666666666666,0,6,18.5,0.0,0.1621621621621621,0.1441441441441441,0.045045045045045,0.1171171171171171,0.063063063063063,0.1711711711711711,0.081081081081081,0.0625,0.9375,0,3,5.666666666666667,11,1.5,3.80188679245283,106,67,0.6320754716981132,6.507615277793669,3.015400211985518,20.3972525321919,123,11,3,4,1,0,2.1384136858475897,0.7181818181818184,1.3600000000000012,0.13313110886417262,3.6363636363636362,0.9090909090909091,0.0,0.02727272727272727,1.8121817741877357,0.9333454664457929,0.1391279250383377
train,audio_758.wav,4.0,False,True,True,0.0,0.0,0.0,0.0,0.0,1.3157894736842106,0.0,0.0,0.0,1.3157894736842106,1.3157894736842106,0.5,1,2,41.0,0.0,0.2317073170731707,0.1585365853658536,0.073170731707317,0.048780487804878,0.0365853658536585,0.1219512195121951,0.1097560975609756,0.0,1.0,0,1,7.5,11,4.5,4.302631578947368,76,50,0.6578947368421053,5.735393346764043,4.126925320095486,61.98703932798279,90,5,0,0,0,0,1.7148014440433215,0.6680000000000006,0.9399999999999995,0.07007973143096943,0.0,0.0,0.0,0.11842105263157894,1.3659897752969286,0.85004738414366,0.07870622724294662
train,audio_727.wav,4.5,False,True,True,2.2222222222222223,0.0,0.0,0.0,0.0,0.7407407407407407,0.7407407407407407,0.0,0.0,3.703703703703704,2.962962962962963,0.375,4,7,19.714285714285715,0.0,0.1666666666666666,0.0942028985507246,0.0869565217391304,0.072463768115942,0.1014492753623188,0.1884057971014492,0.0797101449275362,0.75,0.25,4,4,5.285714285714286,10,1.2857142857142858,3.896296296296296,135,65,0.48148148148148145,5.5943092778551575,2.8429590173669763,17.16648638955256,148,6,1,0,0,0,2.5606980273141122,0.9433333333333321,2.539999999999999,0.09695101062007526,0.0,0.0,0.0,0.022222222222222223,2.2472027008047273,0.9429741020003954,0.10846283286809921
train,audio_643.wav,4.0,False,True,True,0.0,3.125,0.0,0.0,0.0,6.25,0.0,3.125,0.0,12.5,9.375,1.0,3,2,16.0,0.0,0.34375,0.15625,0.03125,0.0625,0.09375,0.0625,0.0625,0.0,1.0,0,1,5.0,5,0.5,5.4375,32,28,0.875,4.949747468305833,4.8160866185238485,123.48091608792178,38,6,2,2,0,0,1.990632318501172,1.2633333333333354,3.6000000000000014,0.30738037307380417,5.882352941176471,0.0,0.0,0.11764705882352941,0.5659621616841536,0.8250204864969275,0.0013551950687542558
train,audio_261.wav,3.0,False,True,True,0.0,2.1739130434782608,0.0,0.0,0.0,1.0869565217391304,1.0869565217391304,0.0,1.0869565217391304,5.434782608695652,3.260869565217391,0.5,3,7,13.285714285714286,0.1428571428571428,0.1827956989247312,0.1720430107526881,0.075268817204301,0.086021505376344,0.032258064516129,0.1505376344086021,0.0967741935483871,0.1111111111111111,0.8888888888888888,0,3,4.142857142857143,9,0.7142857142857143,4.619565217391305,92,66,0.717391304347826,6.880975663883468,4.156171114939563,63.826669161227606,106,8,5,0,0,0,1.894563426688633,1.1825000000000006,1.980000000000004,0.163047225094795,0.0,0.0,0.0,0.06521739130434782,1.5328223925358213,0.9107546538344004,0.023358821868896484
train,audio_205.wav,4.0,False,True,True,0.0,0.0,0.0,0.0,0.0,0.0,0.0,0.0,0.0,0.0,0.0,0.0,0,9,12.0,0.0,0.1944444444444444,0.1759259259259259,0.037037037037037,0.0555555555555555,0.037037037037037,0.1481481481481481,0.0462962962962962,0.0,1.0,0,1,3.555555555555556,5,0.6666666666666666,3.308411214953271,107,53,0.4953271028037383,5.1237033919420165,2.740429639816284,15.493640351350418,128,12,2,3,4,0,2.2983702465524445,0.7899999999999999,2.0600000000000005,0.16532961283571676,2.727272727272727,3.6363636363636362,0.0,0.11818181818181818,1.8310521475328652,0.8461055356896284,0.12483538687229156
train,audio_128.wav,2.0,False,True,True,0.0,1.834862385321101,1.834862385321101,0.0,0.0,2.752293577981652,0.0,0.0,0.0,6.422018348623853,6.422018348623853,0.4285714285714285,7,7,15.714285714285714,0.0,0.2636363636363636,0.1272727272727272,0.1272727272727272,0.0272727272727272,0.0636363636363636,0.0909090909090909,0.1,0.0,1.0,0,1,4.571428571428571,6,0.8571428571428571,4.678899082568807,109,75,0.6880733944954128,7.183697139158635,4.014595788853769,55.40089721583463,131,15,2,0,1,0,3.0825791855203626,0.5146666666666672,1.1999999999999993,0.179201485608171,0.0,0.9174311926605505,0.0,0.11926605504587157,2.4189968930315136,0.8334514952580864,0.19366750121116638
train,audio_650.wav,5.0,False,True,True,0.0,0.0,0.0,0.0,0.0,1.408450704225352,0.0,0.0,0.0,1.408450704225352,1.408450704225352,0.3333333333333333,2,4,36.0,0.0,0.1111111111111111,0.125,0.0763888888888889,0.0763888888888889,0.1180555555555555,0.2222222222222222,0.0902777777777777,0.6842105263157895,0.3157894736842105,0,3,6.0,8,4.0,3.676056338028169,142,72,0.5070422535211268,6.042105779736161,2.659566879272461,14.290098420294411,160,8,0,0,0,0,2.6542056074766354,0.5099999999999992,0.9800000000000004,0.07085793678360532,0.0,0.0,0.0,0.007042253521126761,2.3265458678722655,0.9694802007624801,0.4508557617664337
train,audio_35.wav,2.0,False,True,True,0.8264462809917356,0.0,0.0,1.6528925619834711,0.0,2.479338842975207,1.6528925619834711,0.0,0.0,6.6115702479338845,4.958677685950414,0.5,6,4,31.0,0.0,0.1370967741935483,0.1774193548387097,0.032258064516129,0.0725806451612903,0.0483870967741935,0.2016129032258064,0.1048387096774193,0.6470588235294118,0.3529411764705882,0,2,5.75,9,2.75,3.672131147540984,121,57,0.47107438016528924,5.181818181818182,3.214381531207231,24.887894764099336,137,6,0,2,1,1,3.008248423095585,0.3700000000000004,0.5600000000000023,0.051104972375690665,1.6129032258064515,0.8064516129032258,0.8064516129032258,0.12096774193548387,2.7518863737239236,0.8305787922393891,0.10088218748569489
train,audio_141.wav,3.0,False,True,True,1.25,2.5,1.25,1.25,0.0,0.0,2.5,1.25,0.0,10.0,6.25,0.6666666666666666,5,3,26.666666666666668,0.0,0.2,0.125,0.1,0.05,0.05,0.2,0.1,0.2727272727272727,0.7272727272727273,0,2,5.0,7,3.0,3.7125,80,58,0.725,6.484597134749389,3.831100635314256,46.113264200733575,89,6,1,0,0,0,3.0030030030030037,2.2566666666666673,10.320000000000004,0.33698357391737194,0.0,0.0,0.0,0.0875,1.3315579227696406,0.8766830787062645,0.14466899633407593
train,audio_260.wav,3.5,False,True,True,2.2222222222222223,0.0,1.1111111111111112,0.0,0.0,2.2222222222222223,0.0,0.0,0.0,5.555555555555555,5.555555555555555,0.5714285714285714,5,6,15.166666666666666,0.1666666666666666,0.2857142857142857,0.1098901098901098,0.0879120879120879,0.0769230769230769,0.0769230769230769,0.0549450549450549,0.0989010989010989,0.2,0.8,0,2,4.0,8,0.6666666666666666,4.533333333333333,90,60,0.6666666666666666,6.324555320336758,4.792145071677791,120.55970069323904,103,7,3,0,0,0,1.7814726840855106,0.868571428571428,2.26,0.10742049469964657,0.0,0.0,0.0,0.07777777777777778,1.4980026631158456,0.8690636309829576,0.13852445781230927
train,audio_722.wav,5.0,False,True,True,2.0689655172413794,0.0,0.0,0.6896551724137931,0.0,0.0,0.6896551724137931,0.0,0.0,3.4482758620689653,2.7586206896551726,0.5714285714285714,4,7,21.142857142857142,0.0,0.2702702702702703,0.1216216216216216,0.081081081081081,0.0472972972972973,0.054054054054054,0.1081081081081081,0.0405405405405405,0.1818181818181818,0.8181818181818182,0,2,6.142857142857143,11,1.7142857142857142,4.4206896551724135,145,83,0.5724137931034483,6.892774827860417,2.5797725880639795,13.194137314146516,169,12,2,0,1,0,2.7852477910103723,0.6466666666666667,1.2000000000000028,0.12972250083584086,0.0,0.6896551724137931,0.0,0.04827586206896552,2.416236274580257,0.9219474387579951,0.17498700320720673
train,audio_5047.wav,0.0,True,True,True,0.8771929824561403,0.0,0.0,0.8771929824561403,0.0,0.0,0.8771929824561403,0.0,0.0,2.631578947368421,1.7543859649122806,0.2857142857142857,2,8,14.75,0.0,0.1525423728813559,0.1949152542372881,0.0677966101694915,0.0508474576271186,0.0677966101694915,0.1694915254237288,0.0677966101694915,0.0,1.0,1,3,3.875,5,1.25,3.842105263157895,114,50,0.43859649122807015,4.68292905790847,3.271750151221432,26.35742848567509,134,12,5,0,0,2,2.9984218832193585,1.5000000000000007,3.980000000000004,0.32131381649410934,0.0,0.0,1.7543859649122806,0.41228070175438597,1.9445960698689955,0.5916540698033937,0.024254528805613518
train,audio_324.wav,5.0,False,True,True,0.0,0.0,0.0,0.0,0.0,0.0,0.0,0.0,0.0,0.0,0.0,0.0,0,8,14.5,0.0,0.2413793103448276,0.1551724137931034,0.0775862068965517,0.1293103448275862,0.0344827586206896,0.0948275862068965,0.0517241379310344,0.0,1.0,0,1,3.875,5,1.125,4.572727272727272,110,75,0.6818181818181818,7.150969419341942,3.9477526257921767,51.81877968747742,143,17,1,6,1,0,2.40763802407638,0.4752941176470584,1.0,0.1436189121933877,5.172413793103448,0.8620689655172413,0.0,0.02586206896551724,1.9309297280988769,0.9434419347390789,0.016546286642551422
train,audio_279.wav,5.0,False,True,True,0.0,0.0,0.0,0.0,0.0,0.6802721088435374,0.6802721088435374,0.0,0.0,1.3605442176870748,0.6802721088435374,0.2222222222222222,1,7,21.428571428571427,0.0,0.16,0.1066666666666666,0.1133333333333333,0.1066666666666666,0.0933333333333333,0.1466666666666666,0.0666666666666666,0.0625,0.9375,0,3,4.428571428571429,8,1.7142857142857142,4.0479452054794525,147,86,0.5850340136054422,7.093160450043974,3.0043551422828854,20.17320305498948,172,8,2,0,1,0,3.470919324577862,0.6775,1.3000000000000007,0.11277569704535997,0.0,0.6756756756756757,0.0,0.0,2.4635999979192564,0.954037385111725,0.5161665678024292
train,audio_450.wav,3.0,False,True,True,0.0,0.0,0.970873786407767,0.0,0.0,0.0,0.0,0.970873786407767,0.0,1.941747572815534,0.970873786407767,0.3333333333333333,1,6,17.666666666666668,0.0,0.2641509433962264,0.0754716981132075,0.1226415094339622,0.0471698113207547,0.0754716981132075,0.1037735849056603,0.0849056603773584,0.9166666666666666,0.0833333333333333,0,3,4.5,7,0.5,4.09375,103,51,0.49514563106796117,5.025179318637895,3.790454660663168,44.27652649523566,131,8,1,0,0,0,2.62906309751434,0.6674999999999998,1.12,0.11318355235269179,0.0,0.0,0.0,0.09090909090909091,2.2167894087847837,0.856367230008949,0.19224387407302856
train,audio_32.wav,2.5,False,True,True,0.0,0.0,0.0,0.8928571428571429,0.0,0.8928571428571429,0.8928571428571429,0.0,0.0,2.6785714285714284,1.7857142857142858,0.75,2,3,37.333333333333336,0.0,0.2142857142857142,0.1517857142857142,0.0535714285714285,0.0625,0.0446428571428571,0.1428571428571428,0.0446428571428571,0.6153846153846154,0.3846153846153846,0,2,9.666666666666666,11,4.333333333333333,3.866071428571429,112,69,0.6160714285714286,6.519887159409169,3.793729847875135,44.42177814193002,116,1,1,0,0,0,2.84263959390863,1.1600000000000037,1.1600000000000037,0.02859960552268254,0.0,0.0,0.0,0.026785714285714284,2.5961984237366713,0.9241690952330828,0.12618529796600342
train,audio_254.wav,3.5,False,True,True,0.0,1.639344262295082,0.0,0.0,0.0,3.278688524590164,1.639344262295082,0.0,0.0,6.557377049180328,4.918032786885246,1.0,3,2,30.5,0.0,0.2622950819672131,0.1639344262295081,0.0,0.0163934426229508,0.0655737704918032,0.1147540983606557,0.0983606557377049,0.25,0.75,0,2,8.0,10,2.0,4.721311475409836,61,43,0.7049180327868853,5.505585837114527,4.254423199277936,70.41618936360965,66,4,1,0,1,1,1.1739799846035412,1.0,1.5399999999999991,0.07147962830593281,0.0,1.639344262295082,1.639344262295082,0.06557377049180328,1.0153129161118508,0.8802789630459957,0.3477521240711212
train,audio_544.wav,2.0,False,True,True,1.36986301369863,2.73972602739726,1.36986301369863,0.0,1.36986301369863,4.109589041095891,0.0,0.0,0.0,10.95890410958904,10.95890410958904,1.0,8,6,12.333333333333334,0.0,0.2432432432432432,0.1486486486486486,0.027027027027027,0.0,0.0675675675675675,0.1351351351351351,0.0945945945945946,0.2222222222222222,0.7777777777777778,0,2,4.666666666666667,6,0.8333333333333334,4.013698630136986,73,34,0.4657534246575342,3.9793990046684398,3.519859957407756,33.77969753618341,83,6,2,0,1,2,1.9170168067226891,0.976666666666667,2.879999999999999,0.13336367774237604,0.0,1.36986301369863,2.73972602739726,0.1780821917808219,1.2151540530277414,0.7770071120243774,0.003366328775882721
train,audio_176.wav,4.5,False,True,True,0.0,0.0,0.6493506493506493,0.6493506493506493,0.0,1.2987012987012987,0.0,0.6493506493506493,0.0,3.2467532467532467,2.5974025974025974,0.25,4,14,11.714285714285714,0.0,0.1463414634146341,0.0914634146341463,0.073170731707317,0.1097560975609756,0.1341463414634146,0.2012195121951219,0.0975609756097561,0.375,0.625,0,3,3.142857142857143,6,0.5,3.688311688311688,154,99,0.6428571428571429,7.977647343851265,3.773463751680108,43.53058313683106,186,10,2,2,0,0,3.2554257095158596,1.034,4.5,0.1774802608994164,1.2820512820512822,0.0,0.0,0.1858974358974359,2.599133622125958,0.7867153827766536,1.3093912457406987e-05
train,audio_301.wav,4.5,False,True,True,0.0,0.0,1.1494252873563218,0.0,0.0,2.2988505747126435,0.0,0.0,0.0,3.4482758620689653,3.4482758620689653,0.75,3,3,29.0,0.0,0.2413793103448276,0.1379310344827586,0.1149425287356321,0.0919540229885057,0.0459770114942528,0.1379310344827586,0.0459770114942528,0.0,1.0,0,1,5.333333333333333,10,2.6666666666666665,4.367816091954023,87,66,0.7586206896551724,7.075942729929445,3.745723802216199,42.3396416573278,98,9,5,1,1,0,1.8264840182648399,1.0133333333333334,1.8399999999999963,0.15916230366492148,1.1363636363636365,1.1363636363636365,0.0,0.056818181818181816,1.4648432420060444,0.8981240976771171,0.22688131034374237
train,audio_213.wav,5.0,False,True,True,0.0,0.0,0.0,0.6802721088435374,0.6802721088435374,1.3605442176870748,0.0,0.0,0.0,2.7210884353741496,2.7210884353741496,0.5,4,7,21.571428571428573,0.0,0.152317880794702,0.1788079470198675,0.0463576158940397,0.0728476821192053,0.0728476821192053,0.2185430463576159,0.0993377483443708,0.0,1.0,0,2,6.285714285714286,13,1.5714285714285714,4.183673469387755,147,82,0.5578231292517006,6.763246010507045,3.402062270220588,30.02595788047178,170,14,2,0,0,0,2.9541800643086824,0.5400000000000006,1.1799999999999997,0.13189113747383124,0.0,0.0,0.0,0.04081632653061224,2.4469515062484652,0.9137782673953342,0.10345834493637085
train,audio_295.wav,5.0,False,True,True,0.0,0.0,0.0,0.0,0.0,0.0,0.0,0.0,0.0,0.0,0.0,0.0,0,5,25.0,0.0,0.256,0.136,0.064,0.088,0.04,0.096,0.064,0.0909090909090909,0.9090909090909092,0,2,7.6,10,1.6,4.411290322580645,124,82,0.6612903225806451,7.363817383097771,2.887260759380502,17.94408904126652,142,6,2,0,0,0,2.906704172526957,1.0633333333333326,2.080000000000002,0.1300978792822185,0.0,0.0,0.0,0.03225806451612903,2.064097295553972,0.9318502547760164,0.3400295674800873
train,audio_40.wav,3.0,False,True,True,0.0,0.0,0.0,0.0,0.0,0.0,0.0,0.0,0.0,0.0,0.0,0.0,0,8,12.5,0.0,0.26,0.11,0.09,0.12,0.05,0.11,0.06,0.0769230769230769,0.9230769230769232,0,3,4.75,8,0.375,4.313131313131313,99,59,0.5959595959595959,5.929723110029351,3.032043717865251,20.73957514677621,117,8,1,0,0,0,2.5902668759811616,0.7225,1.2400000000000002,0.13136363636363638,0.0,0.0,0.0,0.010101010101010102,2.1970705725699067,0.9599858343300193,0.3191841244697571
train,audio_496.wav,2.5,False,True,True,0.0,0.0,0.0,0.0,0.0,0.0,0.0,0.0,0.0,0.0,0.0,0.0,0,5,16.8,0.0,0.2619047619047619,0.1071428571428571,0.0833333333333333,0.0119047619047619,0.0952380952380952,0.1309523809523809,0.0714285714285714,0.1,0.9,0,2,5.2,7,1.8,4.487804878048781,82,43,0.524390243902439,4.748555621218401,4.124017915271577,61.807079645412,105,8,3,0,1,0,1.6680227827502032,0.9424999999999991,1.5799999999999983,0.1329805996472662,0.0,1.2195121951219512,0.0,0.13414634146341464,1.3649675664147232,0.799699666614576,0.047975365072488785
train,audio_45.wav,2.5,False,True,True,0.0,0.0,0.0,1.2345679012345678,0.0,2.469135802469136,1.2345679012345678,0.0,0.0,4.938271604938271,3.703703703703704,0.6666666666666666,3,1,82.0,0.0,0.1829268292682926,0.1463414634146341,0.024390243902439,0.0121951219512195,0.0609756097560975,0.1951219512195122,0.0853658536585365,0.5,0.5,1,3,15.0,15,7.0,3.7625,81,52,0.6419753086419753,5.777777777777778,4.349483038789483,77.43841991651094,93,3,1,1,0,2,2.4556213017751483,0.8200000000000008,1.620000000000001,0.06784335355763935,1.2048192771084338,0.0,2.4096385542168677,0.13253012048192772,2.1347736625514404,0.8161396621221519,0.06492984294891357
train,audio_146.wav,3.0,False,True,True,0.0,0.0,0.0,0.8403361344537815,0.0,0.8403361344537815,0.8403361344537815,0.0,0.0,2.5210084033613445,1.680672268907563,0.5,2,5,24.6,0.0,0.2601626016260163,0.0975609756097561,0.08130081300813,0.048780487804878,0.065040650406504,0.0975609756097561,0.089430894308943,0.0,1.0,0,1,5.6,11,1.6,4.420168067226891,119,71,0.5966386554621849,6.508559328900301,3.5727594972566794,35.614736443791074,131,4,1,0,0,0,2.415753146569225,1.0000000000000004,1.9200000000000017,0.0751032669921142,0.0,0.0,0.0,0.05042016806722689,1.9806924101198402,0.8884892963311252,0.15310999751091003
train,audio_415.wav,2.5,False,True,True,1.36986301369863,0.0,0.0,0.0,0.0,4.109589041095891,0.0,0.0,0.0,5.47945205479452,5.47945205479452,1.0,4,2,36.5,0.0,0.2328767123287671,0.1232876712328767,0.0821917808219178,0.0136986301369863,0.0684931506849315,0.2191780821917808,0.0958904109589041,0.6153846153846154,0.3846153846153846,0,3,6.5,10,3.5,4.219178082191781,73,47,0.6438356164383562,5.500933918218137,3.592652120707948,36.33030061291453,81,7,1,0,0,1,2.3404937479961534,0.8985714285714296,3.010000000000005,0.16782283884738547,0.0,0.0,1.36986301369863,0.0273972602739726,1.6594939964110602,0.9095410435167077,0.27060315012931824
train,audio_595.wav,3.0,False,True,True,0.0,0.0,2.1739130434782608,0.0,0.0,3.260869565217391,1.0869565217391304,0.0,0.0,6.521739130434782,5.434782608695652,0.75,5,4,23.25,0.25,0.2903225806451613,0.2043010752688172,0.0967741935483871,0.032258064516129,0.043010752688172,0.075268817204301,0.043010752688172,0.0,1.0,1,2,5.25,12,1.0,5.456521739130435,92,70,0.7608695652173914,7.2980044919976175,4.4140967253212615,82.60719021294236,107,8,3,0,0,1,2.0309050772626933,1.5775000000000006,8.18,0.21788674033149177,0.0,0.0,1.0869565217391304,0.05434782608695652,1.531427025733592,0.8931955883576387,0.04299327731132507
train,audio_783.wav,4.0,False,True,True,0.0,0.0,0.0,0.7246376811594203,0.0,1.4492753623188406,0.0,0.0,0.0,2.1739130434782608,2.1739130434782608,0.25,3,7,20.714285714285715,0.0,0.2413793103448276,0.0896551724137931,0.0827586206896551,0.1034482758620689,0.0689655172413793,0.0896551724137931,0.096551724137931,0.0,1.0,0,2,4.714285714285714,7,1.2857142857142858,4.094202898550725,138,79,0.572463768115942,6.724926592994114,2.9843413190143866,19.773473534925447,164,10,1,0,0,1,2.626570232204035,0.6619999999999997,1.0399999999999991,0.11189993238674777,0.0,0.0,0.7246376811594203,0.07971014492753623,2.299590385462589,0.8805407307286194,0.1986551135778427
train,audio_673.wav,5.0,False,True,True,0.0,0.0,0.0,0.8928571428571429,0.0,3.571428571428572,0.0,0.0,0.0,4.464285714285714,4.464285714285714,0.75,5,3,37.66666666666666,0.0,0.2123893805309734,0.1238938053097345,0.0973451327433628,0.1592920353982301,0.0530973451327433,0.1238938053097345,0.0265486725663716,0.0,1.0,1,2,5.333333333333333,10,1.6666666666666667,4.035714285714286,112,76,0.6785714285714286,7.181324987175317,3.734983413938492,41.8873308114959,126,14,3,7,0,0,2.5679758308157092,0.7228571428571422,2.6199999999999974,0.17924194119730766,5.882352941176471,0.0,0.0,0.05042016806722689,1.9808675658945374,0.9233468161160204,0.18833181262016296
train,audio_48.wav,2.5,False,True,True,0.0,0.0,0.0,0.0,0.0,1.3333333333333333,1.3333333333333333,0.0,0.0,2.6666666666666665,1.3333333333333333,1.0,1,1,76.0,0.0,0.2236842105263158,0.1447368421052631,0.0131578947368421,0.0394736842105263,0.0526315789473684,0.131578947368421,0.1184210526315789,0.5,0.5,0,2,9.0,9,6.0,3.693333333333333,75,49,0.6533333333333333,5.658032638058332,3.6662190755208335,39.103777575974064,81,5,1,3,1,1,1.8932038834951455,0.4959999999999997,1.0,0.05677655677655675,3.8461538461538463,1.2820512820512822,1.2820512820512822,0.05128205128205128,1.7310252996005326,0.8904003111215738,0.27804678678512573
train,audio_777.wav,4.5,False,True,True,1.5384615384615383,0.0,0.0,0.0,0.0,3.076923076923077,0.0,0.0,0.0,4.615384615384615,4.615384615384615,0.4285714285714285,3,7,9.571428571428571,0.0,0.3134328358208955,0.1492537313432835,0.0895522388059701,0.0597014925373134,0.0746268656716417,0.0895522388059701,0.0597014925373134,0.0,1.0,0,2,3.142857142857143,5,0.4285714285714285,5.107692307692307,65,48,0.7384615384615385,5.953667260282006,3.895926666259766,49.201625730725134,80,8,2,0,0,0,1.426690079016681,1.0274999999999987,2.380000000000001,0.15284492376348066,0.0,0.0,0.0,0.046153846153846156,1.0819864855726464,0.9342485747658289,0.3311721980571747
train,audio_330.wav,3.0,False,True,True,1.0638297872340423,0.0,1.0638297872340423,0.0,1.0638297872340423,1.0638297872340423,1.0638297872340423,0.0,0.0,5.319148936170213,4.25531914893617,0.375,4,8,12.125,0.125,0.2886597938144329,0.1443298969072164,0.0515463917525773,0.0206185567010309,0.0515463917525773,0.1030927835051546,0.0618556701030927,0.0,1.0,0,2,4.375,9,0.375,3.9680851063829774,94,50,0.5319148936170213,5.157106231293967,3.546538013522908,34.69300263759702,118,16,6,8,0,0,2.8270509977827065,1.1812500000000008,3.8200000000000043,0.34376136777009847,7.8431372549019605,0.0,0.0,0.09803921568627451,1.6948782896684083,0.8776356218218365,0.014391866512596607
train,audio_200.wav,3.0,False,True,True,1.4705882352941178,0.0,0.0,0.0,0.0,1.4705882352941178,2.9411764705882355,0.0,0.0,5.882352941176471,2.9411764705882355,0.6666666666666666,2,3,23.33333333333333,0.3333333333333333,0.2142857142857142,0.1285714285714285,0.0571428571428571,0.0285714285714285,0.1,0.1428571428571428,0.0857142857142857,0.25,0.75,0,3,5.666666666666667,7,1.3333333333333333,4.441176470588236,68,45,0.6617647058823529,5.457051563317492,3.7895344059641767,44.23579955612616,82,10,6,4,1,1,1.6468435498627632,1.1780000000000002,2.3200000000000003,0.21225225225225228,5.555555555555555,1.3888888888888888,1.3888888888888888,0.08333333333333333,1.19850686020333,0.8741728074641691,0.07888878136873245
train,audio_259.wav,4.0,False,True,True,0.0,0.0,0.0,2.380952380952381,0.0,2.380952380952381,1.1904761904761905,0.0,0.0,5.9523809523809526,4.761904761904762,0.6,4,5,16.8,0.0,0.1309523809523809,0.1309523809523809,0.0595238095238095,0.0595238095238095,0.119047619047619,0.2023809523809523,0.0952380952380952,0.2307692307692307,0.7692307692307693,0,2,4.0,6,1.8,3.892857142857143,84,50,0.5952380952380952,5.45544725589981,3.273191369098165,26.39544266957412,92,4,3,1,0,1,1.722042139384117,1.8350000000000004,3.5,0.12945326278659616,1.1764705882352942,0.0,1.1764705882352942,0.03529411764705882,1.414780292942743,0.9222321873202043,0.2140059918165207
train,audio_721.wav,3.0,False,True,True,0.0,0.0,0.0,2.3529411764705883,0.0,3.5294117647058822,1.1764705882352942,0.0,0.0,7.0588235294117645,5.882352941176471,1.0,5,3,29.666666666666668,0.3333333333333333,0.2584269662921348,0.1235955056179775,0.1235955056179775,0.0561797752808988,0.0786516853932584,0.0898876404494382,0.0224719101123595,0.1,0.9,0,3,4.666666666666667,7,2.6666666666666665,4.294117647058823,85,64,0.7529411764705882,6.941774650196997,4.998115775511437,148.13377868414057,97,3,0,1,0,0,1.9643672910004568,0.6266666666666669,0.8000000000000007,0.041173893999123974,1.1627906976744187,0.0,0.0,0.19767441860465115,1.4315513501422708,0.7445658155998518,0.03536439314484596
train,audio_223.wav,5.0,False,True,True,0.0,0.0,0.0,0.0,0.0,1.96078431372549,0.9803921568627452,0.9803921568627452,0.0,3.92156862745098,1.96078431372549,0.4,2,3,34.666666666666664,0.0,0.173076923076923,0.1538461538461538,0.0865384615384615,0.0384615384615384,0.0673076923076923,0.1346153846153846,0.1153846153846153,0.2307692307692307,0.7692307692307693,0,2,6.666666666666667,9,3.333333333333333,4.127450980392157,102,69,0.6764705882352942,6.832018046539053,3.097900390625,22.151393148874885,116,7,3,0,0,2,2.1944922547332184,1.0914285714285707,3.200000000000003,0.1411677753141167,0.0,0.0,1.9607843137254901,0.0392156862745098,1.7597508744840435,0.931123402188806,0.30028238892555237
train,audio_175.wav,4.0,False,True,True,0.0,0.0,1.3986013986013983,0.0,0.0,0.6993006993006993,0.6993006993006993,0.0,0.0,2.797202797202797,2.097902097902098,0.2857142857142857,3,5,28.6,0.0,0.2167832167832167,0.1398601398601398,0.0979020979020979,0.0419580419580419,0.0559440559440559,0.1608391608391608,0.0839160839160839,0.0,1.0,0,2,4.8,8,2.4,4.104895104895105,143,95,0.6643356643356644,7.944299095067362,3.9888121329698,53.99071746381824,149,5,0,0,0,0,2.6344878408253503,0.548,0.6599999999999993,0.048053314626446866,0.0,0.0,0.0,0.02097902097902098,2.3801597869507325,0.9277012941269052,0.07437894493341446
train,audio_400.wav,4.0,False,True,True,0.0,0.0,0.0,1.96078431372549,0.0,0.0,0.0,0.0,0.0,1.96078431372549,1.96078431372549,0.3333333333333333,1,3,17.0,0.0,0.196078431372549,0.1176470588235294,0.1176470588235294,0.0392156862745098,0.0980392156862745,0.1568627450980392,0.0980392156862745,0.4,0.6,0,3,4.333333333333333,5,2.0,3.941176470588236,51,34,0.6666666666666666,4.760952285695233,3.513048206676136,33.550380568479284,55,2,2,0,0,0,1.9245283018867925,2.1099999999999994,2.1799999999999997,0.13736979166666663,0.0,0.0,0.0,0.13725490196078433,1.4857839968682003,0.8358118062218031,0.12336941808462143
train,audio_506.wav,2.0,False,True,True,1.709401709401709,0.0,0.0,0.8547008547008547,0.0,3.418803418803418,0.8547008547008547,0.0,0.0,6.837606837606837,5.982905982905983,0.8,7,5,23.6,0.0,0.3135593220338983,0.1016949152542373,0.0338983050847457,0.0338983050847457,0.059322033898305,0.1186440677966101,0.0762711864406779,0.0714285714285714,0.9285714285714286,1,4,5.2,7,1.8,4.307692307692308,117,72,0.6153846153846154,6.656402354702749,4.869546904818702,130.2618824921028,131,4,0,5,1,1,2.184813753581662,0.455,0.6400000000000006,0.03156434269857787,4.098360655737705,0.819672131147541,0.819672131147541,0.18032786885245902,2.030805403690198,0.7809642643522715,0.0067898272536695
train,audio_153.wav,3.0,False,True,True,0.8547008547008547,0.8547008547008547,0.0,3.418803418803418,0.0,3.418803418803418,0.8547008547008547,0.0,0.0,9.401709401709402,8.547008547008547,1.0,10,1,118.0,0.0,0.1949152542372881,0.1694915254237288,0.059322033898305,0.0254237288135593,0.0508474576271186,0.1864406779661017,0.0847457627118644,0.0,1.0,0,1,14.0,14,9.0,3.940170940170941,117,62,0.5299145299145299,5.7319020276607,3.622383743035989,37.42667715401,122,4,1,0,1,0,2.2184300341296925,0.5899999999999999,1.1599999999999966,0.04283121597096188,0.0,0.8547008547008547,0.0,0.07692307692307693,1.9475756740307637,0.8771074174815773,0.16831691563129425
train,audio_5050.wav,0.0,True,True,True,0.0,1.5151515151515151,0.0,0.0,1.5151515151515151,4.545454545454546,1.5151515151515151,0.0,0.0,9.090909090909092,7.575757575757576,1.0,5,2,33.5,0.0,0.2388059701492537,0.0895522388059701,0.044776119402985,0.0597014925373134,0.0746268656716417,0.1194029850746268,0.044776119402985,0.0,1.0,0,1,8.5,11,3.0,3.636363636363636,66,44,0.6666666666666666,5.41602560309064,4.083832946004747,59.37260626496892,79,4,0,3,1,0,1.3460788138899726,0.45999999999999996,0.6999999999999993,0.03465160075329566,4.3478260869565215,1.4492753623188406,0.0,0.34782608695652173,1.148570269300194,0.6338487611366108,0.0019611623138189316
train,audio_281.wav,4.5,False,True,True,1.7857142857142858,1.7857142857142858,0.0,0.0,0.0,1.7857142857142858,0.0,0.0,0.0,5.357142857142857,5.357142857142857,0.5714285714285714,6,6,18.666666666666668,0.0,0.2321428571428571,0.2053571428571428,0.0267857142857142,0.0267857142857142,0.0357142857142857,0.1428571428571428,0.0803571428571428,0.9333333333333332,0.0666666666666666,0,3,5.333333333333333,11,2.1666666666666665,4.303571428571429,112,59,0.5267857142857143,5.574975976886101,3.43995068359375,31.185420177535136,125,7,3,0,0,0,2.931937172774869,1.7742857142857142,7.280000000000001,0.2453575661793757,0.0,0.0,0.0,0.044642857142857144,1.8643459443713293,0.9181315066747456,0.01799754612147808
train,audio_543.wav,3.0,False,True,True,0.0,0.847457627118644,0.0,0.847457627118644,0.847457627118644,1.694915254237288,0.0,0.0,0.0,4.237288135593221,4.237288135593221,0.5714285714285714,5,7,16.857142857142858,0.0,0.2542372881355932,0.1525423728813559,0.059322033898305,0.0508474576271186,0.0423728813559322,0.1101694915254237,0.0677966101694915,0.0,1.0,0,1,5.714285714285714,10,1.4285714285714286,4.296610169491525,118,75,0.635593220338983,6.904309634237426,3.9156287560096152,50.18061295602344,130,8,0,0,0,0,2.1627565982404695,0.46750000000000136,0.6400000000000006,0.0641509433962266,0.0,0.0,0.0,0.0423728813559322,1.9642216199626505,0.8861575225778555,0.08098448067903519
train,audio_445.wav,3.0,False,True,True,0.0,0.9433962264150944,0.0,0.9433962264150944,0.9433962264150944,5.660377358490566,0.9433962264150944,0.0,0.0,9.433962264150944,8.49056603773585,0.8333333333333334,9,6,17.666666666666668,0.0,0.1792452830188679,0.1415094339622641,0.1415094339622641,0.0188679245283018,0.0754716981132075,0.160377358490566,0.0566037735849056,0.0769230769230769,0.9230769230769232,0,3,5.666666666666667,9,1.1666666666666667,4.79245283018868,106,52,0.49056603773584906,5.050686484257773,3.945521484375,51.70329354279681,125,9,1,1,1,3,2.1196513470681455,0.9066666666666667,4.260000000000002,0.13915416098226466,0.9345794392523364,0.9345794392523364,2.803738317757009,0.07476635514018691,1.781116214711895,0.8422881211545841,0.010347298346459866
train,audio_124.wav,2.0,False,True,True,1.0526315789473684,2.1052631578947367,0.0,0.0,0.0,1.0526315789473684,0.0,0.0,0.0,4.2105263157894735,4.2105263157894735,0.6,4,5,19.0,0.0,0.2,0.1578947368421052,0.0947368421052631,0.0736842105263157,0.0947368421052631,0.1368421052631579,0.0842105263157894,0.4,0.6,0,4,4.4,5,1.6,4.073684210526316,95,62,0.6526315789473685,6.361065782927956,3.67931640625,39.61930130665231,100,4,0,0,0,0,2.269469660774009,0.4950000000000008,0.6199999999999992,0.045164233576642406,0.0,0.0,0.0,0.031578947368421054,2.111111111111111,0.9152253099178013,0.17199692130088806
train,audio_249.wav,2.0,False,True,True,0.0,0.0,0.0,0.0,0.0,0.0,0.0,0.0,0.0,0.0,0.0,0.0,0,2,19.0,0.0,0.2631578947368421,0.1578947368421052,0.0,0.0,0.0263157894736842,0.2631578947368421,0.131578947368421,0.6,0.4,0,2,4.5,5,1.5,4.368421052631579,38,29,0.7631578947368421,4.704421212792114,4.2710663551508,71.5979437623152,43,2,0,0,0,0,2.741702741702742,0.41000000000000014,0.41999999999999993,0.05585831062670302,0.0,0.0,0.0,0.05263157894736842,1.8234165067178503,0.884931968623086,0.2163594514131546
train,audio_420.wav,2.0,False,True,True,0.0,0.0,0.0,0.0,0.0,1.1235955056179776,1.1235955056179776,0.0,0.0,2.247191011235955,1.1235955056179776,0.2,1,5,17.8,0.0,0.2584269662921348,0.1910112359550561,0.0786516853932584,0.0337078651685393,0.0337078651685393,0.0898876404494382,0.1011235955056179,0.0,1.0,1,3,5.8,9,1.0,5.112359550561798,89,67,0.7528089887640449,7.101985796042612,4.096770635925897,60.14574114011758,101,6,1,0,0,0,1.7824954936911679,1.3950000000000014,6.080000000000005,0.1435677530017154,0.0,0.0,0.0,0.056179775280898875,1.4814891879379313,0.889712744409895,0.031648777425289154
train,audio_203.wav,5.0,False,True,True,0.0,0.0,0.0,0.0,0.0,1.5151515151515151,0.7575757575757576,0.0,0.0,2.272727272727273,1.5151515151515151,0.4285714285714285,2,5,26.6,0.0,0.2406015037593984,0.1804511278195488,0.037593984962406,0.0075187969924812,0.0676691729323308,0.112781954887218,0.0676691729323308,0.0714285714285714,0.9285714285714286,0,3,4.6,8,2.4,4.424242424242424,132,76,0.5757575757575758,6.614950926316518,3.0702932257401314,21.54822024154943,152,13,2,1,0,0,2.920509442248573,0.6184615384615385,1.4799999999999969,0.15005599104143338,0.7518796992481203,0.0,0.0,0.05263157894736842,2.2139085056533734,0.9125704656642183,0.224481001496315
train,audio_278.wav,5.0,False,True,True,0.0,1.5151515151515151,0.0,0.0,0.0,3.0303030303030303,0.0,0.0,0.0,4.545454545454546,4.545454545454546,0.6,3,5,13.4,0.0,0.3134328358208955,0.1641791044776119,0.0597014925373134,0.0149253731343283,0.044776119402985,0.0746268656716417,0.044776119402985,1.0,0.0,0,1,4.2,7,1.2,4.227272727272728,66,47,0.7121212121212122,5.785300076028638,4.573933410644531,96.92460523376356,80,4,3,0,0,0,2.171052631578947,1.5999999999999996,2.3200000000000003,0.1739130434782608,0.0,0.0,0.0,0.07575757575757576,1.6146912438168488,0.8696199247632364,0.12539635598659515
train,audio_516.wav,2.5,False,True,True,0.0,0.9433962264150944,0.0,0.9433962264150944,0.0,0.9433962264150944,0.0,0.0,0.0,2.830188679245283,2.830188679245283,0.75,3,5,21.4,0.2,0.2429906542056074,0.0934579439252336,0.0841121495327102,0.0186915887850467,0.0841121495327102,0.1495327102803738,0.0747663551401869,0.0666666666666666,0.9333333333333332,0,2,4.6,9,1.2,4.29245283018868,106,52,0.49056603773584906,5.050686484257773,4.37583642578125,79.50631287824757,125,6,1,4,1,0,2.183406113537118,0.9066666666666676,3.520000000000003,0.0974561089215336,3.6363636363636362,0.9090909090909091,0.0,0.13636363636363635,1.8310540525075556,0.7988702656348434,0.0051484243012964725
train,audio_326.wav,4.0,False,True,True,0.0,0.0,0.0,0.0,0.0,0.0,0.0,0.0,0.0,0.0,0.0,0.0,0,5,15.2,0.0,0.1447368421052631,0.1052631578947368,0.1052631578947368,0.0526315789473684,0.0921052631578947,0.1973684210526315,0.0921052631578947,0.6666666666666666,0.3333333333333333,0,3,3.8,6,1.2,3.7466666666666666,75,48,0.64,5.5425625842204065,2.738374381229795,15.461829614824635,87,3,1,0,2,0,3.60576923076923,0.653333333333333,1.120000000000001,0.08611599297012297,0.0,2.6666666666666665,0.0,0.02666666666666667,2.9592803030303028,0.9181093597412109,0.27454662322998047
train,audio_603.wav,4.5,False,True,True,0.0,0.8547008547008547,0.8547008547008547,0.8547008547008547,0.8547008547008547,0.8547008547008547,0.8547008547008547,0.0,0.0,5.128205128205129,4.273504273504273,0.5,5,10,11.8,0.1,0.1864406779661017,0.1101694915254237,0.1101694915254237,0.135593220338983,0.0677966101694915,0.1440677966101695,0.0508474576271186,0.5,0.5,0,2,3.3,7,0.6,4.162393162393163,117,76,0.6495726495726496,7.026202485519568,3.721355262169471,41.32035609390752,130,7,2,1,2,1,2.3562300319488814,1.1771428571428566,4.619999999999997,0.1412894375857338,0.847457627118644,1.694915254237288,0.847457627118644,0.0423728813559322,1.9642216199626505,0.9363415064793317,0.0016681816196069121
train,audio_199.wav,4.0,False,True,True,0.0,0.0,0.0,0.0,0.0,1.162790697674419,0.0,0.0,0.0,1.162790697674419,1.162790697674419,0.2,1,4,21.5,0.25,0.1511627906976744,0.1744186046511628,0.0116279069767441,0.0813953488372093,0.0697674418604651,0.1976744186046511,0.0581395348837209,0.0,1.0,1,2,4.5,6,1.25,3.883720930232558,86,52,0.6046511627906976,5.607304206578798,3.3108635326423266,27.40878363499032,101,10,2,1,0,0,1.6912908242612754,0.6379999999999999,1.4800000000000004,0.11034244206157037,1.1494252873563218,0.0,0.0,0.034482758620689655,1.4481957894123572,0.9007967326832914,0.06322357058525085
train,audio_406.wav,2.5,False,True,True,1.7857142857142858,0.0,0.0,0.0,0.0,1.7857142857142858,0.0,0.0,0.0,3.571428571428572,3.571428571428572,1.0,2,1,56.0,0.0,0.2321428571428571,0.1607142857142857,0.0714285714285714,0.0357142857142857,0.0535714285714285,0.1071428571428571,0.1071428571428571,0.6,0.4,0,3,8.0,8,4.0,3.9107142857142856,56,43,0.7678571428571429,5.746116701117124,3.8908114433288574,48.95059104311517,64,6,1,0,0,1,1.7576898932831133,1.2199999999999986,3.8799999999999955,0.18683001531393548,0.0,0.0,1.7857142857142858,0.10714285714285714,1.0065187817977368,0.8645655579332795,0.14400175213813782
train,audio_538.wav,4.0,False,True,True,0.0,0.0,0.0,0.7299270072992701,0.0,0.7299270072992701,0.0,0.0,0.7299270072992701,2.18978102189781,1.45985401459854,0.3333333333333333,2,5,27.4,0.2,0.2116788321167883,0.0875912408759124,0.1094890510948905,0.0583941605839416,0.0656934306569343,0.1240875912408759,0.0802919708029197,0.0,1.0,0,2,7.0,9,2.0,4.357664233576642,137,84,0.6131386861313869,7.176604324820792,3.927866082442434,50.79846219846268,152,7,1,0,0,0,2.8805719091673674,1.5114285714285711,7.600000000000001,0.18197454420364634,0.0,0.0,0.0,0.058394160583941604,2.280494592668501,0.8729915631948596,0.07688689976930618
train,audio_631.wav,5.0,False,True,True,2.9197080291970803,0.0,0.0,0.7299270072992701,0.0,2.18978102189781,0.0,0.0,0.0,5.839416058394161,5.839416058394161,1.0,8,4,34.5,0.0,0.2028985507246377,0.1376811594202898,0.0797101449275362,0.0579710144927536,0.0797101449275362,0.0797101449275362,0.0942028985507246,0.2,0.8,1,3,6.75,9,1.0,4.072992700729927,137,82,0.5985401459854015,7.005732793277439,3.546178717362253,34.68053981400417,152,6,1,0,0,0,2.857738840216938,0.5900000000000002,1.1600000000000001,0.06876456876456878,0.0,0.0,0.0,0.058394160583941604,2.5193693760997817,0.895693779046083,0.12233971804380417
train,audio_5061.wav,0.0,True,True,True,0.0,0.0,0.0,0.0,0.0,0.0,1.075268817204301,0.0,0.0,1.075268817204301,0.0,0.2,0,4,25.5,0.0,0.0980392156862745,0.088235294117647,0.0784313725490196,0.0588235294117647,0.1666666666666666,0.2352941176470588,0.0784313725490196,0.0,1.0,0,3,5.5,8,2.5,3.4946236559139785,93,56,0.6021505376344086,5.806929490490382,3.162272765573148,23.62422729070456,113,8,3,2,1,0,2.3261508325171403,1.9700000000000006,10.040000000000006,0.2784452296819789,2.1052631578947367,1.0526315789473684,0.0,0.4421052631578947,1.5813648635292525,0.5234615421706909,0.012973849661648273
train,audio_196.wav,4.0,False,True,True,0.0,0.0,0.0,0.0,0.0,1.8867924528301887,0.0,0.0,0.0,1.8867924528301887,1.8867924528301887,0.25,1,4,14.0,0.0,0.1607142857142857,0.1607142857142857,0.0892857142857142,0.0535714285714285,0.0535714285714285,0.1428571428571428,0.1071428571428571,0.0,1.0,0,2,3.0,5,0.5,4.264150943396227,53,40,0.7547169811320755,5.494422557947561,3.4372673587522646,31.10185173566129,69,8,2,0,1,0,3.324968632371393,0.8050000000000005,1.8999999999999986,0.28775692582663104,0.0,1.8867924528301887,0.0,0.05660377358490566,2.0019074778798664,0.9372833714170276,0.10755380988121033
train,audio_756.wav,4.0,False,True,True,0.0,0.8403361344537815,0.0,0.0,0.0,0.8403361344537815,0.8403361344537815,0.0,0.0,2.5210084033613445,1.680672268907563,0.6,2,4,30.25,0.0,0.1570247933884297,0.1322314049586777,0.0495867768595041,0.1239669421487603,0.0413223140495867,0.1818181818181818,0.0909090909090909,0.0,1.0,0,1,6.75,10,2.75,4.008403361344538,119,66,0.5546218487394958,6.050210080386195,3.4083769236896053,30.216161301882387,141,10,2,2,5,2,2.412280701754386,0.7480000000000008,1.5,0.12977099236641235,1.6528925619834711,4.132231404958677,1.6528925619834711,0.04132231404958678,2.014159457758311,0.9098131938660441,0.1995777040719986
train,audio_649.wav,5.0,False,True,True,0.0,0.0,0.0,0.0,0.0,1.6,0.8,0.0,0.0,2.4,1.6,0.6,2,4,31.75,0.0,0.1732283464566929,0.1417322834645669,0.0314960629921259,0.1102362204724409,0.0472440944881889,0.1889763779527559,0.0866141732283464,0.0,1.0,0,2,7.75,15,3.0,3.8,125,82,0.656,7.33430296619931,3.027725440868433,20.650209009235468,138,5,1,0,1,0,2.4047710657945367,1.0399999999999998,2.4800000000000004,0.09094088842252536,0.0,0.8,0.0,0.0,2.048015728760797,0.9641390895843506,0.6679844260215759
train,audio_27.wav,2.0,False,True,True,0.0,0.0,0.0,0.0,0.0,1.408450704225352,1.408450704225352,0.0,0.0,2.816901408450704,1.408450704225352,1.0,1,1,76.0,0.0,0.25,0.0921052631578947,0.1447368421052631,0.0657894736842105,0.0526315789473684,0.0921052631578947,0.0394736842105263,0.0,1.0,0,1,7.0,7,7.0,3.859154929577465,71,41,0.5774647887323944,4.865804798594798,3.558055598561357,35.09489220162558,82,3,0,0,0,3,1.778557114228457,0.7200000000000006,0.8000000000000007,0.0513307984790875,0.0,0.0,4.225352112676056,0.08450704225352113,1.5777777777777777,0.8645663649683267,0.37944334745407104
train,audio_681.wav,5.0,False,True,True,0.0,0.0,0.0,0.0,0.0,0.9615384615384616,0.0,0.0,0.0,0.9615384615384616,0.9615384615384616,0.0909090909090909,1,11,10.0,0.1818181818181818,0.1454545454545454,0.109090909090909,0.109090909090909,0.0909090909090909,0.0909090909090909,0.2272727272727272,0.0545454545454545,0.3846153846153846,0.6153846153846154,1,3,3.272727272727273,5,0.6363636363636364,3.807692307692308,104,59,0.5673076923076923,5.7854259865764295,2.66027978515625,14.300289547763908,125,12,7,0,1,0,2.9345372460496604,1.666666666666666,5.799999999999997,0.3607503607503606,0.0,0.9615384615384616,0.0,0.038461538461538464,1.7311783769162343,0.9406117900059774,0.19503946602344513
train,audio_556.wav,2.5,False,True,True,0.0,1.3888888888888888,0.0,0.0,0.0,1.3888888888888888,0.0,0.0,0.0,2.7777777777777777,2.7777777777777777,0.5,2,1,73.0,0.0,0.2054794520547945,0.1232876712328767,0.0684931506849315,0.0821917808219178,0.1232876712328767,0.1095890410958904,0.0684931506849315,0.1,0.9,0,3,15.0,15,7.0,4.5,72,49,0.6805555555555556,5.774705379690139,4.308399614081325,74.3214507090277,83,3,1,0,0,0,1.556420233463035,0.8000000000000002,1.3599999999999994,0.049321824907521586,0.0,0.0,0.0,0.05555555555555555,1.1985081070958545,0.8772995648008806,0.13291403651237488
train,audio_185.wav,3.0,False,True,True,0.0,0.0,0.0,0.0,0.0,2.857142857142857,0.0,1.4285714285714286,0.0,4.285714285714286,2.857142857142857,0.5,2,4,17.75,0.0,0.2957746478873239,0.1408450704225352,0.0422535211267605,0.0704225352112676,0.056338028169014,0.1126760563380281,0.0985915492957746,0.0,1.0,0,1,4.75,6,1.5,4.828571428571428,70,44,0.6285714285714286,5.259005881071332,3.886363636363636,48.733351740699845,88,13,6,2,1,0,1.9911504424778768,1.4261538461538472,6.619999999999997,0.33893967093235855,2.7777777777777777,1.3888888888888888,0.0,0.08333333333333333,1.19850686020333,0.838205768312845,0.056540101766586304
train,audio_369.wav,5.0,False,True,True,0.0,0.0,0.0,0.0,0.0,2.3622047244094486,0.0,0.0,0.0,2.3622047244094486,2.3622047244094486,0.4,3,5,25.6,0.0,0.3046875,0.1328125,0.0703125,0.03125,0.0703125,0.0390625,0.0625,0.1,0.9,0,3,6.8,11,1.6,4.732283464566929,127,80,0.6299212598425197,7.098852075328911,3.906098865327381,49.704668650837405,147,6,0,0,2,0,2.325581395348838,0.6133333333333345,0.8400000000000034,0.06267029972752056,0.0,1.5625,0.0,0.03125,2.1329534010087787,0.927048919237374,0.25238296389579773
train,audio_241.wav,4.0,False,True,True,0.0,0.6993006993006993,0.0,0.0,0.0,1.3986013986013983,0.0,0.0,0.0,2.097902097902098,2.097902097902098,0.4285714285714285,3,7,20.428571428571427,0.0,0.3076923076923077,0.1188811188811188,0.0559440559440559,0.0279720279720279,0.0419580419580419,0.0349650349650349,0.0629370629370629,0.0,1.0,0,2,7.0,13,1.5714285714285714,4.811188811188811,143,80,0.5594405594405595,6.689936080056726,3.3101806640625,27.39007342686841,162,11,1,0,1,0,2.7799377916018666,0.5527272727272734,1.6000000000000014,0.10570236439499318,0.0,0.6993006993006993,0.0,0.013986013986013986,2.3801597869507325,0.94435448157829,0.10180430859327316
train,audio_98.wav,2.5,False,True,True,0.0,2.631578947368421,0.0,1.3157894736842106,1.3157894736842106,1.3157894736842106,0.0,0.0,0.0,6.578947368421052,6.578947368421052,0.6666666666666666,5,6,13.166666666666666,0.3333333333333333,0.1265822784810126,0.1392405063291139,0.050632911392405,0.0886075949367088,0.0759493670886076,0.1772151898734177,0.1139240506329113,0.5,0.5,5,4,3.0,8,0.3333333333333333,3.381578947368421,76,41,0.5394736842105263,4.703022544346516,3.541709012763445,34.525873958547194,86,2,2,0,0,2,2.0441097364174285,1.9699999999999989,2.1399999999999935,0.09581712062256803,0.0,0.0,2.6315789473684212,0.07894736842105263,1.6866400355082112,0.8553115370634355,0.2419363260269165
train,audio_389.wav,5.0,False,True,True,0.0,0.0,0.0,0.0,0.0,0.0,0.7633587786259542,0.0,0.0,0.7633587786259542,0.0,0.1666666666666666,0,7,19.714285714285715,0.0,0.2391304347826087,0.0869565217391304,0.0942028985507246,0.072463768115942,0.0797101449275362,0.144927536231884,0.0797101449275362,0.0526315789473684,0.9473684210526316,0,3,5.142857142857143,8,1.1428571428571428,4.038167938931298,131,83,0.6335877862595419,7.251743670286615,3.172206801856124,23.860080770683123,149,6,2,0,0,0,2.4517087667161963,0.7766666666666674,1.6400000000000006,0.07965811965811974,0.0,0.0,0.0,0.03787878787878788,2.1972648630090665,0.9173808623895501,0.2223503589630127
train,audio_357.wav,5.0,False,True,True,0.0,0.0,0.0,0.0,0.0,2.631578947368421,1.3157894736842106,0.0,0.0,3.947368421052632,2.631578947368421,0.4,2,5,15.6,0.0,0.2948717948717949,0.1666666666666666,0.0641025641025641,0.0128205128205128,0.0512820512820512,0.1025641025641025,0.0256410256410256,0.625,0.375,0,3,4.4,10,1.6,4.039473684210527,76,46,0.6052631578947368,5.27656187902292,3.998367138123245,54.50907154164218,89,8,5,0,1,1,2.3213194868662197,1.2875000000000003,3.0600000000000023,0.23931226765799266,0.0,1.3157894736842106,1.3157894736842106,0.039473684210526314,1.2650918908234021,0.9046542136684844,0.22251781821250916
train,audio_112.wav,3.0,False,True,True,0.0,0.0,0.0,0.0,0.0,3.061224489795918,0.0,0.0,0.0,3.061224489795918,3.061224489795918,0.6666666666666666,3,1,99.0,0.0,0.1818181818181818,0.1313131313131313,0.0202020202020202,0.101010101010101,0.1111111111111111,0.2121212121212121,0.0909090909090909,0.0,1.0,6,4,9.0,9,10.0,3.86734693877551,98,55,0.5612244897959183,5.555838995037159,3.228093418506308,25.23150516207521,109,5,0,0,0,0,2.379796017484216,0.4600000000000007,0.6600000000000001,0.05289788408463669,0.0,0.0,0.0,0.04081632653061224,2.174877940523746,0.9246688482104516,0.16551852226257324
train,audio_675.wav,4.0,False,True,True,0.0,0.0,0.0,0.0,0.7299270072992701,1.45985401459854,0.0,0.7299270072992701,0.0,2.9197080291970803,2.18978102189781,0.5,3,6,23.0,0.0,0.181159420289855,0.108695652173913,0.0942028985507246,0.036231884057971,0.1304347826086956,0.1304347826086956,0.1159420289855072,0.0,1.0,2,3,6.0,13,1.1666666666666667,4.043795620437956,137,70,0.5109489051094891,5.9805036040173265,3.106626149770376,22.34552661942245,148,6,1,0,0,0,2.448177269478199,0.6800000000000003,1.620000000000001,0.0679546968687542,0.0,0.0,0.0,0.029197080291970802,2.280494592668501,0.9378671411180148,0.14505968987941742
train,audio_113.wav,4.0,False,True,True,1.098901098901099,0.0,0.0,0.0,0.0,1.098901098901099,0.0,0.0,0.0,2.197802197802198,2.197802197802198,0.5,2,4,22.75,0.0,0.2087912087912088,0.1208791208791208,0.0219780219780219,0.0769230769230769,0.2087912087912088,0.1648351648351648,0.0769230769230769,0.0,1.0,3,3,4.75,6,2.25,4.56043956043956,91,49,0.5384615384615384,5.136595699937399,3.338877751277044,28.18747559003432,104,9,1,0,0,0,2.4215007982969667,0.6244444444444449,1.0199999999999996,0.13009259259259268,0.0,0.0,0.0,0.03296703296703297,2.0195295162006213,0.9208453491657644,0.3792605996131897
train,audio_483.wav,2.0,False,True,True,0.7751937984496124,0.0,0.0,0.7751937984496124,0.0,1.550387596899225,0.0,0.0,0.0,3.10077519379845,3.10077519379845,0.4285714285714285,4,7,18.428571428571427,0.0,0.2093023255813953,0.1007751937984496,0.0852713178294573,0.0232558139534883,0.0697674418604651,0.2480620155038759,0.1162790697674418,0.3,0.7,0,2,4.714285714285714,7,1.1428571428571428,3.875,129,64,0.49612403100775193,5.634885800483993,3.300806257459852,27.134507502713017,144,11,4,0,0,0,2.613452188006483,0.7836363636363637,1.5,0.14867195584684376,0.0,0.0,0.0,0.015503875968992248,2.1473270252134062,0.918108334606008,0.2232867032289505
train,audio_474.wav,2.0,False,True,True,1.2658227848101269,1.2658227848101269,0.0,0.0,1.2658227848101269,2.5316455696202533,0.0,0.0,0.0,6.329113924050633,6.329113924050633,0.75,5,4,19.75,0.0,0.1518987341772152,0.1772151898734177,0.050632911392405,0.1012658227848101,0.050632911392405,0.1645569620253164,0.0759493670886076,0.0,1.0,0,1,5.5,8,0.5,4.215189873417722,79,52,0.6582278481012658,5.850457084815324,4.0864105224609375,59.52584109943125,90,6,3,0,4,0,1.7485613103142983,1.4166666666666663,4.719999999999999,0.15834575260804765,0.0,5.063291139240507,0.0,0.2911392405063291,1.3150297286190626,0.694810581169551,0.043877340853214264
train,audio_725.wav,4.5,False,True,True,0.0,0.0,0.0,0.0,0.0,0.9803921568627452,0.9803921568627452,0.9803921568627452,0.0,2.9411764705882355,0.9803921568627452,0.6,1,5,21.0,0.0,0.1904761904761904,0.1428571428571428,0.0666666666666666,0.019047619047619,0.1523809523809524,0.1619047619047619,0.0476190476190476,0.0,1.0,0,2,5.2,7,1.6,4.2745098039215685,102,61,0.5980392156862745,6.039900012157713,3.587824417372881,36.15533138906412,118,10,5,3,2,1,2.1402364451691813,0.8540000000000012,1.2600000000000002,0.14826388888888908,2.857142857142857,1.9047619047619047,0.9523809523809523,0.05714285714285714,1.7819961114299139,0.9139706591177466,0.0009918747236952186
train,audio_774.wav,3.0,False,True,True,0.0,0.0,0.0,0.0,0.0,1.0638297872340423,0.0,0.0,0.0,1.0638297872340423,1.0638297872340423,0.1666666666666666,1,6,16.166666666666668,0.0,0.2577319587628865,0.1752577319587628,0.0412371134020618,0.0515463917525773,0.0515463917525773,0.1030927835051546,0.1030927835051546,0.1111111111111111,0.8888888888888888,0,3,5.666666666666667,8,1.3333333333333333,4.457446808510638,94,56,0.5957446808510638,5.775958979049243,3.2236322723658737,25.119194433755816,113,11,5,0,0,0,2.239161505478799,1.2872727272727273,2.620000000000001,0.2522265764161026,0.0,0.0,0.0,0.06382978723404255,1.5647189175973657,0.8917114441382125,0.1746072620153427
train,audio_588.wav,2.5,False,True,True,2.0408163265306123,0.0,1.020408163265306,0.0,0.0,4.081632653061225,0.0,0.0,0.0,7.142857142857143,7.142857142857143,1.0,7,1,98.0,0.0,0.1938775510204081,0.0612244897959183,0.0408163265306122,0.1020408163265306,0.1938775510204081,0.1224489795918367,0.0918367346938775,0.1666666666666666,0.8333333333333334,8,4,8.0,8,5.0,4.061224489795919,98,43,0.4387755102040816,4.343655941574506,3.66634521484375,39.108710411106685,105,6,1,0,0,0,2.08955223880597,0.6566666666666663,1.2000000000000002,0.07749803304484652,0.0,0.0,0.0,0.04081632653061224,1.6313027013249133,0.8734996518006131,0.22084899246692657
train,audio_395.wav,3.0,False,True,True,0.0,0.0,0.0,0.0,0.0,3.6496350364963503,0.0,0.0,0.0,3.6496350364963503,3.6496350364963503,0.75,5,3,46.66666666666666,0.0,0.2785714285714286,0.1071428571428571,0.0642857142857142,0.0357142857142857,0.0714285714285714,0.1285714285714285,0.0642857142857142,0.0666666666666666,0.9333333333333332,0,2,8.333333333333334,10,4.333333333333333,3.824817518248176,137,74,0.5401459854014599,6.3222466671040305,4.021317880364913,55.77456161280619,158,8,1,5,0,1,2.8241845664280025,0.5624999999999993,1.2799999999999976,0.08214676889375674,3.5211267605633805,0.0,0.704225352112676,0.09154929577464789,2.3637243223279354,0.8318682793580311,0.08610039204359055
train,audio_210.wav,5.0,False,True,True,0.0,0.0,0.6896551724137931,0.0,0.0,1.3793103448275863,0.0,0.6896551724137931,0.0,2.7586206896551726,2.0689655172413794,0.4285714285714285,3,7,21.714285714285715,0.0,0.2171052631578947,0.1184210526315789,0.0394736842105263,0.0921052631578947,0.0855263157894736,0.1644736842105263,0.0986842105263157,0.0,1.0,0,2,5.285714285714286,7,1.2857142857142858,4.186206896551724,145,89,0.6137931034482759,7.391047706982857,3.3740830365349264,29.197498463170444,170,11,3,1,1,1,2.971102971102971,0.7636363636363633,1.4199999999999946,0.14598540145985395,0.684931506849315,0.684931506849315,0.684931506849315,0.03424657534246575,2.43030557763453,0.9295493164227331,0.0016358764842152596
train,audio_309.wav,3.0,False,True,True,0.0,0.9523809523809524,0.0,0.9523809523809524,0.0,0.0,0.0,0.0,0.0,1.9047619047619049,1.9047619047619049,0.1428571428571428,2,14,7.571428571428571,0.0,0.1886792452830188,0.1981132075471698,0.0566037735849056,0.0471698113207547,0.0471698113207547,0.2924528301886792,0.0471698113207547,0.0,1.0,0,1,2.7142857142857144,5,0.3571428571428571,3.980952380952381,105,52,0.49523809523809526,5.0746803793323725,3.3949468703497026,29.813069474904264,126,21,8,6,1,1,3.014665942422597,0.9780952380952386,2.980000000000004,0.3580892608089263,5.405405405405405,0.9009009009009009,0.9009009009009009,0.12612612612612611,1.8186379671395878,0.8416696085451959,0.03374702110886574
train,audio_457.wav,3.0,False,True,True,1.6528925619834711,2.479338842975207,0.8264462809917356,2.479338842975207,0.8264462809917356,1.6528925619834711,0.0,0.0,0.0,9.917355371900827,9.917355371900827,0.8,12,4,30.25,0.0,0.3140495867768595,0.1157024793388429,0.0578512396694214,0.0165289256198347,0.0578512396694214,0.0991735537190082,0.0495867768595041,0.1,0.9,0,3,8.0,10,1.75,4.322314049586777,121,60,0.49586776859504134,5.454545454545454,3.6742071621659873,39.41739286481885,138,5,1,2,2,0,2.376352395672334,0.9159999999999997,2.039999999999999,0.08129215477458285,1.6260162601626016,1.6260162601626016,0.0,0.07317073170731707,2.0474513496220847,0.86245023441718,0.001730924705043435
train,audio_492.wav,2.5,False,True,True,0.0,0.0,0.8403361344537815,0.0,0.8403361344537815,0.8403361344537815,0.8403361344537815,0.0,0.0,3.361344537815126,2.5210084033613445,0.4,3,10,12.7,0.0,0.1968503937007874,0.0787401574803149,0.0866141732283464,0.0944881889763779,0.0787401574803149,0.2598425196850393,0.0551181102362204,0.4210526315789473,0.5789473684210527,0,2,3.9,5,0.8,3.907563025210084,119,56,0.47058823529411764,5.133511583357984,3.273093445660317,26.392858063633188,146,7,1,3,0,1,2.212549873050417,0.5457142857142854,2.039999999999999,0.06478968792401624,2.459016393442623,0.0,0.819672131147541,0.05737704918032787,2.030805403690198,0.8578291625446701,0.00022947404067963362
train,audio_738.wav,5.0,False,True,True,0.0,0.0,0.0,0.0,1.2820512820512822,1.2820512820512822,0.0,0.0,0.0,2.5641025641025643,2.5641025641025643,0.25,2,3,26.33333333333333,0.0,0.1265822784810126,0.1645569620253164,0.0379746835443038,0.0759493670886076,0.0886075949367088,0.1772151898734177,0.0126582278481012,0.0,1.0,0,1,6.333333333333333,12,2.333333333333333,3.7948717948717934,78,48,0.6153846153846154,5.4349297638940595,3.354302190965222,28.625622001982418,93,4,3,2,6,0,2.1586616297895302,1.3500000000000005,2.4800000000000004,0.12717852096090443,2.5,7.5,0.0,0.075,1.3107300664069101,0.8742629431886598,0.004861032590270042
train,audio_305.wav,5.0,False,True,True,0.0,1.3986013986013983,0.0,0.0,0.0,0.6993006993006993,0.0,0.0,0.0,2.097902097902098,2.097902097902098,0.2222222222222222,3,9,16.11111111111111,0.0,0.2275862068965517,0.1379310344827586,0.1103448275862069,0.0482758620689655,0.0551724137931034,0.0827586206896551,0.0620689655172413,0.0,1.0,0,1,5.111111111111111,7,1.0,4.258741258741258,143,91,0.6363636363636364,7.6098022910645255,2.894200454523534,18.06904863808836,162,11,3,0,0,0,2.958212660322714,0.8436363636363634,1.259999999999998,0.1610551891704269,0.0,0.0,0.0,0.013986013986013986,2.3803702682598225,0.938785666873405,0.21478863060474396
train,audio_123.wav,3.5,False,True,True,0.0,0.0,1.0416666666666667,0.0,0.0,4.166666666666667,2.083333333333333,0.0,2.083333333333333,9.375,5.208333333333333,0.5,5,3,32.333333333333336,0.0,0.2989690721649484,0.1237113402061855,0.1443298969072164,0.0309278350515463,0.0309278350515463,0.0412371134020618,0.0412371134020618,1.0,0.0,0,1,10.333333333333334,17,1.3333333333333333,5.5,96,78,0.8125,7.960841664045329,4.828123956663996,124.9762796711126,117,5,0,0,0,0,2.247191011235955,0.34400000000000014,0.54,0.03870387038703872,0.0,0.0,0.0,0.07291666666666667,2.1304926764314245,0.8578042951153799,0.09617948532104492
train,audio_5053.wav,0.0,True,True,True,1.2048192771084338,1.2048192771084338,0.0,0.0,0.0,2.409638554216868,2.409638554216868,0.0,0.0,7.228915662650603,4.819277108433735,0.75,4,3,28.0,0.0,0.1785714285714285,0.1428571428571428,0.0595238095238095,0.0952380952380952,0.0595238095238095,0.1547619047619047,0.119047619047619,0.2,0.8,0,3,5.333333333333333,8,1.3333333333333333,4.144578313253012,83,49,0.5903614457831325,5.378448739494827,4.305636142162567,74.11634899397329,94,10,4,2,0,1,1.6912057302029448,0.7960000000000004,1.299999999999999,0.13672277567846108,2.3529411764705883,0.0,1.1764705882352942,0.2823529411764706,1.414780292942743,0.6753957955714535,0.060137178748846054
train,audio_89.wav,2.5,False,True,True,1.162790697674419,0.0,0.0,1.162790697674419,1.162790697674419,1.162790697674419,2.3255813953488373,0.0,0.0,6.976744186046512,4.651162790697675,1.0,4,2,44.0,0.0,0.2045454545454545,0.1022727272727272,0.034090909090909,0.0454545454545454,0.1022727272727272,0.1704545454545454,0.0681818181818181,0.2222222222222222,0.7777777777777778,0,3,5.0,8,5.5,3.5930232558139537,86,46,0.5348837209302325,4.960307567358167,3.30536797706117,27.25857027210565,94,3,0,2,1,0,2.3218997361477567,0.5533333333333322,0.879999999999999,0.04196157735085936,2.272727272727273,1.1363636363636365,0.0,0.056818181818181816,2.068641278796427,0.8923849145305046,0.0030441300477832556
train,audio_747.wav,3.0,False,True,True,2.5974025974025974,0.0,0.0,0.0,0.0,1.2987012987012987,0.0,1.2987012987012987,0.0,5.194805194805195,3.896103896103896,0.6666666666666666,3,4,20.25,0.0,0.2098765432098765,0.1481481481481481,0.0617283950617283,0.074074074074074,0.0987654320987654,0.1851851851851851,0.0987654320987654,0.1,0.9,0,2,4.0,6,1.25,3.675324675324675,77,46,0.5974025974025974,5.242186517143345,3.371487824813179,29.12182301229533,92,9,4,0,3,0,1.7164511814534105,1.0755555555555556,2.6000000000000014,0.17748441510817745,0.0,3.896103896103896,0.0,0.06493506493506493,1.281737836755289,0.8292033006618549,0.12596185505390167
train,audio_115.wav,2.0,False,True,True,2.5974025974025974,1.2987012987012987,0.0,0.0,0.0,6.493506493506493,0.0,0.0,1.2987012987012987,11.688311688311687,10.38961038961039,1.0,8,2,39.0,0.0,0.358974358974359,0.0897435897435897,0.0512820512820512,0.0256410256410256,0.0256410256410256,0.0384615384615384,0.0641025641025641,0.75,0.25,0,3,6.5,9,1.5,5.155844155844156,77,51,0.6623376623376623,5.8119893994415355,5.213600906671262,183.75455128262973,102,8,2,0,0,0,2.067669172932331,0.5725000000000005,1.2399999999999984,0.10951697752271648,0.0,0.0,0.0,0.16883116883116883,1.708832667554372,0.7857733505370813,0.1866776943206787
train,audio_235.wav,3.0,False,True,True,1.1235955056179776,0.0,0.0,2.247191011235955,1.1235955056179776,2.247191011235955,2.247191011235955,2.247191011235955,0.0,11.235955056179776,6.741573033707865,1.0,6,1,89.0,0.0,0.2022471910112359,0.1235955056179775,0.1123595505617977,0.0337078651685393,0.0449438202247191,0.146067415730337,0.1235955056179775,0.3333333333333333,0.6666666666666666,0,2,14.0,14,9.0,4.258426966292135,89,51,0.5730337078651685,5.405989188032437,4.461402353614267,86.60888025004698,99,12,6,1,1,8,2.0689655172413794,0.8983333333333331,1.9199999999999946,0.1985998526160648,1.1111111111111112,1.1111111111111112,8.88888888888889,0.12222222222222222,1.4990006662225184,0.8423596503420009,0.06782633811235428
train,audio_414.wav,3.5,False,True,True,2.857142857142857,0.0,0.9523809523809524,1.9047619047619049,0.0,0.0,0.9523809523809524,0.0,0.0,6.666666666666667,5.714285714285714,1.0,6,5,22.4,0.0,0.1607142857142857,0.0982142857142857,0.0803571428571428,0.0178571428571428,0.1071428571428571,0.2321428571428571,0.0714285714285714,0.2,0.8,0,3,5.0,6,2.0,3.5142857142857142,105,56,0.5333333333333333,5.465040408511786,3.547737927940803,34.73465625705351,123,8,3,3,0,0,2.412868632707775,0.9775000000000004,3.0799999999999983,0.14872575123621154,2.7777777777777777,0.0,0.0,0.12037037037037036,1.797762160643782,0.8186803722961081,0.10998523235321045
train,audio_56.wav,2.0,False,True,True,0.0,1.0416666666666667,0.0,0.0,0.0,2.083333333333333,1.0416666666666667,0.0,0.0,4.166666666666667,3.125,0.5,3,4,24.0,0.0,0.25,0.1145833333333333,0.03125,0.09375,0.03125,0.09375,0.0625,0.0,1.0,0,2,5.0,6,1.0,3.7291666666666665,96,44,0.4583333333333333,4.4907311951024935,3.211578369140625,24.818227651301573,112,11,1,5,0,0,2.7077747989276135,0.5472727272727268,1.1399999999999935,0.13896583564173579,4.9504950495049505,0.0,0.0,0.04950495049504951,2.241455836662228,0.9016936223695774,0.3450455069541931
train,audio_43.wav,3.5,False,True,True,0.9803921568627452,0.0,0.0,0.9803921568627452,0.0,2.9411764705882355,0.0,0.0,0.0,4.901960784313726,4.901960784313726,0.2857142857142857,5,7,14.571428571428571,0.1428571428571428,0.2352941176470588,0.1274509803921568,0.0588235294117647,0.0490196078431372,0.088235294117647,0.088235294117647,0.0686274509803921,0.0,1.0,0,1,5.0,9,0.8571428571428571,4.352941176470588,102,70,0.6862745098039216,6.931032800836721,4.075651339399136,58.88882471117604,123,17,6,2,2,0,3.334402051939724,0.785294117647059,2.4399999999999977,0.2997305792546026,1.9230769230769231,1.9230769230769231,0.0,0.1346153846153846,2.3049645390070923,0.8089975173800037,0.0650584027171135
train,audio_394.wav,5.0,False,True,True,0.0,0.0,0.0,0.7633587786259542,0.0,1.5267175572519085,0.7633587786259542,0.0,0.0,3.053435114503817,2.2900763358778624,0.5,3,5,26.6,0.2,0.1428571428571428,0.1578947368421052,0.0601503759398496,0.1203007518796992,0.0601503759398496,0.1804511278195488,0.1052631578947368,0.0714285714285714,0.9285714285714286,0,3,5.0,8,2.4,4.358778625954199,131,91,0.6946564885496184,7.950706915615445,3.3808202283135778,29.39487173400272,145,11,4,2,2,0,2.8166031342651414,0.8863636363636364,1.9799999999999969,0.17114270668773038,1.5037593984962405,1.5037593984962405,0.0,0.022556390977443608,2.2139108089409536,0.942720502960428,0.05314597114920616
train,audio_423.wav,3.0,False,True,True,1.5748031496062993,0.7874015748031497,0.0,0.0,0.0,2.3622047244094486,0.7874015748031497,0.0,0.0,5.511811023622047,4.724409448818897,0.6666666666666666,6,5,25.4,0.0,0.2913385826771653,0.0944881889763779,0.0708661417322834,0.0708661417322834,0.0866141732283464,0.0787401574803149,0.0708661417322834,0.0,1.0,2,3,5.0,12,1.2,4.480314960629921,127,75,0.5905511811023622,6.6551738206208535,4.438637662096088,84.65952819141496,147,13,2,5,3,0,2.6076649545634134,0.6138461538461539,2.580000000000002,0.13617747440273037,3.787878787878788,2.272727272727273,0.0,0.09848484848484848,2.1972648630090665,0.855471094195364,0.037104200571775436
train,audio_579.wav,4.0,False,True,True,0.925925925925926,1.851851851851852,0.0,0.925925925925926,0.0,5.555555555555555,0.0,0.0,1.851851851851852,11.11111111111111,9.25925925925926,0.8,10,4,27.0,0.0,0.3148148148148148,0.0833333333333333,0.1388888888888889,0.0185185185185185,0.0092592592592592,0.0185185185185185,0.0555555555555555,0.0,1.0,0,1,6.5,8,1.0,4.62962962962963,108,76,0.7037037037037037,7.31310340973526,5.333845964566929,207.23345600716112,127,5,1,0,1,0,2.446760308110557,0.6639999999999986,2.020000000000003,0.06995364517488396,0.0,0.9259259259259259,0.0,0.16666666666666666,1.7996794321011569,0.7760930611280564,0.030029628425836563
train,audio_172.wav,3.0,False,True,True,0.0,0.0,0.0,0.0,0.0,3.418803418803418,0.8547008547008547,0.0,0.0,4.273504273504273,3.418803418803418,0.75,4,3,39.66666666666666,0.0,0.2521008403361344,0.1008403361344537,0.0504201680672268,0.0168067226890756,0.1092436974789916,0.1512605042016806,0.1092436974789916,0.4375,0.5625,0,2,6.333333333333333,8,4.333333333333333,4.128205128205129,117,61,0.5213675213675214,5.639451994956496,4.535844957506335,93.30231850143517,148,10,1,0,0,1,2.411376751854905,0.7220000000000001,1.9400000000000048,0.12952996053103696,0.0,0.0,0.8547008547008547,0.11965811965811966,1.9475756740307637,0.8203384402470711,0.043317608535289764
train,audio_144.wav,5.0,False,True,True,0.0,0.8,0.0,0.0,0.0,4.0,0.0,0.0,0.0,4.8,4.8,0.6666666666666666,6,6,20.83333333333333,0.0,0.264,0.16,0.128,0.024,0.048,0.04,0.096,0.0,1.0,0,1,6.666666666666667,10,1.5,5.632,125,83,0.664,7.423745685299301,3.592771629050926,36.33464264639014,135,4,1,0,0,0,2.461599054745963,0.850000000000001,1.139999999999997,0.06275378368401631,0.0,0.0,0.0,0.088,2.0805592543275635,0.8554158273339272,0.0673716589808464
train,audio_151.wav,2.5,False,True,True,0.0,0.0,0.0,2.127659574468085,0.0,4.25531914893617,0.0,0.0,0.0,6.382978723404255,6.382978723404255,0.75,6,4,24.5,0.0,0.2448979591836734,0.1326530612244898,0.0510204081632653,0.0714285714285714,0.1020408163265306,0.1224489795918367,0.0714285714285714,0.0,1.0,0,1,5.0,8,1.25,4.48936170212766,94,41,0.43617021276595747,4.228827109661053,3.9382253793569713,51.32743370709599,130,15,6,1,2,4,2.4217221135029354,1.149333333333333,4.66,0.296627666896077,1.0101010101010102,2.0202020202020203,4.040404040404041,0.1414141414141414,1.6514673975939036,0.7904620800752926,0.0004292648518458009
train,audio_65.wav,1.5,False,True,True,1.2048192771084338,0.0,0.0,0.0,0.0,4.819277108433735,1.2048192771084338,0.0,0.0,7.228915662650603,6.024096385542169,0.5,5,5,16.6,0.0,0.2289156626506024,0.1566265060240964,0.1204819277108433,0.0240963855421686,0.0602409638554216,0.1204819277108433,0.0481927710843373,0.0714285714285714,0.9285714285714286,0,2,4.2,6,2.0,3.879518072289157,83,43,0.5180722891566265,4.719863179556685,3.874472817221841,48.15730389668634,91,5,0,0,0,1,1.6255385820603214,0.5519999999999996,0.8599999999999994,0.05128205128205125,0.0,0.0,1.2048192771084338,0.0963855421686747,1.381951381951382,0.8235416824379599,0.11577119678258896
train,audio_481.wav,2.0,False,True,True,0.0,0.9615384615384616,0.0,0.9615384615384616,0.0,4.807692307692308,0.0,0.0,0.0,6.730769230769231,6.730769230769231,0.8,7,5,20.8,0.0,0.3461538461538461,0.1538461538461538,0.0673076923076923,0.0192307692307692,0.0384615384615384,0.0288461538461538,0.1057692307692307,0.375,0.625,0,2,7.4,13,1.2,4.932692307692308,104,82,0.7884615384615384,8.040761540665546,5.406652626871061,222.8842608019288,119,13,1,0,1,0,2.086677367576244,0.6123076923076931,1.019999999999996,0.1377162629757787,0.0,0.9615384615384616,0.0,0.22115384615384615,1.7145394802596126,0.7333390391312348,0.08396883308887482
train,audio_262.wav,4.0,False,True,True,0.8695652173913043,0.0,1.7391304347826086,0.0,0.0,0.0,0.8695652173913043,0.0,0.0,3.4782608695652173,2.608695652173913,0.375,3,8,14.625,0.0,0.1965811965811965,0.1196581196581196,0.0769230769230769,0.0598290598290598,0.094017094017094,0.188034188034188,0.0512820512820512,0.6153846153846154,0.3846153846153846,2,4,4.5,8,1.25,4.3826086956521735,115,65,0.5652173913043478,6.06128125356204,2.8829421997070312,17.866763509593596,128,10,5,0,0,0,2.273625939106366,0.9219999999999994,2.039999999999999,0.15418060200668887,0.0,0.0,0.0,0.017391304347826087,1.9141145139813582,0.9491235832805219,0.12150104343891144
train,audio_229.wav,4.5,False,True,True,0.0,0.0,1.162790697674419,0.0,0.0,0.0,0.0,0.0,0.0,1.162790697674419,1.162790697674419,0.2,1,5,17.4,0.0,0.3563218390804598,0.160919540229885,0.0689655172413793,0.0114942528735632,0.0804597701149425,0.0459770114942528,0.0804597701149425,0.25,0.75,0,2,6.0,9,0.6,4.895348837209302,86,68,0.7906976744186046,7.3326285778338125,3.615381629721632,37.16552668917871,103,11,1,0,1,0,2.7197975964579384,0.6490909090909093,1.3800000000000026,0.18421052631578955,0.0,1.1627906976744187,0.0,0.011627906976744186,1.8466526736202447,0.9275232012881789,0.4541391432285309
train,audio_22.wav,4.0,False,True,True,0.0,0.0,0.0,0.99009900990099,0.0,0.0,0.0,0.0,0.0,0.99009900990099,0.99009900990099,0.2,1,5,20.2,0.0,0.2079207920792079,0.0891089108910891,0.1089108910891089,0.1188118811881188,0.0495049504950495,0.1485148514851485,0.0792079207920792,0.9285714285714286,0.0714285714285714,0,2,5.8,10,1.4,4.564356435643564,101,61,0.6039603960396039,6.069726860280934,3.2175507127192984,24.966894135613263,114,8,1,0,0,0,2.669133192389006,0.5874999999999997,1.6600000000000001,0.11048425011753638,0.0,0.0,0.0,0.0297029702970297,2.241455836662228,0.9375905108333814,0.29114842414855957
train,audio_434.wav,3.5,False,True,True,0.8130081300813008,0.0,0.8130081300813008,0.0,0.0,3.252032520325203,0.8130081300813008,0.0,0.0,5.691056910569106,4.878048780487805,0.8,6,4,31.5,0.0,0.2619047619047619,0.1111111111111111,0.0634920634920634,0.0555555555555555,0.0952380952380952,0.0873015873015873,0.0952380952380952,0.1111111111111111,0.8888888888888888,5,4,4.5,9,1.75,4.024390243902439,123,65,0.5284552845528455,5.8608526253383095,4.080788426751258,59.19212010826694,149,7,0,4,0,0,2.3420479302832247,0.4371428571428571,0.5799999999999983,0.05263157894736841,3.10077519379845,0.0,0.0,0.07751937984496124,2.1473270252134062,0.8454436907010485,0.08838538080453873
train,audio_488.wav,3.0,False,True,True,0.746268656716418,0.0,0.0,1.492537313432836,0.0,2.238805970149253,1.492537313432836,0.0,0.0,5.970149253731344,4.477611940298507,0.75,6,5,27.4,0.0,0.1532846715328467,0.1386861313868613,0.0656934306569343,0.0510948905109489,0.072992700729927,0.1751824817518248,0.1532846715328467,0.4444444444444444,0.5555555555555556,0,3,5.4,9,2.4,3.529850746268657,134,67,0.5,5.787918451395113,3.7108965253496495,40.89044942335983,143,0,0,0,0,1,2.3410202655485675,0.0,0.0,0.0,0.0,0.0,0.746268656716418,0.12686567164179105,2.2305567548728407,0.8180272958023631,0.059060901403427124
train,audio_439.wav,3.0,False,True,True,0.0,0.0,1.0638297872340423,2.127659574468085,0.0,1.0638297872340423,2.127659574468085,0.0,0.0,6.382978723404255,4.25531914893617,0.75,4,3,31.33333333333333,0.0,0.202127659574468,0.1063829787234042,0.0744680851063829,0.0319148936170212,0.0744680851063829,0.1914893617021276,0.0851063829787234,0.5,0.5,6,3,6.0,7,0.6666666666666666,4.074468085106383,94,55,0.5851063829787234,5.672816854423363,3.5257583467086944,33.97953211441888,101,6,2,0,1,0,1.7655897821187077,1.133333333333333,3.020000000000003,0.11325782811459026,0.0,1.0638297872340425,0.0,0.07446808510638298,1.5647189175973657,0.8827125181754432,0.21951428055763245
train,audio_160.wav,2.0,False,True,True,0.9803921568627452,1.96078431372549,0.9803921568627452,1.96078431372549,0.0,3.92156862745098,0.0,0.0,0.0,9.803921568627452,9.803921568627452,0.75,10,4,26.25,0.0,0.1809523809523809,0.1714285714285714,0.0761904761904762,0.0380952380952381,0.0666666666666666,0.2285714285714285,0.1142857142857142,0.0769230769230769,0.9230769230769232,0,3,5.75,10,2.5,3.852941176470588,102,52,0.5098039215686274,5.148767223478707,4.105933295355903,60.69936855881468,117,5,0,1,0,0,1.7801590044936053,0.4000000000000005,0.5800000000000001,0.0334112930170398,0.970873786407767,0.0,0.0,0.08737864077669903,1.714380825565912,0.8608910505054066,0.07442712783813477
train,audio_594.wav,3.0,False,True,True,0.0,0.0,1.9230769230769231,0.9615384615384616,0.0,3.8461538461538463,0.9615384615384616,0.0,0.0,7.6923076923076925,6.730769230769231,0.75,7,3,34.666666666666664,0.0,0.2884615384615384,0.1346153846153846,0.0576923076923076,0.0673076923076923,0.0673076923076923,0.0769230769230769,0.0288461538461538,0.0,1.0,0,2,8.666666666666666,11,3.6666666666666665,4.298076923076923,104,73,0.7019230769230769,7.158238932543718,3.847051239013672,46.85469602626313,120,6,2,0,0,0,1.9181113980081155,0.7966666666666676,1.5,0.08101694915254247,0.0,0.0,0.0,0.10576923076923077,1.7311783769162343,0.8397108830362506,7.54327920731157e-05
train,audio_651.wav,5.0,False,True,True,0.0,0.0,0.0,3.8461538461538463,0.0,1.9230769230769231,0.0,0.0,0.0,5.769230769230769,5.769230769230769,0.6666666666666666,6,5,21.4,0.0,0.2336448598130841,0.1214953271028037,0.0654205607476635,0.102803738317757,0.0467289719626168,0.102803738317757,0.0654205607476635,0.0,1.0,0,2,6.0,11,1.8,4.105769230769231,104,72,0.6923076923076923,7.060180864974626,3.2745776567302767,26.43205972030912,122,11,3,0,1,1,2.4975984630163315,1.1618181818181827,4.079999999999998,0.2348401323043001,0.0,0.9615384615384616,0.9615384615384616,0.0,1.703949086328983,0.9506920959609441,0.568759024143219
train,audio_569.wav,3.0,False,True,True,0.0,0.0,0.0,0.8695652173913043,0.0,1.7391304347826086,0.8695652173913043,0.0,0.0,3.4782608695652173,2.608695652173913,0.5,3,4,29.75,0.0,0.2605042016806723,0.0924369747899159,0.0924369747899159,0.0252100840336134,0.0588235294117647,0.1512605042016806,0.0672268907563025,0.5,0.5,0,2,8.5,12,1.75,3.565217391304348,115,45,0.391304347826087,4.196271637081412,3.110907217172476,22.441394386784204,130,7,1,0,0,0,2.252081756245269,0.8228571428571433,1.4200000000000017,0.09829351535836182,0.0,0.0,0.0,0.04201680672268908,1.9808675658945374,0.8940332701601902,0.07479982823133469
train,audio_440.wav,2.0,False,True,True,0.0,0.0,1.408450704225352,0.0,0.0,1.408450704225352,0.0,0.0,0.0,2.816901408450704,2.816901408450704,0.3333333333333333,2,3,23.666666666666668,0.0,0.2112676056338028,0.0704225352112676,0.0845070422535211,0.1126760563380281,0.1408450704225352,0.1408450704225352,0.1549295774647887,0.0,1.0,1,2,4.333333333333333,5,2.0,4.140845070422535,71,45,0.6338028169014085,5.34051746187234,4.624988090701219,102.00155830843212,82,5,1,1,0,0,1.3483146067415732,0.7440000000000004,1.120000000000001,0.06512605042016811,1.3888888888888888,0.0,0.0,0.2222222222222222,1.1985081070958545,0.7298510815448093,0.023513467982411385
train,audio_658.wav,5.0,False,True,True,0.8333333333333334,0.0,0.0,0.8333333333333334,0.0,2.5,0.0,0.0,0.0,4.166666666666667,4.166666666666667,0.5,5,5,24.2,0.0,0.1983471074380165,0.1818181818181818,0.0413223140495867,0.0495867768595041,0.0661157024793388,0.1570247933884297,0.0991735537190082,0.0,1.0,0,2,5.6,9,1.4,4.225,120,73,0.6083333333333333,6.663957782979521,3.2627764020647323,26.12196162444361,140,10,2,0,0,0,2.316602316602317,0.6459999999999999,1.1400000000000006,0.11088225197391005,0.0,0.0,0.0,0.041666666666666664,1.9975135118264242,0.9260794997732672,0.018986042588949203
train,audio_274.wav,3.0,False,True,True,1.851851851851852,0.0,1.851851851851852,1.851851851851852,0.0,0.0,0.0,0.0,0.0,5.555555555555555,5.555555555555555,0.5,3,4,13.5,0.0,0.1481481481481481,0.1851851851851851,0.074074074074074,0.1111111111111111,0.074074074074074,0.1666666666666666,0.0555555555555555,0.0,1.0,0,1,3.75,5,0.75,3.6296296296296298,54,35,0.6481481481481481,4.762896722078402,3.068762642996652,21.51526413495285,63,5,0,0,1,0,2.6213592233009706,0.5759999999999998,0.9600000000000009,0.12265758091993181,0.0,1.8518518518518519,0.0,0.05555555555555555,1.3824420262375976,0.9291353325049082,0.2334935963153839
train,audio_5065.wav,0.0,True,True,True,0.0,0.0,0.0,0.9433962264150944,0.0,2.830188679245283,0.0,0.0,0.0,3.7735849056603774,3.7735849056603774,0.4444444444444444,4,9,11.88888888888889,0.1111111111111111,0.1308411214953271,0.1308411214953271,0.0747663551401869,0.1308411214953271,0.1121495327102803,0.1121495327102803,0.0467289719626168,0.0,1.0,3,4,4.0,8,0.5555555555555556,3.7735849056603774,106,68,0.6415094339622641,6.6047438640293965,3.897298903692336,49.2691883886984,126,11,5,1,0,0,3.37965887555275,1.5800000000000016,4.380000000000003,0.3544045676998372,0.9345794392523364,0.0,0.0,0.4953271028037383,1.781116214711895,0.5378770325042748,0.01269586756825447
train,audio_158.wav,2.5,False,True,True,0.0,0.0,0.8928571428571429,0.8928571428571429,0.0,4.464285714285714,0.8928571428571429,0.0,0.0,7.142857142857143,6.25,1.0,7,2,57.0,0.0,0.2280701754385964,0.1140350877192982,0.043859649122807,0.0526315789473684,0.0789473684210526,0.175438596491228,0.1228070175438596,0.0625,0.9375,0,2,7.0,7,5.0,3.607142857142857,112,50,0.44642857142857145,4.72455591261534,3.618204577215786,37.27059124570624,116,2,0,0,1,1,1.917151660390277,0.639999999999997,0.6999999999999957,0.021440536013400235,0.0,0.8928571428571429,0.8928571428571429,0.07142857142857142,1.8641810918774968,0.8506691610174519,0.10153476148843765
train,audio_493.wav,4.0,False,True,True,0.0,0.0,1.851851851851852,0.0,0.0,1.851851851851852,0.0,0.0,0.0,3.703703703703704,3.703703703703704,0.5,4,6,18.166666666666668,0.0,0.2568807339449541,0.1743119266055046,0.1009174311926605,0.036697247706422,0.0275229357798165,0.1376146788990825,0.0825688073394495,0.0,1.0,0,2,5.666666666666667,8,1.8333333333333333,4.925925925925926,108,77,0.7129629629629629,7.409328454600197,2.9369576876280736,18.858385849651505,122,11,3,0,0,0,2.1069059695669137,0.7618181818181818,1.4400000000000048,0.14050972501676728,0.0,0.0,0.0,0.027777777777777776,1.797762160643782,0.891878013809522,0.20517486333847046
train,audio_646.wav,4.5,False,True,True,0.0,0.7092198581560284,0.0,0.0,0.0,0.7092198581560284,0.0,0.0,0.0,1.4184397163120568,1.4184397163120568,0.3333333333333333,2,6,24.5,0.0,0.1428571428571428,0.0952380952380952,0.1088435374149659,0.1156462585034013,0.1156462585034013,0.1428571428571428,0.0952380952380952,0.0,1.0,1,3,4.5,7,2.1666666666666665,4.127659574468085,141,79,0.5602836879432624,6.6530001764255,3.5778602551502785,35.79686268789803,157,7,2,0,3,0,2.573932092004381,0.7514285714285717,1.1200000000000045,0.08760826115922721,0.0,2.127659574468085,0.0,0.06382978723404255,2.3470783763960483,0.9013918413126722,0.1844690442085266
train,audio_64.wav,2.5,False,True,True,0.0,0.0,0.0,0.0,0.0,1.5151515151515151,0.0,1.5151515151515151,0.0,3.0303030303030303,1.5151515151515151,0.5,1,4,16.5,0.25,0.4090909090909091,0.0454545454545454,0.106060606060606,0.0151515151515151,0.0303030303030303,0.0454545454545454,0.0757575757575757,0.0,1.0,0,1,5.25,7,0.25,4.666666666666667,66,50,0.7575757575757576,6.154574548966636,4.060507165380271,58.00372109972537,83,10,3,0,0,1,1.4298093587521667,1.2520000000000011,4.759999999999998,0.2133605998636675,0.0,0.0,1.5151515151515151,0.16666666666666666,1.0989010989010988,0.7997950515850927,0.0192936509847641
train,audio_451.wav,2.5,False,True,True,0.0,1.1904761904761905,1.1904761904761905,3.571428571428572,0.0,3.571428571428572,0.0,0.0,0.0,9.523809523809524,9.523809523809524,0.75,8,4,21.0,0.0,0.2738095238095238,0.0833333333333333,0.0833333333333333,0.0357142857142857,0.0476190476190476,0.119047619047619,0.0595238095238095,0.0,1.0,0,2,5.0,7,0.0,4.154761904761905,84,48,0.5714285714285714,5.237229365663818,4.0992478351203765,60.29491881674552,98,11,2,2,0,0,2.0254357041921813,0.770909090909091,1.92,0.16647035728307816,2.3255813953488373,0.0,0.0,0.11627906976744186,1.4433404940923737,0.81981490396483,0.05491573363542557
train,audio_277.wav,3.5,False,True,True,0.0,0.9615384615384616,0.0,0.0,0.0,5.769230769230769,0.0,0.0,0.0,6.730769230769231,6.730769230769231,0.75,7,3,35.333333333333336,0.0,0.2358490566037736,0.1792452830188679,0.0566037735849056,0.0754716981132075,0.0471698113207547,0.1037735849056603,0.0849056603773584,0.2,0.8,0,3,9.333333333333334,13,3.0,4.509615384615385,104,62,0.5961538461538461,6.079600189283705,4.413883985671322,82.58961825740604,113,4,2,0,0,0,1.870503597122302,0.9000000000000004,1.2400000000000002,0.060810810810810835,0.0,0.0,0.0,0.028846153846153848,1.7311783769162343,0.8971311887009785,0.1450236290693283
train,audio_491.wav,2.5,False,True,True,1.1111111111111112,1.1111111111111112,1.1111111111111112,0.0,0.0,3.333333333333333,2.2222222222222223,0.0,0.0,8.88888888888889,6.666666666666667,0.75,6,3,31.0,0.0,0.1827956989247312,0.1612903225806451,0.043010752688172,0.064516129032258,0.1182795698924731,0.1397849462365591,0.1290322580645161,0.0,1.0,0,2,5.666666666666667,7,3.6666666666666665,4.533333333333333,90,39,0.43333333333333335,4.110960958218893,3.792734680175781,44.37759301262865,100,6,1,2,0,2,1.891447368421052,0.7433333333333326,1.4599999999999937,0.08399246704331441,2.1739130434782608,0.0,2.1739130434782608,0.08695652173913043,1.531427025733592,0.8183450202366499,0.007669455837458372
train,audio_52.wav,2.0,False,True,True,1.709401709401709,0.0,0.0,1.709401709401709,0.0,4.273504273504273,0.0,0.0,0.0,7.6923076923076925,7.6923076923076925,1.0,9,6,20.166666666666668,0.0,0.1487603305785124,0.0826446280991735,0.1074380165289256,0.0991735537190082,0.0826446280991735,0.1157024793388429,0.0661157024793388,0.5384615384615384,0.4615384615384615,0,3,5.166666666666667,7,1.0,3.948717948717949,117,63,0.5384615384615384,5.824352060364905,3.3650722085994524,28.935586621800013,137,7,1,0,4,0,2.9250000000000007,0.594285714285715,1.0,0.09420289855072475,0.0,3.4188034188034186,0.0,0.042735042735042736,2.596537949400799,0.8948372724728707,0.3477783799171448
train,audio_743.wav,4.0,False,True,True,0.0,0.0,0.0,0.0,0.0,0.0,0.0,0.0,0.0,0.0,0.0,0.0,0,1,35.0,0.0,0.1142857142857142,0.1142857142857142,0.0857142857142857,0.0857142857142857,0.0857142857142857,0.2571428571428571,0.0571428571428571,0.3333333333333333,0.6666666666666666,0,3,7.0,7,3.0,3.636363636363636,32,28,0.875,4.949747468305833,2.692453808254666,14.767869015718778,36,1,0,0,0,0,1.9196160767846429,0.6099999999999994,0.6099999999999994,0.03530092592592589,0.0,0.0,0.0,0.0,1.3262599469496021,0.9722515251487494,0.8025173544883728
train,audio_243.wav,3.0,False,True,True,0.0,1.3333333333333333,0.0,0.0,0.0,1.3333333333333333,1.3333333333333333,0.0,1.3333333333333333,5.333333333333333,2.6666666666666665,1.0,2,3,25.33333333333333,0.0,0.1447368421052631,0.2105263157894736,0.0394736842105263,0.0263157894736842,0.1052631578947368,0.1710526315789473,0.0921052631578947,0.0,1.0,3,2,5.333333333333333,6,2.6666666666666665,3.8933333333333335,75,43,0.5733333333333334,4.965212315030781,4.01522324960443,55.43567001253069,79,1,0,0,0,0,1.3596809282088471,0.9400000000000013,0.9400000000000013,0.016755793226381484,0.0,0.0,0.0,0.08,1.248335552596538,0.841960003276666,0.12114877253770828
train,audio_661.wav,5.0,False,True,True,0.0,1.2048192771084338,2.409638554216868,0.0,0.0,1.2048192771084338,1.2048192771084338,0.0,0.0,6.024096385542169,4.819277108433735,0.6666666666666666,4,6,13.833333333333334,0.0,0.2650602409638554,0.0963855421686747,0.072289156626506,0.0963855421686747,0.0843373493975903,0.108433734939759,0.036144578313253,0.0,1.0,0,1,4.166666666666667,9,1.0,4.144578313253012,83,57,0.6867469879518072,6.256562819412349,3.730483222253544,41.699253303499866,97,8,3,0,0,1,1.8362831858407078,1.0924999999999996,2.539999999999999,0.1620318872821653,0.0,0.0,1.2048192771084338,0.03614457831325301,1.3816135123466102,0.9327863526033111,0.14745430648326874
train,audio_456.wav,3.0,False,True,True,0.925925925925926,0.925925925925926,0.925925925925926,0.0,0.0,0.925925925925926,0.0,0.0,0.0,3.703703703703704,3.703703703703704,0.5,4,6,18.166666666666668,0.0,0.2385321100917431,0.1192660550458715,0.0825688073394495,0.0642201834862385,0.0458715596330275,0.1834862385321101,0.036697247706422,0.1666666666666666,0.8333333333333334,0,3,5.5,7,1.0,4.111111111111111,108,58,0.5370370370370371,5.581052602166382,3.5758157525180785,35.72375067222965,121,7,1,0,0,0,2.0979020979020984,0.6171428571428577,1.0600000000000023,0.07741935483870975,0.0,0.0,0.0,0.06481481481481481,1.797762160643782,0.8448266646376362,0.1994430422782898
train,audio_90.wav,4.0,False,True,True,1.1904761904761905,0.0,0.0,0.0,0.0,0.0,0.0,0.0,0.0,1.1904761904761905,1.1904761904761905,0.1666666666666666,1,6,14.0,0.0,0.3333333333333333,0.1309523809523809,0.1309523809523809,0.0357142857142857,0.0595238095238095,0.0476190476190476,0.0357142857142857,0.0,1.0,0,1,5.0,7,0.5,5.107142857142857,84,65,0.7738095238095238,7.092081432669753,4.161951753282056,64.19669651902521,97,9,0,0,0,0,2.4764150943396226,0.44444444444444475,0.6999999999999993,0.10548523206751062,0.0,0.0,0.0,0.05952380952380952,2.1374045801526718,0.8802210656659943,0.22426721453666687
train,audio_735.wav,4.0,False,True,True,0.0,0.0,0.0,0.0,2.0,4.0,2.0,0.0,0.0,8.0,6.0,1.0,3,3,16.666666666666668,0.0,0.16,0.08,0.14,0.06,0.18,0.16,0.04,0.1,0.9,0,3,4.666666666666667,7,1.3333333333333333,4.4,50,35,0.7,4.949747468305833,4.268635050455729,71.42407879049613,60,8,1,0,1,0,2.097315436241611,0.5899999999999999,1.9800000000000004,0.16526610644257703,0.0,2.0,0.0,0.08,0.8322972965943435,0.851826083958149,0.15598450601100922
train,audio_775.wav,4.5,False,True,True,0.0,0.0,0.0,0.0,0.0,0.0,0.0,0.0,0.0,0.0,0.0,0.0,0,4,20.0,0.0,0.1625,0.0875,0.15,0.05,0.0875,0.2,0.1,0.5555555555555556,0.4444444444444444,0,2,6.25,12,1.0,3.772151898734177,79,49,0.620253164556962,5.512930714537517,3.1808640052532327,24.067539051554004,87,3,0,0,0,1,1.4223982715160244,0.6733333333333326,0.9000000000000004,0.03509381514940927,0.0,0.0,1.2658227848101267,0.012658227848101266,1.3150297286190626,0.9555710542805588,0.38423478603363037
train,audio_587.wav,2.5,False,True,True,0.0,0.0,1.7543859649122806,0.8771929824561403,0.0,2.631578947368421,0.0,0.0,0.0,5.2631578947368425,5.2631578947368425,0.75,6,3,38.66666666666666,0.0,0.2068965517241379,0.0948275862068965,0.0517241379310344,0.1810344827586207,0.0775862068965517,0.1034482758620689,0.0862068965517241,0.2,0.8,1,5,5.0,6,0.6666666666666666,3.763157894736842,114,61,0.5350877192982456,5.713173450648333,3.878571488475072,48.35508990683222,131,7,2,0,0,1,2.233542319749216,0.7885714285714276,1.619999999999994,0.09759547383309747,0.0,0.0,0.8771929824561403,0.10526315789473684,1.8976378362351032,0.8395469576128546,0.09667730331420898
train,audio_103.wav,2.5,False,True,True,0.0,3.5294117647058822,0.0,0.0,0.0,2.3529411764705883,1.1764705882352942,0.0,0.0,7.0588235294117645,5.882352941176471,0.6666666666666666,5,2,43.0,0.0,0.1627906976744186,0.1511627906976744,0.0348837209302325,0.0348837209302325,0.0697674418604651,0.1860465116279069,0.0930232558139534,0.0,1.0,1,2,6.5,7,4.5,4.117647058823529,85,45,0.5294117647058824,4.880935300919764,3.7642714182535806,43.13226902520529,96,5,0,1,0,0,2.096538274012677,0.40400000000000025,0.6799999999999997,0.04693308550185877,1.1627906976744187,0.0,0.0,0.05813953488372093,1.9085663559698178,0.8815512688354005,0.01653999835252762
train,audio_111.wav,3.5,False,True,True,0.0,0.0,0.0,0.0,0.0,3.1578947368421053,0.0,0.0,0.0,3.1578947368421053,3.1578947368421053,0.6666666666666666,3,1,95.0,0.0,0.231578947368421,0.1052631578947368,0.031578947368421,0.0842105263157894,0.0631578947368421,0.1157894736842105,0.0842105263157894,0.2,0.8,1,3,11.0,11,3.0,4.347368421052631,95,59,0.6210526315789474,6.053272277302409,3.4429731889204547,31.27982086756473,110,4,0,0,0,0,2.321603128054741,0.5050000000000003,0.7400000000000002,0.04704238472286915,0.0,0.0,0.0,0.021052631578947368,2.128136200716846,0.9294779537539734,0.2308874875307083
train,audio_421.wav,2.0,False,True,True,1.0416666666666667,0.0,0.0,0.0,0.0,0.0,1.0416666666666667,0.0,0.0,2.083333333333333,1.0416666666666667,0.5,1,4,24.0,0.0,0.2083333333333333,0.1354166666666666,0.0833333333333333,0.1041666666666666,0.0208333333333333,0.15625,0.0625,0.5714285714285714,0.4285714285714285,1,4,5.0,7,0.75,3.8958333333333335,96,49,0.5104166666666666,5.001041558182322,3.307901623179612,27.32772140813135,103,3,1,0,1,0,2.0512820512820515,0.8533333333333347,1.1400000000000006,0.0518638573743923,0.0,1.0416666666666667,0.0,0.041666666666666664,1.5980108094611394,0.8771150644558171,0.1594952791929245
train,audio_683.wav,4.0,False,True,True,0.0,1.5037593984962403,1.5037593984962403,0.0,0.0,3.007518796992481,2.255639097744361,0.7518796992481203,0.0,9.022556390977444,6.015037593984962,0.5,8,10,13.6,0.0,0.1911764705882352,0.1764705882352941,0.1102941176470588,0.0808823529411764,0.0514705882352941,0.125,0.0808823529411764,0.0,1.0,0,1,4.1,10,1.2,4.368421052631579,133,70,0.5263157894736842,6.069769786668839,4.018098958333334,55.59531629075737,150,13,2,3,2,0,2.608530083777609,0.5538461538461547,1.3600000000000065,0.12056262558606849,2.18978102189781,1.4598540145985401,0.0,0.0364963503649635,2.280494592668501,0.9020828188118273,0.1830032914876938
train,audio_152.wav,3.0,False,True,True,0.0,0.0,0.0,0.8620689655172413,0.0,0.8620689655172413,0.8620689655172413,0.8620689655172413,0.0,3.4482758620689653,1.7241379310344829,0.5,2,2,58.0,0.0,0.1896551724137931,0.1034482758620689,0.0862068965517241,0.0344827586206896,0.0775862068965517,0.1551724137931034,0.1120689655172413,0.0769230769230769,0.9230769230769232,0,2,7.0,10,4.5,3.5,116,57,0.49137931034482757,5.292317138045979,3.270534112201473,26.32539630430927,123,3,1,1,1,0,2.1397220190197515,0.6866666666666686,1.0,0.03630595699682774,0.8547008547008547,0.8547008547008547,0.0,0.1111111111111111,1.9475756740307637,0.8554384567565219,0.013319984078407288
train,audio_134.wav,3.0,False,True,True,0.0,1.25,1.25,0.0,1.25,3.75,0.0,0.0,0.0,7.5,7.5,0.6,6,5,16.0,0.0,0.2375,0.1,0.1,0.125,0.05,0.1,0.025,0.8571428571428571,0.1428571428571428,0,4,5.2,10,0.6,4.5375,80,45,0.5625,5.031152949374526,3.604260762532552,36.754503506025856,96,4,3,0,0,0,1.983143282102132,1.1600000000000006,1.3800000000000008,0.1031569586482882,0.0,0.0,0.0,0.0125,1.7777777777777777,0.8903387838974595,0.47337856888771057
train,audio_12.wav,4.5,False,True,True,0.0,0.0,1.1111111111111112,0.0,0.0,1.1111111111111112,0.0,0.0,0.0,2.2222222222222223,2.2222222222222223,0.4,2,4,22.75,0.0,0.2637362637362637,0.1098901098901098,0.0329670329670329,0.0549450549450549,0.1318681318681318,0.0549450549450549,0.0659340659340659,0.0,1.0,1,3,4.5,6,1.5,4.477777777777778,90,59,0.6555555555555556,6.219146064997813,3.522919276975236,33.88319866663022,106,6,1,5,1,0,2.503953610964681,0.6833333333333331,1.0399999999999991,0.09752616555661273,5.2631578947368425,1.0526315789473684,0.0,0.07368421052631578,2.108300044385264,0.888611294642875,0.12028609961271286
train,audio_232.wav,3.0,False,True,True,0.0,0.0,0.0,0.0,0.0,5.970149253731344,0.0,0.0,0.0,5.970149253731344,5.970149253731344,0.6666666666666666,4,5,13.8,0.2,0.1739130434782608,0.1304347826086956,0.0869565217391304,0.0869565217391304,0.1014492753623188,0.144927536231884,0.1159420289855072,0.0,1.0,0,2,3.8,6,1.4,4.358208955223881,67,45,0.6716417910447762,5.497624996033735,3.946196039038969,51.73818200636362,83,3,1,2,0,1,1.2356733524355301,0.8599999999999999,1.2200000000000006,0.04416295789113316,2.898550724637681,0.0,1.4492753623188406,0.10144927536231885,1.1494252873563218,0.853139462361561,0.00029226441984064877
train,audio_36.wav,3.0,False,True,True,1.1764705882352942,0.0,0.0,0.0,0.0,1.1764705882352942,1.1764705882352942,0.0,0.0,3.5294117647058822,2.3529411764705883,0.4,2,5,17.0,0.0,0.2,0.0705882352941176,0.1176470588235294,0.1058823529411764,0.0823529411764705,0.1294117647058823,0.0588235294117647,0.8,0.2,0,2,5.6,7,1.2,4.494117647058824,85,55,0.6470588235294118,5.965587590013045,3.3913067626953124,29.70474397036976,100,8,1,0,0,2,2.314814814814815,0.6925000000000001,2.3200000000000003,0.13109323237103646,0.0,0.0,2.3529411764705883,0.03529411764705882,1.8863737239236573,0.9127098328488714,0.02864452823996544
train,audio_268.wav,5.0,False,True,True,0.0,0.0,0.0,0.0,0.0,0.0,0.0,0.0,0.0,0.0,0.0,0.0,0,4,16.5,0.0,0.303030303030303,0.1818181818181818,0.0757575757575757,0.0303030303030303,0.0303030303030303,0.0909090909090909,0.0909090909090909,0.0,1.0,0,2,6.0,8,0.5,4.461538461538462,65,53,0.8153846153846154,6.573840933228048,3.6971553802490233,40.332410651143135,80,6,0,0,2,0,1.7259691980881573,0.5200000000000001,0.7999999999999972,0.07650809220205985,0.0,3.076923076923077,0.0,0.03076923076923077,1.081890812250333,0.9158420958198034,0.44562608003616333
train,audio_68.wav,2.0,False,True,True,0.0,0.0,0.0,0.0,0.0,1.818181818181818,0.0,0.0,0.0,1.818181818181818,1.818181818181818,0.25,1,4,13.75,0.25,0.2545454545454545,0.0727272727272727,0.0909090909090909,0.109090909090909,0.0181818181818181,0.0727272727272727,0.0727272727272727,0.2,0.8,0,2,4.0,6,0.5,3.963636363636364,55,29,0.5272727272727272,3.910359202286804,4.027378690415534,56.11362710424832,69,7,2,4,0,1,1.1748307447232178,0.8285714285714285,2.3200000000000003,0.1035344519814352,6.779661016949152,0.0,1.694915254237288,0.0847457627118644,0.9972954699121028,0.8422788653712151,0.2555437684059143
train,audio_729.wav,3.0,False,True,True,0.0,0.0,0.0,0.0,0.0,1.4285714285714286,0.0,0.0,0.0,1.4285714285714286,1.4285714285714286,0.2,1,4,17.75,0.0,0.2816901408450704,0.1126760563380281,0.0704225352112676,0.0704225352112676,0.056338028169014,0.0845070422535211,0.0985915492957746,0.1428571428571428,0.8571428571428571,0,2,3.5,7,0.5,3.914285714285714,70,46,0.6571428571428571,5.498051602938211,3.877893654696913,48.32232429961966,83,7,2,3,2,2,1.5246449456975775,0.8285714285714294,2.0600000000000023,0.10804769001490325,4.109589041095891,2.73972602739726,2.73972602739726,0.0273972602739726,1.2151540530277414,0.8917821082350326,0.23511843383312225
train,audio_247.wav,4.5,False,True,True,0.0,0.0,2.9702970297029703,0.99009900990099,0.0,0.0,0.0,0.99009900990099,0.0,4.950495049504951,3.96039603960396,0.6,4,5,20.6,0.0,0.2524271844660194,0.1067961165048543,0.0679611650485436,0.0194174757281553,0.0388349514563106,0.1650485436893204,0.0776699029126213,0.9,0.1,1,3,7.6,13,0.8,4.178217821782178,101,64,0.6336633663366337,6.368238017343931,2.8828653608049666,17.865390699845342,112,6,1,0,0,1,2.332563510392609,0.8599999999999989,1.459999999999999,0.10647957078002462,0.0,0.0,0.9900990099009901,0.04950495049504951,1.9588828549262993,0.8977153667128912,0.19381266832351685
train,audio_224.wav,5.0,False,True,True,0.0,0.0,0.0,0.0,0.0,3.0303030303030303,0.0,0.0,0.0,3.0303030303030303,3.0303030303030303,0.5,2,4,16.5,0.25,0.2424242424242424,0.2272727272727272,0.0454545454545454,0.0,0.0757575757575757,0.1666666666666666,0.0909090909090909,0.0,1.0,0,1,4.5,7,2.0,4.4393939393939394,66,41,0.6212121212121212,5.046751130152642,3.3826994719328702,29.45016379650433,81,10,2,0,0,0,1.7506631299734747,0.7739999999999995,1.5600000000000023,0.17033450704225342,0.0,0.0,0.0,0.030303030303030304,1.2668918918918919,0.9308120495442188,0.3225841522216797
train,audio_425.wav,3.0,False,True,True,0.0,0.0,0.0,0.0,0.0,2.5210084033613445,0.8403361344537815,0.0,0.0,3.361344537815126,2.5210084033613445,1.0,3,5,25.0,0.0,0.176,0.112,0.072,0.016,0.064,0.216,0.128,0.4705882352941176,0.5294117647058824,0,2,4.4,7,1.8,3.53781512605042,119,53,0.44537815126050423,4.85850203424952,3.362011340237403,28.8471540095077,129,3,0,4,1,4,2.1746817538896743,0.3599999999999999,0.48,0.01873698820263705,3.252032520325203,0.8130081300813008,3.252032520325203,0.11382113821138211,2.0474513496220847,0.8484823033819354,0.026516973972320557
train,audio_392.wav,5.0,False,True,True,0.0,0.0,0.0,0.6756756756756757,0.0,0.6756756756756757,0.0,0.0,0.0,1.351351351351351,1.351351351351351,0.4,2,4,37.75,0.0,0.1655629139072847,0.1854304635761589,0.086092715231788,0.0993377483443708,0.0794701986754966,0.0993377483443708,0.086092715231788,0.0769230769230769,0.9230769230769232,0,3,8.75,16,5.5,4.033783783783784,148,69,0.46621621621621623,5.671765062034827,2.7125715090904707,15.06797316784376,162,5,3,2,0,0,2.834467120181406,1.14,1.540000000000001,0.09723643807574206,1.3333333333333333,0.0,0.0,0.06,2.4942346804625557,0.92390933106731,0.001365081057883799
train,audio_615.wav,4.0,False,True,True,0.0,0.0,0.0,0.0,0.0,1.6129032258064515,0.0,0.0,0.0,1.6129032258064515,1.6129032258064515,0.1111111111111111,2,9,14.11111111111111,0.0,0.1968503937007874,0.1181102362204724,0.0629921259842519,0.0866141732283464,0.0944881889763779,0.1811023622047244,0.0708661417322834,0.0,1.0,0,2,4.555555555555555,7,1.3333333333333333,3.879032258064516,124,63,0.5080645161290323,5.65756701384341,2.9049180218962585,18.26374636354348,147,13,3,3,2,1,2.5844525844525847,0.7215384615384616,1.96,0.16028708133971295,2.3622047244094486,1.5748031496062993,0.7874015748031497,0.03937007874015748,2.1140351333496326,0.9068046098198709,0.0003751492768060416
train,audio_245.wav,3.5,False,True,True,1.0101010101010102,0.0,0.0,1.0101010101010102,0.0,2.0202020202020203,1.0101010101010102,0.0,0.0,5.05050505050505,4.040404040404041,1.0,4,2,51.5,0.0,0.116504854368932,0.1359223300970873,0.029126213592233,0.0679611650485436,0.0970873786407767,0.2233009708737864,0.0970873786407767,0.1538461538461538,0.8461538461538461,1,5,8.0,10,5.5,3.64,99,59,0.5959595959595959,5.929723110029351,3.338130202248832,28.1664119440842,107,2,0,0,2,3,1.6963673749143249,0.33999999999999986,0.41999999999999993,0.011517615176151757,0.0,2.0202020202020203,3.0303030303030303,0.050505050505050504,1.6478029294274301,0.9004216691610789,0.1934310346841812
train,audio_271.wav,3.5,False,True,True,0.0,0.0,0.0,0.0,0.0,2.3529411764705883,4.705882352941177,0.0,0.0,7.0588235294117645,2.3529411764705883,0.6,2,4,21.25,0.0,0.2941176470588235,0.1058823529411764,0.0941176470588235,0.0941176470588235,0.1176470588235294,0.0352941176470588,0.0588235294117647,0.0,1.0,0,2,4.5,7,0.75,4.6,85,53,0.6235294117647059,5.7486571321943885,4.199699070142663,66.66626615205217,92,4,3,0,0,0,1.6745468873128446,1.7999999999999998,3.3399999999999963,0.12422360248447203,0.0,0.0,0.0,0.07058823529411765,1.414780292942743,0.8551006583168226,0.03020092472434044
train,audio_321.wav,2.0,False,True,True,0.0,0.7692307692307693,0.0,0.0,0.7692307692307693,0.7692307692307693,3.076923076923077,0.0,0.0,5.384615384615385,2.3076923076923075,0.8,3,5,26.6,0.0,0.1654135338345864,0.18796992481203,0.0451127819548872,0.0451127819548872,0.0827067669172932,0.2180451127819548,0.075187969924812,0.0,1.0,1,3,6.0,10,3.4,3.746153846153846,130,70,0.5384615384615384,6.139406135149205,3.555042613636364,34.98931095769887,143,10,2,1,0,0,2.7463312368972743,0.8340000000000002,2.9800000000000004,0.14882226980728053,0.7633587786259542,0.0,0.0,0.04580152671755725,2.18061891707718,0.8887394200583906,0.061562176793813705
train,audio_5043.wav,0.0,True,True,True,0.0,0.0,0.0,0.0,0.0,1.709401709401709,0.0,0.0,0.0,1.709401709401709,1.709401709401709,0.4,2,5,23.6,0.0,0.1949152542372881,0.1525423728813559,0.0508474576271186,0.0084745762711864,0.0847457627118644,0.1779661016949152,0.0508474576271186,0.1818181818181818,0.8181818181818182,3,3,6.8,8,2.8,3.555555555555556,117,57,0.48717948717948717,5.269651864139676,3.472864389419556,32.22892655235334,128,7,3,0,3,0,2.6011560693641624,1.5971428571428579,5.460000000000001,0.19907407407407418,0.0,2.5641025641025643,0.0,0.49572649572649574,1.9475756740307637,0.5346126505452343,0.04555990546941757
train,audio_187.wav,5.0,False,True,True,0.0,0.0,0.0,0.0,0.0,3.4482758620689653,0.6896551724137931,0.0,0.0,4.137931034482759,3.4482758620689653,0.4285714285714285,5,7,21.0,0.1428571428571428,0.1224489795918367,0.1156462585034013,0.1360544217687075,0.0884353741496598,0.1020408163265306,0.1496598639455782,0.0952380952380952,0.8,0.2,0,4,5.142857142857143,7,1.0,3.958620689655172,145,90,0.6206896551724138,7.474093186836597,3.4121578998447206,30.330624141536337,161,10,2,1,1,1,2.7751378065006653,0.6090000000000003,1.2699999999999996,0.10374787052810908,0.684931506849315,0.684931506849315,0.684931506849315,0.06164383561643835,2.43030557763453,0.9290939379126242,0.1197436973452568
train,audio_221.wav,4.0,False,True,True,0.0,0.0,0.0,0.0,0.0,1.4184397163120568,0.0,0.0,0.0,1.4184397163120568,1.4184397163120568,0.4,2,4,36.0,0.0,0.125,0.0972222222222222,0.1388888888888889,0.0694444444444444,0.0833333333333333,0.1597222222222222,0.0902777777777777,0.5625,0.4375,0,3,9.25,14,3.0,3.98581560283688,141,87,0.6170212765957447,7.326721713278715,2.9861554545740927,19.809377854208226,155,4,2,0,0,0,2.6745068285280724,1.2249999999999983,2.360000000000001,0.08503991669559169,0.0,0.0,0.0,0.0425531914893617,2.3470759345648546,0.9376694033402361,0.16950726509094238
train,audio_219.wav,5.0,False,True,True,0.6666666666666666,0.0,0.0,0.0,0.0,1.3333333333333333,0.6666666666666666,0.0,0.0,2.6666666666666665,2.0,0.25,3,8,18.875,0.0,0.1920529801324503,0.1258278145695364,0.0596026490066225,0.0463576158940397,0.0794701986754966,0.1920529801324503,0.0463576158940397,0.8235294117647058,0.1764705882352941,0,3,5.5,7,1.75,3.718120805369128,150,84,0.56,6.858571279792899,3.4382408785532754,31.13214474720485,166,11,4,0,0,0,3.192848020434227,0.9090909090909084,1.8000000000000043,0.17550017550017538,0.0,0.0,0.0,0.03333333333333333,2.496889292090271,0.9194348751505216,0.18300263583660126
train,audio_601.wav,2.0,False,True,True,0.7633587786259542,0.0,0.0,0.7633587786259542,0.0,1.5267175572519085,0.7633587786259542,0.0,0.0,3.816793893129771,3.053435114503817,0.75,4,2,66.0,0.0,0.1969696969696969,0.0757575757575757,0.0681818181818181,0.0303030303030303,0.0984848484848484,0.1515151515151515,0.1666666666666666,0.25,0.75,0,3,6.5,7,2.0,4.091603053435114,131,63,0.48091603053435117,5.504335556964539,4.065127630303376,58.27234536507604,137,2,1,0,0,0,2.241615331964408,0.7200000000000024,1.1200000000000045,0.02404809619238485,0.0,0.0,0.0,0.03816793893129771,2.18061891707718,0.8718526900838349,0.04057178646326065
train,audio_100.wav,2.5,False,True,True,0.0,0.970873786407767,0.0,0.0,0.0,1.941747572815534,2.912621359223301,0.0,0.0,5.825242718446602,2.912621359223301,1.0,3,1,109.0,0.0,0.2018348623853211,0.018348623853211,0.073394495412844,0.1192660550458715,0.110091743119266,0.091743119266055,0.091743119266055,0.1111111111111111,0.8888888888888888,1,4,9.0,9,7.0,3.83495145631068,103,50,0.4854368932038835,4.926646390821466,4.018104360884979,55.5956166481362,119,3,0,1,4,1,2.44246124941287,0.293333333333333,0.3200000000000003,0.02024850437183615,0.9615384615384616,3.8461538461538463,0.9615384615384616,0.0673076923076923,2.30803373280071,0.8673009662888944,0.03236394003033638
train,audio_227.wav,4.5,False,True,True,0.819672131147541,0.0,0.0,0.0,0.0,1.639344262295082,0.0,0.0,0.0,2.459016393442623,2.459016393442623,0.4,3,5,24.4,0.0,0.2704918032786885,0.1557377049180328,0.0901639344262295,0.0655737704918032,0.0245901639344262,0.081967213114754,0.0737704918032786,0.2,0.8,0,2,5.4,9,2.0,4.770491803278689,122,87,0.7131147540983607,7.876609905699112,3.7902058346170775,44.26551071277687,142,11,2,2,1,0,2.743362831858406,0.6309090909090898,1.1599999999999966,0.13310318373609487,1.6129032258064515,0.8064516129032258,0.0,0.07258064516129033,2.243338956756928,0.8821013036424354,0.008229540660977364
train,audio_411.wav,2.0,False,True,True,1.1764705882352942,0.0,0.0,0.0,0.0,5.882352941176471,1.1764705882352942,0.0,0.0,8.235294117647058,7.0588235294117645,0.6,6,5,17.6,0.0,0.1818181818181818,0.1136363636363636,0.1136363636363636,0.0681818181818181,0.034090909090909,0.1477272727272727,0.1136363636363636,0.1428571428571428,0.8571428571428571,0,2,4.2,6,0.8,4.352941176470588,85,53,0.6235294117647059,5.7486571321943885,4.421037902832032,83.18257600115344,100,6,3,0,7,0,1.7849643007139862,1.626666666666667,3.0,0.17009410944579997,0.0,8.235294117647058,0.0,0.07058823529411765,1.414905404210384,0.8282550601690424,0.06671600788831711
train,audio_28.wav,3.0,False,True,True,0.8620689655172413,0.0,0.8620689655172413,0.0,0.0,1.7241379310344829,0.0,0.0,0.0,3.4482758620689653,3.4482758620689653,0.6666666666666666,4,1,118.0,0.0,0.1694915254237288,0.1610169491525423,0.0338983050847457,0.0338983050847457,0.0677966101694915,0.2203389830508474,0.0762711864406779,0.391304347826087,0.6086956521739131,0,2,9.0,9,13.0,3.836206896551724,116,54,0.46551724137931033,5.0137741307804005,3.042606842823518,20.9598110123014,156,7,0,2,4,1,2.951303492375799,0.4657142857142858,0.6799999999999997,0.07422586520947178,1.6666666666666667,3.3333333333333335,0.8333333333333334,0.041666666666666664,2.721416270384046,0.9098405663544933,0.11545183509588242
train,audio_653.wav,2.5,False,True,True,0.0,0.0,1.5625,0.0,0.0,1.5625,0.0,1.5625,0.0,4.6875,3.125,1.0,2,1,65.0,0.0,0.1846153846153846,0.0923076923076923,0.0769230769230769,0.0615384615384615,0.0615384615384615,0.1846153846153846,0.0769230769230769,0.875,0.125,0,3,9.0,9,4.0,3.96875,64,43,0.671875,5.375,3.407835407021605,30.19980317639297,81,8,2,1,0,1,2.57120253164557,0.5675000000000008,1.0600000000000023,0.15224681421864542,1.5384615384615385,0.0,1.5384615384615385,0.16923076923076924,1.0819864855726464,0.8377878620074346,0.15198343992233276
train,audio_29.wav,3.0,False,True,True,0.847457627118644,0.0,0.0,0.0,0.0,0.847457627118644,0.847457627118644,0.0,0.0,2.542372881355932,1.694915254237288,0.5,2,7,17.714285714285715,0.0,0.1774193548387097,0.1532258064516129,0.0483870967741935,0.0806451612903225,0.064516129032258,0.2096774193548387,0.0483870967741935,0.0,1.0,0,1,5.142857142857143,9,2.0,3.8135593220338975,118,71,0.6016949152542372,6.536079787078096,3.254962921142578,25.918653482124764,144,5,1,0,5,0,2.9767911200807258,0.6439999999999998,1.3399999999999999,0.07512832477834808,0.0,4.237288135593221,0.0,0.00847457627118644,2.6187305814469597,0.9331351712682826,0.3524625301361084
train,audio_470.wav,2.5,False,True,True,1.0638297872340423,0.0,2.127659574468085,0.0,0.0,6.382978723404255,0.0,0.0,0.0,9.574468085106384,9.574468085106384,1.0,9,2,47.0,0.0,0.3191489361702128,0.0957446808510638,0.0957446808510638,0.0319148936170212,0.0425531914893617,0.0425531914893617,0.0957446808510638,0.0,1.0,1,3,7.5,8,2.0,4.5212765957446805,94,46,0.48936170212765956,4.744537732790449,4.210853992808949,67.41408637943088,110,15,2,4,4,1,2.3069679849340874,0.7906666666666673,2.9600000000000044,0.21825542878174475,4.081632653061225,4.081632653061225,1.0204081632653061,0.17346938775510204,1.6313027013249133,0.7463227340533417,0.062189165502786636
train,audio_356.wav,3.5,False,True,True,0.0,0.0,0.0,0.0,0.0,0.0,0.0,0.0,0.0,0.0,0.0,0.0,0,4,23.75,0.0,0.2210526315789473,0.1473684210526315,0.0947368421052631,0.0631578947368421,0.031578947368421,0.1473684210526315,0.0526315789473684,0.6363636363636364,0.3636363636363636,0,2,6.0,8,1.25,3.925531914893617,94,69,0.7340425531914894,7.116806599185674,3.708867165894635,40.80755214583933,113,7,0,0,0,0,1.9542619542619541,0.41142857142857103,0.6000000000000014,0.056492742251863425,0.0,0.0,0.0,0.06382978723404255,1.5901293566002526,0.897751911933012,0.25854701548814774
train,audio_365.wav,2.0,False,True,True,0.0,0.0,0.0,0.0,0.0,3.75,0.0,0.0,0.0,3.75,3.75,0.2,3,10,8.3,0.3,0.1927710843373494,0.108433734939759,0.0963855421686747,0.0843373493975903,0.0843373493975903,0.1927710843373494,0.036144578313253,0.1666666666666666,0.8333333333333334,1,3,2.9,6,0.4,3.475,80,42,0.525,4.695742752749558,2.968024429009885,19.4534499374182,98,12,2,1,0,3,3.3278553820870997,2.796666666666667,25.740000000000002,0.5796200345423144,1.2345679012345678,0.0,3.7037037037037037,0.2222222222222222,1.3483216204828363,0.7791125011388902,0.07262330502271652
train,audio_58.wav,2.5,False,True,True,0.0,0.0,0.0,0.0,1.1904761904761905,2.380952380952381,1.1904761904761905,0.0,0.0,4.761904761904762,3.571428571428572,0.2857142857142857,3,7,12.142857142857142,0.2857142857142857,0.188235294117647,0.1411764705882353,0.0470588235294117,0.0823529411764705,0.0941176470588235,0.1529411764705882,0.0352941176470588,0.5454545454545454,0.4545454545454545,1,5,4.142857142857143,9,1.0,4.464285714285714,84,60,0.7142857142857143,6.546536707079771,3.3418104034109213,28.270260981516937,97,9,0,0,1,0,2.1772939346811815,0.5777777777777772,0.879999999999999,0.11877569666514379,0.0,1.1904761904761905,0.0,0.05952380952380952,1.8641810918774966,0.9001162600304399,0.12152661383152008
train,audio_708.wav,3.0,False,True,True,0.0,0.0,0.0,0.0,0.0,2.150537634408602,1.075268817204301,0.0,0.0,3.225806451612903,2.150537634408602,0.5,2,4,23.5,0.0,0.202127659574468,0.1382978723404255,0.0531914893617021,0.0425531914893617,0.0531914893617021,0.1489361702127659,0.1063829787234042,0.0,1.0,0,1,5.5,10,1.5,3.774193548387097,93,60,0.6451612903225806,6.221710168382551,3.714159919220267,41.02410903873959,103,13,6,4,2,2,2.137505509034816,1.010769230769229,1.9800000000000004,0.224538619275461,4.123711340206185,2.0618556701030926,2.0618556701030926,0.10309278350515463,1.6146567553930262,0.8473215383818354,0.003455887781456113
train,audio_319.wav,4.5,False,True,True,0.0,0.0,0.8333333333333334,0.0,0.0,0.8333333333333334,0.8333333333333334,0.0,0.0,2.5,1.6666666666666667,0.4,2,6,21.33333333333333,0.0,0.1484375,0.15625,0.078125,0.0234375,0.109375,0.1796875,0.09375,0.125,0.875,0,4,5.666666666666667,8,1.8333333333333333,3.9166666666666665,120,78,0.65,7.12039324756716,2.812988740160949,16.659635207008602,133,2,0,0,0,0,2.1897810218978098,0.5399999999999974,0.7999999999999972,0.01932712956334994,0.0,0.0,0.0,0.05,1.9975135118264242,0.9344561776767174,0.22208648920059204
train,audio_5067.wav,0.0,True,True,True,0.0,0.0,0.0,0.0,0.0,1.7241379310344829,0.0,0.0,0.0,1.7241379310344829,1.7241379310344829,0.1666666666666666,1,6,10.0,0.0,0.1333333333333333,0.1,0.05,0.1333333333333333,0.1333333333333333,0.2,0.0333333333333333,0.375,0.625,1,4,3.8333333333333335,9,1.0,4.0,58,40,0.6896551724137931,5.252257314388902,3.591329381085824,36.28227685327704,69,9,4,1,1,1,2.2348484848484853,1.6044444444444446,7.899999999999999,0.35357492654260536,1.694915254237288,1.694915254237288,1.694915254237288,0.4067796610169492,1.3132506152384371,0.5915991650041887,0.03841228038072586
train,audio_135.wav,4.0,False,True,True,0.0,0.0,0.0,0.0,0.0,1.25,0.0,0.0,0.0,1.25,1.25,0.25,1,4,20.25,0.0,0.2469135802469135,0.1851851851851851,0.0864197530864197,0.0246913580246913,0.0864197530864197,0.0864197530864197,0.1111111111111111,0.0,1.0,0,2,6.0,7,1.0,5.375,80,62,0.775,6.931810730249348,3.0060631536668345,20.207688557890165,93,12,0,0,0,0,2.4330900243309013,0.5283333333333342,0.6799999999999997,0.1616522182559921,0.0,0.0,0.0,0.0375,1.7754105636928539,0.9357612900435924,0.28508612513542175
train,audio_612.wav,4.0,False,True,True,0.0,0.0,2.898550724637681,0.0,0.0,1.4492753623188406,0.0,0.0,0.0,4.3478260869565215,4.3478260869565215,0.3333333333333333,3,3,23.33333333333333,0.0,0.3285714285714285,0.1142857142857142,0.1285714285714285,0.0285714285714285,0.0428571428571428,0.0428571428571428,0.1,0.0,1.0,0,1,7.0,11,0.6666666666666666,5.550724637681159,69,54,0.782608695652174,6.500836066631537,3.590658950805664,36.257960268439646,80,8,2,0,1,0,1.8380394246137455,0.76,1.4000000000000021,0.13938560293443375,0.0,1.4492753623188406,0.0,0.014492753623188406,1.3078755670126299,0.9244948394488597,0.40630464255809784
train,audio_373.wav,5.0,False,True,True,0.0,0.0,0.0,0.0,0.0,0.847457627118644,0.847457627118644,0.0,0.0,1.694915254237288,0.847457627118644,0.2,1,9,13.555555555555555,0.0,0.1639344262295081,0.180327868852459,0.0655737704918032,0.1229508196721311,0.1065573770491803,0.1557377049180328,0.0327868852459016,0.0,1.0,0,2,3.111111111111111,6,1.4444444444444444,4.491525423728813,118,84,0.711864406779661,7.732826790345916,4.165378049123201,64.41703064271842,139,11,1,0,0,0,2.270103886110042,0.6272727272727271,1.0199999999999996,0.11718749999999997,0.0,0.0,0.0,0.07627118644067797,1.9663164165549678,0.9013704675865375,0.1637675017118454
train,audio_680.wav,5.0,False,True,True,0.0,0.9433962264150944,0.9433962264150944,0.0,0.0,0.9433962264150944,0.0,0.0,0.0,2.830188679245283,2.830188679245283,0.25,3,12,8.833333333333334,0.0,0.2547169811320754,0.2075471698113207,0.0377358490566037,0.0660377358490566,0.0471698113207547,0.1886792452830188,0.0377358490566037,0.0,1.0,0,2,3.5,6,0.3333333333333333,4.19811320754717,106,63,0.5943396226415094,6.119100932850764,2.8212458092396653,16.797764452305074,127,15,5,0,3,0,2.8266666666666667,1.0573333333333332,2.1999999999999993,0.2972263868065967,0.0,2.830188679245283,0.0,0.02830188679245283,1.7644702687800082,0.954382984799409,0.4081990718841553
train,audio_63.wav,4.0,False,True,True,0.0,0.0,0.9345794392523364,0.9345794392523364,0.0,0.9345794392523364,0.9345794392523364,0.0,0.0,3.7383177570093458,2.803738317757009,0.5,3,4,27.25,0.0,0.1559633027522936,0.1559633027522936,0.0458715596330275,0.018348623853211,0.0458715596330275,0.1651376146788991,0.091743119266055,0.0,1.0,0,2,6.25,8,1.25,3.6728971962616814,107,62,0.5794392523364486,5.9937662320831135,2.9680343746214874,19.453643414837725,129,7,0,0,2,0,2.732379979570991,0.514285714285714,0.7399999999999984,0.08419083255378854,0.0,1.8691588785046729,0.0,0.009345794392523364,2.377143872745046,0.9537498805196115,0.1658898890018463
train,audio_700.wav,2.5,False,True,True,0.0,0.0,0.0,0.0,0.0,2.727272727272727,0.0,0.9090909090909092,0.0,3.636363636363636,2.727272727272727,0.5,3,3,36.66666666666666,0.0,0.1454545454545454,0.1272727272727272,0.0636363636363636,0.1,0.0727272727272727,0.2181818181818181,0.0909090909090909,1.0,0.0,0,1,6.333333333333333,7,4.333333333333333,3.709090909090909,110,61,0.5545454545454546,5.816121794398113,3.527794189453125,34.04877956287368,125,12,3,1,1,0,2.224448897795591,0.8266666666666665,2.4599999999999973,0.1658308258107656,0.9009009009009009,0.9009009009009009,0.0,0.07207207207207207,1.8476999984394424,0.8870350305825578,5.1339666242711246e-05
train,audio_429.wav,4.0,False,True,True,0.0,0.0,0.0,0.0,0.7407407407407407,1.4814814814814814,0.0,0.7407407407407407,0.0,2.962962962962963,2.2222222222222223,0.6,3,3,45.0,0.0,0.2296296296296296,0.1185185185185185,0.0444444444444444,0.0518518518518518,0.0888888888888888,0.1111111111111111,0.1037037037037037,0.1428571428571428,0.8571428571428571,5,4,7.0,8,3.6666666666666665,4.274074074074074,135,73,0.5407407407407407,6.282839650514254,4.181748519405242,65.4802466572277,155,6,1,0,0,2,2.9309596178897097,0.7933333333333339,2.200000000000003,0.0936639118457301,0.0,0.0,1.4814814814814814,0.17777777777777778,2.2472027008047273,0.8019486921161045,0.04514966905117035
train,audio_745.wav,5.0,False,True,True,0.0,0.0,0.0,0.0,0.0,0.8547008547008547,0.0,0.0,0.0,0.8547008547008547,0.8547008547008547,0.125,1,7,16.857142857142858,0.0,0.2288135593220339,0.0762711864406779,0.1101694915254237,0.1440677966101695,0.0677966101694915,0.1271186440677966,0.0762711864406779,0.8666666666666667,0.1333333333333333,0,2,4.0,7,0.7142857142857143,4.572649572649572,117,73,0.6239316239316239,6.748852387406954,3.711329868861607,40.90817287421231,140,9,2,0,0,0,2.2815158546017016,0.8288888888888889,2.5199999999999996,0.1260561000337952,0.0,0.0,0.0,0.0423728813559322,1.9333268479501924,0.9015865998584671,0.12782591581344604
train,audio_731.wav,2.0,False,True,True,0.0,0.0,0.0,2.0,0.0,2.0,0.0,0.0,0.0,4.0,4.0,0.25,2,4,12.5,0.0,0.22,0.16,0.02,0.02,0.06,0.1,0.06,0.2,0.8,0,3,4.75,10,0.5,4.24,50,34,0.68,4.808326112068523,3.4138240107783564,30.38120044721081,54,4,4,0,0,0,1.0670081092616306,1.3800000000000003,1.8200000000000003,0.10538373424971366,0.0,0.0,0.0,0.04,0.8331849222690542,0.8647993436455726,0.15383462607860565
train,audio_461.wav,5.0,False,True,True,0.0,0.7874015748031497,0.0,0.7874015748031497,0.0,2.3622047244094486,0.0,0.0,0.0,3.937007874015748,3.937007874015748,0.5714285714285714,5,7,18.285714285714285,0.0,0.25,0.1640625,0.0390625,0.0390625,0.0390625,0.1484375,0.0546875,0.0,1.0,0,2,4.857142857142857,8,1.8571428571428568,4.692913385826771,127,87,0.6850393700787402,7.720001631920191,3.0995029873318143,22.186921359679463,144,12,0,0,0,1,2.417205938332699,0.4916666666666673,0.8399999999999999,0.10095824777549636,0.0,0.0,0.7874015748031497,0.023622047244094488,2.1140351333496326,0.9403498714833748,0.3115999698638916
train,audio_79.wav,2.0,False,True,True,1.351351351351351,0.0,0.0,0.0,0.0,0.0,1.351351351351351,0.0,0.0,2.702702702702702,1.351351351351351,0.5,1,5,15.0,0.0,0.16,0.1333333333333333,0.04,0.0533333333333333,0.12,0.2266666666666666,0.0666666666666666,1.0,0.0,0,2,3.6,5,1.2,3.6621621621621614,74,44,0.5945945945945946,5.114896104728048,3.547776012885861,34.735979149719654,82,8,1,3,0,0,2.5395778364116093,0.9549999999999997,3.859999999999996,0.20126448893572174,3.896103896103896,0.0,0.0,0.09090909090909091,1.708832667554372,0.8515330570471751,0.03532303869724274
train,audio_5038.wav,0.0,True,True,True,0.0,0.0,0.0,0.0,0.0,0.8130081300813008,0.0,0.0,0.0,0.8130081300813008,0.8130081300813008,0.125,1,8,15.375,0.125,0.2357723577235772,0.1707317073170731,0.032520325203252,0.032520325203252,0.032520325203252,0.1382113821138211,0.073170731707317,0.1333333333333333,0.8666666666666667,0,2,4.75,8,1.25,4.089430894308944,123,80,0.6504065040650406,7.213357077339458,4.007115460824275,54.98802646106238,138,12,1,0,0,0,2.4404761904761907,0.6233333333333338,1.7000000000000028,0.12923289564616458,0.0,0.0,0.0,0.36585365853658536,2.0474513496220847,0.5933711942800177,0.03613785281777382
train,audio_760.wav,4.0,False,True,True,0.0,0.0,0.0,2.238805970149253,0.746268656716418,0.0,0.0,0.0,0.0,2.985074626865672,2.985074626865672,0.5,4,11,12.363636363636363,0.0,0.1323529411764706,0.125,0.088235294117647,0.1102941176470588,0.0661764705882353,0.1764705882352941,0.0661764705882353,0.9375,0.0625,0,2,4.0,10,0.5454545454545454,3.850746268656717,134,70,0.5223880597014925,6.0470789790695205,2.992955322265625,19.94453801748564,150,7,0,0,0,0,2.4545454545454546,0.5628571428571424,0.8399999999999963,0.06684764166949435,0.0,0.0,0.0,0.014814814814814815,2.2472027008047273,0.9316971204898975,0.2707304060459137
train,audio_72.wav,2.0,False,True,True,0.0,0.0,0.0,0.0,0.0,1.9230769230769231,1.9230769230769231,0.0,0.0,3.8461538461538463,1.9230769230769231,1.0,2,1,108.0,0.0,0.1759259259259259,0.0648148148148148,0.1296296296296296,0.1018518518518518,0.1018518518518518,0.1388888888888889,0.0925925925925925,0.0666666666666666,0.9333333333333332,0,2,9.0,9,7.0,3.923076923076923,104,48,0.46153846153846156,4.706787243316417,3.5450936057350853,34.64292796723221,110,0,0,0,4,0,2.3657870791628755,0.0,0.0,0.0,0.0,3.8461538461538463,0.0,0.04807692307692308,2.30803373280071,0.8865962486284283,0.11980395764112473
train,audio_696.wav,5.0,False,True,True,0.0,0.0,0.0,2.459016393442623,0.0,0.0,0.819672131147541,0.0,0.0,3.278688524590164,2.459016393442623,0.375,3,8,16.375,0.0,0.1679389312977099,0.099236641221374,0.0763358778625954,0.099236641221374,0.1068702290076335,0.1221374045801526,0.0916030534351145,0.0,1.0,1,3,3.875,5,1.25,4.081967213114754,122,79,0.6475409836065574,7.152323937358964,3.22717891179078,25.208441328784247,141,5,2,3,0,1,2.50400641025641,1.0479999999999994,1.6999999999999993,0.09499637418419139,2.4,0.0,0.8,0.056,2.0807432414858584,0.9253657385632396,0.012092328630387783
train,audio_744.wav,4.0,False,True,True,0.0,0.0,0.0,1.639344262295082,0.0,0.0,0.0,0.0,0.0,1.639344262295082,1.639344262295082,0.3333333333333333,1,3,20.33333333333333,0.0,0.2622950819672131,0.0983606557377049,0.0163934426229508,0.0983606557377049,0.0491803278688524,0.0163934426229508,0.0327868852459016,0.0,1.0,0,1,5.0,6,0.0,4.213114754098361,61,42,0.6885245901639344,5.377548957181631,3.3728883657882465,29.162637893477868,67,5,1,0,0,0,1.883297313985798,0.7859999999999993,1.8299999999999983,0.10820484581497787,0.0,0.0,0.0,0.03278688524590164,1.3661603754701426,0.9435882812640706,0.14118045568466187
train,audio_662.wav,5.0,False,True,True,1.098901098901099,0.0,0.0,0.0,0.0,1.098901098901099,0.0,0.0,0.0,2.197802197802198,2.197802197802198,0.1666666666666666,2,6,15.833333333333334,0.0,0.2210526315789473,0.2,0.0526315789473684,0.0842105263157894,0.0631578947368421,0.1052631578947368,0.0736842105263157,0.0,1.0,4,2,4.833333333333333,12,1.3333333333333333,4.549450549450549,91,68,0.7472527472527473,7.128336889709045,3.6146415016867897,37.138029617878246,110,9,1,2,0,2,1.757369614512472,0.74888888888889,1.3000000000000007,0.11297351659403304,2.150537634408602,0.0,2.150537634408602,0.06451612903225806,1.5480729716654789,0.8951205663569938,0.15795351564884186
train,audio_570.wav,3.0,False,True,True,0.970873786407767,0.0,0.970873786407767,0.0,0.970873786407767,0.970873786407767,0.0,0.0,0.0,3.883495145631068,3.883495145631068,0.5,4,8,13.125,0.0,0.2571428571428571,0.1142857142857142,0.0571428571428571,0.1142857142857142,0.0857142857142857,0.0761904761904762,0.0,0.4444444444444444,0.5555555555555556,0,3,4.5,7,0.625,4.388349514563107,103,59,0.5728155339805825,5.81344274116933,3.620482397861168,37.35558372998058,122,11,6,1,0,0,2.346570397111913,1.1690909090909087,1.7800000000000011,0.22490381252186073,0.9615384615384616,0.0,0.0,0.09615384615384616,1.7311783769162343,0.8506266906535109,0.014441775158047676
train,audio_10.wav,3.0,False,True,True,5.405405405405405,0.0,0.0,1.351351351351351,0.0,0.0,0.0,0.0,0.0,6.756756756756757,6.756756756756757,0.5,5,2,37.0,0.0,0.1891891891891892,0.2162162162162162,0.0405405405405405,0.027027027027027,0.0135135135135135,0.1351351351351351,0.0405405405405405,0.1111111111111111,0.8888888888888888,0,2,8.0,9,3.5,3.77027027027027,74,47,0.6351351351351351,5.463639020959506,3.658763191916726,38.81330855907831,88,10,1,0,2,0,2.8265851795263557,0.8059999999999998,3.16,0.23539719626168218,0.0,2.7027027027027026,0.0,0.04054054054054054,2.0487264673311185,0.9180780298806526,0.2957931160926819
train,audio_628.wav,2.5,False,True,True,0.0,0.0,0.0,0.847457627118644,0.0,3.389830508474576,1.694915254237288,0.0,0.0,5.932203389830509,4.237288135593221,0.3333333333333333,5,6,20.0,0.1666666666666666,0.275,0.0916666666666666,0.1,0.0333333333333333,0.075,0.075,0.0833333333333333,0.5,0.5,0,3,4.666666666666667,8,1.6666666666666667,4.305084745762712,118,62,0.5254237288135594,5.707562630969605,3.99585390762544,54.37224968508568,142,20,3,3,2,1,2.7191011235955047,0.6389999999999993,1.4800000000000004,0.22311452513966457,2.479338842975207,1.6528925619834711,0.8264462809917356,0.12396694214876033,2.014159457758311,0.8085679586802944,0.0010248030303046107
train,audio_606.wav,3.5,False,True,True,0.0,0.0,0.819672131147541,0.819672131147541,0.0,1.639344262295082,0.0,0.0,0.0,3.278688524590164,3.278688524590164,0.5,4,5,25.2,0.0,0.1825396825396825,0.1111111111111111,0.0634920634920634,0.0714285714285714,0.0873015873015873,0.2063492063492063,0.0396825396825396,0.2666666666666666,0.7333333333333333,1,3,5.2,8,1.8,3.5245901639344264,122,61,0.5,5.522680508593631,3.0439846371644297,20.98870922462593,149,11,1,3,0,0,2.6161573880284634,0.7199999999999994,1.4600000000000009,0.14219030520646309,2.4,0.0,0.0,0.248,2.0807432414858584,0.7253361951708793,0.060205839574337006
train,audio_73.wav,4.0,False,True,True,0.0,0.819672131147541,0.819672131147541,0.0,0.0,1.639344262295082,0.0,0.0,0.0,3.278688524590164,3.278688524590164,0.75,4,2,61.0,0.0,0.2131147540983606,0.1229508196721311,0.081967213114754,0.0491803278688524,0.0983606557377049,0.1065573770491803,0.0737704918032786,0.0,1.0,4,2,10.5,11,6.0,3.877049180327869,122,62,0.5081967213114754,5.613216254636149,2.699450825535974,14.871562399575714,129,4,0,0,0,0,2.8992395437262357,0.589999999999999,0.8000000000000007,0.05310531053105302,0.0,0.0,0.0,0.04918032786885246,2.707501109631602,0.9191877587286176,0.08991535753011703
train,audio_605.wav,4.0,False,True,True,0.0,0.0,0.0,0.0,0.0,1.0638297872340423,1.0638297872340423,0.0,0.0,2.127659574468085,1.0638297872340423,0.3333333333333333,1,3,32.666666666666664,0.0,0.2244897959183673,0.1428571428571428,0.0714285714285714,0.0714285714285714,0.1020408163265306,0.1224489795918367,0.0816326530612244,0.0,1.0,0,1,7.0,11,2.6666666666666665,4.26595744680851,94,59,0.6276595744680851,6.085385352926881,3.720252846771816,41.27482899661038,106,6,1,3,0,0,2.223750573131591,1.110000000000001,3.6200000000000045,0.1324582338902149,3.0927835051546393,0.0,0.0,0.20618556701030927,1.6146567553930262,0.7673481377489749,0.00228115520440042
train,audio_106.wav,3.5,False,True,True,1.1363636363636365,1.1363636363636365,0.0,0.0,0.0,2.272727272727273,2.272727272727273,0.0,0.0,6.818181818181818,4.545454545454546,0.4,4,4,22.25,0.0,0.2247191011235955,0.1685393258426966,0.1011235955056179,0.0337078651685393,0.0674157303370786,0.0898876404494382,0.0561797752808988,0.0,1.0,0,1,6.5,10,1.5,4.556818181818182,88,58,0.6590909090909091,6.182820774312702,3.577782415574597,35.794076383739444,93,3,1,0,0,1,2.222222222222222,0.8666666666666659,1.7200000000000006,0.06161137440758288,0.0,0.0,1.1363636363636365,0.045454545454545456,1.9529516200621393,0.9121779031543569,0.10374485701322556
train,audio_306.wav,5.0,False,True,True,0.0,0.0,0.0,0.0,0.0,0.8064516129032258,0.0,0.0,0.0,0.8064516129032258,0.8064516129032258,0.1428571428571428,1,7,18.142857142857142,0.0,0.1732283464566929,0.0551181102362204,0.0944881889763779,0.0866141732283464,0.1417322834645669,0.1653543307086614,0.1023622047244094,0.4285714285714285,0.5714285714285714,0,3,4.857142857142857,7,1.0,3.75,124,60,0.4838709677419355,5.388159060803248,2.778410636338612,16.09342231003677,149,10,3,1,0,2,2.573075339645944,0.7559999999999988,1.4200000000000017,0.13466334164588506,0.8,0.0,1.6,0.008,2.0829623056726354,0.9556053539514542,0.17615588009357452
train,audio_75.wav,2.0,False,True,True,1.98019801980198,0.0,0.0,0.99009900990099,0.0,1.98019801980198,0.99009900990099,0.0,0.0,5.9405940594059405,4.950495049504951,0.75,5,3,34.0,0.0,0.1862745098039215,0.088235294117647,0.0784313725490196,0.088235294117647,0.088235294117647,0.1666666666666666,0.1176470588235294,0.1538461538461538,0.8461538461538461,0,3,4.666666666666667,7,2.0,4.138613861386139,101,62,0.6138613861386139,6.169230579301932,3.5407497240149457,34.49276955700527,115,6,0,2,0,0,2.5762881440720355,0.5066666666666665,0.8399999999999999,0.07066480706648068,1.941747572815534,0.0,0.0,0.04854368932038835,2.285841100754549,0.9179561744386806,0.019287845119833946
train,audio_550.wav,3.5,False,True,True,0.8,0.0,0.8,0.8,0.0,0.0,0.0,0.0,0.0,2.4,2.4,0.375,3,8,15.625,0.0,0.272,0.136,0.136,0.04,0.064,0.056,0.048,0.0,1.0,1,2,5.125,7,0.625,5.072,125,84,0.672,7.513188404399293,4.05565746410473,57.72310139040814,148,14,0,0,0,0,2.69454623841345,0.5621428571428565,0.740000000000002,0.14504238849981552,0.0,0.0,0.0,0.072,2.0807432414858584,0.8717244559004903,0.08098715543746948
train,audio_340.wav,5.0,False,True,True,0.0,1.0869565217391304,0.0,1.0869565217391304,0.0,1.0869565217391304,0.0,0.0,0.0,3.260869565217391,3.260869565217391,0.4,3,5,18.6,0.0,0.2365591397849462,0.1612903225806451,0.075268817204301,0.075268817204301,0.032258064516129,0.1612903225806451,0.064516129032258,0.0,1.0,0,2,5.8,11,1.2,4.586956521739131,92,62,0.6739130434782609,6.463946835769319,2.9792899700126263,19.67384266611772,99,4,1,1,0,0,1.6860043509789704,0.8200000000000007,1.3399999999999999,0.05612594113620813,1.075268817204301,0.0,0.0,0.053763440860215055,1.5480729716654789,0.9139627425866301,0.001224064501002431
train,audio_272.wav,3.0,False,True,True,2.5974025974025974,0.0,0.0,0.0,0.0,0.0,1.2987012987012987,0.0,0.0,3.896103896103896,2.5974025974025974,0.75,2,6,12.833333333333334,0.0,0.1688311688311688,0.1428571428571428,0.1038961038961039,0.0649350649350649,0.0389610389610389,0.1688311688311688,0.1038961038961039,0.6,0.4,0,2,3.8333333333333335,5,1.0,3.636363636363636,77,47,0.6103896103896104,5.356147093602983,3.278076898484003,26.52471390246737,84,6,0,2,0,1,2.17991169977925,0.6066666666666668,0.8399999999999999,0.09127382146439321,2.5316455696202533,0.0,1.2658227848101267,0.05063291139240506,1.7049378453038675,0.9334162643438653,0.2665547728538513
train,audio_518.wav,3.5,False,True,True,0.7092198581560284,2.127659574468085,1.4184397163120568,1.4184397163120568,0.7092198581560284,2.8368794326241136,2.127659574468085,0.0,0.0,11.347517730496454,9.21985815602837,1.0,13,5,28.2,0.0,0.2624113475177305,0.1205673758865248,0.0638297872340425,0.0354609929078014,0.0425531914893617,0.1205673758865248,0.1205673758865248,0.0,1.0,0,1,5.0,9,1.8,4.205673758865248,141,59,0.41843971631205673,4.968696334292462,4.118857187767551,61.48893179283418,146,3,1,0,4,0,2.5133689839572195,0.7666666666666669,1.740000000000002,0.03938356164383563,0.0,2.8368794326241136,0.0,0.11347517730496454,2.3470783763960483,0.7915029100584963,0.039947401732206345
train,audio_34.wav,2.0,False,True,True,1.1111111111111112,0.0,0.0,1.1111111111111112,0.0,2.2222222222222223,0.0,0.0,0.0,4.444444444444445,4.444444444444445,0.2307692307692307,4,9,10.444444444444445,0.1111111111111111,0.1489361702127659,0.1489361702127659,0.0425531914893617,0.0957446808510638,0.0851063829787234,0.1914893617021276,0.0319148936170212,0.5,0.5,0,2,3.333333333333333,6,0.5555555555555556,3.577777777777778,90,53,0.5888888888888889,5.586690532964137,2.971319875409526,19.5176634870174,124,21,1,1,1,0,3.035143769968051,0.48285714285714254,1.0199999999999996,0.24469111969111954,1.0526315789473684,1.0526315789473684,0.0,0.05263157894736842,2.1719250114311843,0.9010819768827213,0.035240571945905685
train,audio_87.wav,2.0,False,True,True,0.0,0.0,0.0,1.1363636363636365,0.0,3.409090909090909,1.1363636363636365,0.0,0.0,5.681818181818182,4.545454545454546,0.5,4,4,22.0,0.0,0.1818181818181818,0.1136363636363636,0.0681818181818181,0.0795454545454545,0.0681818181818181,0.1590909090909091,0.1363636363636363,1.0,0.0,0,2,5.25,9,0.75,3.988636363636364,88,39,0.4431818181818182,4.157413968934403,3.499795766977164,33.1086893804306,91,2,0,0,1,0,2.050326188257223,0.6200000000000001,0.7000000000000011,0.028079710144927543,0.0,1.1363636363636365,0.0,0.011363636363636364,1.9555555555555555,0.9158876301212744,0.33212292194366455
train,audio_211.wav,5.0,False,True,True,0.0,0.0,0.0,1.408450704225352,0.0,0.704225352112676,0.0,0.0,0.0,2.112676056338028,2.112676056338028,0.1,3,10,14.5,0.0,0.2620689655172414,0.1517241379310344,0.0482758620689655,0.0413793103448275,0.0689655172413793,0.1241379310344827,0.0344827586206896,0.0,1.0,0,2,5.5,11,0.9,4.408450704225352,142,75,0.528169014084507,6.293860187225168,3.373937482664571,29.1932489635375,169,12,2,0,2,0,2.8152260111023,0.6799999999999997,2.1600000000000037,0.13924914675767913,0.0,1.408450704225352,0.0,0.02112676056338028,2.3265434854734393,0.9513886461795216,0.3502980172634125
train,audio_431.wav,3.0,False,True,True,0.0,0.0,0.99009900990099,0.99009900990099,0.0,1.98019801980198,0.0,0.0,0.0,3.96039603960396,3.96039603960396,1.0,4,3,34.666666666666664,0.0,0.2115384615384615,0.1538461538461538,0.048076923076923,0.0288461538461538,0.048076923076923,0.1634615384615384,0.1153846153846153,0.0,1.0,0,2,4.666666666666667,7,1.3333333333333333,4.247524752475248,101,51,0.504950495049505,5.074689670070945,3.8938267812007616,49.09841637379304,119,11,0,1,1,1,1.9698725376593282,0.423636363636364,0.6799999999999997,0.08256555634301921,0.9803921568627451,0.9803921568627451,0.9803921568627451,0.06862745098039216,1.6978864850524606,0.8602137231067115,0.22418488562107086
train,audio_555.wav,5.0,False,True,True,0.0,0.0,0.0,0.8064516129032258,0.0,3.225806451612903,0.0,0.0,0.0,4.032258064516129,4.032258064516129,0.75,5,1,126.0,0.0,0.2063492063492063,0.1111111111111111,0.0793650793650793,0.0952380952380952,0.0238095238095238,0.0873015873015873,0.1031746031746031,0.0,1.0,1,3,11.0,11,6.0,4.330645161290323,124,70,0.5645161290322581,6.286185570937122,3.721508604107481,41.32669272321332,132,5,2,3,0,0,2.331130690161527,0.6519999999999999,1.2799999999999994,0.05645999307239348,2.3622047244094486,0.0,0.0,0.06299212598425197,2.1140351333496326,0.8796088541087907,0.01140541397035122
train,audio_648.wav,5.0,False,True,True,0.0,0.0,0.0,0.0,0.0,0.0,0.0,0.0,0.0,0.0,0.0,0.0,0,8,15.625,0.0,0.168,0.136,0.08,0.072,0.128,0.136,0.064,0.0555555555555555,0.9444444444444444,1,4,4.125,6,0.625,4.162601626016261,123,65,0.5284552845528455,5.8608526253383095,3.001620870240977,20.11811937108716,142,16,4,0,0,1,2.669270833333332,0.762499999999999,1.3999999999999968,0.20933424845573068,0.0,0.0,0.8130081300813008,0.016260162601626018,2.0474513496220847,0.9463458923789544,0.1077580451965332
train,audio_5051.wav,0.0,True,True,True,0.0,0.0,0.0,0.0,0.0,0.0,0.0,0.0,0.0,0.0,0.0,0.0,0,3,10.333333333333334,0.0,0.2258064516129032,0.1290322580645161,0.1612903225806451,0.032258064516129,0.064516129032258,0.1290322580645161,0.0967741935483871,0.3333333333333333,0.6666666666666666,0,2,2.333333333333333,4,0.6666666666666666,4.266666666666667,30,25,0.8333333333333334,4.564354645876384,4.856062995062934,128.51723181379165,36,3,3,0,0,0,2.013422818791945,5.9999999999999964,15.699999999999996,0.5471124620060788,0.0,0.0,0.0,0.4666666666666667,0.49937837795660606,0.5709980939786571,0.0017511894693598151
train,audio_422.wav,2.0,False,True,True,0.0,1.7699115044247788,0.0,1.7699115044247788,0.0,7.079646017699115,0.0,0.8849557522123894,0.0,11.50442477876106,10.619469026548671,1.0,12,5,22.6,0.0,0.2654867256637168,0.1592920353982301,0.0353982300884955,0.0619469026548672,0.0265486725663716,0.1150442477876106,0.0973451327433628,0.1666666666666666,0.8333333333333334,1,4,7.4,13,1.2,4.274336283185841,113,66,0.584070796460177,6.208757731331742,4.207599524295691,67.19504598133007,132,9,0,0,0,0,2.244735796583234,0.508888888888889,0.9000000000000021,0.08339402767662053,0.0,0.0,0.0,0.05309734513274336,1.8809918903032161,0.8770317025152983,0.058111343532800674
train,audio_627.wav,2.5,False,True,True,0.7194244604316546,1.4388489208633093,0.0,0.7194244604316546,0.0,2.158273381294964,0.7194244604316546,0.0,0.0,5.755395683453237,5.035971223021583,0.6,7,2,71.0,0.0,0.2464788732394366,0.1197183098591549,0.1056338028169014,0.0422535211267605,0.056338028169014,0.1690140845070422,0.0492957746478873,0.4210526315789473,0.5789473684210527,0,3,7.0,11,7.5,4.539568345323741,139,76,0.5467625899280576,6.44623586556778,4.089224732952354,59.6935952830407,162,11,1,5,0,0,2.6627218934911245,0.5072727272727273,1.0399999999999991,0.09353000335232987,3.4722222222222223,0.0,0.0,0.09722222222222222,2.397016214191709,0.8139216157842721,0.005214098375290632
train,audio_122.wav,5.0,False,True,True,0.0,0.8928571428571429,0.0,0.0,0.0,0.8928571428571429,0.0,0.0,0.0,1.7857142857142858,1.7857142857142858,0.3333333333333333,2,6,18.83333333333333,0.0,0.3451327433628318,0.0884955752212389,0.0530973451327433,0.0088495575221238,0.0884955752212389,0.0265486725663716,0.0884955752212389,0.0,1.0,0,2,5.166666666666667,8,0.6666666666666666,4.714285714285714,112,75,0.6696428571428571,7.08683386892301,3.14076806640625,23.12161897924184,125,7,0,0,0,0,2.8137450199203196,0.6771428571428582,0.8200000000000003,0.10556792873051242,0.0,0.0,0.0,0.02654867256637168,2.511111111111111,0.9215029251945802,0.014536741189658642
train,audio_88.wav,3.5,False,True,True,0.0,0.0,0.0,0.0,0.0,5.128205128205129,1.2820512820512822,0.0,0.0,6.410256410256411,5.128205128205129,1.0,4,2,39.5,0.0,0.2531645569620253,0.1518987341772152,0.0126582278481012,0.1392405063291139,0.050632911392405,0.1139240506329113,0.0759493670886076,0.0,1.0,0,2,7.0,8,1.5,5.141025641025641,78,51,0.6538461538461539,5.774612874137437,4.185033727575232,65.69571663659733,81,4,1,0,0,0,1.8669219722355193,0.7650000000000003,1.1600000000000001,0.06824264049955399,0.0,0.0,0.0,0.02564102564102564,1.7310252996005326,0.9343321327215586,0.3114365339279175
train,audio_165.wav,2.5,False,True,True,0.0,0.0,1.1363636363636365,1.1363636363636365,1.1363636363636365,5.681818181818182,0.0,0.0,0.0,9.090909090909092,9.090909090909092,0.5,8,5,17.8,0.0,0.2359550561797752,0.1348314606741573,0.0561797752808988,0.0561797752808988,0.0786516853932584,0.1685393258426966,0.0337078651685393,0.0,1.0,0,2,4.4,7,1.4,4.3977272727272725,88,51,0.5795454545454546,5.436618267068066,3.85645751953125,47.2975037626493,110,14,4,4,1,1,2.4351508734780305,1.0828571428571425,4.0,0.2863619191537589,4.3478260869565215,1.0869565217391304,1.0869565217391304,0.14130434782608695,1.531427025733592,0.787502107338683,0.012572397477924824
train,audio_276.wav,3.5,False,True,True,0.0,1.818181818181818,0.0,0.0,0.0,0.9090909090909092,1.818181818181818,0.0,0.9090909090909092,5.454545454545454,2.727272727272727,0.6666666666666666,3,1,112.0,0.0,0.1517857142857142,0.1339285714285714,0.0982142857142857,0.0803571428571428,0.0535714285714285,0.1875,0.0803571428571428,0.2727272727272727,0.7272727272727273,0,3,9.0,9,12.0,3.836363636363637,110,66,0.6,6.292853089020909,3.904907476706583,49.645486335774926,122,5,0,1,0,1,1.984268859492313,0.5799999999999994,0.7400000000000002,0.04928619986403801,0.9009009009009009,0.0,0.9009009009009009,0.12612612612612611,1.8476999984394424,0.8334943011617036,0.002642517676576972
train,audio_746.wav,5.0,False,True,True,0.0,0.746268656716418,0.746268656716418,0.0,0.0,1.492537313432836,0.0,0.0,0.0,2.985074626865672,2.985074626865672,0.3333333333333333,4,4,33.75,0.0,0.1407407407407407,0.1629629629629629,0.0962962962962963,0.037037037037037,0.074074074074074,0.1629629629629629,0.074074074074074,0.2,0.8,1,4,8.75,12,3.0,3.880597014925373,134,81,0.6044776119402985,6.997334247209017,3.0994335254589163,22.18538026809216,143,4,2,0,1,0,2.3369375653993725,0.9000000000000017,1.6400000000000006,0.05907449950771262,0.0,0.746268656716418,0.0,0.022388059701492536,2.1954728612315746,0.9556074169144702,0.43077561259269714
train,audio_252.wav,3.5,False,True,True,0.0,0.0,3.92156862745098,1.96078431372549,0.0,0.0,0.0,0.0,0.0,5.882352941176471,5.882352941176471,1.0,3,2,26.0,0.0,0.2115384615384615,0.173076923076923,0.0961538461538461,0.0,0.0576923076923076,0.173076923076923,0.1153846153846153,0.0,1.0,0,2,8.0,11,1.5,4.176470588235294,51,35,0.6862745098039216,4.900980294098034,3.856613417803231,47.30487793655046,59,6,4,0,0,0,0.9721692718261532,1.183333333333334,1.7200000000000024,0.11920752182672942,0.0,0.0,0.0,0.0784313725490196,0.8488681757656459,0.8890260344042498,0.22665931284427643
train,audio_266.wav,4.0,False,True,True,0.0,0.0,0.0,1.7543859649122806,0.0,3.508771929824561,1.7543859649122806,0.0,0.0,7.017543859649122,5.2631578947368425,1.0,3,3,19.0,0.0,0.3157894736842105,0.087719298245614,0.0526315789473684,0.0175438596491228,0.0350877192982456,0.0701754385964912,0.087719298245614,0.25,0.75,0,3,5.666666666666667,10,0.3333333333333333,4.614035087719298,57,44,0.7719298245614035,5.827942371086193,4.245121348987926,69.7642254484163,66,5,3,0,0,0,1.1791477037649982,1.4320000000000017,3.1400000000000077,0.12900900900900916,0.0,0.0,0.0,0.07017543859649122,0.9487350199733688,0.8507048837099856,0.13179409503936768
train,audio_611.wav,4.5,False,True,True,0.0,0.0,0.0,1.3888888888888888,0.0,1.3888888888888888,0.0,0.0,0.0,2.7777777777777777,2.7777777777777777,0.4,2,5,15.0,0.0,0.2933333333333333,0.08,0.1333333333333333,0.04,0.0533333333333333,0.1066666666666666,0.0933333333333333,0.0,1.0,0,1,4.4,5,0.4,4.958333333333333,72,50,0.6944444444444444,5.892556509887896,4.20074392735273,66.73595928425472,87,7,3,0,2,0,1.5097504717970225,1.4157142857142857,5.210000000000001,0.1720486111111111,0.0,2.7777777777777777,0.0,0.06944444444444445,1.199786288067438,0.8316422073101556,0.06830817461013794
train,audio_5058.wav,0.0,True,True,True,0.0,0.0,0.0,1.1764705882352942,0.0,1.1764705882352942,1.1764705882352942,0.0,0.0,3.5294117647058822,2.3529411764705883,0.75,2,5,17.2,0.2,0.2209302325581395,0.1627906976744186,0.0465116279069767,0.0116279069767441,0.0697674418604651,0.1976744186046511,0.0581395348837209,0.0,1.0,0,1,4.8,7,0.8,3.952941176470589,85,55,0.6470588235294118,5.965587590013045,3.337641920998832,28.15266217040365,107,13,6,1,4,1,1.9545454545454546,0.9569230769230764,2.7799999999999976,0.22041105598866043,1.1627906976744187,4.651162790697675,1.1627906976744187,0.5116279069767442,1.4315513501422708,0.5099625865993804,0.024793632328510284
train,audio_81.wav,3.0,False,True,True,0.0,1.020408163265306,0.0,0.0,0.0,1.020408163265306,0.0,0.0,0.0,2.0408163265306123,2.0408163265306123,0.3333333333333333,2,6,16.833333333333332,0.0,0.1782178217821782,0.1188118811881188,0.0495049504950495,0.1089108910891089,0.0693069306930693,0.1782178217821782,0.0792079207920792,0.25,0.75,0,3,4.0,6,1.3333333333333333,4.071428571428571,98,64,0.6530612244897959,6.464976285134148,3.106759510869565,22.348506842132853,115,10,0,0,0,0,2.4898373983739837,0.46399999999999997,0.8599999999999994,0.10545454545454545,0.0,0.0,0.0,0.02040816326530612,2.1777777777777776,0.9486524154032979,0.1675267517566681
train,audio_3.wav,3.0,False,True,True,0.0,0.0,1.2658227848101269,2.5316455696202533,0.0,2.5316455696202533,1.2658227848101269,0.0,0.0,7.594936708860759,6.329113924050633,1.0,5,5,16.8,0.0,0.1785714285714285,0.2142857142857142,0.0357142857142857,0.0714285714285714,0.0595238095238095,0.1547619047619047,0.0476190476190476,0.2,0.8,0,2,3.8,5,2.0,4.2405063291139244,79,50,0.6329113924050633,5.62543950463012,4.409379200268817,82.21840649310283,93,6,1,2,0,0,2.1293375394321767,0.7333333333333333,1.1600000000000001,0.10367577756833175,2.4691358024691357,0.0,0.0,0.1111111111111111,1.8048128342245988,0.8397191384933705,0.00779919745400548
train,audio_21.wav,2.0,False,True,True,1.25,0.0,0.0,1.25,0.0,2.5,0.0,0.0,0.0,5.0,5.0,0.75,4,5,16.2,0.0,0.1604938271604938,0.1358024691358024,0.074074074074074,0.037037037037037,0.0987654320987654,0.2098765432098765,0.1111111111111111,0.0,1.0,1,3,4.8,7,1.4,3.9625,80,48,0.6,5.366563145999495,3.554896147354789,34.98418657871158,92,9,1,0,0,0,2.128225591912743,0.698888888888889,1.0600000000000023,0.14334548769371017,0.0,0.0,0.0,0.0625,1.7754105636928539,0.8696253448724747,0.21254299581050873
train,audio_190.wav,3.0,False,True,True,0.0,0.0,0.0,0.0,0.0,2.34375,0.0,0.78125,0.0,3.125,2.34375,0.5,3,6,21.33333333333333,0.0,0.234375,0.140625,0.0625,0.0546875,0.0234375,0.1484375,0.0546875,0.0,1.0,0,1,4.833333333333333,6,1.3333333333333333,4.0703125,128,72,0.5625,6.363961030678928,3.661956211306014,38.93743827470187,159,25,6,1,2,0,3.078758949880669,0.6776000000000003,1.88,0.28789938817131216,0.7751937984496124,1.550387596899225,0.0,0.2713178294573643,2.1304355006523426,0.674411205040623,0.03645865619182587
train,audio_189.wav,5.0,False,True,True,0.0,0.0,0.0,1.550387596899225,0.0,0.7751937984496124,0.0,0.0,0.0,2.3255813953488373,2.3255813953488373,0.3333333333333333,3,6,21.83333333333333,0.0,0.1450381679389313,0.1450381679389313,0.0534351145038167,0.0458015267175572,0.1221374045801526,0.1679389312977099,0.1068702290076335,0.625,0.375,0,4,5.833333333333333,12,2.333333333333333,3.8372093023255816,129,73,0.5658914728682171,6.427291616177054,2.9635584734488223,19.36676540320228,138,8,3,4,1,0,2.5265957446808516,0.7625,1.5,0.1038474633980252,3.007518796992481,0.7518796992481203,0.0,0.05263157894736842,2.2159280239920025,0.9342717515843871,0.005454761441797018
train,audio_519.wav,3.0,False,True,True,1.5748031496062993,0.0,0.0,0.0,0.0,1.5748031496062993,2.3622047244094486,0.0,0.0,5.511811023622047,3.1496062992125986,1.0,4,2,64.0,0.0,0.21875,0.1484375,0.0390625,0.0078125,0.0859375,0.109375,0.09375,0.0,1.0,1,3,8.5,12,4.0,4.299212598425197,127,64,0.5039370078740157,5.679081660263129,4.0227537226856205,55.85470260993789,133,1,0,0,0,2,2.198753462603878,0.3000000000000007,0.3000000000000007,0.005167068549776106,0.0,0.0,1.5748031496062993,0.06299212598425197,2.1140351333496326,0.8779794496344769,0.2279261201620102
train,audio_748.wav,2.5,False,True,True,2.197802197802198,1.098901098901099,0.0,1.098901098901099,0.0,3.2967032967032965,1.098901098901099,0.0,0.0,8.791208791208792,7.6923076923076925,1.0,7,5,18.6,0.0,0.1720430107526881,0.1182795698924731,0.1075268817204301,0.032258064516129,0.053763440860215,0.2043010752688172,0.1075268817204301,0.6,0.4,1,4,4.2,6,1.2,3.571428571428572,91,53,0.5824175824175825,5.555909634626167,3.5858112410003065,36.08261754762118,102,6,0,3,0,2,1.6520210896309317,0.43000000000000077,0.740000000000002,0.043375924680564976,3.1914893617021276,0.0,2.127659574468085,0.10638297872340426,1.5647189175973657,0.8279502808334346,0.0231342650949955
train,audio_505.wav,3.0,False,True,True,2.150537634408602,0.0,0.0,3.225806451612903,0.0,0.0,0.0,0.0,0.0,5.376344086021505,5.376344086021505,0.6666666666666666,5,6,15.5,0.1666666666666666,0.1827956989247312,0.1935483870967742,0.075268817204301,0.010752688172043,0.053763440860215,0.2150537634408602,0.075268817204301,0.0,1.0,1,2,4.0,6,1.6666666666666667,3.946236559139785,93,46,0.4946236559139785,4.7699777957599565,3.4375862331565368,31.111770901505263,109,7,3,0,0,1,2.1213503649635026,0.8485714285714268,1.7199999999999989,0.11932503013258311,0.0,0.0,1.075268817204301,0.11827956989247312,1.5480729716654789,0.8385266169745434,0.150216206908226
train,audio_361.wav,4.0,False,True,True,0.0,0.0,0.0,0.0,0.0,0.0,0.0,0.0,0.0,0.0,0.0,0.0,0,3,12.666666666666666,0.0,0.2631578947368421,0.2105263157894736,0.0263157894736842,0.0,0.1578947368421052,0.1842105263157894,0.0,0.0,1.0,0,2,4.666666666666667,6,1.3333333333333333,4.416666666666667,36,30,0.8333333333333334,5.0,3.567001065340909,35.410240761095885,55,5,2,0,0,2,0.7416563658838073,1.316000000000001,2.700000000000003,0.11937590711175626,0.0,0.0,5.555555555555555,0.1388888888888889,0.5992540535479273,0.8405815679579973,0.2132016271352768
train,audio_5052.wav,0.0,True,True,True,1.25,0.0,0.0,0.0,1.25,2.5,0.0,0.0,0.0,5.0,5.0,0.25,4,3,27.33333333333333,0.0,0.1219512195121951,0.1585365853658536,0.0609756097560975,0.1097560975609756,0.073170731707317,0.2195121951219512,0.048780487804878,0.1666666666666666,0.8333333333333334,3,4,5.333333333333333,7,1.0,3.675,80,48,0.6,5.366563145999495,3.9526911648837,52.07532170663051,88,8,2,4,0,1,1.9534883720930232,0.6649999999999998,1.2599999999999998,0.11009933774834434,4.761904761904762,0.0,1.1904761904761905,0.42857142857142855,1.398259458278497,0.5891863071564807,0.002079280326142907
train,audio_16.wav,4.0,False,True,True,1.0638297872340423,0.0,0.0,0.0,0.0,0.0,0.0,0.0,0.0,1.0638297872340423,1.0638297872340423,0.25,1,4,24.0,0.0,0.2916666666666667,0.0833333333333333,0.0208333333333333,0.0833333333333333,0.0729166666666666,0.0520833333333333,0.0520833333333333,0.0,1.0,0,1,6.25,9,1.25,4.553191489361702,94,67,0.7127659574468085,6.910522349933915,3.46203399122807,31.881757825777505,114,12,0,0,1,0,2.6374859708193035,0.5616666666666661,0.8000000000000007,0.15903728173666806,0.0,1.0638297872340425,0.0,0.0425531914893617,2.122854561878952,0.9256610510514137,0.3507677912712097
train,audio_327.wav,5.0,False,True,True,0.0,0.0,0.0,0.0,0.0,0.0,0.0,0.0,0.0,0.0,0.0,0.0,0,8,17.25,0.125,0.2971014492753623,0.108695652173913,0.0217391304347826,0.0797101449275362,0.0652173913043478,0.1014492753623188,0.0507246376811594,0.0,1.0,0,2,6.125,10,1.0,4.220588235294118,136,76,0.5588235294117647,6.516946235415335,3.0977108001708986,22.14719385427448,160,17,4,0,1,0,3.085299455535391,0.6435294117647069,1.3399999999999999,0.19883678662304646,0.0,0.7352941176470589,0.0,0.022058823529411766,2.2638486467366143,0.959395075792118,0.021470431238412857
train,audio_313.wav,3.0,False,True,True,0.0,0.0,0.0,0.0,0.0,1.5625,0.0,0.0,0.0,1.5625,1.5625,0.25,1,4,16.5,0.0,0.303030303030303,0.1666666666666666,0.0303030303030303,0.0454545454545454,0.0606060606060606,0.1363636363636363,0.0454545454545454,0.0,1.0,0,2,4.75,6,1.0,4.6875,64,42,0.65625,5.25,3.5795479798928285,35.857328949612295,78,8,2,0,1,1,1.35650699448919,0.704999999999999,1.1599999999999966,0.10677773570617174,0.0,1.5625,1.5625,0.03125,1.0653405396407596,0.8954839741345495,0.3864205777645111
train,audio_589.wav,2.5,False,True,True,0.0,0.0,0.0,1.162790697674419,0.0,3.488372093023256,1.162790697674419,0.0,0.0,5.813953488372093,4.651162790697675,1.0,4,2,44.0,0.0,0.2613636363636363,0.1477272727272727,0.0681818181818181,0.0227272727272727,0.0795454545454545,0.125,0.0795454545454545,0.3333333333333333,0.6666666666666666,0,2,8.0,10,2.5,4.151162790697675,86,49,0.5697674418604651,5.283805886968482,3.707836223098467,40.76550357248647,106,8,3,5,6,0,1.814194577352472,0.8324999999999998,1.3999999999999986,0.11721224920802531,5.4945054945054945,6.593406593406593,0.0,0.23076923076923078,1.5147810798017052,0.7559102132793639,0.011988036334514618
train,audio_416.wav,3.5,False,True,True,0.0,0.8,0.0,0.8,0.0,1.6,0.0,0.0,0.0,3.2,3.2,0.4285714285714285,4,7,17.857142857142858,0.0,0.208,0.136,0.064,0.088,0.072,0.168,0.072,0.0,1.0,1,4,4.857142857142857,7,0.8571428571428571,3.92,125,58,0.464,5.187677707799512,3.294312803895324,26.958881664464453,143,10,0,0,0,0,2.3567119155354446,0.519999999999999,0.9200000000000017,0.08928571428571412,0.0,0.0,0.0,0.032,2.0807432414858584,0.9056227715015411,0.11543675512075424
train,audio_762.wav,5.0,False,True,True,0.0,0.0,0.0,0.0,0.0,2.158273381294964,0.7194244604316546,0.0,0.0,2.8776978417266186,2.158273381294964,0.4,3,6,23.5,0.0,0.1631205673758865,0.1347517730496454,0.0709219858156028,0.0709219858156028,0.0709219858156028,0.1843971631205673,0.0780141843971631,0.2941176470588235,0.7058823529411765,0,2,6.0,9,2.333333333333333,3.741007194244604,139,73,0.5251798561151079,6.191779186663788,2.977088980123299,19.63058835593668,147,4,1,0,2,0,2.6658995013425395,0.7499999999999996,1.1600000000000001,0.05440696409140367,0.0,1.4388489208633093,0.0,0.050359712230215826,2.310236508384995,0.9317938386321926,0.08274759352207184
train,audio_714.wav,3.0,False,True,True,1.4705882352941178,0.0,0.0,1.4705882352941178,0.0,0.0,0.0,0.0,0.0,2.9411764705882355,2.9411764705882355,0.5,2,4,17.25,0.25,0.1594202898550724,0.1159420289855072,0.072463768115942,0.0434782608695652,0.1304347826086956,0.1739130434782608,0.072463768115942,0.0,1.0,0,1,5.25,8,1.5,3.941176470588236,68,49,0.7205882352941176,5.942122813390158,3.760826512386924,42.98393805839863,76,3,1,0,0,1,2.76647681041497,6.199999999999998,17.419999999999995,0.43075497915701694,0.0,0.0,1.4705882352941178,0.14705882352941177,1.1319243233683072,0.7946465379175018,0.05946974456310272
train,audio_455.wav,3.0,False,True,True,0.0,0.0,0.0,1.1363636363636365,0.0,4.545454545454546,0.0,0.0,0.0,5.681818181818182,5.681818181818182,0.5,5,6,14.666666666666666,0.0,0.2045454545454545,0.1818181818181818,0.0568181818181818,0.0454545454545454,0.0568181818181818,0.1931818181818181,0.034090909090909,0.1111111111111111,0.8888888888888888,1,4,5.166666666666667,10,0.5,4.056818181818182,88,48,0.5454545454545454,5.116817192534651,4.077048885012136,58.97118206548089,103,6,1,2,2,1,1.7864231838030964,0.6933333333333332,1.0599999999999987,0.07627429409607626,2.2222222222222223,2.2222222222222223,1.1111111111111112,0.08888888888888889,1.4981351338698181,0.8563970180814742,0.014891241677105427
train,audio_42.wav,3.0,False,True,True,0.0,0.0,0.0,0.0,0.0,0.0,2.9411764705882355,0.0,0.0,2.9411764705882355,0.0,0.5,0,5,14.0,0.0,0.2142857142857142,0.1285714285714285,0.1428571428571428,0.0857142857142857,0.0714285714285714,0.1428571428571428,0.0571428571428571,0.0,1.0,0,1,3.6,5,0.6,3.941176470588236,68,40,0.5882352941176471,4.85071250072666,3.9835205078125,53.70577339851826,75,5,0,1,0,2,2.120467117393977,0.5760000000000002,0.9399999999999977,0.08130999435347264,1.4492753623188406,0.0,2.898550724637681,0.08695652173913043,1.7940717628705147,0.8771315413540688,0.19697396457195282
train,audio_561.wav,4.0,False,True,True,1.0101010101010102,0.0,1.0101010101010102,1.0101010101010102,0.0,3.0303030303030303,0.0,0.0,1.0101010101010102,7.070707070707071,6.0606060606060606,0.8333333333333334,6,6,16.5,0.0,0.3636363636363636,0.1515151515151515,0.0505050505050505,0.0404040404040404,0.0202020202020202,0.0101010101010101,0.0707070707070707,0.8333333333333334,0.1666666666666666,0,2,5.5,7,1.0,5.111111111111111,99,74,0.7474747474747475,7.437279832918169,5.101752912494498,164.30967549312436,142,14,3,0,0,0,2.164407520769567,0.9885714285714285,6.440000000000005,0.23229271567640147,0.0,0.0,0.0,0.20202020202020202,1.6479486472568001,0.7527732910794561,0.0006561634945683181
train,audio_226.wav,3.0,False,True,True,1.5625,0.0,0.0,0.0,0.0,6.25,1.5625,0.0,0.0,9.375,7.8125,1.0,5,2,34.5,0.0,0.1159420289855072,0.1739130434782608,0.0869565217391304,0.1014492753623188,0.1159420289855072,0.144927536231884,0.0869565217391304,0.1111111111111111,0.8888888888888888,0,3,5.0,6,2.0,4.484375,64,47,0.734375,5.875,3.853053262788956,47.13676467037419,73,3,0,0,0,0,1.1255715793176222,0.5266666666666665,0.6799999999999997,0.027036276522929496,0.0,0.0,0.0,0.09375,1.063328258986889,0.8522444033296779,0.1100926473736763
train,audio_110.wav,3.5,False,True,True,0.0,0.0,0.0,1.2048192771084338,0.0,1.2048192771084338,2.409638554216868,0.0,0.0,4.819277108433735,2.409638554216868,0.25,2,4,20.75,0.0,0.144578313253012,0.0963855421686747,0.0602409638554216,0.0843373493975903,0.108433734939759,0.180722891566265,0.1204819277108433,0.8888888888888888,0.1111111111111111,0,3,5.0,8,0.75,4.156626506024097,83,54,0.6506024096385542,5.927270039443279,3.460630937056108,31.837057358372164,88,3,1,0,0,0,1.9428838951310863,0.6600000000000001,1.1199999999999992,0.04429530201342283,0.0,0.0,0.0,0.012048192771084338,1.8419884598313359,0.9403587299657156,0.3681752681732178
train,audio_739.wav,5.0,False,True,True,0.0,0.0,0.0,1.7857142857142858,0.8928571428571429,2.6785714285714284,0.8928571428571429,0.0,0.0,6.25,5.357142857142857,0.3333333333333333,6,6,19.166666666666668,0.0,0.2695652173913043,0.1130434782608695,0.017391304347826,0.0608695652173913,0.1130434782608695,0.0956521739130434,0.1043478260869565,0.0,1.0,3,2,4.166666666666667,8,1.3333333333333333,4.339285714285714,112,57,0.5089285714285714,5.385993740381488,3.9202601841517857,50.413559881136685,140,9,4,3,14,0,2.2364838584208475,0.9444444444444439,1.6599999999999966,0.1418558077436581,2.608695652173913,12.173913043478262,0.0,0.13043478260869565,1.8841744704599332,0.8350010740692201,0.0005964748561382294
train,audio_504.wav,3.5,False,True,True,0.0,0.0,0.0,4.098360655737705,0.0,0.819672131147541,0.819672131147541,0.0,0.0,5.737704918032787,4.918032786885246,0.625,6,7,17.428571428571427,0.0,0.1885245901639344,0.1311475409836065,0.0491803278688524,0.0327868852459016,0.0983606557377049,0.221311475409836,0.0983606557377049,0.0714285714285714,0.9285714285714286,3,4,3.7142857142857135,7,0.8571428571428571,3.663934426229509,122,55,0.45081967213114754,4.979466032338519,3.49349661434398,32.90078818068131,136,5,2,0,0,0,2.2761194029850746,0.9399999999999997,2.179999999999996,0.08061749571183531,0.0,0.0,0.0,0.04918032786885246,2.030805403690198,0.8827547144266914,0.13800598680973053
train,audio_379.wav,4.0,False,True,True,0.6896551724137931,0.6896551724137931,0.6896551724137931,0.0,0.6896551724137931,1.3793103448275863,0.0,0.0,0.0,4.137931034482759,4.137931034482759,0.6,6,5,29.6,0.0,0.1351351351351351,0.1486486486486486,0.0743243243243243,0.0675675675675675,0.0945945945945946,0.1824324324324324,0.1148648648648648,0.5238095238095238,0.4761904761904761,0,3,5.0,6,2.4,3.841379310344828,145,84,0.5793103448275863,6.975820307714157,3.1600601480614325,23.572013697357647,161,4,1,0,0,0,2.7204502814258915,0.6400000000000015,1.1200000000000045,0.045828857858933154,0.0,0.0,0.0,0.006896551724137931,2.413662160123596,0.9316641811666817,0.06319627165794373
train,audio_520.wav,2.5,False,True,True,1.8691588785046729,0.9345794392523364,0.9345794392523364,0.9345794392523364,0.0,2.803738317757009,0.9345794392523364,0.9345794392523364,0.0,9.345794392523365,7.4766355140186915,0.8,8,4,27.0,0.0,0.1851851851851851,0.1296296296296296,0.1018518518518518,0.0277777777777777,0.0648148148148148,0.1666666666666666,0.0925925925925925,0.5384615384615384,0.4615384615384615,0,4,5.5,9,2.25,3.925233644859813,107,57,0.5327102803738317,5.510397987560282,4.032043941437252,56.376022855541486,126,5,0,4,0,2,2.023852547885797,0.7239999999999995,0.9200000000000017,0.061397557666214346,3.5714285714285716,0.0,1.7857142857142858,0.22321428571428573,1.8643459443713293,0.742403791129445,0.0040976363234221935
train,audio_5068.wav,0.0,True,True,True,0.0,0.0,0.0,0.0,0.0,1.0101010101010102,0.0,1.0101010101010102,0.0,2.0202020202020203,1.0101010101010102,0.4,1,5,20.0,0.0,0.18,0.09,0.06,0.11,0.08,0.18,0.13,0.0,1.0,0,2,4.6,7,1.0,4.434343434343434,99,60,0.6060606060606061,6.030226891555272,3.9260993890002767,50.70879611798535,113,11,4,3,0,0,2.159187129551228,0.9709090909090912,3.1200000000000045,0.1843922651933702,2.9411764705882355,0.0,0.0,0.2549019607843137,1.6978864850524606,0.680923053043479,0.0007079651695676148
train,audio_30.wav,2.0,False,True,True,0.0,2.3529411764705883,0.0,0.0,0.0,3.5294117647058822,1.1764705882352942,1.1764705882352942,0.0,8.235294117647058,5.882352941176471,0.6666666666666666,5,3,28.666666666666668,0.0,0.1744186046511628,0.127906976744186,0.0813953488372093,0.0697674418604651,0.0697674418604651,0.1744186046511628,0.1046511627906976,0.3,0.7,0,2,6.333333333333333,9,2.0,4.035294117647059,85,50,0.5882352941176471,5.423261445466404,3.976471271920712,53.32851996948384,94,2,1,0,0,0,2.15736040609137,2.3999999999999977,4.059999999999995,0.1085972850678732,0.0,0.0,0.0,0.11764705882352941,1.9041218637992832,0.8604740287451184,0.021529071033000946
train,audio_5041.wav,0.0,True,True,True,0.0,0.0,0.0,0.0,0.0,0.0,0.0,1.36986301369863,0.0,1.36986301369863,0.0,0.25,0,4,18.25,0.0,0.1506849315068493,0.136986301369863,0.0684931506849315,0.0547945205479452,0.1095890410958904,0.2054794520547945,0.0684931506849315,0.0,1.0,1,2,4.75,7,1.5,4.315068493150685,73,48,0.6575342465753424,5.617975065414267,3.976224232868976,53.315347369620405,83,11,4,3,0,0,1.6725352112676053,0.9472727272727265,1.799999999999999,0.18653777300393826,3.9473684210526314,0.0,0.0,0.27631578947368424,1.2649800266311584,0.6901729693755011,0.0001300582371186465
train,audio_485.wav,3.0,False,True,True,0.8,0.0,0.0,8.0,0.0,2.4,0.0,0.0,0.0,11.2,11.2,0.875,14,8,15.875,0.0,0.1732283464566929,0.1496062992125984,0.0629921259842519,0.0551181102362204,0.1259842519685039,0.1653543307086614,0.1181102362204724,0.2727272727272727,0.7272727272727273,0,3,3.875,5,0.875,4.24,125,51,0.408,4.561578674099571,3.0247179578234267,20.588197152309696,143,13,1,1,0,1,2.887259395050413,0.6200000000000002,1.3000000000000007,0.155899419729207,0.7936507936507936,0.0,0.7936507936507936,0.1349206349206349,2.0973891874177455,0.8028264354973559,0.03826470673084259
train,audio_475.wav,2.0,False,True,True,0.0,0.0,0.0,0.0,0.0,1.36986301369863,0.0,0.0,0.0,1.36986301369863,1.36986301369863,0.25,1,4,19.0,0.0,0.2631578947368421,0.1578947368421052,0.0263157894736842,0.0657894736842105,0.0394736842105263,0.1842105263157894,0.1052631578947368,0.2222222222222222,0.7777777777777778,1,3,3.5,7,0.5,4.342465753424658,73,46,0.6301369863013698,5.383892771022007,3.866858697706653,47.79202084844726,93,11,4,0,1,0,1.6447368421052633,1.0054545454545463,2.980000000000004,0.195199435227674,0.0,1.3333333333333333,0.0,0.22666666666666666,1.2288094372564782,0.7277038145065308,0.06082748994231224
train,audio_145.wav,4.0,False,True,True,0.0,0.0,0.0,0.78125,0.0,2.34375,0.78125,0.0,0.0,3.90625,3.125,0.6666666666666666,4,6,21.33333333333333,0.0,0.2890625,0.1328125,0.140625,0.015625,0.0703125,0.0546875,0.0546875,0.0,1.0,1,2,5.5,8,1.0,4.9453125,128,85,0.6640625,7.513009550107067,4.734916524684175,113.85395432672928,141,10,3,0,0,0,2.637000412031315,0.6540000000000011,1.379999999999999,0.11873638344226599,0.0,0.0,0.0,0.140625,2.130492676431425,0.7706831761752255,0.0705401822924614
train,audio_308.wav,5.0,False,True,True,0.0,0.0,1.0526315789473684,0.0,0.0,2.1052631578947367,1.0526315789473684,0.0,0.0,4.2105263157894735,3.1578947368421053,0.6666666666666666,3,5,19.8,0.0,0.202020202020202,0.1717171717171717,0.0404040404040404,0.0404040404040404,0.101010101010101,0.1212121212121212,0.0909090909090909,0.2,0.8,0,3,5.4,9,1.4,3.926315789473685,95,61,0.6421052631578947,6.25846794771944,3.880561159368147,48.45139639909269,114,8,1,6,0,0,2.188990030342436,0.7375000000000003,1.480000000000004,0.11337432744043048,5.9405940594059405,0.0,0.0,0.04950495049504951,1.6812405391205738,0.9051485190739726,0.050811246037483215
train,audio_184.wav,3.0,False,True,True,0.0,0.0,0.0,0.0,0.0,0.847457627118644,0.847457627118644,0.0,0.0,1.694915254237288,0.847457627118644,0.1111111111111111,1,9,13.77777777777778,0.0,0.1854838709677419,0.1693548387096774,0.0564516129032258,0.064516129032258,0.1209677419354838,0.1612903225806451,0.0725806451612903,0.0666666666666666,0.9333333333333332,0,3,4.0,8,1.1111111111111112,3.610169491525424,118,69,0.5847457627118644,6.351964863498432,3.180897216796875,24.06833838495105,150,19,5,1,6,0,2.6005244755244754,0.7515789473684208,1.7399999999999949,0.23784143904063948,0.8403361344537815,5.042016806722689,0.0,0.1092436974789916,1.9808655050582815,0.8248694582505762,0.004459644667804241
train,audio_586.wav,2.5,False,True,True,2.727272727272727,0.0,2.727272727272727,1.818181818181818,0.0,0.9090909090909092,0.9090909090909092,0.0,0.0,9.090909090909092,8.181818181818182,0.8,9,4,28.0,0.0,0.2142857142857142,0.1160714285714285,0.0625,0.0803571428571428,0.0982142857142857,0.1428571428571428,0.1071428571428571,0.125,0.875,3,4,4.75,9,2.0,4.2,110,59,0.5363636363636364,5.625429276548995,3.785574668695119,44.06098375274205,121,5,2,1,1,1,2.10546282245827,0.9400000000000011,1.5600000000000023,0.08185301288749575,0.9009009009009009,0.9009009009009009,0.9009009009009009,0.07207207207207207,1.8476999984394424,0.8634069266619983,0.13438943028450012
train,audio_398.wav,3.5,False,True,True,0.0,2.409638554216868,0.0,2.409638554216868,1.2048192771084338,1.2048192771084338,1.2048192771084338,0.0,0.0,8.433734939759036,7.228915662650603,0.6666666666666666,6,6,14.0,0.1666666666666666,0.3095238095238095,0.119047619047619,0.1309523809523809,0.0357142857142857,0.0476190476190476,0.0833333333333333,0.0595238095238095,0.125,0.875,0,2,6.333333333333333,10,1.1666666666666667,4.734939759036145,83,57,0.6867469879518072,6.256562819412349,3.665258663216817,39.06623985558622,97,9,2,0,0,0,1.694569211923234,0.7800000000000001,1.4800000000000004,0.1253571428571429,0.0,0.0,0.0,0.060240963855421686,1.3816135123466102,0.930543745138559,0.27349746227264404
train,audio_726.wav,5.0,False,True,True,0.0,0.0,0.0,0.0,0.0,0.7751937984496124,0.0,0.0,0.0,0.7751937984496124,0.7751937984496124,0.1666666666666666,1,6,21.83333333333333,0.0,0.1908396946564885,0.1297709923664122,0.0381679389312977,0.099236641221374,0.0687022900763358,0.183206106870229,0.0610687022900763,0.0,1.0,0,3,4.833333333333333,6,1.6666666666666667,3.5736434108527133,129,65,0.5038759689922481,5.722930891116555,2.795190166226394,16.365740668402296,139,5,2,0,2,0,2.6305057096247966,0.9080000000000015,1.8200000000000003,0.08473310936916774,0.0,1.550387596899225,0.0,0.06201550387596899,2.2093084243798895,0.9006404003431631,0.22708028554916382
train,audio_466.wav,3.0,False,True,True,0.0,0.9174311926605504,0.9174311926605504,0.0,0.0,0.9174311926605504,1.834862385321101,0.0,0.0,4.587155963302752,2.752293577981652,0.6666666666666666,3,6,19.83333333333333,0.0,0.1680672268907563,0.1260504201680672,0.0588235294117647,0.0756302521008403,0.0840336134453781,0.2016806722689075,0.0588235294117647,0.0833333333333333,0.9166666666666666,0,2,4.0,7,1.5,3.963302752293578,109,69,0.6330275229357798,6.609001368025944,3.829959753787879,46.06068442883444,132,7,0,3,3,0,2.006449301325689,0.574285714285713,0.8000000000000007,0.06717914438502658,2.6785714285714284,2.6785714285714284,0.0,0.11607142857142858,1.8643459443713293,0.8480981107069445,0.07700501382350922
train,audio_218.wav,5.0,False,True,True,0.0,0.0,0.0,0.0,0.0,3.8461538461538463,0.9615384615384616,0.0,0.0,4.807692307692308,3.8461538461538463,0.6666666666666666,4,5,21.2,0.0,0.2169811320754717,0.1415094339622641,0.0660377358490566,0.0377358490566037,0.0849056603773584,0.1981132075471698,0.0660377358490566,0.0,1.0,1,2,4.6,7,0.6,4.076923076923077,104,71,0.6826923076923077,6.9621227974055335,3.723786417643229,41.42093451515335,120,10,5,2,1,2,2.463970246397024,1.5299999999999994,4.479999999999997,0.2623456790123455,1.8867924528301887,0.9433962264150944,1.8867924528301887,0.0660377358490566,1.7644684330771248,0.8882858214325874,0.1525997817516327
train,audio_644.wav,3.0,False,True,True,1.0638297872340423,0.0,1.0638297872340423,0.0,0.0,2.127659574468085,1.0638297872340423,0.0,0.0,5.319148936170213,4.25531914893617,0.4,4,11,8.909090909090908,0.3636363636363636,0.1122448979591836,0.1632653061224489,0.0204081632653061,0.1326530612244898,0.0918367346938775,0.2244897959183673,0.0714285714285714,0.0,1.0,0,2,2.090909090909091,5,0.7272727272727273,4.085106382978723,94,52,0.5531914893617021,5.363390480545726,3.661970192026869,38.93798265196259,107,9,3,2,2,2,2.056555269922879,0.9044444444444435,1.4399999999999977,0.14848595403137527,2.0833333333333335,2.0833333333333335,2.0833333333333335,0.0625,1.6477486668361616,0.87193733598623,0.02381979674100876
train,audio_351.wav,3.0,False,True,True,0.0,0.0,0.0,0.0,0.0,2.9411764705882355,0.9803921568627452,0.0,0.0,3.92156862745098,2.9411764705882355,0.75,3,3,35.0,0.0,0.1333333333333333,0.1428571428571428,0.0666666666666666,0.0285714285714285,0.0761904761904762,0.2571428571428571,0.0476190476190476,0.0,1.0,2,2,5.666666666666667,8,5.0,3.696078431372549,102,56,0.5490196078431373,5.5448262406693765,3.6554894080528846,38.68644994296279,117,9,2,0,0,0,2.623456790123455,0.7911111111111089,2.1799999999999926,0.15478260869565172,0.0,0.0,0.0,0.13725490196078433,1.6936769394261424,0.8255560321404654,0.11647979170084
train,audio_248.wav,5.0,False,True,True,0.0,1.492537313432836,0.0,0.0,0.0,0.0,0.0,0.0,0.0,1.492537313432836,1.492537313432836,0.2,1,5,13.6,0.0,0.2941176470588235,0.2058823529411764,0.0735294117647058,0.0441176470588235,0.0147058823529411,0.0588235294117647,0.088235294117647,0.0,1.0,0,1,4.8,8,1.2,4.582089552238806,67,54,0.8059701492537313,6.597149995240482,3.5671580921519888,35.4158015548676,88,13,1,0,0,0,2.769739561802398,0.7330769230769231,2.009999999999998,0.28262158956109135,0.0,0.0,0.0,0.05970149253731343,1.8447136563876652,0.8914531358883749,0.13198252022266388
train,audio_83.wav,3.0,False,True,True,0.8333333333333334,0.0,0.8333333333333334,1.6666666666666667,0.0,0.8333333333333334,0.0,0.0,0.0,4.166666666666667,4.166666666666667,0.3333333333333333,5,15,8.066666666666666,0.0,0.3471074380165289,0.1157024793388429,0.0826446280991735,0.0082644628099173,0.0495867768595041,0.1487603305785124,0.024793388429752,0.0,1.0,1,3,3.466666666666667,6,0.0,4.783333333333333,120,71,0.5916666666666667,6.4813835971444655,3.6613263811383927,38.91292202277454,140,13,0,0,0,0,3.262642740619903,0.49230769230769283,0.740000000000002,0.1482167670217695,0.0,0.0,0.0,0.058333333333333334,2.6631158455392807,0.8986392211169004,0.08912752568721771
train,audio_71.wav,2.0,False,True,True,0.0,0.0,1.9230769230769231,0.0,0.0,3.8461538461538463,0.0,0.0,0.0,5.769230769230769,5.769230769230769,1.0,6,1,104.0,0.0,0.25,0.0673076923076923,0.0769230769230769,0.048076923076923,0.0865384615384615,0.1442307692307692,0.0961538461538461,0.0833333333333333,0.9166666666666666,0,4,11.0,11,10.0,3.692307692307693,104,69,0.6634615384615384,6.766006662267349,4.859682355608259,128.98322480163012,112,2,0,0,0,0,2.5181598062953996,0.5100000000000007,0.6199999999999992,0.0241020793950851,0.0,0.0,0.0,0.08653846153846154,2.30803373280071,0.824336803267495,0.029984232038259506
train,audio_287.wav,5.0,False,True,True,0.0,0.0,0.0,0.8620689655172413,0.0,1.7241379310344829,0.0,0.0,0.0,2.586206896551724,2.586206896551724,0.4,3,5,24.2,0.0,0.140495867768595,0.1570247933884297,0.0909090909090909,0.0495867768595041,0.0909090909090909,0.1818181818181818,0.0909090909090909,0.0769230769230769,0.9230769230769232,0,4,5.6,7,1.2,4.206896551724138,116,77,0.6637931034482759,7.149270519816497,3.3697140821770057,29.070214177101835,134,6,3,0,0,0,2.2585669781931466,1.2433333333333334,3.2600000000000007,0.12682760965657938,0.0,0.0,0.0,0.017241379310344827,1.9309297280988769,0.9333109000119669,0.22126954793930054
train,audio_367.wav,2.0,False,True,True,1.4285714285714286,0.0,0.0,0.0,0.0,0.0,1.4285714285714286,0.0,0.0,2.857142857142857,1.4285714285714286,0.5,1,4,18.0,0.0,0.1666666666666666,0.1805555555555555,0.0833333333333333,0.0972222222222222,0.0972222222222222,0.1666666666666666,0.0277777777777777,0.2142857142857142,0.7857142857142857,0,3,5.5,8,2.75,3.8857142857142857,70,42,0.6,5.019960159204453,3.6796722412109375,39.63340174775131,80,7,6,0,0,1,1.997716894977169,2.885714285714286,6.260000000000005,0.3656770456191166,0.0,0.0,1.4285714285714286,0.18571428571428572,1.162327311370882,0.7781689673130001,0.037983331829309464
train,audio_166.wav,3.0,False,True,True,0.0,0.0,1.0526315789473684,0.0,0.0,3.1578947368421053,3.1578947368421053,0.0,0.0,7.368421052631579,4.2105263157894735,0.4,4,5,19.4,0.0,0.3402061855670103,0.0927835051546391,0.134020618556701,0.0515463917525773,0.0824742268041237,0.0824742268041237,0.0618556701030927,0.0,1.0,0,1,5.0,8,0.8,4.652631578947369,95,66,0.6947368421052632,6.771457123762017,4.3892659833354335,80.58124928753466,124,13,2,0,2,0,2.2011121408711767,0.8430769230769227,2.9200000000000017,0.2025129342202512,0.0,2.1052631578947367,0.0,0.10526315789473684,1.5813648635292525,0.8631449195245902,0.14989718794822693
train,audio_94.wav,2.0,False,True,True,1.2658227848101269,2.5316455696202533,1.2658227848101269,0.0,0.0,0.0,0.0,0.0,0.0,5.063291139240507,5.063291139240507,0.6,4,5,16.0,0.0,0.2,0.1,0.05,0.05,0.1,0.1875,0.0625,0.0,1.0,1,3,5.0,8,0.6,4.215189873417722,79,48,0.6075949367088608,5.400421924444915,3.549606662326389,34.79962679100066,90,6,0,1,1,0,1.9493177387914227,0.5433333333333322,0.9399999999999995,0.07358916478555291,1.25,1.25,0.0,0.1,1.7754105636928539,0.7998936843825504,0.023902734741568565
train,audio_108.wav,1.0,False,True,True,0.7299270072992701,0.7299270072992701,0.0,1.45985401459854,0.7299270072992701,1.45985401459854,0.0,0.0,0.0,5.109489051094891,5.109489051094891,0.625,7,8,17.125,0.0,0.2335766423357664,0.1094890510948905,0.0291970802919708,0.0802919708029197,0.072992700729927,0.1313868613138686,0.0437956204379562,0.3076923076923077,0.6923076923076923,0,3,5.125,8,0.75,4.102189781021898,137,72,0.5255474452554745,6.151375135560679,3.749823847903481,42.51359248198873,158,5,0,0,1,0,3.257251545411318,0.40800000000000214,0.6200000000000045,0.046258503401360784,0.0,0.7299270072992701,0.0,0.072992700729927,3.0403905903240123,0.8527389917785523,0.16714222729206085
train,audio_511.wav,4.0,False,True,True,0.8771929824561403,1.7543859649122806,0.8771929824561403,1.7543859649122806,0.0,3.508771929824561,0.0,0.0,0.0,8.771929824561404,8.771929824561404,0.6363636363636364,10,11,10.363636363636363,0.0909090909090909,0.2982456140350877,0.1228070175438596,0.0789473684210526,0.0789473684210526,0.043859649122807,0.0789473684210526,0.0350877192982456,0.0,1.0,0,1,4.2727272727272725,7,0.2727272727272727,4.912280701754386,114,85,0.7456140350877193,7.960979398444398,4.415464981742527,82.72029539219224,138,13,3,0,0,1,2.3199023199023197,0.838461538461538,2.1600000000000006,0.18154563624250492,0.0,0.0,0.8771929824561403,0.09649122807017543,1.8976378362351032,0.8709051347724354,0.059272121638059616
train,audio_5059.wav,0.0,True,True,True,0.0,0.0,0.7633587786259542,0.0,0.0,0.7633587786259542,0.0,0.0,0.0,1.5267175572519085,1.5267175572519085,0.25,2,7,19.428571428571427,0.0,0.1838235294117647,0.1102941176470588,0.0661764705882353,0.0735294117647058,0.1176470588235294,0.1838235294117647,0.0441176470588235,0.1764705882352941,0.8235294117647058,1,5,4.857142857142857,9,1.7142857142857142,3.755725190839695,131,84,0.6412213740458015,7.339114075952718,3.9412235236315993,51.481551677105465,161,22,0,6,2,0,2.9730902777777786,0.5318181818181823,0.9199999999999982,0.20249221183800642,4.37956204379562,1.4598540145985401,0.0,0.45255474452554745,2.2829266870172082,0.5438927933845642,0.02990960329771042
train,audio_310.wav,5.0,False,True,True,0.0,1.0309278350515465,0.0,0.0,0.0,2.061855670103093,3.09278350515464,0.0,0.0,6.185567010309279,3.09278350515464,1.0,3,7,14.428571428571429,0.1428571428571428,0.1683168316831683,0.1782178217821782,0.0297029702970297,0.0792079207920792,0.0495049504950495,0.1881188118811881,0.0792079207920792,0.0,1.0,1,4,3.571428571428572,6,0.7142857142857143,3.701030927835052,97,58,0.5979381443298969,5.889007757774991,3.2287437564036887,25.247919502945525,122,9,2,5,3,1,2.8364849833147936,0.6599999999999997,1.8399999999999963,0.1417661097852028,4.901960784313726,2.9411764705882355,0.9803921568627451,0.0392156862745098,2.30643994211288,0.9152419041915267,0.09695997089147568
train,audio_50.wav,3.0,False,True,True,0.0,0.0,0.0,1.0869565217391304,0.0,3.260869565217391,0.0,0.0,0.0,4.3478260869565215,4.3478260869565215,0.6666666666666666,4,2,47.5,0.0,0.2210526315789473,0.1684210526315789,0.0526315789473684,0.0526315789473684,0.0526315789473684,0.1052631578947368,0.0631578947368421,0.0,1.0,0,2,10.0,10,5.0,4.336956521739131,92,55,0.5978260869565217,5.734146386569557,3.678670437536507,39.59371674186161,107,13,1,5,0,0,2.7019498607242345,0.6246153846153847,1.9800000000000004,0.18446160835983647,5.154639175257732,0.0,0.0,0.041237113402061855,2.149822695035461,0.9061453580501077,0.002180203329771757
train,audio_6.wav,3.0,False,True,True,0.0,0.0,0.0,2.702702702702702,0.0,1.351351351351351,0.0,0.0,0.0,4.054054054054054,4.054054054054054,0.75,3,4,19.25,0.0,0.1558441558441558,0.1298701298701298,0.0389610389610389,0.0649350649350649,0.0909090909090909,0.1558441558441558,0.0519480519480519,0.0,1.0,0,1,4.75,7,1.0,3.581081081081081,74,43,0.581081081081081,4.998648465984229,3.0639034695095484,21.410971327532256,90,10,2,0,1,0,2.260232131948687,0.7120000000000001,1.1199999999999974,0.17862518815855497,0.0,1.3513513513513513,0.0,0.013513513513513514,1.64225477141589,0.9365277221879443,0.12522448599338531
train,audio_515.wav,2.5,False,True,True,0.0,0.0,0.0,0.0,0.0,3.0,1.0,0.0,0.0,4.0,3.0,0.6,3,6,16.666666666666668,0.1666666666666666,0.15,0.17,0.06,0.04,0.07,0.14,0.11,0.2,0.8,0,3,4.5,9,1.3333333333333333,4.46,100,54,0.54,5.4,4.483167891068892,88.51463371609731,110,10,2,4,5,4,2.0225593154414625,0.8559999999999995,2.9800000000000004,0.1427142380793597,3.8461538461538463,4.8076923076923075,3.8461538461538463,0.23076923076923078,1.7311783769162343,0.7270491251803413,0.00023275996500160545
train,audio_742.wav,4.5,False,True,True,0.0,0.0,0.0,0.0,0.0,1.6666666666666667,0.0,0.0,0.0,1.6666666666666667,1.6666666666666667,0.3333333333333333,1,3,20.0,0.0,0.2333333333333333,0.1166666666666666,0.0666666666666666,0.15,0.05,0.1666666666666666,0.1,0.0,1.0,0,1,5.333333333333333,9,0.3333333333333333,4.75,60,43,0.7166666666666667,5.551276129563964,3.941196326053504,51.48015152262374,66,5,4,0,0,0,1.5205271160669032,1.2760000000000011,1.700000000000001,0.13917975567190238,0.0,0.0,0.0,0.016666666666666666,1.198849104859335,0.9410231148203214,0.34231796860694885
train,audio_545.wav,2.5,False,True,True,1.8867924528301887,2.830188679245283,0.0,0.0,0.0,0.9433962264150944,0.0,0.0,0.0,5.660377358490566,5.660377358490566,0.6,6,5,21.6,0.0,0.2314814814814814,0.1481481481481481,0.0833333333333333,0.0833333333333333,0.0555555555555555,0.0925925925925925,0.0833333333333333,0.0,1.0,0,1,4.2,7,1.0,4.188679245283019,106,61,0.5754716981132075,5.924843760379312,4.255205724993322,70.47131340774433,117,5,2,2,3,0,2.0293122886133035,1.092000000000001,2.3599999999999994,0.09304703476482624,1.8518518518518519,2.7777777777777777,0.0,0.1111111111111111,1.797762160643782,0.80311762113814,0.07275742292404175
train,audio_489.wav,3.0,False,True,True,0.0,0.0,0.0,0.0,0.0,3.508771929824561,0.8771929824561403,0.0,0.0,4.385964912280702,3.508771929824561,1.0,4,1,114.0,0.0,0.219298245614035,0.0789473684210526,0.0789473684210526,0.043859649122807,0.1052631578947368,0.0701754385964912,0.0789473684210526,0.375,0.625,2,4,9.0,9,6.0,4.2368421052631575,114,52,0.45614035087719296,4.870246220224809,3.535272532495959,34.30436249391687,116,0,0,0,2,2,1.943402659393113,0.0,0.0,0.0,0.0,1.7543859649122806,1.7543859649122806,0.06140350877192982,1.8976378362351032,0.8484748470221173,0.056742507964372635
train,audio_697.wav,5.0,False,True,True,0.0,1.5748031496062993,0.0,0.7874015748031497,0.0,0.7874015748031497,0.0,0.0,0.0,3.1496062992125986,3.1496062992125986,0.2,4,4,32.25,0.0,0.1627906976744186,0.1472868217054263,0.0852713178294573,0.0775193798449612,0.0930232558139534,0.1162790697674418,0.0697674418604651,0.0833333333333333,0.9166666666666666,1,5,7.0,11,2.5,4.496062992125984,127,84,0.6614173228346457,7.453794679095356,3.600657950202338,36.62232218283289,139,4,1,0,0,0,2.5823505490036602,1.1250000000000007,2.0000000000000036,0.08383010432190766,0.0,0.0,0.0,0.023622047244094488,2.1140351333496326,0.9539405628452151,0.3723766505718231
train,audio_225.wav,3.0,False,True,True,0.9433962264150944,0.0,0.9433962264150944,0.9433962264150944,0.0,0.9433962264150944,1.8867924528301887,0.0,0.0,5.660377358490566,3.7735849056603774,0.5,4,9,12.22222222222222,0.1111111111111111,0.209090909090909,0.1363636363636363,0.0636363636363636,0.0909090909090909,0.0636363636363636,0.2,0.0727272727272727,0.0,1.0,1,3,4.0,8,0.7777777777777778,4.273584905660377,106,62,0.5849056603773585,6.021972346615038,3.871769139024078,48.02727789751354,122,6,1,1,2,0,1.9789162197151842,0.675000000000001,1.4100000000000001,0.06968341362697877,0.9345794392523364,1.8691588785046729,0.0,0.08411214953271028,1.778383499260392,0.8436159915595411,0.0030758101493120193
train,audio_553.wav,2.0,False,True,True,0.9523809523809524,0.9523809523809524,0.9523809523809524,0.0,0.0,1.9047619047619049,0.9523809523809524,1.9047619047619049,0.0,7.619047619047619,4.761904761904762,1.0,5,3,36.0,0.0,0.2037037037037037,0.1851851851851851,0.0462962962962962,0.037037037037037,0.0462962962962962,0.1574074074074074,0.074074074074074,0.4,0.6,0,2,5.666666666666667,8,4.0,4.075471698113208,105,54,0.5142857142857142,5.269860393922079,3.868818388210507,47.88577024776491,127,13,4,1,3,3,2.4639702463970257,0.841538461538463,2.8000000000000043,0.20274277242401814,0.9433962264150944,2.830188679245283,2.830188679245283,0.10377358490566038,1.7644702687800082,0.8549269409498798,0.07939182221889496
train,audio_237.wav,3.0,False,True,True,1.4705882352941178,2.9411764705882355,1.4705882352941178,0.0,0.0,1.4705882352941178,0.0,0.0,0.0,7.352941176470588,7.352941176470588,0.75,5,4,17.0,0.0,0.2058823529411764,0.1470588235294117,0.0294117647058823,0.0588235294117647,0.1176470588235294,0.1029411764705882,0.1470588235294117,0.0,1.0,0,2,4.5,5,1.0,4.838235294117647,68,48,0.7058823529411765,5.820855000871991,3.740845998128256,42.13362005516493,72,2,1,0,0,0,1.4321819713563606,1.9300000000000033,3.3600000000000065,0.07518504090377885,0.0,0.0,0.0,0.058823529411764705,1.2781954887218046,0.8842960686751586,0.02955864928662777
train,audio_197.wav,4.5,False,True,True,0.0,0.0,0.7936507936507936,0.7936507936507936,0.0,0.7936507936507936,0.0,0.0,0.0,2.380952380952381,2.380952380952381,0.2857142857142857,3,4,31.5,0.0,0.2301587301587301,0.1666666666666666,0.0873015873015873,0.0396825396825396,0.0634920634920634,0.0952380952380952,0.0714285714285714,0.0,1.0,0,1,4.25,7,3.5,4.450819672131147,126,83,0.6587301587301587,7.394227692910408,4.160827240386567,64.124547080032,154,13,4,0,1,0,2.8206258263552226,0.8015384615384614,1.8400000000000016,0.18673835125448027,0.0,0.78125,0.0,0.09375,2.130678862583698,0.8764686039260899,0.01030103862285614
train,audio_449.wav,4.0,False,True,True,0.0,0.6802721088435374,0.0,0.6802721088435374,0.0,3.401360544217687,1.3605442176870748,0.0,0.0,6.122448979591836,4.761904761904762,0.625,7,8,18.375,0.0,0.2857142857142857,0.1088435374149659,0.0612244897959183,0.0408163265306122,0.1224489795918367,0.0544217687074829,0.0884353741496598,0.0,1.0,0,2,5.875,10,1.125,4.340136054421769,147,76,0.5170068027210885,6.268374351201651,2.985439892881405,19.79520809253372,161,11,1,0,0,0,3.0296784830997527,0.6236363636363641,1.2000000000000028,0.12387143373058875,0.0,0.0,0.0,0.04081632653061224,2.44695405198737,0.9062101611880218,0.15046122670173645
train,audio_567.wav,3.0,False,True,True,0.0,0.0,0.9615384615384616,0.9615384615384616,0.0,3.8461538461538463,0.0,0.0,0.0,5.769230769230769,5.769230769230769,0.6666666666666666,6,1,106.0,0.0,0.1981132075471698,0.1037735849056603,0.0943396226415094,0.0943396226415094,0.0943396226415094,0.1415094339622641,0.0849056603773584,0.0,1.0,1,3,11.0,11,12.0,3.9711538461538463,104,57,0.5480769230769231,5.589309851438245,4.425652398003472,83.56730858709503,117,10,0,4,0,1,2.383053839364519,0.5599999999999999,0.7800000000000011,0.10997643362136685,3.7037037037037037,0.0,0.9259259259259259,0.1388888888888889,1.797762160643782,0.7979405742797907,0.00010537211346672848
train,audio_477.wav,2.0,False,True,True,0.0,0.0,0.0,2.5316455696202533,0.0,0.0,1.2658227848101269,0.0,0.0,3.79746835443038,2.5316455696202533,0.3333333333333333,2,6,13.166666666666666,0.0,0.189873417721519,0.1772151898734177,0.0126582278481012,0.0886075949367088,0.1012658227848101,0.1518987341772152,0.1139240506329113,0.0,1.0,3,2,3.5,9,1.0,4.227848101265823,79,53,0.6708860759493671,5.962965874907927,3.661634362262228,38.92490831391179,92,8,3,5,1,0,1.824500434404865,0.9974999999999997,2.5,0.14772306553128467,5.9523809523809526,1.1904761904761905,0.0,0.047619047619047616,1.398259458278497,0.9074082158400588,0.0015493950340896845
train,audio_728.wav,3.0,False,True,True,0.0,0.0,0.0,0.0,0.0,0.0,1.2048192771084338,0.0,0.0,1.2048192771084338,0.0,0.3333333333333333,0,4,21.5,0.0,0.1976744186046511,0.127906976744186,0.0581395348837209,0.0930232558139534,0.0232558139534883,0.1627906976744186,0.0930232558139534,0.0,1.0,0,1,5.0,7,1.5,3.9156626506024095,83,47,0.5662650602409639,5.158920219515446,3.4007352193196616,29.98613833314213,96,8,3,0,1,0,2.6282457251424955,0.905,2.34,0.1865018031942298,0.0,1.2048192771084338,0.0,0.04819277108433735,1.8248701772515092,0.9061038091958288,0.14994171261787415
train,audio_377.wav,4.0,False,True,True,0.0,2.272727272727273,2.272727272727273,0.0,0.0,4.545454545454546,0.0,0.0,0.0,9.090909090909092,9.090909090909092,1.0,4,2,22.0,0.0,0.3636363636363636,0.1363636363636363,0.0909090909090909,0.1363636363636363,0.0227272727272727,0.0681818181818181,0.0909090909090909,0.0,1.0,0,2,4.5,5,1.0,5.454545454545454,44,34,0.7727272727272727,5.125692857821981,4.690297444661458,108.88556242041136,54,9,2,4,0,0,1.7253774263120054,0.9711111111111109,3.5800000000000054,0.23905908096280082,8.333333333333334,0.0,0.0,0.10416666666666667,0.8105190171190481,0.8616740348516032,0.012754956260323524
train,audio_633.wav,5.0,False,True,True,0.0,0.0,0.0,0.0,1.0101010101010102,1.0101010101010102,1.0101010101010102,0.0,0.0,3.0303030303030303,2.0202020202020203,0.6666666666666666,2,5,20.4,0.2,0.0980392156862745,0.1078431372549019,0.0784313725490196,0.088235294117647,0.1372549019607843,0.2254901960784313,0.0784313725490196,0.3846153846153846,0.6153846153846154,0,3,4.2,8,1.8,3.6262626262626254,99,53,0.5353535353535354,5.3267004208738244,2.949964610808486,19.10527759594006,109,7,2,3,0,1,1.939901103081019,0.7685714285714272,1.12,0.09282263630089702,2.9411764705882355,0.0,0.9803921568627451,0.058823529411764705,1.6978864850524606,0.8899940640446456,0.013306121341884136
train,audio_690.wav,4.0,False,True,True,0.0,0.0,0.0,1.2048192771084338,0.0,1.2048192771084338,0.0,0.0,0.0,2.409638554216868,2.409638554216868,0.4,2,6,14.5,0.0,0.1839080459770115,0.1034482758620689,0.0804597701149425,0.0459770114942528,0.0919540229885057,0.1379310344827586,0.1034482758620689,0.125,0.875,0,2,4.0,5,0.6666666666666666,3.855421686746988,83,56,0.6746987951807228,6.146798559422659,3.7224926994842233,41.36738214831206,103,7,3,0,0,0,3.0469897209985315,1.317142857142857,4.32,0.25287986834887544,0.0,0.0,0.0,0.18072289156626506,1.8104359087965647,0.796883589279535,0.0065756975673139095
train,audio_525.wav,4.5,False,True,True,0.0,1.3793103448275863,0.0,0.0,0.0,0.6896551724137931,2.0689655172413794,0.0,0.0,4.137931034482759,2.0689655172413794,0.25,3,12,12.25,0.0,0.2517006802721088,0.1496598639455782,0.0884353741496598,0.0884353741496598,0.0612244897959183,0.1360544217687075,0.0680272108843537,0.2,0.8,3,4,3.8333333333333335,9,0.75,4.448275862068965,145,84,0.5793103448275863,6.975820307714157,3.4164652380143634,30.46155016551626,161,12,1,0,0,0,3.065539112050739,0.5433333333333333,1.42,0.1211445559271646,0.0,0.0,0.0,0.041379310344827586,2.413662160123596,0.9115709401410201,0.2142883539199829
train,audio_31.wav,3.0,False,True,True,0.0,0.0,1.1363636363636365,0.0,0.0,1.1363636363636365,0.0,0.0,0.0,2.272727272727273,2.272727272727273,0.5,2,4,22.0,0.0,0.1704545454545454,0.1931818181818181,0.0795454545454545,0.0454545454545454,0.0795454545454545,0.1136363636363636,0.1136363636363636,0.0,1.0,0,2,6.75,8,2.5,4.5,88,57,0.6477272727272727,6.076220416134897,3.2236293870575574,25.119121957239773,98,5,1,0,0,0,2.371967654986523,0.6480000000000008,1.120000000000001,0.08031730292513643,0.0,0.0,0.0,0.011363636363636364,2.0174232003668044,0.9307284690439701,0.27430081367492676
train,audio_676.wav,4.0,False,True,True,0.0,0.0,0.0,0.0,0.0,1.96078431372549,0.9803921568627452,0.0,0.0,2.9411764705882355,1.96078431372549,0.1428571428571428,2,6,17.0,0.0,0.2058823529411764,0.1372549019607843,0.0686274509803921,0.0784313725490196,0.0588235294117647,0.1764705882352941,0.1078431372549019,0.1538461538461538,0.8461538461538461,0,3,4.833333333333333,11,1.0,4.441176470588236,102,63,0.6176470588235294,6.237929520753048,3.526215938099644,33.99508441381071,114,10,1,4,0,0,2.1588594704684314,0.8679999999999989,3.6799999999999997,0.15022499134648648,3.7735849056603774,0.0,0.0,0.03773584905660377,1.7644702687800082,0.9300713773008507,0.022464504465460777
train,audio_263.wav,4.0,False,True,True,0.0,2.1739130434782608,1.0869565217391304,0.0,0.0,0.0,0.0,0.0,0.0,3.260869565217391,3.260869565217391,0.1428571428571428,3,7,13.285714285714286,0.0,0.3118279569892473,0.1612903225806451,0.064516129032258,0.053763440860215,0.021505376344086,0.1075268817204301,0.053763440860215,0.125,0.875,0,3,5.428571428571429,12,1.1428571428571428,4.891304347826087,92,64,0.6956521739130435,6.672461249826393,3.56103295678491,35.19953797419846,111,13,4,0,0,2,2.0017406440382945,0.9446153846153855,2.4200000000000017,0.21085164835164855,0.0,0.0,2.1739130434782608,0.043478260869565216,1.5328223925358213,0.9139187389417834,0.14065031707286835
train,audio_5070.wav,0.0,True,True,True,0.0,0.0,0.0,0.0,0.0,0.0,7.6923076923076925,0.0,0.0,7.6923076923076925,0.0,1.0,0,1,13.0,0.0,0.3076923076923077,0.0769230769230769,0.0769230769230769,0.1538461538461538,0.0,0.0769230769230769,0.0,1.0,0.0,0,1,3.0,3,0.0,4.153846153846154,13,11,0.8461538461538461,3.05085107923876,4.37628059387207,79.54163488932126,20,6,3,2,0,1,2.3076923076923075,1.2033333333333331,2.16,0.5262390670553936,13.333333333333334,0.0,6.666666666666667,0.7333333333333333,0.24968918897830303,0.41646548062562944,0.09643491357564926
train,audio_510.wav,3.0,False,True,True,0.78125,0.0,0.0,0.0,0.0,1.5625,0.0,0.0,0.0,2.34375,2.34375,0.3333333333333333,3,9,14.22222222222222,0.0,0.1796875,0.1484375,0.0703125,0.0546875,0.0859375,0.21875,0.046875,0.9375,0.0625,0,3,4.111111111111111,7,1.2222222222222223,4.0546875,128,72,0.5625,6.363961030678928,3.0493437226835662,21.10149144716137,143,10,2,0,0,1,2.6304973284011512,0.6880000000000003,1.9200000000000017,0.12387468491177535,0.0,0.0,0.78125,0.03125,2.130681079281519,0.9350208179093897,0.19958364963531494
train,audio_577.wav,4.0,False,True,True,0.0,0.0,1.1904761904761905,1.1904761904761905,0.0,4.761904761904762,0.0,0.0,0.0,7.142857142857143,7.142857142857143,0.4,6,4,21.0,0.0,0.2619047619047619,0.119047619047619,0.1428571428571428,0.0238095238095238,0.0357142857142857,0.0714285714285714,0.0714285714285714,0.0,1.0,0,1,4.75,8,1.5,4.416666666666667,84,62,0.7380952380952381,6.764754597315764,4.376364698687803,79.54832500519828,103,8,2,0,1,1,2.7343749999999996,0.6599999999999993,1.3999999999999986,0.1466666666666665,0.0,1.1904761904761905,1.1904761904761905,0.09523809523809523,1.398259458278497,0.8112039047751636,0.13956303894519806
train,audio_230.wav,4.5,False,True,True,0.0,0.0,0.7299270072992701,0.0,0.0,0.7299270072992701,0.7299270072992701,0.7299270072992701,0.0,2.9197080291970803,1.45985401459854,0.5,2,5,27.6,0.0,0.2681159420289855,0.1666666666666666,0.0652173913043478,0.036231884057971,0.036231884057971,0.1376811594202898,0.072463768115942,0.0,1.0,0,1,7.2,10,2.4,4.598540145985401,137,88,0.6423357664233577,7.518347387907496,3.067941902509702,21.497612931109536,153,7,2,0,0,0,3.1979458450046687,0.7057142857142862,1.0799999999999983,0.10339053997488495,0.0,0.0,0.0,0.0364963503649635,2.465209284122118,0.9397248266278392,0.12419597059488297
train,audio_314.wav,3.5,False,True,True,0.0,1.2048192771084338,0.0,1.2048192771084338,0.0,1.2048192771084338,0.0,0.0,0.0,3.614457831325301,3.614457831325301,0.5,3,5,17.0,0.0,0.1647058823529411,0.1294117647058823,0.0470588235294117,0.0588235294117647,0.0705882352941176,0.1647058823529411,0.0352941176470588,0.0,1.0,0,1,4.8,8,1.4,3.891566265060241,83,45,0.5421686746987951,4.939391699536065,3.4070053855971536,30.174747092723983,101,14,4,5,1,2,2.1463414634146334,1.1114285714285708,4.16,0.2751060820367749,5.681818181818182,1.1363636363636365,2.272727272727273,0.14772727272727273,1.4648432420060444,0.8093815699473701,0.045246824622154236
train,audio_641.wav,4.0,False,True,True,0.0,0.0,0.0,1.851851851851852,0.0,0.0,0.0,0.0,0.0,1.851851851851852,1.851851851851852,0.25,1,4,13.5,0.0,0.2962962962962963,0.1481481481481481,0.0925925925925925,0.037037037037037,0.037037037037037,0.074074074074074,0.0555555555555555,0.0,1.0,0,1,4.5,7,0.75,4.5,54,46,0.8518518518518519,6.2598071204459,3.831188867962549,46.11733307565664,63,5,3,0,1,0,1.7099430018999369,1.2280000000000002,3.240000000000002,0.16277836691410394,0.0,1.8518518518518519,0.0,0.16666666666666666,0.8998397160505784,0.7818189782814847,0.08047319948673248
train,audio_689.wav,4.0,False,True,True,0.0,0.0,0.0,0.9090909090909092,0.0,1.818181818181818,1.818181818181818,0.0,0.0,4.545454545454546,2.727272727272727,0.6,3,4,28.0,0.0,0.1875,0.1339285714285714,0.0714285714285714,0.0625,0.0446428571428571,0.1517857142857142,0.1160714285714285,0.0,1.0,1,2,5.0,7,1.5,4.136363636363637,110,76,0.6909090909090909,7.246315678266502,4.140523567474146,62.835711573145296,139,12,2,3,2,0,2.973684210526316,0.8049999999999994,2.34,0.20268569030633643,2.6548672566371683,1.7699115044247788,0.0,0.21238938053097345,2.1942306782090317,0.734649406861415,0.11388279497623444
train,audio_352.wav,4.5,False,True,True,0.0,0.9174311926605504,0.0,0.0,0.0,0.9174311926605504,0.0,0.0,0.0,1.834862385321101,1.834862385321101,0.1666666666666666,2,6,18.666666666666668,0.0,0.2589285714285714,0.1339285714285714,0.0803571428571428,0.0535714285714285,0.0625,0.1071428571428571,0.0982142857142857,0.0,1.0,0,3,4.666666666666667,6,1.3333333333333333,4.321100917431193,109,61,0.5596330275229358,5.842740339849024,3.4301354192918345,30.880824325899084,124,9,2,1,0,0,2.2983702465524445,0.9266666666666669,2.2799999999999994,0.14839857651245553,0.9090909090909091,0.0,0.0,0.07272727272727272,1.8310540525075556,0.9107635517697252,0.0003784821310546249
train,audio_193.wav,4.0,False,True,True,2.3255813953488373,0.0,0.0,0.0,0.0,0.0,0.0,0.0,0.0,2.3255813953488373,2.3255813953488373,0.5,1,2,22.5,0.0,0.3111111111111111,0.1111111111111111,0.0222222222222222,0.0444444444444444,0.0888888888888888,0.1333333333333333,0.0888888888888888,0.0,1.0,0,1,6.5,8,1.5,4.325581395348837,43,36,0.8372093023255814,5.489948531973768,3.5617281355947816,35.224016454590014,53,5,0,0,1,0,2.4941995359628772,0.7120000000000004,0.9800000000000004,0.17115384615384627,0.0,2.3255813953488373,0.0,0.0,1.8175093781370528,0.9649205741494201,0.6428043246269226
train,audio_5049.wav,0.0,True,True,True,0.0,0.0,0.0,0.0,0.0,2.083333333333333,0.0,0.0,0.0,2.083333333333333,2.083333333333333,0.0588235294117647,1,17,3.294117647058824,0.4117647058823529,0.0714285714285714,0.1964285714285714,0.0357142857142857,0.0357142857142857,0.125,0.2321428571428571,0.0357142857142857,0.0,1.0,1,2,1.5294117647058822,4,0.2352941176470588,3.4166666666666665,48,26,0.5416666666666666,3.7527767497325675,2.1977009020353617,9.004287943437893,76,14,3,0,0,5,3.0651340996168575,3.0028571428571422,31.159999999999997,0.7285961871750433,0.0,0.0,10.416666666666666,0.4791666666666667,0.7990054047305697,0.4515415416559942,0.0016240113181993365
train,audio_300.wav,5.0,False,True,True,0.0,0.9009009009009008,0.0,1.8018018018018016,0.0,0.9009009009009008,4.504504504504505,0.0,0.0,8.108108108108109,3.603603603603604,1.0,4,1,114.0,0.0,0.3070175438596491,0.1403508771929824,0.1052631578947368,0.0350877192982456,0.0350877192982456,0.087719298245614,0.0701754385964912,0.0,1.0,0,1,13.0,13,7.0,4.558558558558558,111,71,0.6396396396396397,6.7390217698427435,4.166060413388039,64.46100152284849,139,13,0,0,6,0,2.3521932612841705,0.5261538461538462,0.8599999999999994,0.1265963353692393,0.0,5.405405405405405,0.0,0.036036036036036036,1.8476999984394424,0.9234761966241373,0.06513412296772003
train,audio_581.wav,1.5,False,True,True,0.0,0.0,0.0,0.0,0.0,1.9230769230769231,1.9230769230769231,0.0,0.0,3.8461538461538463,1.9230769230769231,0.5,1,1,52.0,0.0,0.2115384615384615,0.173076923076923,0.0576923076923076,0.0384615384615384,0.0769230769230769,0.0961538461538461,0.0576923076923076,0.0,1.0,0,3,7.0,7,4.0,4.730769230769231,52,29,0.5576923076923077,4.021576422632911,4.039339882986886,56.78884314823269,56,4,2,0,0,0,1.3749338974087781,0.9949999999999986,1.38,0.09521531100478454,0.0,0.0,0.0,0.07692307692307693,0.8655891884581172,0.8225991470882525,0.042985767126083374
train,audio_164.wav,2.5,False,True,True,0.0,0.0,0.0,0.0,0.0,1.5625,0.0,0.0,0.0,1.5625,1.5625,0.2,1,5,12.8,0.0,0.21875,0.15625,0.0625,0.046875,0.046875,0.21875,0.046875,0.1428571428571428,0.8571428571428571,0,2,3.6,5,1.4,3.5,64,32,0.5,4.0,3.3525965763972354,28.57683933811546,78,7,5,1,0,2,1.7114270668773033,2.0599999999999983,7.459999999999994,0.27519083969465624,1.5384615384615385,0.0,3.076923076923077,0.15384615384615385,1.0819864855726464,0.7923069929274229,0.06012365594506264
train,audio_502.wav,3.0,False,True,True,3.787878787878788,0.7575757575757576,0.0,0.7575757575757576,0.0,4.545454545454546,1.5151515151515151,0.7575757575757576,0.0,12.12121212121212,9.848484848484848,1.0,13,3,44.333333333333336,0.0,0.1654135338345864,0.112781954887218,0.0977443609022556,0.0827067669172932,0.0902255639097744,0.1654135338345864,0.0827067669172932,0.6428571428571429,0.3571428571428571,1,4,5.666666666666667,10,5.0,3.5681818181818183,132,57,0.4318181818181818,4.961213194737389,3.3091193062918527,27.36101818133103,140,7,1,2,0,1,2.4533138044672285,0.774285714285715,1.980000000000004,0.09027315123251174,1.492537313432836,0.0,0.746268656716418,0.08955223880597014,2.2305567548728407,0.8572289864810656,0.011193533428013325
train,audio_380.wav,4.0,False,True,True,0.0,0.0,0.0,0.0,0.0,2.2900763358778624,0.7633587786259542,0.0,0.0,3.053435114503817,2.2900763358778624,0.6,3,6,22.83333333333333,0.1666666666666666,0.2335766423357664,0.1240875912408759,0.0802919708029197,0.0437956204379562,0.0875912408759124,0.1167883211678832,0.0510948905109489,0.0,1.0,0,2,5.833333333333333,9,1.8333333333333333,3.862595419847328,131,75,0.5725190839694656,6.552780424957784,3.65669959699604,38.73329619762593,142,4,2,0,2,0,2.6137270550678373,0.7350000000000008,1.0799999999999983,0.05540897097625335,0.0,1.5267175572519085,0.0,0.04580152671755725,2.2329537525022185,0.891484837609393,0.12779061496257782
train,audio_15.wav,2.0,False,True,True,2.5316455696202533,0.0,0.0,0.0,0.0,1.2658227848101269,5.063291139240507,0.0,0.0,8.860759493670885,3.79746835443038,1.0,3,2,39.5,0.0,0.2025316455696202,0.0759493670886076,0.1139240506329113,0.0632911392405063,0.0632911392405063,0.1139240506329113,0.0759493670886076,0.7272727272727273,0.2727272727272727,0,2,6.0,6,2.5,4.253164556962025,79,45,0.569620253164557,5.062895554167108,3.1950748019748265,24.411999689786416,90,6,2,0,0,0,2.2558537978298108,0.6799999999999992,1.1799999999999997,0.10434782608695638,0.0,0.0,0.0,0.02531645569620253,1.8236380424746075,0.9393629810855358,0.21242378652095795
train,audio_238.wav,4.0,False,True,True,0.0,3.333333333333333,0.0,0.0,0.0,0.0,0.0,0.0,0.0,3.333333333333333,3.333333333333333,0.3333333333333333,1,3,10.0,0.0,0.3,0.2333333333333333,0.1,0.0,0.0333333333333333,0.0666666666666666,0.0666666666666666,0.0,1.0,0,2,4.0,6,0.6666666666666666,5.3,30,19,0.6333333333333333,3.468909530866052,4.290144267835115,72.97699597344888,38,5,1,0,0,0,1.513622603430878,0.7719999999999996,1.2000000000000002,0.16300675675675666,0.0,0.0,0.0,0.16666666666666666,1.0861694424330195,0.8049952993790309,0.12140683084726334
train,audio_53.wav,3.0,False,True,True,0.0,0.0,0.0,0.0,0.0,1.2345679012345678,0.0,0.0,0.0,1.2345679012345678,1.2345679012345678,0.1428571428571428,1,7,11.571428571428571,0.0,0.2098765432098765,0.074074074074074,0.1111111111111111,0.1481481481481481,0.1234567901234567,0.1234567901234567,0.0617283950617283,1.0,0.0,0,1,3.7142857142857135,6,0.0,4.432098765432099,81,44,0.5432098765432098,4.888888888888889,3.056333876147713,21.249510847147324,97,7,0,0,0,0,2.4892440073755377,0.5771428571428574,0.8000000000000007,0.11044286495352658,0.0,0.0,0.0,0.04938271604938271,2.054794520547945,0.9235330788196359,0.3132248520851135
train,audio_283.wav,4.0,False,True,True,0.0,0.0,0.0,0.0,0.0,0.0,0.0,0.0,0.0,0.0,0.0,0.0,0,5,10.6,0.0,0.1886792452830188,0.1886792452830188,0.0754716981132075,0.0754716981132075,0.0754716981132075,0.1698113207547169,0.0943396226415094,0.0,1.0,0,2,3.4,6,0.2,4.326923076923077,52,38,0.7307692307692307,5.269651864139677,3.3179109634891635,27.602627390192893,62,6,4,0,1,0,2.571711177052424,0.9300000000000009,1.480000000000004,0.21627906976744207,0.0,1.9230769230769231,0.0,0.0,1.8706844411667494,0.9537028959737375,0.5964567065238953
train,audio_614.wav,4.5,False,True,True,0.0,0.0,0.0,0.0,0.0,3.8461538461538463,1.9230769230769231,0.9615384615384616,0.0,6.730769230769231,3.8461538461538463,0.8,4,4,26.75,0.0,0.2336448598130841,0.102803738317757,0.0747663551401869,0.0747663551401869,0.0747663551401869,0.0560747663551401,0.0747663551401869,0.0,1.0,0,2,6.75,11,1.75,4.451923076923077,104,70,0.6730769230769231,6.864064729836442,3.5215798070875266,33.83784352502149,118,8,2,4,0,0,1.9963369963369964,0.6625,1.3800000000000026,0.08848080133555926,3.669724770642202,0.0,0.0,0.03669724770642202,1.8144081065756688,0.9210196198775954,0.0005621295422315598
train,audio_121.wav,2.5,False,True,True,0.0,0.0,1.9047619047619049,0.0,0.0,1.9047619047619049,0.0,0.0,0.0,3.809523809523809,3.809523809523809,0.6,4,4,26.25,0.25,0.1428571428571428,0.1809523809523809,0.0285714285714285,0.0761904761904762,0.0380952380952381,0.1142857142857142,0.0952380952380952,0.0,1.0,1,3,7.75,17,1.0,3.304761904761905,105,55,0.5238095238095238,5.367450401216932,3.557273521079673,35.06745600672613,111,7,0,1,6,0,2.657973921765296,0.5542857142857144,0.6999999999999993,0.0886654478976234,0.9433962264150944,5.660377358490566,0.0,0.05660377358490566,2.3524189968930314,0.8999616505121285,0.11512671411037445
train,audio_216.wav,4.0,False,True,True,0.0,0.0,0.0,0.7407407407407407,0.0,1.4814814814814814,0.0,0.7407407407407407,0.0,2.962962962962963,2.2222222222222223,0.4285714285714285,3,6,23.0,0.0,0.1739130434782608,0.144927536231884,0.0652173913043478,0.0434782608695652,0.108695652173913,0.1159420289855072,0.0434782608695652,0.0,1.0,0,2,4.833333333333333,9,2.1666666666666665,4.288888888888889,135,69,0.5111111111111111,5.938574464184706,3.0501049954467025,21.11756155395285,163,15,1,0,0,0,2.8711186729051463,0.5786666666666661,1.1199999999999974,0.15583482944344687,0.0,0.0,0.0,0.014814814814814815,2.2472003628812436,0.9397471201640588,0.1483575701713562
train,audio_552.wav,2.0,False,True,True,1.550387596899225,0.0,0.0,0.0,0.0,0.7751937984496124,0.7751937984496124,0.0,0.0,3.10077519379845,2.3255813953488373,0.4,3,4,33.0,0.0,0.2045454545454545,0.0833333333333333,0.1136363636363636,0.0454545454545454,0.0757575757575757,0.1515151515151515,0.0909090909090909,0.6666666666666666,0.3333333333333333,0,2,7.0,14,1.75,3.7421875,129,72,0.5581395348837209,6.339246525544492,4.246339562821062,69.8492649805659,146,7,1,1,1,0,2.524677296886864,0.817142857142857,2.0,0.09794520547945204,0.7518796992481203,0.7518796992481203,0.0,0.10526315789473684,2.2139108089409536,0.8301278132476136,0.006061135325580835
train,audio_514.wav,2.5,False,True,True,0.0,0.0,1.1363636363636365,0.0,1.1363636363636365,4.545454545454546,1.1363636363636365,0.0,0.0,7.954545454545454,6.818181818181818,1.0,6,1,88.0,0.0,0.2386363636363636,0.0795454545454545,0.1022727272727272,0.0227272727272727,0.0909090909090909,0.0681818181818181,0.125,0.0,1.0,3,2,9.0,9,2.0,4.363636363636363,88,45,0.5113636363636364,4.797016118001235,4.239363475512433,69.36368609920896,93,2,0,0,4,0,1.6793893129770994,0.4299999999999988,0.5199999999999978,0.0161472024033045,0.0,4.545454545454546,0.0,0.09090909090909091,1.4648432420060444,0.8332068834446765,0.008141622878611088
train,audio_593.wav,5.0,False,True,True,0.0,0.0,0.8064516129032258,0.0,0.0,0.0,0.8064516129032258,0.0,0.0,1.6129032258064515,0.8064516129032258,0.4,1,5,24.8,0.0,0.314516129032258,0.1532258064516129,0.0967741935483871,0.0080645161290322,0.0241935483870967,0.0887096774193548,0.064516129032258,0.0,1.0,0,1,6.8,10,1.0,5.459677419354839,124,86,0.6935483870967742,7.723027987151322,3.1681263875618257,23.76292011870848,139,8,0,0,0,0,3.06930693069307,0.4550000000000023,0.9200000000000053,0.08265213442325199,0.0,0.0,0.0,0.06451612903225806,2.064097295553972,0.8747979358379399,0.03938454017043114
train,audio_565.wav,3.0,False,True,True,2.816901408450704,0.0,1.408450704225352,8.450704225352112,0.0,1.408450704225352,1.408450704225352,0.0,0.0,15.492957746478874,14.084507042253522,0.5,10,3,24.33333333333333,0.0,0.273972602739726,0.1780821917808219,0.0547945205479452,0.0,0.0410958904109589,0.2191780821917808,0.0273972602739726,0.25,0.75,0,3,4.333333333333333,5,2.0,4.042253521126761,71,41,0.5774647887323944,4.865804798594798,4.300297995174632,73.72175915512699,85,12,1,6,0,0,2.3012552301255225,1.9166666666666663,17.839999999999996,0.40736804817569955,7.792207792207792,0.0,0.0,0.07792207792207792,1.281737836755289,0.8366818953087771,0.013754495419561863
train,audio_140.wav,3.0,False,True,True,0.0,1.3157894736842106,2.631578947368421,0.0,0.0,1.3157894736842106,0.0,1.3157894736842106,0.0,6.578947368421052,5.2631578947368425,0.4,4,5,15.4,0.0,0.2597402597402597,0.1558441558441558,0.0649350649350649,0.0389610389610389,0.0519480519480519,0.1558441558441558,0.0649350649350649,0.1,0.9,0,3,5.0,7,0.8,4.5,76,52,0.6842105263157895,5.9648090806346055,3.353829956054688,28.612107175274968,100,6,3,1,0,0,2.153243847874721,3.3933333333333344,8.720000000000006,0.3627940128296509,1.2987012987012987,0.0,0.0,0.09090909090909091,1.281624500665779,0.8739480649900232,0.0006126275984570384
train,audio_117.wav,2.5,False,True,True,2.898550724637681,1.4492753623188406,0.0,1.4492753623188406,0.0,2.898550724637681,0.0,0.0,0.0,8.695652173913043,8.695652173913043,0.75,6,4,17.25,0.0,0.2463768115942029,0.1594202898550724,0.0289855072463768,0.0579710144927536,0.0869565217391304,0.1304347826086956,0.1159420289855072,0.7142857142857143,0.2857142857142857,0,3,4.5,6,1.5,4.768115942028985,69,47,0.6811594202898551,5.658135095031152,5.037059156200554,154.01641015745312,79,6,1,3,0,0,1.9007391763463573,0.7000000000000002,1.9000000000000004,0.09980988593155897,4.166666666666667,0.0,0.0,0.08333333333333333,1.5978695073235685,0.8230594272034877,0.0008356692851521075
train,audio_495.wav,4.0,False,True,True,0.7575757575757576,0.0,0.7575757575757576,0.7575757575757576,0.0,1.5151515151515151,0.0,0.0,0.0,3.787878787878788,3.787878787878788,0.7142857142857143,5,6,22.0,0.0,0.25,0.0833333333333333,0.0681818181818181,0.0454545454545454,0.0606060606060606,0.1590909090909091,0.0909090909090909,0.9090909090909092,0.0909090909090909,0,2,5.666666666666667,12,1.5,3.992424242424242,132,73,0.553030303030303,6.353834442382971,3.5107141443201013,33.47216320577437,148,12,4,1,0,2,2.921792618629174,0.9066666666666673,2.780000000000001,0.19290780141843983,0.7518796992481203,0.0,1.5037593984962405,0.09774436090225563,2.2139108089409536,0.850637225252121,0.022240500897169113
train,audio_652.wav,3.0,False,True,True,0.0,0.0,0.0,0.0,0.0,0.0,0.0,0.0,0.0,0.0,0.0,0.0,0,5,17.6,0.0,0.2045454545454545,0.1477272727272727,0.0795454545454545,0.0909090909090909,0.0454545454545454,0.1818181818181818,0.0568181818181818,0.0,1.0,0,2,3.2,5,1.0,4.247058823529412,85,53,0.6235294117647059,5.7486571321943885,3.660021860665138,38.862192415421546,109,12,3,0,0,0,2.4651972157772626,0.6416666666666675,1.3000000000000043,0.18255097202465645,0.0,0.0,0.0,0.09411764705882353,1.414905404210384,0.8346880306215847,0.05635932832956314
train,audio_645.wav,3.0,False,True,True,1.834862385321101,0.0,0.0,0.0,0.0,1.834862385321101,1.834862385321101,0.0,0.0,5.504587155963303,3.669724770642202,0.75,4,8,14.25,0.125,0.1052631578947368,0.1666666666666666,0.0263157894736842,0.0350877192982456,0.0614035087719298,0.3333333333333333,0.0964912280701754,0.3888888888888889,0.6111111111111112,0,2,3.625,5,1.75,3.568807339449541,109,54,0.4954128440366973,5.172261940194217,3.23980963034708,25.528861364254126,122,7,3,3,5,0,2.7477919528949957,0.797142857142858,1.1400000000000006,0.12041432887354352,2.6785714285714284,4.464285714285714,0.0,0.0625,2.287581699346405,0.8935069740421439,0.0033047266770154238
train,audio_242.wav,2.0,False,True,True,1.5625,0.0,0.0,0.0,0.0,1.5625,1.5625,0.0,0.0,4.6875,3.125,0.5,2,4,16.25,0.0,0.2461538461538461,0.0769230769230769,0.1384615384615384,0.0923076923076923,0.0923076923076923,0.1076923076923077,0.0769230769230769,0.0,1.0,0,1,4.75,7,0.75,4.03125,64,41,0.640625,5.125,4.49247205579603,89.34203160326874,74,4,1,0,1,0,1.1676701331873747,0.8175000000000012,1.5699999999999985,0.05630165289256207,0.0,1.5625,0.0,0.140625,1.0652463382157125,0.8056568636675365,0.053756263107061386
train,audio_4.wav,2.5,False,True,True,0.0,0.0,0.99009900990099,0.0,0.0,0.0,1.98019801980198,0.0,0.0,2.9702970297029703,0.99009900990099,0.4,1,5,20.8,0.0,0.2019230769230769,0.1346153846153846,0.0192307692307692,0.0673076923076923,0.048076923076923,0.1634615384615384,0.0673076923076923,0.0,1.0,0,2,4.6,8,1.4,3.584158415841584,101,58,0.5742574257425742,5.771215703217937,3.546649012072333,34.69685372429356,116,7,0,1,2,1,2.608695652173913,0.4885714285714287,0.7200000000000006,0.08043273753527753,0.9803921568627451,1.9607843137254901,0.9803921568627451,0.029411764705882353,2.263648468708389,0.9144870966088539,0.16384685039520264
train,audio_93.wav,2.0,False,True,True,1.0101010101010102,0.0,0.0,2.0202020202020203,0.0,2.0202020202020203,1.0101010101010102,0.0,0.0,6.0606060606060606,5.05050505050505,0.75,5,4,25.5,0.0,0.1666666666666666,0.0980392156862745,0.0686274509803921,0.0490196078431372,0.0980392156862745,0.196078431372549,0.0686274509803921,0.0,1.0,0,2,5.75,8,1.0,3.272727272727273,99,44,0.4444444444444444,4.422166387140533,2.7560525596688645,15.737596947994668,109,6,0,0,0,0,2.533265097236438,0.49999999999999983,0.5999999999999979,0.07129277566539922,0.0,0.0,0.0,0.010101010101010102,2.1970705725699067,0.951150000772693,0.11696455627679825
train,audio_582.wav,2.0,False,True,True,7.894736842105263,0.0,0.0,0.0,2.631578947368421,0.0,0.0,0.0,0.0,10.526315789473683,10.526315789473683,1.0,4,1,38.0,0.0,0.1842105263157894,0.1578947368421052,0.0526315789473684,0.0526315789473684,0.0263157894736842,0.2368421052631578,0.1578947368421052,0.4,0.6,1,3,5.0,5,2.0,4.184210526315789,38,24,0.631578947368421,3.893314107138301,4.308370971679688,74.31932199467214,40,1,0,0,0,1,1.603375527426161,0.6600000000000001,0.6600000000000001,0.027093596059113316,0.0,0.0,2.6315789473684212,0.21052631578947367,0.6325459454117011,0.7622260306226579,0.1260586827993393
train,audio_222.wav,5.0,False,True,True,0.0,0.0,0.0,2.061855670103093,0.0,0.0,0.0,1.0309278350515465,0.0,3.09278350515464,2.061855670103093,0.375,2,8,12.625,0.125,0.1881188118811881,0.0891089108910891,0.099009900990099,0.099009900990099,0.0693069306930693,0.1386138613861386,0.1089108910891089,0.4615384615384615,0.5384615384615384,0,2,3.75,7,0.375,3.824742268041237,97,65,0.6701030927835051,6.599750073368524,3.298809660582984,27.0803848782887,119,12,4,1,0,2,2.2916666666666674,0.8500000000000005,1.620000000000001,0.1910112359550563,1.0101010101010102,0.0,2.0202020202020203,0.0707070707070707,1.680165980033179,0.9071981707456136,0.10381833463907242
train,audio_5042.wav,0.0,True,True,True,0.0,1.492537313432836,0.0,0.0,0.0,0.0,1.492537313432836,0.0,0.0,2.985074626865672,1.492537313432836,0.25,1,4,16.75,0.0,0.1940298507462686,0.1343283582089552,0.1492537313432835,0.0597014925373134,0.0597014925373134,0.0895522388059701,0.0298507462686567,0.0,1.0,1,2,3.5,5,1.0,4.746268656716418,67,46,0.6865671641791045,5.61979444039004,4.699983254457131,109.94533134244917,78,2,1,0,1,1,2.7800829875518676,5.370000000000003,9.84,0.3082663605051666,0.0,1.492537313432836,1.492537313432836,0.5223880597014925,1.1152783774364203,0.466633058168483,3.457169214016176e-06
train,audio_253.wav,3.5,False,True,True,1.639344262295082,3.278688524590164,0.0,0.0,0.0,3.278688524590164,0.0,1.639344262295082,0.0,9.836065573770492,8.19672131147541,1.0,5,1,62.0,0.0,0.2258064516129032,0.1935483870967742,0.0483870967741935,0.0483870967741935,0.064516129032258,0.1612903225806451,0.0967741935483871,0.0,1.0,0,2,12.0,12,6.0,4.475409836065574,61,44,0.7213114754098361,5.633622717047423,3.6330042658625423,37.8262863059368,74,9,7,1,0,0,1.3976555455365198,1.4377777777777794,2.08,0.22582897033158839,1.6129032258064515,0.0,0.0,0.06451612903225806,1.0319573901464714,0.8985328883413346,0.1212863028049469
train,audio_167.wav,3.0,False,True,True,0.7874015748031497,0.7874015748031497,2.3622047244094486,1.5748031496062993,0.0,0.7874015748031497,0.0,0.0,0.0,6.299212598425197,6.299212598425197,0.4545454545454545,8,11,11.545454545454543,0.0,0.2755905511811024,0.1102362204724409,0.0787401574803149,0.0314960629921259,0.0787401574803149,0.1732283464566929,0.0472440944881889,0.0769230769230769,0.9230769230769232,0,3,4.363636363636363,7,0.3636363636363636,3.984251968503937,127,65,0.5118110236220472,5.76781731120474,2.996257678882496,20.010510867561216,148,15,4,0,0,0,2.906178489702517,1.0039999999999993,4.759999999999998,0.25629680054458803,0.0,0.0,0.0,0.047244094488188976,2.1140351333496326,0.9066409464544198,0.08245884627103806
train,audio_583.wav,3.0,False,True,True,0.0,0.0,0.9615384615384616,3.8461538461538463,0.0,0.9615384615384616,0.9615384615384616,0.0,0.0,6.730769230769231,5.769230769230769,0.7142857142857143,6,7,15.0,0.1428571428571428,0.1619047619047619,0.1619047619047619,0.0761904761904762,0.0380952380952381,0.0666666666666666,0.219047619047619,0.0857142857142857,0.0,1.0,0,1,4.142857142857143,8,1.2857142857142858,4.019230769230769,104,53,0.5096153846153846,5.197077581161877,4.022546941583807,55.84315410703795,110,5,0,0,3,1,1.9439252336448598,0.6360000000000003,0.9600000000000009,0.05610444601270292,0.0,2.8846153846153846,0.9615384615384616,0.07692307692307693,1.7311783769162343,0.8729812796585835,0.1524214744567871
train,audio_682.wav,5.0,False,True,True,1.550387596899225,0.7751937984496124,0.7751937984496124,0.7751937984496124,0.7751937984496124,0.7751937984496124,0.0,0.0,0.0,5.426356589147287,5.426356589147287,0.4285714285714285,7,7,18.714285714285715,0.0,0.2824427480916031,0.1145038167938931,0.0839694656488549,0.0305343511450381,0.0763358778625954,0.0916030534351145,0.0229007633587786,0.1,0.9,0,3,5.0,7,1.0,4.271317829457364,129,72,0.5581395348837209,6.339246525544492,3.1605578289916183,23.583747958777767,151,14,4,0,0,0,2.7493606138107416,0.8000000000000004,2.0399999999999956,0.19270474879559538,0.0,0.0,0.0,0.007751937984496124,2.1473270252134062,0.9422639618779338,0.15846018493175507
train,audio_5045.wav,0.0,True,True,True,0.0,0.0,1.2195121951219512,0.0,0.0,1.2195121951219512,0.0,1.2195121951219512,0.0,3.658536585365854,2.4390243902439024,0.375,2,8,10.625,0.0,0.2823529411764706,0.1647058823529411,0.0352941176470588,0.0352941176470588,0.0588235294117647,0.1411764705882353,0.0352941176470588,0.6,0.4,0,3,3.625,8,0.75,3.902439024390244,82,48,0.5853658536585366,5.300713251592634,3.611350581331073,37.01601220515349,106,14,6,0,1,1,3.0169242089771897,1.1471428571428575,2.5600000000000023,0.3714153561517115,0.0,1.2195121951219512,1.2195121951219512,0.15853658536585366,1.3649675664147232,0.7793626720994348,0.1273966133594513
train,audio_173.wav,3.0,False,True,True,1.5873015873015872,0.0,2.380952380952381,0.0,0.0,2.380952380952381,1.5873015873015872,0.0,0.0,7.936507936507937,6.349206349206349,1.0,8,2,63.0,0.0,0.2777777777777778,0.1507936507936507,0.0158730158730158,0.0158730158730158,0.0634920634920634,0.1507936507936507,0.0952380952380952,0.6153846153846154,0.3846153846153846,0,2,9.0,12,5.0,3.865079365079365,126,67,0.5317460317460317,5.968834402710811,4.334375718060662,76.27732546630212,136,3,1,0,2,1,2.380952380952381,1.1066666666666667,2.219999999999999,0.05903271692745377,0.0,1.5873015873015872,0.7936507936507936,0.11904761904761904,2.0973891874177455,0.832292459589779,0.03210603445768356
train,audio_338.wav,5.0,False,True,True,1.2903225806451613,0.0,0.0,0.0,0.0,1.935483870967742,0.6451612903225806,0.0,0.0,3.870967741935484,3.225806451612903,0.5,5,6,26.33333333333333,0.0,0.2468354430379747,0.1075949367088607,0.1012658227848101,0.0949367088607595,0.0443037974683544,0.0696202531645569,0.0696202531645569,0.0,1.0,0,2,6.0,12,2.0,4.603896103896104,155,107,0.6903225806451613,8.594446819256738,3.710836856923205,40.888009627376206,188,15,0,0,1,1,2.9830638953040802,0.470666666666667,0.96,0.11962046763808887,0.0,0.6451612903225806,0.6451612903225806,0.025806451612903226,2.5828732590340677,0.9369649461680843,0.08425929397344589
train,audio_188.wav,5.0,False,True,True,0.0,0.0,0.0,0.0,0.0,0.8,0.8,0.0,0.0,1.6,0.8,0.2222222222222222,1,9,13.88888888888889,0.1111111111111111,0.24,0.128,0.056,0.072,0.096,0.104,0.08,0.0666666666666666,0.9333333333333332,0,3,4.666666666666667,8,1.2222222222222223,4.488,125,73,0.584,6.529318494299385,3.503162384033203,33.22034149830764,144,8,0,1,0,0,2.34375,0.4749999999999994,0.6999999999999993,0.06601806810284913,0.7936507936507936,0.0,0.0,0.023809523809523808,2.0973870053558277,0.943943187121361,0.19439399242401123
train,audio_59.wav,3.0,False,True,True,0.9615384615384616,0.0,0.0,0.0,0.0,0.0,0.0,0.0,0.0,0.9615384615384616,0.9615384615384616,0.25,1,5,21.0,0.0,0.2476190476190476,0.1142857142857142,0.0761904761904762,0.0571428571428571,0.0571428571428571,0.1523809523809524,0.0666666666666666,0.1,0.9,0,2,7.6,18,1.6,4.211538461538462,104,54,0.5192307692307693,5.2951356487309695,3.124797821044922,22.75529398685817,120,10,1,0,1,0,2.663934426229509,0.5980000000000008,1.1400000000000006,0.1328298533984897,0.0,0.9615384615384616,0.0,0.057692307692307696,2.30803373280071,0.882106896274938,0.03450421243906021
train,audio_318.wav,5.0,False,True,True,0.0,0.0,0.0,0.0,0.0,0.8,1.6,0.0,0.0,2.4,0.8,0.75,1,1,128.0,0.0,0.2265625,0.15625,0.0234375,0.0390625,0.1328125,0.15625,0.0390625,0.8333333333333334,0.1666666666666666,0,3,11.0,11,15.0,4.312,125,70,0.56,6.260990336999411,3.4233557472766285,30.672170566648536,142,11,2,2,0,0,2.7741371778069026,0.8600000000000001,3.020000000000003,0.1712527154236061,1.5748031496062993,0.0,0.0,0.07874015748031496,2.1140351333496326,0.8953166808786355,0.08617686480283737
train,audio_17.wav,2.0,False,True,True,0.0,0.0,0.9090909090909092,0.9090909090909092,0.9090909090909092,0.9090909090909092,0.0,0.0,0.0,3.636363636363636,3.636363636363636,0.6,4,4,28.25,0.0,0.1858407079646017,0.1150442477876106,0.0707964601769911,0.0265486725663716,0.0884955752212389,0.247787610619469,0.0884955752212389,0.75,0.25,0,3,7.0,9,2.75,4.072727272727272,110,55,0.5,5.244044240850758,3.0962772812954213,22.11546817895568,129,8,0,0,1,0,2.8637770897832824,0.43500000000000016,0.7199999999999989,0.08238636363636367,0.0,0.9009009009009009,0.0,0.04504504504504504,2.5170068027210886,0.9228603303342969,0.13081876933574677
train,audio_551.wav,2.0,False,True,True,0.0,0.0,0.8849557522123894,2.6548672566371683,0.0,2.6548672566371683,1.7699115044247788,0.8849557522123894,0.0,8.849557522123893,6.1946902654867255,0.6,7,5,22.8,0.0,0.1842105263157894,0.0964912280701754,0.0526315789473684,0.0526315789473684,0.1491228070175438,0.1842105263157894,0.0350877192982456,0.0,1.0,2,3,4.0,6,1.6,3.973451327433629,113,62,0.5486725663716814,5.832469383978303,3.877252886372228,48.29137080290253,124,9,1,0,0,0,2.2563897763578273,0.726666666666667,1.9000000000000004,0.11550688802543277,0.0,0.0,0.0,0.061946902654867256,1.8809918903032161,0.8620938278767651,0.023076238110661507
train,audio_275.wav,4.0,False,True,True,0.0,0.0,0.0,0.0,0.0,3.508771929824561,0.0,0.0,0.0,3.508771929824561,3.508771929824561,0.5,2,1,59.0,0.0,0.2711864406779661,0.1016949152542373,0.0677966101694915,0.0847457627118644,0.0847457627118644,0.0508474576271186,0.0847457627118644,0.0,1.0,0,2,7.0,7,6.0,4.2105263157894735,57,35,0.6140350877192983,4.635863249727653,3.294654967292906,26.96810758530601,63,2,0,0,0,0,1.8688524590163935,0.5300000000000002,0.7199999999999989,0.03358681875792144,0.0,0.0,0.0,0.03508771929824561,1.4608384764351698,0.9353598079137635,0.46368956565856934
train,audio_368.wav,5.0,False,True,True,0.7751937984496124,0.0,0.0,0.0,0.0,0.7751937984496124,0.0,0.0,0.0,1.550387596899225,1.550387596899225,0.2,2,10,13.6,0.0,0.1617647058823529,0.1470588235294117,0.1029411764705882,0.1029411764705882,0.0735294117647058,0.1691176470588235,0.0735294117647058,0.1764705882352941,0.8235294117647058,0,3,3.3,7,0.7,4.24031007751938,129,77,0.5968992248062015,6.779471978707304,3.1642247353830646,23.670386104808298,155,10,2,1,0,1,2.95178008111762,0.575999999999999,1.4000000000000021,0.11487834064619044,0.7633587786259542,0.0,0.7633587786259542,0.015267175572519083,2.18061891707718,0.9417591911779702,0.001802430720999837
train,audio_730.wav,3.0,False,True,True,0.0,0.0,0.0,0.0,0.0,3.8461538461538463,0.0,0.0,0.0,3.8461538461538463,3.8461538461538463,0.3333333333333333,2,2,26.0,0.0,0.2307692307692307,0.1346153846153846,0.1153846153846153,0.0192307692307692,0.0384615384615384,0.1153846153846153,0.1153846153846153,0.0,1.0,0,1,8.0,12,0.0,4.615384615384615,52,38,0.7307692307692307,5.269651864139677,3.412314431709156,30.33537222228597,57,3,2,0,1,0,1.0828821324448148,1.8866666666666685,3.600000000000003,0.10543964232488832,0.0,1.9230769230769231,0.0,0.057692307692307696,0.8655891884581172,0.8972695713432935,0.1372205764055252
train,audio_5060.wav,0.0,True,True,True,0.0,0.0,0.0,0.0,0.0,0.0,2.0,0.0,0.0,2.0,0.0,0.3333333333333333,0,2,25.0,0.0,0.26,0.08,0.0,0.02,0.02,0.08,0.1,0.0,1.0,0,2,5.5,9,1.0,3.94,50,23,0.46,3.2526911934581184,2.9468214246961804,19.045320430356675,54,2,0,0,0,0,2.080443828016644,0.6100000000000012,0.740000000000002,0.040585495675316115,0.0,0.0,0.0,0.45,0.9987567559132121,0.5453330999240279,0.005441918969154358
train,audio_685.wav,3.0,False,True,True,0.0,0.8695652173913043,0.0,0.0,0.0,2.608695652173913,1.7391304347826086,0.0,0.0,5.217391304347826,3.4782608695652173,0.75,4,3,38.333333333333336,0.0,0.1652173913043478,0.1130434782608695,0.0869565217391304,0.0347826086956521,0.0608695652173913,0.2,0.1130434782608695,0.7142857142857143,0.2857142857142857,1,3,6.666666666666667,11,3.6666666666666665,3.6869565217391305,115,60,0.5217391304347826,5.595028849441883,3.3373919103899574,28.14562458596503,117,1,1,0,0,0,2.078062883989881,1.2800000000000011,1.2800000000000011,0.022606852702225382,0.0,0.0,0.0,0.043478260869565216,1.91428378216699,0.9017531918442767,0.11491537094116211
train,audio_7.wav,3.0,False,True,True,0.0,0.0,0.0,1.4285714285714286,0.0,1.4285714285714286,2.857142857142857,0.0,0.0,5.714285714285714,2.857142857142857,1.0,2,2,35.0,0.0,0.2,0.1142857142857142,0.0428571428571428,0.0428571428571428,0.0571428571428571,0.2,0.0714285714285714,0.8888888888888888,0.1111111111111111,0,3,6.0,7,1.5,3.5142857142857142,70,41,0.5857142857142857,4.900437298271014,3.1217486732884456,22.686015407238312,76,7,1,4,0,0,1.9892473118279568,0.5914285714285716,1.0,0.10014513788098696,5.405405405405405,0.0,0.0,0.05405405405405406,1.64225477141589,0.8844606176493028,0.00033897810499183834
train,audio_204.wav,5.0,False,True,True,0.0,0.0,0.7575757575757576,0.0,0.0,0.0,0.0,0.0,0.0,0.7575757575757576,0.7575757575757576,0.1111111111111111,1,9,15.444444444444445,0.0,0.1366906474820144,0.1294964028776978,0.0575539568345323,0.0935251798561151,0.0719424460431654,0.2230215827338129,0.079136690647482,0.0714285714285714,0.9285714285714286,0,3,4.888888888888889,8,1.0,4.106060606060606,132,84,0.6363636363636364,7.311261550139309,2.974725103997565,19.584238880580138,154,10,0,0,1,1,2.6506024096385548,0.5780000000000007,0.8399999999999999,0.10399424253328549,0.0,0.7575757575757576,0.7575757575757576,0.015151515151515152,2.1627023949471407,0.945317839356986,0.10442820191383362
train,audio_5064.wav,0.0,True,True,True,0.0,1.5384615384615383,1.5384615384615383,0.0,1.5384615384615383,0.0,0.0,0.0,0.0,4.615384615384615,4.615384615384615,0.5,3,6,11.0,0.0,0.303030303030303,0.106060606060606,0.0454545454545454,0.0303030303030303,0.0757575757575757,0.106060606060606,0.0454545454545454,0.0,1.0,0,2,4.0,8,0.6666666666666666,4.646153846153847,65,48,0.7384615384615385,5.953667260282006,5.078038203251826,160.45895908753295,77,6,1,0,0,0,1.388304585612116,1.0966666666666658,2.4800000000000004,0.12158167036215806,0.0,0.0,0.0,0.3484848484848485,1.0986324315045333,0.6242097737079467,0.002636013552546501
train,audio_127.wav,3.5,False,True,True,0.0,2.3255813953488373,1.162790697674419,0.0,1.162790697674419,3.488372093023256,0.0,1.162790697674419,1.162790697674419,10.465116279069768,8.13953488372093,0.8333333333333334,7,6,14.333333333333334,0.1666666666666666,0.3604651162790697,0.1511627906976744,0.1162790697674418,0.0465116279069767,0.0116279069767441,0.0465116279069767,0.0581395348837209,0.0,1.0,0,1,5.166666666666667,9,0.5,4.872093023255814,86,70,0.813953488372093,7.548294124240689,4.440468884389335,84.81470064103677,109,18,1,1,1,1,2.728983688833124,0.5433333333333333,1.279999999999994,0.23475756120979352,1.1494252873563218,1.1494252873563218,1.1494252873563218,0.13793103448275862,1.9307589880159786,0.8158295055820899,0.0002159974683308974
train,audio_412.wav,2.0,False,True,True,2.272727272727273,2.272727272727273,2.272727272727273,2.272727272727273,2.272727272727273,11.363636363636363,0.0,0.0,0.0,22.727272727272727,22.727272727272727,1.0,10,1,45.0,0.0,0.2222222222222222,0.1111111111111111,0.1111111111111111,0.0,0.0666666666666666,0.0888888888888888,0.1111111111111111,0.25,0.75,0,3,6.0,6,2.0,4.545454545454546,44,30,0.6818181818181818,4.522670168666455,5.301411531409439,200.6197913461,49,3,0,1,1,1,1.6993957703927491,0.49999999999999883,0.9199999999999999,0.053609721229449486,2.2222222222222223,2.2222222222222223,2.2222222222222223,0.08888888888888889,1.334203036053131,0.7806541909360223,0.004168687388300896
train,audio_132.wav,2.0,False,True,True,2.816901408450704,1.408450704225352,0.0,0.0,0.0,2.816901408450704,0.0,0.0,0.0,7.042253521126761,7.042253521126761,1.0,5,3,23.666666666666668,0.0,0.3098591549295774,0.1126760563380281,0.0845070422535211,0.056338028169014,0.0140845070422535,0.1267605633802817,0.1408450704225352,0.5,0.5,0,3,5.666666666666667,6,1.3333333333333333,4.549295774647887,71,45,0.6338028169014085,5.34051746187234,4.199493408203125,66.6525568482429,94,14,2,1,1,1,2.2085889570552153,0.7500000000000002,2.0600000000000023,0.24361948955916482,1.3888888888888888,1.3888888888888888,1.3888888888888888,0.08333333333333333,1.5978695073235685,0.8638982363217683,0.060520585626363754
train,audio_156.wav,3.5,False,True,True,0.0,1.941747572815534,0.0,0.0,0.0,0.0,0.970873786407767,0.970873786407767,0.0,3.883495145631068,1.941747572815534,0.375,2,8,12.875,0.0,0.2135922330097087,0.0970873786407767,0.0970873786407767,0.0388349514563106,0.1262135922330097,0.145631067961165,0.0970873786407767,0.0,1.0,4,3,3.875,6,0.5,4.019417475728155,103,56,0.5436893203883495,5.517843957720042,3.3182824399290967,27.61288302069322,119,12,4,0,0,0,2.7770288487462937,1.5658333333333339,9.079999999999998,0.3362562634216179,0.0,0.0,0.0,0.05825242718446602,1.714380825565912,0.894151521719311,0.0010756042320281267
train,audio_426.wav,2.0,False,True,True,0.0,0.0,0.0,0.0,0.0,6.024096385542169,0.0,0.0,0.0,6.024096385542169,6.024096385542169,1.0,5,2,42.5,0.0,0.2588235294117647,0.1294117647058823,0.0117647058823529,0.0235294117647058,0.1529411764705882,0.0941176470588235,0.0705882352941176,0.0,1.0,6,3,7.0,8,4.0,4.614457831325301,83,44,0.5301204819277109,4.829627439546375,4.01418701171875,55.37825522387287,100,11,2,5,1,0,1.782820097244733,0.7272727272727283,2.700000000000003,0.1394700139470016,5.681818181818182,1.1363636363636365,0.0,0.07954545454545454,1.4648432420060444,0.8424135507719422,0.01737239956855774
train,audio_709.wav,4.0,False,True,True,0.0,0.0,0.0,0.9345794392523364,0.0,0.0,0.0,0.0,0.0,0.9345794392523364,0.9345794392523364,0.25,1,4,27.0,0.0,0.1759259259259259,0.1574074074074074,0.0833333333333333,0.0185185185185185,0.0833333333333333,0.1574074074074074,0.0925925925925925,0.0,1.0,1,2,9.0,12,1.5,4.12037037037037,107,62,0.5794392523364486,5.9937662320831135,2.9673748185149336,19.44081687590476,113,4,1,0,0,0,2.215320910973085,0.8100000000000005,1.3200000000000003,0.06286379511059376,0.0,0.0,0.0,0.0,1.7830157336557757,0.9610165001075959,0.5880120992660522
train,audio_291.wav,5.0,False,True,True,0.0,0.0,0.0,0.0,0.0,1.1494252873563218,0.0,0.0,0.0,1.1494252873563218,1.1494252873563218,0.1428571428571428,1,7,12.571428571428571,0.0,0.1818181818181818,0.125,0.0568181818181818,0.1136363636363636,0.0795454545454545,0.1136363636363636,0.0681818181818181,0.0,1.0,0,2,5.142857142857143,8,0.4285714285714285,3.942528735632184,87,54,0.6206896551724138,5.789407688124092,2.785573641459147,16.209113429829806,96,5,2,0,0,0,1.987208771128369,1.044,2.1400000000000006,0.10653061224489797,0.0,0.0,0.0,0.022988505747126436,1.5406598052703404,0.9429511242899401,0.2690403163433075
train,audio_523.wav,3.5,False,True,True,0.0,0.9174311926605504,0.0,0.0,0.0,0.9174311926605504,0.0,0.9174311926605504,0.0,2.752293577981652,1.834862385321101,0.25,2,3,36.333333333333336,0.0,0.3119266055045872,0.1376146788990825,0.073394495412844,0.0275229357798165,0.0825688073394495,0.055045871559633,0.0275229357798165,0.0,1.0,3,3,7.666666666666667,12,2.6666666666666665,4.651376146788991,109,77,0.7064220183486238,7.375262396202865,4.463915424962198,86.82680826511083,124,8,4,1,0,0,2.7308838133068516,1.447499999999999,3.6000000000000014,0.22329348245275726,0.9090909090909091,0.0,0.0,0.1,1.8310540525075556,0.8305349632617876,0.008486532606184483
train,audio_632.wav,4.5,False,True,True,0.0,1.941747572815534,0.0,0.0,0.0,0.0,0.970873786407767,0.0,0.0,2.912621359223301,1.941747572815534,0.5,2,4,26.0,0.0,0.25,0.0865384615384615,0.0865384615384615,0.0865384615384615,0.0576923076923076,0.1057692307692307,0.048076923076923,0.0,1.0,0,2,5.5,7,1.5,4.038834951456311,103,66,0.6407766990291263,6.503173235884335,3.647434470927821,38.3760846854894,113,8,2,2,1,0,2.08789023662756,0.9587499999999994,2.289999999999992,0.13233264320220833,1.9047619047619047,0.9523809523809523,0.0,0.06666666666666667,1.7478243228481212,0.8708267119535733,0.006197331007570028
train,audio_684.wav,3.0,False,True,True,0.0,1.834862385321101,0.0,0.9174311926605504,0.0,1.834862385321101,1.834862385321101,0.0,0.0,6.422018348623853,4.587155963302752,0.75,5,3,36.333333333333336,0.0,0.1834862385321101,0.1743119266055046,0.055045871559633,0.0458715596330275,0.0642201834862385,0.1834862385321101,0.091743119266055,0.0909090909090909,0.9090909090909092,1,4,6.0,7,3.333333333333333,3.853211009174312,109,62,0.5688073394495413,5.938522968371139,3.642417214133523,38.18402422508004,121,7,1,3,0,0,2.287581699346405,0.5799999999999995,1.1399999999999997,0.07657487740475287,2.6785714285714284,0.0,0.0,0.0625,1.937984496124031,0.8846571497436214,0.005299941636621952
train,audio_512.wav,2.5,False,True,True,0.0,0.0,4.545454545454546,4.545454545454546,0.0,0.0,0.0,0.0,0.0,9.090909090909092,9.090909090909092,1.0,4,3,14.666666666666666,0.0,0.2954545454545454,0.0909090909090909,0.0454545454545454,0.0227272727272727,0.0681818181818181,0.2045454545454545,0.0681818181818181,0.2,0.8,1,3,4.0,5,0.6666666666666666,3.727272727272727,44,32,0.7272727272727273,4.824181513244218,4.339165299027054,76.64353819520178,54,5,4,2,1,0,2.0087336244541487,2.92,8.12,0.3893333333333333,4.3478260869565215,2.1739130434782608,0.0,0.1956521739130435,0.765713512866796,0.777753896387024,0.0025192410685122013
train,audio_764.wav,5.0,False,True,True,0.7194244604316546,0.7194244604316546,0.0,0.7194244604316546,0.0,1.4388489208633093,0.0,0.0,0.0,3.597122302158273,3.597122302158273,0.5555555555555556,5,10,14.7,0.0,0.2244897959183673,0.1360544217687075,0.0952380952380952,0.0816326530612244,0.0680272108843537,0.1224489795918367,0.0612244897959183,0.0,1.0,0,2,4.1,8,0.8,4.2086330935251794,139,94,0.6762589928057554,7.972975938991727,3.5279954119426447,34.05563163243456,164,13,1,3,1,0,2.838864454218313,0.6200000000000002,1.740000000000002,0.13877410468319565,2.112676056338028,0.704225352112676,0.0,0.04929577464788732,2.3662451792441135,0.8904389104257423,0.0005284114158712327
train,audio_585.wav,3.0,False,True,True,0.746268656716418,0.0,0.746268656716418,0.0,0.0,7.462686567164179,0.0,0.0,0.0,8.955223880597014,8.955223880597014,0.8333333333333334,12,4,33.75,0.0,0.2518518518518518,0.0814814814814814,0.0666666666666666,0.0296296296296296,0.1259259259259259,0.0962962962962963,0.0666666666666666,0.0,1.0,2,3,6.25,8,2.25,4.291044776119403,134,65,0.48507462686567165,5.61514476627884,3.939226960482663,51.37886804946071,146,8,1,0,0,1,2.488855869242199,0.5700000000000003,1.2599999999999998,0.07808219178082196,0.0,0.0,0.746268656716418,0.08208955223880597,2.2305567548728407,0.8572684523976172,0.007517170626670122
train,audio_562.wav,2.0,False,True,True,0.0,0.0,0.0,0.8771929824561403,0.0,0.8771929824561403,0.8771929824561403,0.0,0.0,2.631578947368421,1.7543859649122806,0.2857142857142857,2,7,16.285714285714285,0.0,0.2368421052631578,0.087719298245614,0.0789473684210526,0.0175438596491228,0.087719298245614,0.1228070175438596,0.0526315789473684,0.1111111111111111,0.8888888888888888,2,3,4.0,7,0.7142857142857143,3.701754385964912,114,58,0.5087719298245614,5.432197707173825,4.44738466519836,85.40329346359239,141,8,3,0,3,2,2.250296091590999,0.8199999999999995,1.740000000000002,0.11464522894092968,0.0,2.6315789473684212,1.7543859649122806,0.13157894736842105,1.867790344629847,0.7859324946868838,0.0666249468922615
train,audio_465.wav,3.5,False,True,True,0.0,0.0,3.603603603603604,1.8018018018018016,0.0,1.8018018018018016,0.0,0.0,0.0,7.207207207207207,7.207207207207207,0.6,8,10,11.2,0.0,0.2410714285714285,0.1696428571428571,0.0267857142857142,0.0535714285714285,0.0267857142857142,0.1964285714285714,0.0714285714285714,0.0,1.0,0,2,3.9,9,0.3,4.198198198198198,111,65,0.5855855855855856,6.169526972391243,3.7039681711504535,40.60812505733965,124,10,1,0,1,0,2.2199999999999998,0.8299999999999997,3.6399999999999935,0.1423670668953687,0.0,0.9009009009009009,0.0,0.08108108108108109,1.8476999984394424,0.8450968285670152,0.051847297698259354
train,audio_37.wav,3.0,False,True,True,0.0,0.0,0.99009900990099,0.0,0.0,1.98019801980198,0.99009900990099,0.0,0.0,3.96039603960396,2.9702970297029703,0.3333333333333333,3,5,20.6,0.0,0.1941747572815534,0.145631067961165,0.058252427184466,0.0679611650485436,0.1067961165048543,0.1553398058252427,0.0679611650485436,0.0,1.0,0,1,4.8,6,2.2,4.138613861386139,101,58,0.5742574257425742,5.771215703217937,3.409760076349432,30.25798378252692,110,4,0,0,0,3,2.429052429052429,0.5699999999999994,0.7999999999999989,0.05198358413132689,0.0,0.0,2.9702970297029703,0.0297029702970297,2.241455836662228,0.9047130964475103,0.20054620504379272
train,audio_47.wav,3.0,False,True,True,1.098901098901099,0.0,0.0,1.098901098901099,0.0,2.197802197802198,0.0,0.0,0.0,4.395604395604396,4.395604395604396,1.0,4,4,22.75,0.0,0.1538461538461538,0.1758241758241758,0.0549450549450549,0.0879120879120879,0.0659340659340659,0.1648351648351648,0.0549450549450549,0.6666666666666666,0.3333333333333333,0,3,6.0,7,2.25,3.978021978021978,91,65,0.7142857142857143,6.81385143869247,3.928439538455704,50.82760123625494,103,9,1,3,0,0,2.4428274428274426,0.6955555555555557,1.759999999999998,0.13991953509164062,3.1914893617021276,0.0,0.0,0.07446808510638298,2.0833333333333335,0.9119323595090115,0.2390996664762497
train,audio_233.wav,3.0,False,True,True,0.0,1.2048192771084338,1.2048192771084338,0.0,1.2048192771084338,2.409638554216868,0.0,0.0,0.0,6.024096385542169,6.024096385542169,0.6666666666666666,5,3,27.666666666666668,0.0,0.180722891566265,0.108433734939759,0.0602409638554216,0.0602409638554216,0.0843373493975903,0.2409638554216867,0.072289156626506,0.0,1.0,0,1,5.333333333333333,7,2.0,4.108433734939759,83,44,0.5301204819277109,4.829627439546375,3.4024078369140627,30.036335644456464,90,7,1,0,1,2,1.7001229004506353,0.9457142857142861,3.099999999999998,0.11940836940836946,0.0,1.2048192771084338,2.4096385542168677,0.04819277108433735,1.381491344873502,0.914848592266979,0.3430505692958832
train,audio_621.wav,5.0,False,True,True,0.0,0.0,0.0,0.0,0.0,0.7751937984496124,0.0,0.0,0.0,0.7751937984496124,0.7751937984496124,0.25,1,3,45.0,0.0,0.1629629629629629,0.1185185185185185,0.1037037037037037,0.1037037037037037,0.0444444444444444,0.1259259259259259,0.1111111111111111,0.0,1.0,0,2,7.333333333333333,8,3.6666666666666665,4.069767441860465,129,87,0.6744186046511628,7.659922885032927,3.5348586537479574,34.290167585005086,153,11,1,3,1,0,2.635782747603834,0.5909090909090916,1.0400000000000027,0.11488158359844479,2.272727272727273,0.7575757575757576,0.0,0.06060606060606061,2.1972648630090665,0.9023242045183327,0.0018817989621311426
train,audio_590.wav,3.0,False,True,True,0.0,1.1111111111111112,1.1111111111111112,0.0,0.0,1.1111111111111112,0.0,0.0,0.0,3.333333333333333,3.333333333333333,0.75,3,4,22.5,0.0,0.1444444444444444,0.1555555555555555,0.0666666666666666,0.0444444444444444,0.0888888888888888,0.1777777777777777,0.1111111111111111,0.0,1.0,0,2,4.75,5,1.75,3.7888888888888888,90,53,0.5888888888888889,5.586690532964137,3.78281576326578,43.939591197733016,101,9,1,1,1,0,2.0061728395061724,0.67111111111111,1.5800000000000018,0.11750972762645896,1.098901098901099,1.098901098901099,0.0,0.1978021978021978,1.5147810798017052,0.7830757660443312,0.027368854731321335
train,audio_349.wav,3.5,False,True,True,1.0526315789473684,0.0,0.0,1.0526315789473684,0.0,0.0,1.0526315789473684,0.0,0.0,3.1578947368421053,2.1052631578947367,0.1666666666666666,2,5,20.6,0.0,0.116504854368932,0.0970873786407767,0.1262135922330097,0.029126213592233,0.1262135922330097,0.2427184466019417,0.087378640776699,0.3125,0.6875,3,3,5.6,8,2.0,3.389473684210526,95,55,0.5789473684210527,5.642880936468348,3.007127844769022,20.22921496154527,115,11,4,1,0,0,2.4602767811378787,1.3090909090909097,4.799999999999999,0.26956196181205555,1.0416666666666667,0.0,0.0,0.09375,1.5980108094611394,0.8656363618386725,0.00035191309871152043
train,audio_387.wav,5.0,False,True,True,0.9523809523809524,0.0,0.0,0.9523809523809524,0.0,0.0,0.9523809523809524,0.0,0.0,2.857142857142857,1.9047619047619049,0.2857142857142857,2,7,15.285714285714286,0.0,0.1401869158878504,0.1401869158878504,0.0841121495327102,0.1214953271028037,0.0747663551401869,0.1962616822429906,0.0654205607476635,0.0,1.0,0,2,4.285714285714286,7,1.0,4.095238095238095,105,67,0.638095238095238,6.538530488755173,3.135096958705357,22.990864898465446,126,9,2,4,0,0,2.235438884331419,0.7044444444444444,1.5399999999999991,0.11506352087114337,3.669724770642202,0.0,0.0,0.045871559633027525,1.816343130546538,0.9265846670220751,0.037455976009368896
train,audio_630.wav,3.5,False,True,True,0.0,0.0,0.0,0.0,0.0,3.2,0.8,0.0,0.0,4.0,3.2,0.5,4,8,16.0,0.0,0.2109375,0.1484375,0.0625,0.1015625,0.0703125,0.1484375,0.0546875,0.0,1.0,0,2,4.875,7,1.375,4.184,125,66,0.528,5.903219460599445,3.5416153261325505,34.522639497252584,149,16,5,1,1,1,3.145282076884674,0.8150000000000006,2.1200000000000045,0.2455743879472695,0.7936507936507936,0.7936507936507936,0.7936507936507936,0.11904761904761904,2.0973891874177455,0.8206955245474264,0.09243953973054886
train,audio_5046.wav,0.0,True,True,True,1.709401709401709,0.0,0.0,0.0,0.0,2.5641025641025643,0.0,0.0,0.0,4.273504273504273,4.273504273504273,0.375,5,8,14.875,0.0,0.1596638655462184,0.1092436974789916,0.0756302521008403,0.1008403361344537,0.0672268907563025,0.1596638655462184,0.0924369747899159,0.7333333333333333,0.2666666666666666,0,3,3.25,5,0.75,3.692307692307693,117,68,0.5811965811965812,6.28660222388593,3.346524872048928,28.4038549050434,137,14,3,0,1,0,2.545691906005222,0.8371428571428575,3.259999999999998,0.20319001386962562,0.0,0.8547008547008547,0.0,0.28205128205128205,1.9475756740307637,0.6965101696656979,0.041366465389728546
train,audio_183.wav,3.0,False,True,True,0.0,0.0,0.0,0.0,0.0,0.0,3.225806451612903,0.0,0.0,3.225806451612903,0.0,0.3333333333333333,0,3,21.0,0.0,0.1428571428571428,0.1746031746031746,0.0634920634920634,0.0476190476190476,0.0952380952380952,0.1587301587301587,0.0793650793650793,0.0,1.0,0,1,5.0,6,1.6666666666666667,3.6774193548387095,62,42,0.6774193548387096,5.334005334008001,3.552101476868587,34.88655379427098,67,6,4,1,0,0,1.8187066974595842,3.576666666666666,11.839999999999998,0.3825311942959001,1.5873015873015872,0.0,0.0,0.09523809523809523,1.0486935026779138,0.8502989573670285,0.008175970986485481
train,audio_607.wav,4.0,False,True,True,0.0,0.0,0.0,0.0,0.0,4.132231404958677,0.0,0.0,0.0,4.132231404958677,4.132231404958677,0.75,5,2,61.5,0.0,0.2113821138211382,0.2195121951219512,0.024390243902439,0.032520325203252,0.048780487804878,0.1544715447154471,0.1138211382113821,0.0,1.0,0,2,9.5,10,5.0,4.454545454545454,121,68,0.5619834710743802,6.181818181818182,4.093806796603733,59.96774273709878,144,9,1,4,0,0,2.4577270939834843,0.535555555555556,1.2599999999999998,0.08656609195402305,3.2,0.0,0.0,0.168,2.0807432414858584,0.7800230968197187,0.04629604518413544
train,audio_133.wav,3.0,False,True,True,3.225806451612903,0.0,0.0,0.0,0.0,1.075268817204301,1.075268817204301,0.0,0.0,5.376344086021505,4.301075268817204,0.5,4,5,19.2,0.0,0.1666666666666666,0.1145833333333333,0.0729166666666666,0.0416666666666666,0.1041666666666666,0.15625,0.1041666666666666,0.5833333333333334,0.4166666666666667,0,4,5.2,8,1.2,3.771739130434783,93,55,0.5913978494623656,5.703234321017339,4.05553964468149,57.71630088851818,104,4,0,0,0,0,2.3506366307541624,0.6899999999999995,0.8800000000000008,0.06330275229357793,0.0,0.0,0.0,0.041666666666666664,2.1333333333333333,0.8900994531189402,0.06780710816383362
train,audio_443.wav,3.0,False,True,True,1.1111111111111112,0.0,0.0,0.0,0.0,0.0,1.1111111111111112,0.0,0.0,2.2222222222222223,1.1111111111111112,0.6666666666666666,1,3,30.0,0.0,0.1888888888888888,0.1444444444444444,0.1444444444444444,0.0444444444444444,0.0666666666666666,0.0888888888888888,0.1,0.1666666666666666,0.8333333333333334,1,3,5.666666666666667,8,4.0,4.4,90,48,0.5333333333333333,5.059644256269407,3.931014273930522,50.958637483705765,103,7,2,0,1,1,1.882845188284519,1.4599999999999997,5.120000000000001,0.1761461564977594,0.0,1.1111111111111112,1.1111111111111112,0.12222222222222222,1.4981351338698181,0.821985299664515,0.11674000322818756
train,audio_55.wav,2.0,False,True,True,1.1111111111111112,0.0,1.1111111111111112,0.0,0.0,2.2222222222222223,0.0,0.0,0.0,4.444444444444445,4.444444444444445,0.6666666666666666,4,3,30.0,0.0,0.2222222222222222,0.1111111111111111,0.0222222222222222,0.0777777777777777,0.1111111111111111,0.1222222222222222,0.0555555555555555,0.0,1.0,0,1,7.0,12,3.333333333333333,4.033333333333333,90,57,0.6333333333333333,6.008327554319921,3.686403180112933,39.90107157745211,101,9,2,2,2,0,2.436440677966102,0.6733333333333336,2.1199999999999974,0.13829301688726617,2.1739130434782608,2.1739130434782608,0.0,0.043478260869565216,2.041722148246782,0.8874322763927605,0.18367236852645874
train,audio_686.wav,3.0,False,True,True,0.0,0.0,0.0,0.0,0.0,3.225806451612903,1.6129032258064515,1.6129032258064515,0.0,6.451612903225806,3.225806451612903,1.0,2,1,62.0,0.0,0.2903225806451613,0.064516129032258,0.064516129032258,0.0806451612903225,0.0483870967741935,0.032258064516129,0.0483870967741935,0.0,1.0,0,2,8.0,8,2.0,4.32258064516129,62,34,0.5483870967741935,4.318004318006477,3.889212215647978,48.87237046585074,68,5,1,0,0,0,1.7563739376770535,0.6360000000000001,1.1600000000000001,0.08264033264033264,0.0,0.0,0.0,0.016129032258064516,1.1505344418052257,0.9071238685038782,0.37805992364883423
train,audio_740.wav,4.0,False,True,True,0.0,0.0,0.0,0.0,0.0,0.0,1.694915254237288,0.0,0.0,1.694915254237288,0.0,0.3333333333333333,0,8,15.125,0.0,0.1157024793388429,0.1487603305785124,0.0826446280991735,0.0743801652892562,0.1322314049586777,0.1735537190082644,0.0909090909090909,0.0,1.0,0,2,4.375,7,1.125,3.941666666666667,118,62,0.5254237288135594,5.707562630969605,3.058355023784022,21.2925026775517,124,4,2,0,0,0,2.324665090622537,1.3199999999999994,2.7399999999999984,0.09421841541755885,0.0,0.0,0.0,0.03389830508474576,1.9642216199626505,0.934176889200837,0.05257231742143631
train,audio_699.wav,2.5,False,True,True,0.0,0.0,0.0,0.0,0.0,0.0,0.0,0.0,0.0,0.0,0.0,0.0,0,8,12.75,0.0,0.1274509803921568,0.2254901960784313,0.0686274509803921,0.0490196078431372,0.0490196078431372,0.2647058823529412,0.0686274509803921,0.0,1.0,0,2,3.25,6,1.375,3.919191919191919,99,62,0.6262626262626263,6.231234454607115,2.812439933655754,16.650494799219857,126,17,3,4,1,0,2.182203389830509,0.6517647058823535,1.5200000000000014,0.1901166781056968,3.883495145631068,0.970873786407767,0.0,0.05825242718446602,1.7145324309843475,0.8735885636031049,0.09933096170425415
train,audio_44.wav,4.0,False,True,True,0.0,0.0,0.0,0.0,0.0,0.0,0.0,0.0,0.0,0.0,0.0,0.0,0,7,16.285714285714285,0.0,0.1491228070175438,0.1052631578947368,0.1228070175438596,0.0701754385964912,0.1228070175438596,0.1403508771929824,0.0350877192982456,0.0,1.0,0,3,5.0,8,1.1428571428571428,4.0181818181818185,110,75,0.6818181818181818,7.150969419341942,3.0666927142734943,21.47077513215079,137,17,1,0,0,0,3.6321989528795817,0.6117647058823534,1.120000000000001,0.25390625000000017,0.0,0.0,0.0,0.009009009009009009,2.4633821571238346,0.9499367348648406,0.4699721932411194
train,audio_500.wav,3.5,False,True,True,0.0,0.0,1.0309278350515465,1.0309278350515465,0.0,3.09278350515464,1.0309278350515465,0.0,0.0,6.185567010309279,5.154639175257732,1.0,5,3,32.666666666666664,0.0,0.1938775510204081,0.1326530612244898,0.0612244897959183,0.0408163265306122,0.0714285714285714,0.1020408163265306,0.0714285714285714,0.4545454545454545,0.5454545454545454,1,3,5.666666666666667,9,1.3333333333333333,4.257731958762887,97,49,0.5051546391752577,4.975196209154734,4.335733654429611,76.38097557988092,103,4,0,0,0,0,1.7314487632508833,0.5199999999999988,0.8999999999999986,0.035446489434219415,0.0,0.0,0.0,0.11224489795918367,1.6313027013249133,0.8232596405230614,0.05745511129498482
train,audio_265.wav,2.5,False,True,True,2.6666666666666665,0.0,0.0,0.0,0.0,5.333333333333333,1.3333333333333333,0.0,0.0,9.333333333333334,8.0,1.0,6,2,39.0,0.0,0.1794871794871795,0.141025641025641,0.0384615384615384,0.0641025641025641,0.0769230769230769,0.2307692307692307,0.0769230769230769,0.3333333333333333,0.6666666666666666,0,3,6.5,8,3.5,4.2368421052631575,75,56,0.7466666666666667,6.466323014923808,4.883388857298259,132.07749812291368,79,2,1,0,0,0,1.583280557314756,2.134999999999998,3.469999999999999,0.08268783888458552,0.0,0.0,0.0,0.10666666666666667,1.248335552596538,0.8201974608500798,0.10137207806110382
train,audio_125.wav,2.0,False,True,True,1.2048192771084338,1.2048192771084338,3.614457831325301,0.0,0.0,2.409638554216868,0.0,0.0,0.0,8.433734939759036,8.433734939759036,0.6666666666666666,7,7,12.0,0.0,0.3333333333333333,0.0595238095238095,0.0952380952380952,0.0952380952380952,0.0714285714285714,0.1309523809523809,0.0833333333333333,0.5,0.5,0,2,4.571428571428571,7,0.2857142857142857,4.506024096385542,83,32,0.3855421686746988,3.512456319670091,3.7092278521993887,40.82227352576932,92,6,0,0,2,2,2.1271143003587905,0.6599999999999996,0.8399999999999999,0.09213587715216374,0.0,2.4096385542168677,2.4096385542168677,0.0963855421686747,1.8419884598313359,0.8693445748593434,0.2727537751197815
train,audio_413.wav,4.0,False,True,True,1.162790697674419,0.0,0.0,0.0,0.0,1.162790697674419,1.162790697674419,0.0,0.0,3.488372093023256,2.3255813953488373,0.5,2,4,22.25,0.0,0.247191011235955,0.1685393258426966,0.0898876404494382,0.0112359550561797,0.1011235955056179,0.146067415730337,0.1011235955056179,0.0909090909090909,0.9090909090909092,0,3,5.75,9,2.0,5.5,86,65,0.7558139534883721,7.009130258223497,3.476844631895727,32.35746112446968,98,5,1,0,0,1,2.3382272974442633,0.664,1.0399999999999991,0.0827930174563591,0.0,0.0,1.1627906976744187,0.09302325581395349,1.8732582850157036,0.884926030628903,0.17432449758052826
train,audio_256.wav,4.5,False,True,True,0.0,0.0,1.9230769230769231,0.0,0.0,0.0,0.9615384615384616,0.0,0.0,2.8846153846153846,1.9230769230769231,0.4,2,5,21.2,0.0,0.2358490566037736,0.1132075471698113,0.0754716981132075,0.0471698113207547,0.0660377358490566,0.1226415094339622,0.0566037735849056,0.0,1.0,1,3,6.2,10,1.2,4.201923076923077,104,62,0.5961538461538461,6.079600189283705,4.048854696339574,57.33175715813528,116,4,1,0,0,0,1.8867924528301887,0.8250000000000006,1.3400000000000034,0.05648750427935643,0.0,0.0,0.0,0.04807692307692308,1.7310252996005326,0.8970535211265087,0.13567200303077698
train,audio_350.wav,4.5,False,True,True,0.819672131147541,0.0,0.0,0.0,0.0,2.459016393442623,0.0,1.639344262295082,0.0,4.918032786885246,3.278688524590164,0.6666666666666666,4,4,30.75,0.0,0.2195121951219512,0.1869918699186991,0.073170731707317,0.056910569105691,0.024390243902439,0.1382113821138211,0.1056910569105691,0.0769230769230769,0.9230769230769232,1,3,5.5,7,3.0,4.352459016393443,122,79,0.6475409836065574,7.152323937358964,4.109492710658482,60.91580779016232,140,4,0,0,0,1,2.2769690182904068,0.4450000000000003,0.6400000000000006,0.03215317919075147,0.0,0.0,0.819672131147541,0.05737704918032787,2.030805403690198,0.9152781337173911,0.11776922643184662
train,audio_364.wav,5.0,False,True,True,0.0,0.0,0.0,0.7751937984496124,0.0,0.7751937984496124,0.0,0.0,0.0,1.550387596899225,1.550387596899225,0.25,2,8,16.375,0.0,0.2442748091603053,0.1221374045801526,0.0458015267175572,0.0610687022900763,0.1221374045801526,0.1450381679389313,0.0763358778625954,0.0,1.0,0,2,4.75,11,1.75,4.310077519379845,129,86,0.6666666666666666,7.571877794400365,3.430107612114448,30.879965629278235,154,9,4,0,0,0,3.025328330206379,0.9088888888888889,1.8399999999999963,0.16096025186934276,0.0,0.0,0.0,0.031007751937984496,2.1473270252134062,0.9165015546388404,0.1929084062576294
train,audio_131.wav,2.5,False,True,True,0.0,0.0,0.0,4.545454545454546,0.0,0.0,0.0,0.0,0.0,4.545454545454546,4.545454545454546,0.6,3,5,13.2,0.0,0.2878787878787879,0.0909090909090909,0.106060606060606,0.0909090909090909,0.0757575757575757,0.1212121212121212,0.0606060606060606,0.4444444444444444,0.5555555555555556,0,2,4.2,6,0.4,4.515151515151516,66,39,0.5909090909090909,4.800568148193976,3.679749651653011,39.63646990565367,82,6,1,0,0,0,1.736842105263158,0.6766666666666667,1.3200000000000003,0.09652876842605802,0.0,0.0,0.0,0.06060606060606061,1.4705882352941175,0.8535236742610883,0.08459903299808502
train,audio_168.wav,3.5,False,True,True,0.0,0.0,0.0,1.1111111111111112,0.0,4.444444444444445,0.0,0.0,0.0,5.555555555555555,5.555555555555555,0.5,5,6,15.166666666666666,0.3333333333333333,0.3736263736263736,0.0879120879120879,0.0439560439560439,0.0439560439560439,0.0659340659340659,0.0879120879120879,0.0549450549450549,0.0,1.0,1,2,4.333333333333333,9,1.0,4.622222222222222,90,68,0.7555555555555555,7.167829363048327,4.42094225761218,83.17462036584928,117,18,6,0,3,0,2.536640360766631,0.8633333333333343,2.8200000000000003,0.3045864366914939,0.0,3.3333333333333335,0.0,0.18888888888888888,1.4981351338698181,0.7917702473148153,0.1550842821598053
train,audio_557.wav,3.5,False,True,True,0.0,0.0,0.0,0.0,1.020408163265306,3.061224489795918,1.020408163265306,0.0,0.0,5.1020408163265305,4.081632653061225,1.0,4,5,20.8,0.0,0.125,0.125,0.0576923076923076,0.125,0.1057692307692307,0.173076923076923,0.0961538461538461,0.1666666666666666,0.8333333333333334,0,3,5.0,7,1.2,3.6666666666666665,98,65,0.6632653061224489,6.56599153958937,3.768609619140625,43.31979193487909,105,1,0,0,2,0,2.3603082851637764,0.3600000000000012,0.3600000000000012,0.008595988538681976,0.0,2.0408163265306123,0.0,0.061224489795918366,2.2245773232149118,0.8718461227812329,0.08928776532411575
train,audio_670.wav,3.0,False,True,True,0.7575757575757576,0.0,0.0,0.7575757575757576,0.0,5.303030303030303,2.272727272727273,0.0,0.0,9.090909090909092,6.818181818181818,0.6,9,3,45.66666666666666,0.0,0.1386861313868613,0.1094890510948905,0.0510948905109489,0.072992700729927,0.1094890510948905,0.2627737226277372,0.0583941605839416,0.3529411764705882,0.6470588235294118,0,4,4.0,8,4.333333333333333,4.037878787878788,132,70,0.5303030303030303,6.092717958449424,3.7036263894714767,40.59424831572056,149,12,3,2,2,1,2.8730703259005144,0.9,1.6400000000000006,0.18802228412256267,1.492537313432836,1.492537313432836,0.746268656716418,0.1417910447761194,2.2305567548728407,0.8235462039931497,0.01860637217760086
train,audio_342.wav,4.5,False,True,True,0.0,0.0,0.0,0.0,0.0,0.9523809523809524,0.0,0.9523809523809524,0.0,1.9047619047619049,0.9523809523809524,0.4,1,4,27.25,0.0,0.2018348623853211,0.091743119266055,0.0642201834862385,0.0642201834862385,0.128440366972477,0.2018348623853211,0.0642201834862385,0.2,0.8,0,4,5.0,7,2.0,3.8857142857142857,105,68,0.6476190476190476,6.636120496050026,3.9089913717130336,49.84864785230192,123,6,2,4,0,0,2.1247563352826515,0.9300000000000009,1.799999999999999,0.09810126582278492,3.669724770642202,0.0,0.0,0.07339449541284404,1.8144081065756688,0.8921043142647517,0.0002459567622281611
train,audio_2.wav,2.5,False,True,True,2.3255813953488373,0.0,0.0,1.162790697674419,0.0,1.162790697674419,0.0,0.0,0.0,4.651162790697675,4.651162790697675,0.4285714285714285,4,8,10.75,0.0,0.1511627906976744,0.1046511627906976,0.0348837209302325,0.0697674418604651,0.1395348837209302,0.1976744186046511,0.1046511627906976,0.2,0.8,0,3,3.5,6,0.375,3.86046511627907,86,50,0.5813953488372093,5.391638660171921,3.4750803094161182,32.3004224605192,95,6,1,0,0,1,2.1361152508693495,0.6433333333333343,1.860000000000003,0.08748866727107901,0.0,0.0,1.1627906976744187,0.05813953488372093,1.9111111111111112,0.8790339685456697,0.13117116689682007
train,audio_5048.wav,0.0,True,True,True,1.2345679012345678,0.0,0.0,0.0,0.0,1.2345679012345678,0.0,0.0,0.0,2.469135802469136,2.469135802469136,0.2222222222222222,2,10,8.5,0.1,0.0823529411764705,0.188235294117647,0.0352941176470588,0.0941176470588235,0.1294117647058823,0.2235294117647059,0.0823529411764705,0.3636363636363636,0.6363636363636364,1,4,2.5,5,0.4,3.4814814814814814,81,55,0.6790123456790124,6.111111111111111,3.430822507299558,30.90204946089487,99,8,1,0,0,0,4.281183932346721,1.4524999999999988,8.579999999999998,0.3804846103470855,0.0,0.0,0.0,0.35802469135802467,1.3483216204828363,0.6055774810367528,0.029509959742426872
train,audio_741.wav,4.0,False,True,True,0.0,0.0,0.0,0.0,0.0,0.0,0.0,0.0,0.0,0.0,0.0,0.0,0,3,21.0,0.0,0.2539682539682539,0.1111111111111111,0.0793650793650793,0.0952380952380952,0.1428571428571428,0.0952380952380952,0.0158730158730158,0.0,1.0,0,1,5.0,8,2.0,4.491803278688525,61,39,0.639344262295082,4.993438317382943,4.846333966936384,127.27294670782246,70,7,3,0,0,0,1.8041237113402069,2.1228571428571437,8.360000000000003,0.29851345922057065,0.0,0.0,0.0,0.07936507936507936,1.0486945937088727,0.8106277680822781,0.09666169434785843
train,audio_294.wav,4.0,False,True,True,1.1764705882352942,0.0,0.0,0.0,0.0,0.0,1.1764705882352942,0.0,0.0,2.3529411764705883,1.1764705882352942,0.5,1,4,21.25,0.0,0.188235294117647,0.1294117647058823,0.1294117647058823,0.0117647058823529,0.0705882352941176,0.1647058823529411,0.1058823529411764,0.2307692307692307,0.7692307692307693,0,2,6.0,10,2.0,3.882352941176471,85,53,0.6235294117647059,5.7486571321943885,2.784147884971217,16.18601964816021,95,7,0,0,0,0,1.6377649325626207,0.6714285714285724,0.8399999999999999,0.08303886925795063,0.0,0.0,0.0,0.011764705882352941,1.414905404210384,0.956261520876604,0.41112226247787476
train,audio_370.wav,5.0,False,True,True,0.0,0.0,0.746268656716418,0.746268656716418,0.0,0.746268656716418,0.0,0.0,0.0,2.238805970149253,2.238805970149253,0.4285714285714285,3,7,20.0,0.0,0.1857142857142857,0.1714285714285714,0.0714285714285714,0.0642857142857142,0.0785714285714285,0.1785714285714285,0.0928571428571428,0.1052631578947368,0.8947368421052632,0,4,5.285714285714286,8,1.5714285714285714,4.253731343283582,134,84,0.6268656716417911,7.256494774883425,3.0187373966365665,20.46543563679249,154,9,0,3,4,0,2.723658051689861,0.6200000000000008,0.9200000000000017,0.09985683607730864,2.18978102189781,2.9197080291970803,0.0,0.029197080291970802,2.280494592668501,0.9251795549652655,0.01819588802754879
train,audio_417.wav,3.5,False,True,True,0.0,0.0,0.0,0.7692307692307693,0.0,3.076923076923077,0.7692307692307693,0.0,0.0,4.615384615384615,3.8461538461538463,0.8,5,4,32.5,0.0,0.2923076923076923,0.1153846153846153,0.0923076923076923,0.0461538461538461,0.0538461538461538,0.1076923076923077,0.0769230769230769,0.5714285714285714,0.4285714285714285,0,4,6.5,11,1.0,4.120967741935484,130,62,0.47692307692307695,5.437759719703582,3.6935795084635417,40.18844467719343,150,8,1,1,2,0,2.4412970555348497,0.617500000000001,1.019999999999996,0.08430034129692848,0.7633587786259542,1.5267175572519085,0.0,0.08396946564885496,2.18061891707718,0.8520052931994275,0.19440163671970367
train,audio_753.wav,4.0,False,True,True,1.0638297872340423,0.0,0.0,0.0,0.0,2.127659574468085,3.191489361702128,0.0,0.0,6.382978723404255,3.191489361702128,0.4,3,5,19.6,0.0,0.1836734693877551,0.1428571428571428,0.1020408163265306,0.1224489795918367,0.0612244897959183,0.1326530612244898,0.0714285714285714,0.0769230769230769,0.9230769230769232,0,3,4.0,8,1.8,4.659574468085107,94,58,0.6170212765957447,5.982243228301002,4.047567313058035,57.2579967016452,105,3,0,0,1,2,1.6876122082585276,0.4799999999999989,0.8200000000000003,0.025201260063003095,0.0,1.0638297872340425,2.127659574468085,0.031914893617021274,1.5647189175973657,0.9084309101738828,0.22465378046035767
train,audio_533.wav,3.0,False,True,True,1.3605442176870748,0.0,0.0,1.3605442176870748,0.0,3.401360544217687,0.6802721088435374,0.0,0.0,6.802721088435374,6.122448979591836,0.5714285714285714,9,8,19.25,0.0,0.2012987012987013,0.1363636363636363,0.0584415584415584,0.0584415584415584,0.1103896103896103,0.1493506493506493,0.1233766233766233,0.0714285714285714,0.9285714285714286,5,4,4.625,8,1.25,4.190476190476191,147,70,0.47619047619047616,5.773502691896258,3.87362083292896,48.11629210336152,161,3,0,0,1,0,2.599009900990099,0.49333333333333346,0.6600000000000001,0.025499655410062032,0.0,0.6802721088435374,0.0,0.061224489795918366,2.44695405198737,0.88308975313391,0.07028186321258545
train,audio_239.wav,4.5,False,True,True,0.0,0.0,0.0,0.0,0.0,0.704225352112676,0.0,0.0,0.0,0.704225352112676,0.704225352112676,0.125,1,7,20.285714285714285,0.0,0.2464788732394366,0.1690140845070422,0.1056338028169014,0.0140845070422535,0.0352112676056338,0.0422535211267605,0.0492957746478873,0.0,1.0,0,2,5.285714285714286,8,1.8571428571428568,4.140845070422535,142,89,0.6267605633802817,7.4687140888405334,3.03390723538686,20.778259741968448,166,15,0,0,0,0,2.924217462932455,0.5053333333333339,0.6400000000000006,0.13501959387246182,0.0,0.0,0.0,0.035211267605633804,2.3635153129161117,0.9255701629707301,0.007582688704133034
train,audio_566.wav,3.0,False,True,True,1.1494252873563218,0.0,1.1494252873563218,4.597701149425287,0.0,2.2988505747126435,0.0,1.1494252873563218,0.0,10.344827586206897,9.195402298850574,0.8571428571428571,8,6,15.166666666666666,0.0,0.2087912087912088,0.1538461538461538,0.0549450549450549,0.0549450549450549,0.0439560439560439,0.1648351648351648,0.0549450549450549,0.4166666666666667,0.5833333333333334,0,2,4.333333333333333,8,0.8333333333333334,3.8620689655172415,87,46,0.5287356321839081,4.931717660253856,3.69940311392558,40.42316913105464,97,5,1,0,1,0,1.8717728055077452,0.8240000000000002,1.6600000000000037,0.08142292490118579,0.0,1.1494252873563218,0.0,0.09195402298850575,1.4481972960741576,0.8420849177001537,0.18312087655067444
train,audio_736.wav,4.0,False,True,True,0.0,0.8264462809917356,0.0,0.0,0.0,1.6528925619834711,0.0,0.0,0.0,2.479338842975207,2.479338842975207,0.3333333333333333,3,6,20.666666666666668,0.0,0.1532258064516129,0.1854838709677419,0.032258064516129,0.064516129032258,0.1129032258064516,0.1693548387096774,0.0806451612903225,0.0,1.0,1,2,5.333333333333333,11,1.8333333333333333,3.8677685950413214,121,66,0.5454545454545454,6.0,2.963050341084056,19.356927022711528,137,7,1,1,0,0,2.4177566389219183,0.7314285714285713,1.0199999999999996,0.09211946743432889,0.819672131147541,0.0,0.0,0.08196721311475409,2.032971210336492,0.8836431569700343,0.0010690445778891444
train,audio_541.wav,2.0,False,True,True,0.0,0.0,0.0,0.0,1.1363636363636365,4.545454545454546,2.272727272727273,0.0,0.0,7.954545454545454,5.681818181818182,0.75,5,5,17.8,0.0,0.2022471910112359,0.1348314606741573,0.0674157303370786,0.0898876404494382,0.0561797752808988,0.1685393258426966,0.0898876404494382,0.0,1.0,1,3,4.4,6,0.8,3.875,88,48,0.5454545454545454,5.116817192534651,4.283912171708777,72.52361055769717,94,3,0,0,1,3,1.5315001740341108,0.6466666666666665,0.9000000000000004,0.03265993265993265,0.0,1.1363636363636365,3.409090909090909,0.09090909090909091,1.4648432420060444,0.8588650358671491,0.18778008222579956
train,audio_531.wav,3.5,False,True,True,0.0,1.834862385321101,0.0,0.9174311926605504,0.0,0.9174311926605504,1.834862385321101,0.0,0.0,5.504587155963303,3.669724770642202,0.6666666666666666,4,2,54.5,0.0,0.2201834862385321,0.128440366972477,0.036697247706422,0.055045871559633,0.073394495412844,0.091743119266055,0.110091743119266,0.0,1.0,1,3,7.5,11,3.0,4.009174311926605,109,54,0.4954128440366973,5.172261940194217,3.8855731102728073,48.6948419781468,124,11,0,8,2,0,2.1698813056379818,0.44545454545454494,0.620000000000001,0.08330499829989789,6.837606837606837,1.7094017094017093,0.0,0.05982905982905983,1.9475756740307637,0.8885100970067618,0.0005755384336225688
train,audio_280.wav,5.0,False,True,True,0.0,0.0,0.0,0.9345794392523364,0.0,0.9345794392523364,0.0,0.0,0.0,1.8691588785046729,1.8691588785046729,0.25,2,5,22.0,0.0,0.1727272727272727,0.1454545454545454,0.0818181818181818,0.0636363636363636,0.1272727272727272,0.1181818181818181,0.0818181818181818,0.0,1.0,0,2,5.4,8,2.0,4.439252336448599,107,65,0.6074766355140186,6.283787178796813,3.118041724489446,22.60207518684177,114,3,1,0,0,0,2.3969534050179213,0.9333333333333327,1.3600000000000012,0.05902192242833049,0.0,0.0,0.0,0.018691588785046728,1.781116214711895,0.946678674666681,0.37522315979003906
train,audio_33.wav,4.0,False,True,True,2.409638554216868,0.0,0.0,0.0,0.0,0.0,0.0,0.0,0.0,2.409638554216868,2.409638554216868,0.5,2,4,20.75,0.0,0.2891566265060241,0.180722891566265,0.0481927710843373,0.0963855421686747,0.0481927710843373,0.0481927710843373,0.108433734939759,0.0,1.0,0,2,5.0,6,1.75,4.819277108433735,83,64,0.7710843373493976,7.024912639340182,3.915796423471102,50.18902731740121,93,7,0,0,0,0,2.522796352583587,0.5085714285714287,0.620000000000001,0.09764125068568295,0.0,0.0,0.0,0.03614457831325301,2.108739837398374,0.9211297559450908,0.24522724747657776
train,audio_307.wav,5.0,False,True,True,0.0,0.0,0.6993006993006993,0.0,0.0,0.6993006993006993,1.3986013986013983,0.0,0.0,2.797202797202797,1.3986013986013983,0.3333333333333333,2,8,19.0,0.0,0.131578947368421,0.1381578947368421,0.0526315789473684,0.1381578947368421,0.0921052631578947,0.131578947368421,0.0986842105263157,0.0,1.0,1,4,3.875,7,1.25,4.034965034965035,143,82,0.5734265734265734,6.857184482058144,3.1800544463008285,24.04806284448508,166,11,0,3,3,0,2.836052836052836,0.5890909090909089,0.9000000000000021,0.1118012422360248,2.0547945205479454,2.0547945205479454,0.0,0.06164383561643835,2.427721755650221,0.906415177649525,0.030107693746685982
train,audio_617.wav,4.5,False,True,True,0.0,1.0638297872340423,0.0,0.0,0.0,2.127659574468085,0.0,0.0,0.0,3.191489361702128,3.191489361702128,0.3333333333333333,3,5,19.0,0.0,0.1894736842105263,0.1684210526315789,0.0631578947368421,0.0947368421052631,0.0421052631578947,0.1157894736842105,0.1052631578947368,0.0,1.0,1,2,5.0,6,1.4,4.074468085106383,94,58,0.6170212765957447,5.982243228301002,3.819345746721541,45.57438137629534,112,11,6,1,3,0,2.13963963963964,0.8581818181818189,1.2800000000000011,0.17533432392273418,1.0526315789473684,3.1578947368421053,0.0,0.11578947368421053,1.5813648635292525,0.8184229843894412,0.0010879727778956294
train,audio_613.wav,5.0,False,True,True,0.7633587786259542,0.0,0.0,0.0,0.0,0.7633587786259542,0.0,0.0,0.0,1.5267175572519085,1.5267175572519085,0.1666666666666666,2,6,22.0,0.0,0.1893939393939394,0.1363636363636363,0.1212121212121212,0.0909090909090909,0.0454545454545454,0.0909090909090909,0.0833333333333333,0.0769230769230769,0.9230769230769232,0,3,5.666666666666667,8,1.3333333333333333,3.938931297709924,131,84,0.6412213740458015,7.339114075952718,3.01827810861014,20.456038265464173,143,7,3,0,2,0,2.45594300712411,0.8685714285714301,1.5,0.10232245035341654,0.0,1.5267175572519085,0.0,0.030534351145038167,2.18061891707718,0.950153877716938,0.15752926468849182
train,audio_472.wav,2.5,False,True,True,0.0,0.0,0.0,0.0,0.0,0.0,0.0,0.0,0.0,0.0,0.0,0.0,0,1,37.0,0.0,0.1081081081081081,0.054054054054054,0.081081081081081,0.1621621621621621,0.2162162162162162,0.1081081081081081,0.1081081081081081,1.0,0.0,0,1,5.0,5,1.0,4.243243243243243,37,23,0.6216216216216216,3.7811767080232177,4.078169631958008,59.03731088759103,40,2,1,0,0,0,2.427821522309711,2.77,5.04,0.26660250240615974,0.0,0.0,0.0,0.16216216216216217,1.5485504573717017,0.8180070377986979,0.015326505526900291
train,audio_568.wav,3.0,False,True,True,0.0,0.0,0.0,1.1363636363636365,0.0,2.272727272727273,0.0,0.0,0.0,3.409090909090909,3.409090909090909,0.2857142857142857,3,7,12.571428571428571,0.0,0.2159090909090909,0.1704545454545454,0.0454545454545454,0.0454545454545454,0.0568181818181818,0.2045454545454545,0.0568181818181818,0.0,1.0,2,3,3.142857142857143,5,0.5714285714285714,3.659090909090909,88,49,0.5568181818181818,5.223417550712456,3.263341267903646,26.136721196407223,96,7,4,0,2,0,1.900647948164147,1.5599999999999998,3.200000000000003,0.1908423628102062,0.0,2.272727272727273,0.0,0.06818181818181818,1.4648432420060444,0.8737503738904541,0.06388948857784271
train,audio_521.wav,4.0,False,True,True,0.0,0.0,0.7633587786259542,0.7633587786259542,0.0,1.5267175572519085,0.0,0.0,0.0,3.053435114503817,3.053435114503817,0.3,4,10,13.2,0.0,0.2121212121212121,0.1818181818181818,0.0833333333333333,0.053030303030303,0.0378787878787878,0.1818181818181818,0.0984848484848484,0.0666666666666666,0.9333333333333332,0,3,4.5,7,0.7,4.412213740458015,131,78,0.5954198473282443,6.814891641956096,3.248257723721591,25.74544514065193,154,12,2,0,0,0,3.035217794253939,0.7100000000000007,1.6200000000000045,0.16486068111455124,0.0,0.0,0.0,0.04580152671755725,2.18061891707718,0.8977395051535759,0.05088943988084793
train,audio_401.wav,5.0,False,True,True,0.0,0.0,0.7692307692307693,0.7692307692307693,0.0,1.5384615384615383,2.3076923076923075,0.0,0.0,5.384615384615385,3.076923076923077,0.5,4,5,26.8,0.0,0.1940298507462686,0.1194029850746268,0.0671641791044776,0.1343283582089552,0.0522388059701492,0.1791044776119403,0.0970149253731343,0.0,1.0,0,1,5.0,8,2.4,3.9461538461538463,130,80,0.6153846153846154,7.0164641544562345,3.816183236929087,45.43047961420938,156,5,0,2,1,2,2.4663677130044843,0.5799999999999997,0.6799999999999997,0.05140021269053525,1.5151515151515151,0.7575757575757576,1.5151515151515151,0.06060606060606061,2.1972648630090665,0.922541688666726,0.018626682460308075
train,audio_573.wav,2.5,False,True,True,0.0,0.0,0.0,1.0638297872340423,0.0,5.319148936170213,0.0,0.0,0.0,6.382978723404255,6.382978723404255,1.0,6,1,96.0,0.0,0.1875,0.0729166666666666,0.0833333333333333,0.03125,0.1041666666666666,0.1458333333333333,0.0729166666666666,0.1538461538461538,0.8461538461538461,0,2,8.0,8,8.0,3.638297872340425,94,49,0.5212765957446809,5.053964106668087,4.333380298079732,76.20143527001628,107,3,0,0,1,1,1.8698870276587456,0.5666666666666661,0.6999999999999993,0.03205128205128202,0.0,1.0416666666666667,1.0416666666666667,0.10416666666666667,1.5980108094611394,0.8203594969740758,0.05376734584569931
train,audio_180.wav,3.0,False,True,True,0.8695652173913043,0.0,0.0,0.0,0.0,1.7391304347826086,0.8695652173913043,0.0,0.0,3.4782608695652173,2.608695652173913,1.0,3,5,23.6,0.0,0.1271186440677966,0.1779661016949152,0.0423728813559322,0.1271186440677966,0.0847457627118644,0.1949152542372881,0.1016949152542373,0.0,1.0,1,2,4.6,6,1.6,3.4434782608695653,115,56,0.48695652173913045,5.222026926145757,3.461159403009932,31.853886605706464,129,8,0,3,0,1,2.4624373956594328,0.6250000000000008,0.9800000000000004,0.09448223733938031,2.542372881355932,0.0,0.847457627118644,0.11864406779661017,1.9642195764443464,0.8512501366394387,0.10352721810340881
train,audio_320.wav,3.5,False,True,True,0.0,1.7241379310344829,0.0,0.0,0.0,0.0,0.0,0.0,0.0,1.7241379310344829,1.7241379310344829,0.2,1,5,11.6,0.0,0.2413793103448276,0.1379310344827586,0.1034482758620689,0.0172413793103448,0.0689655172413793,0.1551724137931034,0.0344827586206896,0.0,1.0,0,1,4.2,6,0.6,3.672413793103448,58,33,0.5689655172413793,4.333112284370844,2.913867950439453,18.427939249724776,72,8,3,0,0,0,2.0152883947185543,1.0324999999999998,1.9199999999999982,0.22300215982721378,0.0,0.0,0.0,0.034482758620689655,1.4913595960472543,0.9336304654335154,0.20821383595466614
train,audio_85.wav,3.0,False,True,True,0.0,0.0,0.0,0.0,0.0,2.3255813953488373,0.0,0.0,0.0,2.3255813953488373,2.3255813953488373,0.5,2,4,23.25,0.0,0.1612903225806451,0.0967741935483871,0.064516129032258,0.086021505376344,0.0967741935483871,0.1397849462365591,0.1075268817204301,0.0,1.0,2,2,4.5,6,1.75,4.186046511627907,86,55,0.6395348837209303,5.930802526189113,3.27501779232385,26.44369597117973,106,10,1,0,1,0,2.3982152816508644,0.6939999999999995,1.5999999999999996,0.16214953271028026,0.0,1.1627906976744187,0.0,0.023255813953488372,1.9085663559698178,0.925988624088986,0.21921847760677338
train,audio_296.wav,2.0,False,True,True,0.0,0.0,0.0,0.0,0.0,0.970873786407767,0.970873786407767,0.0,0.0,1.941747572815534,0.970873786407767,0.5,1,4,25.75,0.0,0.2233009708737864,0.087378640776699,0.0776699029126213,0.0485436893203883,0.058252427184466,0.174757281553398,0.0776699029126213,0.6666666666666666,0.3333333333333333,0,2,5.25,7,2.25,3.436893203883495,103,47,0.4563106796116505,4.631047607372178,3.6039591822130927,36.74342074237264,116,7,0,8,0,3,2.3029045643153525,0.5228571428571425,0.8200000000000003,0.07057462398765904,7.207207207207207,0.0,2.7027027027027026,0.09009009009009009,1.8476999984394424,0.8559172881023215,0.027141230180859566
train,audio_250.wav,3.0,False,True,True,0.0,0.0,2.702702702702702,0.0,0.0,0.0,0.0,0.0,0.0,2.702702702702702,2.702702702702702,0.5,1,2,19.0,0.0,0.1052631578947368,0.131578947368421,0.1052631578947368,0.0789473684210526,0.131578947368421,0.2368421052631578,0.1052631578947368,0.6,0.4,0,2,4.5,5,2.0,3.756756756756757,37,29,0.7837837837837838,4.767570631855362,2.8517662048339845,17.3183425847459,40,1,0,0,0,0,2.9179810725552047,0.40000000000000036,0.40000000000000036,0.030581039755351706,0.0,0.0,0.0,0.0,1.8389662027833,0.9599580756715826,0.794032633304596
train,audio_346.wav,5.0,False,True,True,0.0,0.0,0.0,0.8333333333333334,0.0,0.0,0.0,0.0,0.8333333333333334,1.6666666666666667,0.8333333333333334,0.25,1,8,15.125,0.0,0.3801652892561983,0.1157024793388429,0.0578512396694214,0.0165289256198347,0.0330578512396694,0.0413223140495867,0.0743801652892562,0.0,1.0,0,2,6.875,12,0.375,4.8,120,81,0.675,7.394254526319743,3.507217600375791,33.35533069025765,158,22,2,0,1,0,3.1413612565445024,0.799090909090909,4.660000000000004,0.31516672642524196,0.0,0.8333333333333334,0.0,0.03333333333333333,1.9975135118264242,0.9162476836755457,0.01897437311708927
train,audio_335.wav,4.0,False,True,True,0.0,0.0,0.0,0.0,0.0,0.0,0.99009900990099,0.0,0.0,0.99009900990099,0.0,0.25,0,4,25.75,0.25,0.116504854368932,0.1553398058252427,0.058252427184466,0.0388349514563106,0.0970873786407767,0.2621359223300971,0.058252427184466,0.0,1.0,0,2,4.25,6,2.25,3.584158415841584,101,54,0.5346534653465347,5.3732008271339415,3.440845235188802,31.213329626257103,120,8,2,4,1,1,2.168525402726146,0.7950000000000004,2.3999999999999986,0.1161007667031764,3.8095238095238093,0.9523809523809523,0.9523809523809523,0.0380952380952381,1.7478243228481212,0.9277100132778286,0.013287198729813099
train,audio_20.wav,2.0,False,True,True,0.0,1.1235955056179776,0.0,0.0,1.1235955056179776,4.49438202247191,1.1235955056179776,0.0,0.0,7.865168539325842,6.741573033707865,1.0,6,1,89.0,0.0,0.1797752808988764,0.1910112359550561,0.0674157303370786,0.0337078651685393,0.0561797752808988,0.2134831460674157,0.0786516853932584,0.8666666666666667,0.1333333333333333,0,2,6.0,6,10.0,3.955056179775281,89,54,0.6067415730337079,5.723988552034344,4.171943589012222,64.8413546608162,101,9,1,0,0,0,2.5648414985590775,0.5644444444444441,1.0,0.12770236299648055,0.0,0.0,0.0,0.10112359550561797,2.0688052068805205,0.8548607998684551,0.1480003148317337
train,audio_5071.wav,0.0,True,True,True,1.851851851851852,0.0,0.0,1.851851851851852,1.851851851851852,0.0,0.0,1.851851851851852,0.0,7.407407407407407,5.555555555555555,0.6666666666666666,3,2,28.0,0.0,0.1428571428571428,0.1607142857142857,0.0535714285714285,0.0714285714285714,0.0714285714285714,0.1428571428571428,0.1071428571428571,0.0,1.0,1,2,5.5,6,2.0,3.574074074074074,54,41,0.7592592592592593,5.579393303006127,3.6878223687830105,39.9577389274782,71,10,3,2,0,0,2.4626209322779244,1.0699999999999998,2.0,0.3199760765550239,3.5714285714285716,0.0,0.0,0.39285714285714285,0.9321729721856646,0.6096139169115175,0.0060819764621555805
train,audio_558.wav,4.0,False,True,True,0.0,0.0,1.2345679012345678,1.2345679012345678,0.0,3.703703703703704,0.0,0.0,0.0,6.172839506172839,6.172839506172839,0.3333333333333333,5,6,13.5,0.0,0.3209876543209876,0.1111111111111111,0.0864197530864197,0.074074074074074,0.0864197530864197,0.074074074074074,0.0864197530864197,0.2,0.8,0,3,4.833333333333333,7,0.8333333333333334,4.864197530864198,81,62,0.7654320987654321,6.888888888888889,4.000115219427615,54.60444116316312,98,9,2,1,1,0,2.5153374233128827,0.7755555555555552,1.5,0.17635169277412824,1.2195121951219512,1.2195121951219512,0.0,0.10975609756097561,1.3649675664147232,0.8450463812559752,0.004064056556671858
train,audio_289.wav,2.5,False,True,True,1.7241379310344829,3.4482758620689653,1.7241379310344829,0.0,0.0,1.7241379310344829,0.0,1.7241379310344829,0.0,10.344827586206897,8.620689655172415,1.0,5,3,19.666666666666668,0.0,0.1694915254237288,0.1694915254237288,0.1186440677966101,0.0338983050847457,0.0677966101694915,0.135593220338983,0.0677966101694915,0.0,1.0,0,1,4.666666666666667,5,2.333333333333333,3.7413793103448274,58,37,0.6379310344827587,4.858338015809735,4.55614749968998,95.21595284785676,63,2,2,0,0,0,1.7672151127361369,3.210000000000001,4.5,0.16360856269113155,0.0,0.0,0.0,0.08620689655172414,0.9654648640494384,0.8477637129996357,0.059300120919942856
train,audio_620.wav,5.0,False,True,True,0.0,0.0,0.0,0.0,0.0,0.0,0.0,0.0,0.0,0.0,0.0,0.0,0,10,13.9,0.1,0.2589928057553957,0.1366906474820144,0.079136690647482,0.0503597122302158,0.0863309352517985,0.1223021582733813,0.0287769784172661,0.0,1.0,0,2,3.6,6,1.0,4.816793893129771,131,78,0.5954198473282443,6.814891641956096,3.336471373776356,28.119727429490062,166,18,1,0,0,0,2.9759200363471163,0.5744444444444452,1.1000000000000005,0.19021339220014744,0.0,0.0,0.0,0.022900763358778626,2.1463204837413152,0.9573703890917563,0.03143574297428131
train,audio_665.wav,3.0,False,True,True,0.0,2.1739130434782608,1.0869565217391304,1.0869565217391304,0.0,1.0869565217391304,0.0,1.0869565217391304,0.0,6.521739130434782,5.434782608695652,0.4,5,5,18.4,0.0,0.2717391304347826,0.0978260869565217,0.0543478260869565,0.0217391304347826,0.0652173913043478,0.0652173913043478,0.0760869565217391,0.0,1.0,3,2,4.6,6,0.2,4.152173913043479,92,50,0.5434782608695652,5.21286035142687,3.558113846124387,35.09693645310689,102,8,4,0,0,0,2.118839244587748,1.895000000000001,7.0,0.25879139638101756,0.0,0.0,0.0,0.06521739130434782,1.531427025733592,0.8851851618484311,0.20491357147693634
train,audio_751.wav,4.0,False,True,True,0.8264462809917356,0.0,0.0,0.8264462809917356,0.0,0.8264462809917356,0.0,0.0,0.0,2.479338842975207,2.479338842975207,0.4,3,6,20.666666666666668,0.0,0.1693548387096774,0.1209677419354838,0.0806451612903225,0.0967741935483871,0.064516129032258,0.1693548387096774,0.0967741935483871,0.5333333333333333,0.4666666666666667,0,3,5.333333333333333,8,1.0,3.611570247933885,121,63,0.5206611570247934,5.7272727272727275,2.881733915231524,17.845188413669003,137,5,0,1,0,0,2.2150768131475527,0.6480000000000002,0.9600000000000009,0.054711246200607924,0.8064516129032258,0.0,0.0,0.03225806451612903,2.064097295553972,0.9395981267375011,0.008974261581897736
train,audio_442.wav,2.0,False,True,True,1.4285714285714286,0.0,1.4285714285714286,1.4285714285714286,0.0,4.285714285714286,0.0,0.0,0.0,8.571428571428571,8.571428571428571,1.0,6,2,35.5,0.0,0.2394366197183098,0.0985915492957746,0.056338028169014,0.1126760563380281,0.056338028169014,0.0985915492957746,0.0845070422535211,0.0,1.0,0,1,6.5,8,1.5,4.563380281690141,70,50,0.7142857142857143,5.976143046671968,4.953967130636867,141.73613583116344,79,9,1,2,1,1,1.6453382084095067,0.8333333333333338,2.780000000000001,0.14631291455325798,2.7777777777777777,1.3888888888888888,1.3888888888888888,0.2638888888888889,1.1985081070958545,0.695815687533468,0.03606553375720978
train,audio_362.wav,5.0,False,True,True,0.0,0.7299270072992701,0.0,0.0,0.0,0.0,0.0,0.0,0.0,0.7299270072992701,0.7299270072992701,0.1666666666666666,1,6,23.166666666666668,0.0,0.2589928057553957,0.1294964028776978,0.0503597122302158,0.0719424460431654,0.0863309352517985,0.079136690647482,0.0719424460431654,0.0,1.0,0,2,6.166666666666667,9,0.8333333333333334,4.313868613138686,137,79,0.5766423357664233,6.749425495962411,3.4284977107853085,30.830291927176013,154,6,2,1,0,1,2.7165354330708653,1.129999999999998,2.939999999999994,0.11774921847863819,0.7246376811594203,0.0,0.7246376811594203,0.043478260869565216,2.297140538600388,0.9170488344667398,0.011435506865382195
train,audio_311.wav,3.5,False,True,True,1.1494252873563218,0.0,0.0,1.1494252873563218,0.0,1.1494252873563218,0.0,0.0,0.0,3.4482758620689653,3.4482758620689653,0.4,3,5,17.4,0.2,0.1724137931034483,0.1034482758620689,0.1264367816091954,0.0919540229885057,0.0689655172413793,0.1034482758620689,0.0459770114942528,0.0,1.0,0,1,4.4,7,0.6,4.057471264367816,87,49,0.5632183908045977,5.253351420705195,3.052900401824111,21.17667630657932,109,14,9,2,0,2,2.174975562072336,1.2157142857142857,2.34,0.29375215740421123,2.247191011235955,0.0,2.247191011235955,0.056179775280898875,1.4814891879379313,0.8839664927872128,0.00693579250946641
train,audio_724.wav,5.0,False,True,True,0.0,0.0,0.0,0.746268656716418,0.0,0.746268656716418,0.0,0.0,0.0,1.492537313432836,1.492537313432836,0.25,2,8,17.0,0.0,0.2426470588235294,0.1323529411764706,0.0588235294117647,0.0661764705882353,0.0735294117647058,0.0735294117647058,0.0661764705882353,0.0,1.0,0,2,5.25,10,0.625,4.365671641791045,134,74,0.5522388059701493,6.3926263493020645,3.014827880859375,20.38558188973447,150,8,2,0,0,0,2.5801555682033768,0.8162500000000001,2.0500000000000043,0.11022957461174883,0.0,0.0,0.0,0.014705882352941176,2.2662629885718273,0.9555554258472779,0.47342851758003235
train,audio_39.wav,3.0,False,True,True,1.075268817204301,0.0,0.0,1.075268817204301,0.0,1.075268817204301,2.150537634408602,0.0,0.0,5.376344086021505,3.225806451612903,0.4,3,5,18.8,0.0,0.202127659574468,0.1170212765957446,0.0851063829787234,0.0212765957446808,0.0425531914893617,0.2127659574468085,0.0851063829787234,0.6428571428571429,0.3571428571428571,0,2,5.0,6,1.2,3.956989247311828,93,54,0.5806451612903226,5.599539151544296,3.4620270681853342,31.881537107769603,101,6,1,0,0,0,2.286135693215339,0.583333333333333,1.1199999999999974,0.07922136713444994,0.0,0.0,0.0,0.010752688172043012,2.0639147802929427,0.8959439364812707,0.20400509238243103
train,audio_290.wav,2.0,False,True,True,0.0,0.0,0.0,0.0,0.0,0.0,0.0,0.0,0.0,0.0,0.0,0.0,0,2,12.0,0.0,0.2083333333333333,0.125,0.0833333333333333,0.0,0.125,0.2083333333333333,0.0416666666666666,0.0,1.0,0,1,3.5,4,2.0,4.208333333333333,24,21,0.875,4.286607049870562,3.2836276463099887,26.67235528144917,28,3,2,1,0,0,2.510040160642571,1.2400000000000002,1.6000000000000014,0.2719298245614036,4.0,0.0,0.0,0.04,0.4161482153483785,0.8827907645702362,0.06688693165779114
train,audio_23.wav,2.5,False,True,True,0.0,0.0,1.408450704225352,0.0,0.0,0.0,0.0,0.0,0.0,1.408450704225352,1.408450704225352,0.3333333333333333,1,3,24.0,0.0,0.2222222222222222,0.125,0.0416666666666666,0.0138888888888888,0.0416666666666666,0.1527777777777778,0.125,0.3333333333333333,0.6666666666666666,0,2,5.0,7,2.0,3.788732394366197,71,47,0.6619718309859155,5.5778737935111105,3.3832032738662345,29.46500458405774,82,5,1,0,1,0,1.993262212240314,1.032,2.3200000000000003,0.12653261402648358,0.0,1.408450704225352,0.0,0.04225352112676056,1.5756768752774077,0.8774425460838936,0.2990388721227646
train,audio_624.wav,3.0,False,True,True,0.0,0.0,0.0,0.0,1.1363636363636365,5.681818181818182,0.0,0.0,0.0,6.818181818181818,6.818181818181818,0.5,6,4,22.25,0.0,0.1685393258426966,0.1235955056179775,0.0674157303370786,0.0561797752808988,0.0674157303370786,0.1910112359550561,0.0449438202247191,0.0,1.0,0,1,4.75,8,1.5,3.909090909090909,88,55,0.625,5.8630196997792865,3.473844320467203,32.26052415732291,101,6,1,0,0,0,1.6553799849510908,0.5399999999999991,1.0799999999999983,0.05744680851063821,0.0,0.0,0.0,0.06818181818181818,1.4648432420060444,0.9220362495292317,0.2671132981777191
train,audio_206.wav,5.0,False,True,True,0.0,0.704225352112676,0.0,0.0,0.0,0.704225352112676,0.0,0.0,0.0,1.408450704225352,1.408450704225352,0.2,2,11,13.181818181818182,0.0,0.1517241379310344,0.096551724137931,0.0896551724137931,0.0896551724137931,0.0896551724137931,0.1793103448275862,0.1034482758620689,0.7894736842105263,0.2105263157894736,0,2,3.727272727272727,6,0.4545454545454545,3.943661971830986,142,78,0.5492957746478874,6.545614594714175,2.9523510300969504,19.150925244457326,166,14,0,0,0,0,2.8548451950140725,0.5985714285714285,0.980000000000004,0.1441844459738472,0.0,0.0,0.0,0.04929577464788732,2.3637218631787897,0.9020175551864463,0.27770745754241943
train,audio_288.wav,4.5,False,True,True,1.2195121951219512,0.0,0.0,0.0,0.0,0.0,0.0,0.0,0.0,1.2195121951219512,1.2195121951219512,0.1666666666666666,1,6,14.833333333333334,0.0,0.1910112359550561,0.146067415730337,0.0561797752808988,0.0786516853932584,0.0674157303370786,0.1348314606741573,0.0898876404494382,0.1,0.9,0,2,3.333333333333333,4,0.8333333333333334,4.426829268292683,82,53,0.6463414634146342,5.852870881966866,3.5443707808707523,34.617896245389545,103,8,3,0,0,1,2.1094927172275244,1.2875,2.580000000000002,0.20550678371907424,0.0,0.0,1.1904761904761905,0.05952380952380952,1.398259458278497,0.8994804176368884,0.11904776841402054
train,audio_60.wav,3.0,False,True,True,0.0,1.2820512820512822,0.0,1.2820512820512822,0.0,3.8461538461538463,0.0,0.0,0.0,6.410256410256411,6.410256410256411,1.0,5,4,19.5,0.0,0.2307692307692307,0.1538461538461538,0.0384615384615384,0.0128205128205128,0.0641025641025641,0.141025641025641,0.0256410256410256,0.0,1.0,0,2,6.5,10,1.5,3.8846153846153846,78,57,0.7307692307692307,6.453979094624195,3.6972552212801846,40.33643768163986,88,9,0,0,1,0,2.108108108108108,0.6822222222222222,0.9399999999999977,0.14232730644413535,0.0,1.2820512820512822,0.0,0.038461538461538464,1.7333333333333334,0.9001082241153106,0.2213788777589798
train,audio_80.wav,2.0,False,True,True,1.8867924528301887,2.830188679245283,0.9433962264150944,1.8867924528301887,0.0,1.8867924528301887,0.9433962264150944,0.0,0.0,10.37735849056604,9.433962264150944,0.8,10,5,21.8,0.0,0.1743119266055046,0.1192660550458715,0.0642201834862385,0.110091743119266,0.0642201834862385,0.1376146788990825,0.1009174311926605,0.2,0.8,1,4,7.6,14,2.0,3.858490566037736,106,66,0.6226415094339622,6.410486691557943,3.845945485432943,46.80291491221027,120,4,0,0,1,0,2.75038920601972,0.5450000000000017,0.9000000000000057,0.053536345776031606,0.0,0.9433962264150944,0.0,0.018867924528301886,2.3524189968930314,0.9287428702667074,0.3884890526533127
train,audio_214.wav,4.0,False,True,True,0.0,0.7194244604316546,0.0,0.0,0.0,1.4388489208633093,0.0,0.0,0.0,2.158273381294964,2.158273381294964,0.25,3,12,12.25,0.1666666666666666,0.1564625850340136,0.0952380952380952,0.0748299319727891,0.1496598639455782,0.0680272108843537,0.1496598639455782,0.0884353741496598,0.1764705882352941,0.8235294117647058,0,2,3.6666666666666665,6,0.6666666666666666,3.784172661870504,139,86,0.6187050359712231,7.294424795247751,3.7211858910250375,41.31335821054398,166,9,1,0,0,0,2.70935960591133,0.5288888888888896,1.1600000000000037,0.08272506082725072,0.0,0.0,0.0,0.04195804195804196,2.380367791792725,0.9145565056665377,0.057957228273153305
train,audio_599.wav,2.0,False,True,True,0.0,0.0,0.0,0.0,0.0,1.6260162601626016,0.8130081300813008,0.0,0.0,2.4390243902439024,1.6260162601626016,0.75,2,3,41.333333333333336,0.0,0.2258064516129032,0.1129032258064516,0.0725806451612903,0.1290322580645161,0.032258064516129,0.064516129032258,0.0725806451612903,0.125,0.875,1,3,6.666666666666667,8,1.6666666666666667,4.560975609756097,123,61,0.4959349593495935,5.5001847714713366,3.826612931968522,45.90678520546771,137,10,0,2,3,1,2.437597503900156,0.5520000000000003,0.8400000000000034,0.09718309859154935,1.6,2.4,0.8,0.088,2.0807432414858584,0.8503276297301054,0.02958475984632969
train,audio_5063.wav,0.0,True,True,True,1.3888888888888888,0.0,0.0,0.0,0.0,1.3888888888888888,0.0,1.3888888888888888,0.0,4.166666666666667,2.7777777777777777,0.5,2,5,15.0,0.0,0.16,0.12,0.0933333333333333,0.0533333333333333,0.0933333333333333,0.16,0.1066666666666666,0.4,0.6,0,3,3.6,5,0.6,3.430555555555556,72,42,0.5833333333333334,4.949747468305833,3.308529808407738,27.344893672154885,84,6,2,0,0,1,2.2871664548919948,1.3866666666666665,2.960000000000001,0.2090452261306532,0.0,0.0,1.3888888888888888,0.2361111111111111,1.5538674033149171,0.7480644130975835,0.050532497465610504
train,audio_207.wav,4.0,False,True,True,0.0,0.0,0.0,0.0,0.0,0.0,0.0,0.0,0.0,0.0,0.0,0.0,0,5,17.2,0.0,0.1744186046511628,0.1627906976744186,0.0930232558139534,0.0581395348837209,0.0465116279069767,0.127906976744186,0.0930232558139534,0.0,1.0,0,1,6.0,8,1.0,4.305882352941176,85,54,0.6352941176470588,5.857122361103717,2.6991774036038305,14.867496744095448,93,6,3,0,0,0,2.0681265206812656,1.0566666666666666,2.960000000000001,0.1336424957841484,0.0,0.0,0.0,0.058823529411764705,1.4149039321844867,0.9025181444252238,0.15238988399505615
train,audio_438.wav,3.0,False,True,True,0.0,1.4285714285714286,0.0,1.4285714285714286,0.0,1.4285714285714286,0.0,0.0,0.0,4.285714285714286,4.285714285714286,0.5,3,4,17.5,0.0,0.1857142857142857,0.1571428571428571,0.0428571428571428,0.0142857142857142,0.1,0.1857142857142857,0.0142857142857142,0.0,1.0,0,1,4.5,6,0.75,3.8,70,38,0.5428571428571428,4.541868715470696,2.9503840396278784,19.113292580706588,76,5,3,0,1,0,1.3877874702616972,1.6040000000000005,2.740000000000002,0.1371878207321246,0.0,1.4285714285714286,0.0,0.02857142857142857,1.1652162152320809,0.9147850922175816,0.301644504070282
train,audio_332.wav,5.0,False,True,True,0.0,0.0,0.0,0.0,0.0,1.6,0.0,0.0,0.0,1.6,1.6,0.2857142857142857,2,7,20.0,0.0,0.2071428571428571,0.1857142857142857,0.0357142857142857,0.1142857142857142,0.0857142857142857,0.1071428571428571,0.0857142857142857,0.0,1.0,6,3,4.857142857142857,9,1.5714285714285714,4.5,125,74,0.592,6.618761213399377,3.357738044691382,28.72414460971368,161,11,0,0,0,0,2.5981996726677576,0.6309090909090908,0.9399999999999977,0.12432819777857394,0.0,0.0,0.0,0.03937007874015748,2.1140351333496326,0.9273609293727424,0.28193560242652893
train,audio_159.wav,5.0,False,True,True,0.0,0.0,2.061855670103093,0.0,0.0,4.123711340206185,1.0309278350515465,0.0,0.0,7.216494845360825,6.185567010309279,1.0,6,3,33.333333333333336,0.0,0.34,0.08,0.1,0.02,0.03,0.05,0.08,0.0,1.0,0,2,7.333333333333333,12,1.0,4.77319587628866,97,67,0.6907216494845361,6.802819306395248,4.649238137637868,104.5053365576065,136,12,2,0,0,1,1.9999999999999998,0.6633333333333328,1.4399999999999995,0.14098476797732898,0.0,0.0,1.0309278350515463,0.15463917525773196,1.614513981358189,0.7926364075840544,0.1412794291973114
train,audio_478.wav,2.0,False,True,True,0.0,0.0,2.702702702702702,0.0,0.0,2.702702702702702,1.351351351351351,0.0,0.0,6.756756756756757,5.405405405405405,0.6666666666666666,4,2,37.0,0.0,0.1756756756756756,0.1216216216216216,0.0675675675675675,0.054054054054054,0.081081081081081,0.1486486486486486,0.0945945945945946,0.0,1.0,1,3,6.5,7,3.5,4.1891891891891895,74,46,0.6216216216216216,5.347391382215687,4.400328845512576,81.47765782212969,82,4,2,1,0,0,1.506629168340699,1.3850000000000005,3.6000000000000014,0.10014461315979757,1.3333333333333333,0.0,0.0,0.08,1.2484459448915153,0.8615708658347527,0.02875249646604061
train,audio_46.wav,3.0,False,True,True,1.0526315789473684,0.0,0.0,0.0,0.0,0.0,0.0,0.0,0.0,1.0526315789473684,1.0526315789473684,0.1428571428571428,1,7,13.714285714285714,0.0,0.21875,0.1354166666666666,0.0833333333333333,0.0833333333333333,0.0625,0.1041666666666666,0.0625,0.4,0.6,4,3,3.571428571428572,5,0.2857142857142857,4.6,95,69,0.7263157894736842,7.079250629387563,4.065230610214662,58.278346555027824,107,7,3,0,0,0,2.942998760842627,1.1457142857142852,3.7399999999999993,0.1990074441687344,0.0,0.0,0.0,0.08421052631578947,2.108300044385264,0.8573358334993061,0.22008320689201355
train,audio_130.wav,3.0,False,True,True,1.1494252873563218,0.0,0.0,0.0,1.1494252873563218,2.2988505747126435,0.0,0.0,0.0,4.597701149425287,4.597701149425287,0.5,4,4,21.75,0.0,0.1034482758620689,0.2068965517241379,0.1034482758620689,0.0114942528735632,0.0344827586206896,0.2183908045977011,0.057471264367816,0.3,0.7,0,2,4.5,6,1.75,3.8620689655172415,87,41,0.47126436781609193,4.395661392834959,2.868097037912529,17.6034875367759,107,13,0,3,0,4,2.440347071583514,0.5523076923076922,0.9799999999999969,0.1629596005447117,3.3333333333333335,0.0,4.444444444444445,0.05555555555555555,1.9973368841544605,0.9189754517541991,0.08351482450962067
train,audio_437.wav,2.5,False,True,True,0.0,0.0,1.6129032258064515,0.0,0.0,0.0,0.0,0.0,0.0,1.6129032258064515,1.6129032258064515,0.1666666666666666,1,6,10.5,0.0,0.238095238095238,0.1587301587301587,0.0793650793650793,0.0476190476190476,0.0634920634920634,0.1111111111111111,0.0476190476190476,0.0,1.0,1,2,3.5,4,0.5,4.096774193548387,62,37,0.5967741935483871,4.699004699007048,3.369885588345462,29.07520032571696,73,6,6,0,4,0,1.5625000000000002,3.040000000000001,6.800000000000004,0.31491712707182334,0.0,6.451612903225806,0.0,0.06451612903225806,1.032048647776986,0.8979152741877022,0.004636195953935385
train,audio_771.wav,5.0,False,True,True,0.0,0.0,0.0,0.8620689655172413,0.0,1.7241379310344829,0.0,0.0,0.0,2.586206896551724,2.586206896551724,0.4,3,4,29.0,0.0,0.2758620689655172,0.1379310344827586,0.1120689655172413,0.1034482758620689,0.0258620689655172,0.0258620689655172,0.0603448275862069,0.0,1.0,0,1,7.5,11,2.0,4.775862068965517,116,77,0.6637931034482759,7.149270519816497,3.62676882276348,37.59115648118372,153,16,3,2,0,2,2.4390243902439024,0.5625000000000001,1.5,0.15684907633321718,1.694915254237288,0.0,1.694915254237288,0.03389830508474576,1.9642216199626505,0.926959779196403,0.004449944477528334
train,audio_759.wav,4.0,False,True,True,0.9174311926605504,0.0,0.0,0.9174311926605504,0.0,2.752293577981652,0.9174311926605504,0.0,0.0,5.504587155963303,4.587155963302752,0.5,5,6,18.666666666666668,0.0,0.1696428571428571,0.1785714285714285,0.0714285714285714,0.0714285714285714,0.0625,0.1607142857142857,0.0714285714285714,0.0,1.0,1,3,4.5,10,1.0,4.201834862385321,109,73,0.6697247706422018,6.992131882114405,3.581753089779713,35.93648554261431,122,9,3,0,0,0,2.424377224199288,1.0066666666666666,2.8200000000000003,0.16771566086634576,0.0,0.0,0.0,0.06422018348623854,1.8144081065756688,0.9014901196191071,0.2871823012828827
train,audio_25.wav,3.0,False,True,True,1.162790697674419,1.162790697674419,0.0,1.162790697674419,1.162790697674419,1.162790697674419,0.0,0.0,0.0,5.813953488372093,5.813953488372093,0.6666666666666666,5,6,14.333333333333334,0.0,0.2558139534883721,0.127906976744186,0.0813953488372093,0.0465116279069767,0.0232558139534883,0.1046511627906976,0.0465116279069767,1.0,0.0,0,1,5.833333333333333,10,0.6666666666666666,3.872093023255814,86,50,0.5813953488372093,5.391638660171921,2.824993522799745,16.860835774725558,98,9,1,0,2,0,2.2466039707419023,0.5844444444444457,1.1200000000000045,0.12080845199816286,0.0,2.3255813953488373,0.0,0.046511627906976744,1.9085663559698178,0.9081280144841172,0.19883495569229126
train,audio_191.wav,3.0,False,True,True,0.0,0.0,0.0,1.818181818181818,0.0,0.0,0.0,0.0,1.818181818181818,3.636363636363636,1.818181818181818,0.5,1,3,19.0,0.0,0.1052631578947368,0.1578947368421052,0.0175438596491228,0.0526315789473684,0.1228070175438596,0.175438596491228,0.1052631578947368,0.0,1.0,0,1,5.0,6,1.3333333333333333,3.5090909090909093,55,35,0.6363636363636364,4.719399037242694,3.5554948493615903,35.00513795261152,67,4,2,0,0,0,2.7390438247011937,6.849999999999998,23.759999999999994,0.577085088458298,0.0,0.0,0.0,0.45454545454545453,0.9102494083378846,0.5715887803161008,0.05627372860908508
train,audio_182.wav,3.0,False,True,True,0.0,0.0,0.0,0.0,0.0,2.3255813953488373,0.0,0.0,0.0,2.3255813953488373,2.3255813953488373,0.5,1,3,15.333333333333334,0.0,0.1304347826086956,0.1739130434782608,0.0869565217391304,0.0869565217391304,0.1304347826086956,0.2391304347826087,0.0434782608695652,0.0,1.0,0,2,3.6666666666666665,5,2.0,3.5348837209302326,43,36,0.8372093023255814,5.489948531973768,3.511277940538194,33.49104000563535,54,6,4,2,0,0,2.3148148148148144,2.983333333333333,11.46,0.4793786823781467,4.444444444444445,0.0,0.0,0.13333333333333333,1.1125395569620253,0.828031914970941,0.12214688956737518
train,audio_236.wav,3.0,False,True,True,1.3888888888888888,0.0,0.0,1.3888888888888888,1.3888888888888888,1.3888888888888888,1.3888888888888888,0.0,0.0,6.944444444444445,5.555555555555555,0.2,4,4,18.25,0.0,0.1095890410958904,0.1643835616438356,0.1095890410958904,0.0410958904109589,0.0684931506849315,0.2054794520547945,0.0136986301369863,0.0,1.0,0,2,6.5,13,1.0,3.430555555555556,72,37,0.5138888888888888,4.360491817317043,2.700420331351365,14.885987457264816,79,4,1,1,0,1,1.8060366155368632,0.9350000000000003,1.6799999999999997,0.08469202898550728,1.36986301369863,0.0,1.36986301369863,0.0547945205479452,1.4989733059548254,0.9036203034936565,0.09333795309066772
train,audio_24.wav,3.0,False,True,True,1.020408163265306,0.0,0.0,1.020408163265306,0.0,1.020408163265306,2.0408163265306123,0.0,0.0,5.1020408163265305,3.061224489795918,0.6666666666666666,3,3,33.0,0.0,0.1818181818181818,0.1212121212121212,0.0808080808080808,0.0808080808080808,0.0505050505050505,0.1515151515151515,0.0808080808080808,0.4166666666666667,0.5833333333333334,0,2,5.666666666666667,7,1.6666666666666667,3.663265306122449,98,60,0.6122448979591837,6.0609152673132645,4.029019869290865,56.205795215160656,117,12,0,0,4,0,2.591221575885774,0.5016666666666664,0.7199999999999989,0.1373175182481751,0.0,4.081632653061225,0.0,0.08163265306122448,2.174877940523746,0.8605974091052198,0.138206347823143
train,audio_428.wav,3.0,False,True,True,0.7633587786259542,0.7633587786259542,1.5267175572519085,0.7633587786259542,1.5267175572519085,4.580152671755725,0.0,0.0,0.0,9.923664122137405,9.923664122137405,0.75,13,10,13.2,0.1,0.1212121212121212,0.1439393939393939,0.106060606060606,0.0833333333333333,0.106060606060606,0.1666666666666666,0.1287878787878787,0.0909090909090909,0.9090909090909092,5,3,3.3,6,1.1,4.007575757575758,131,59,0.45038167938931295,5.154853934300124,3.936653868792808,51.246835449887655,146,7,0,0,0,0,3.032407407407407,0.5742857142857137,0.879999999999999,0.08513341804320194,0.0,0.0,0.0,0.08396946564885496,2.18061891707718,0.8231743855672028,0.12146341055631638
train,audio_678.wav,5.0,False,True,True,0.0,0.0,0.0,0.7751937984496124,0.0,1.550387596899225,0.7751937984496124,0.0,0.0,3.10077519379845,2.3255813953488373,0.2307692307692307,3,13,10.615384615384617,0.3076923076923077,0.1956521739130435,0.1304347826086956,0.0434782608695652,0.1521739130434782,0.1014492753623188,0.1304347826086956,0.0507246376811594,0.0625,0.9375,0,4,3.076923076923077,7,0.7692307692307693,4.253846153846154,129,92,0.7131782945736435,8.100148338195739,3.45851126433797,31.76964468810333,173,20,3,2,1,0,3.449183780937335,0.7129999999999999,1.6000000000000014,0.27297090352220515,1.5267175572519085,0.7633587786259542,0.0,0.030534351145038167,2.3699817389288724,0.9279419491138622,0.04546404257416725
train,audio_591.wav,2.0,False,True,True,0.0,0.0,0.0,1.851851851851852,0.0,1.851851851851852,0.0,0.0,0.0,3.703703703703704,3.703703703703704,0.3333333333333333,2,3,18.0,0.0,0.2407407407407407,0.2037037037037037,0.074074074074074,0.1111111111111111,0.0,0.037037037037037,0.1296296296296296,0.0,1.0,0,1,5.0,6,1.0,4.5,54,45,0.8333333333333334,6.123724356957945,4.688079833984375,108.64436417535642,73,10,4,1,2,0,1.2574302697759487,1.346,5.84,0.23531468531468533,1.8181818181818181,3.6363636363636362,0.0,0.21818181818181817,0.9155270262537778,0.6919641907242211,0.006100209429860115
train,audio_597.wav,2.0,False,True,True,0.0,0.0,0.0,0.7352941176470589,0.0,1.4705882352941178,1.4705882352941178,0.0,0.0,3.676470588235294,2.2058823529411766,0.6,3,5,27.2,0.0,0.1470588235294117,0.1397058823529411,0.088235294117647,0.088235294117647,0.0588235294117647,0.1764705882352941,0.0735294117647058,0.1666666666666666,0.8333333333333334,0,2,5.8,9,2.0,4.044117647058823,136,71,0.5220588235294118,6.088199772559063,4.10450909588788,60.612982080793714,148,5,0,1,5,1,2.510076951264199,0.6319999999999999,0.7400000000000002,0.05472809144440594,0.7299270072992701,3.6496350364963503,0.7299270072992701,0.08029197080291971,2.280494592668501,0.8628527033720573,0.052914321422576904
train,audio_580.wav,1.5,False,True,True,1.3157894736842106,1.3157894736842106,0.0,2.631578947368421,0.0,1.3157894736842106,0.0,0.0,0.0,6.578947368421052,6.578947368421052,0.6,5,4,19.0,0.0,0.3289473684210526,0.0921052631578947,0.0263157894736842,0.0263157894736842,0.1052631578947368,0.1184210526315789,0.0,0.0,1.0,0,1,4.75,9,2.25,3.881578947368421,76,39,0.5131578947368421,4.473606810475954,3.447142714754157,31.4105151660298,109,8,4,0,0,1,1.63020163020163,1.3424999999999998,3.219999999999999,0.18723849372384935,0.0,0.0,1.3157894736842106,0.13157894736842105,1.2650918908234021,0.7915157170214675,0.08946235477924347
train,audio_19.wav,3.0,False,True,True,0.99009900990099,0.99009900990099,0.0,0.0,0.0,0.0,0.0,0.0,0.0,1.98019801980198,1.98019801980198,0.3333333333333333,2,6,16.833333333333332,0.0,0.1782178217821782,0.1386138613861386,0.0693069306930693,0.0495049504950495,0.0792079207920792,0.1683168316831683,0.0693069306930693,0.8461538461538461,0.1538461538461538,1,4,4.666666666666667,8,1.1666666666666667,3.98019801980198,101,61,0.6039603960396039,6.069726860280934,3.0413797129755435,20.93410637728833,115,8,0,0,1,0,2.567361464158617,0.5524999999999995,0.9799999999999969,0.10100548446069461,0.0,0.9900990099009901,0.0,0.019801980198019802,2.241455836662228,0.9272454107678173,0.052581723779439926
train,audio_476.wav,2.0,False,True,True,0.0,1.020408163265306,0.0,1.020408163265306,0.0,3.061224489795918,0.0,0.0,0.0,5.1020408163265305,5.1020408163265305,0.75,5,3,32.666666666666664,0.0,0.2040816326530612,0.1122448979591836,0.1224489795918367,0.0306122448979591,0.0510204081632653,0.1020408163265306,0.0714285714285714,0.0,1.0,3,2,6.333333333333333,12,2.0,3.326530612244898,98,40,0.40816326530612246,4.040610178208843,3.119914899553572,22.64445250815896,105,6,2,3,0,0,1.979227905153831,0.8116666666666666,1.240000000000002,0.08711985688729876,2.9702970297029703,0.0,0.0,0.04950495049504951,1.6812405391205738,0.8950541657948922,0.007316787261515856
train,audio_375.wav,3.5,False,True,True,0.0,0.0,0.0,0.0,2.380952380952381,0.0,0.0,0.0,0.0,2.380952380952381,2.380952380952381,0.5,1,2,21.0,0.0,0.2857142857142857,0.0952380952380952,0.0476190476190476,0.0714285714285714,0.0476190476190476,0.0238095238095238,0.0952380952380952,0.0,1.0,0,1,6.0,8,1.5,4.809523809523809,42,32,0.7619047619047619,4.937707198786941,4.423289299011231,83.37006391052512,48,4,1,1,1,0,1.3387297633872977,1.7550000000000008,5.0,0.17935615738375071,2.3255813953488373,2.3255813953488373,0.0,0.18604651162790697,0.7157756750711354,0.723661303823424,0.01648918353021145
train,audio_642.wav,3.0,False,True,True,0.0,0.0,0.0,0.0,0.0,0.0,0.0,0.0,0.0,0.0,0.0,0.0,0,1,27.0,0.0,0.2592592592592592,0.1111111111111111,0.074074074074074,0.0,0.074074074074074,0.1111111111111111,0.037037037037037,0.0,1.0,0,1,8.0,8,2.0,3.888888888888889,27,20,0.7407407407407407,3.849001794597505,3.375884464808873,29.25014306593184,28,2,2,0,1,0,2.1510516252390057,4.039999999999997,5.399999999999999,0.2786206896551723,0.0,2.2222222222222223,0.0,0.28888888888888886,0.7490675669349091,0.6588435715504197,0.001262999721802771
train,audio_66.wav,2.0,False,True,True,0.0,4.166666666666667,0.0,0.0,0.0,4.166666666666667,0.0,0.0,0.0,8.333333333333334,8.333333333333334,1.0,4,2,24.0,0.0,0.3958333333333333,0.1458333333333333,0.0416666666666666,0.0208333333333333,0.0416666666666666,0.0416666666666666,0.0833333333333333,0.4,0.6,0,2,6.5,8,3.0,5.354166666666667,48,41,0.8541666666666666,5.917840259193665,5.960783894856771,387.9140889432251,60,3,0,0,0,1,0.8852821836960532,0.8799999999999996,0.9199999999999999,0.0464298276468519,0.0,0.0,2.0833333333333335,0.14583333333333334,0.800533689126084,0.7607453255396751,0.08313845843076706
train,audio_186.wav,5.0,False,True,True,0.0,0.0,0.0,0.0,0.7194244604316546,2.158273381294964,2.158273381294964,0.0,0.0,5.035971223021583,2.8776978417266186,0.5714285714285714,4,7,20.142857142857142,0.0,0.1631205673758865,0.1560283687943262,0.0638297872340425,0.0354609929078014,0.0567375886524822,0.2198581560283688,0.0851063829787234,0.0,1.0,0,2,6.428571428571429,10,2.0,4.028776978417266,139,81,0.5827338129496403,6.870330330407765,3.3501251422806293,28.50630076405376,151,6,0,0,4,1,2.4411661397962767,0.4333333333333333,0.5800000000000001,0.043668122270742356,0.0,2.8776978417266186,0.7194244604316546,0.050359712230215826,2.3137840773369844,0.9305063347807891,0.13648614287376404
train,audio_713.wav,4.0,False,True,True,2.112676056338028,0.0,0.0,0.0,0.0,1.408450704225352,0.0,0.0,0.0,3.5211267605633805,3.5211267605633805,0.75,5,2,71.0,0.0,0.1690140845070422,0.1267605633802817,0.0774647887323943,0.1478873239436619,0.1338028169014084,0.0633802816901408,0.0985915492957746,0.0,1.0,6,3,7.5,8,6.0,4.366197183098592,142,78,0.5492957746478874,6.545614594714175,3.464320806809414,31.954748953148727,162,11,2,0,0,0,3.3761293390394673,0.6781818181818173,1.259999999999998,0.15064620355411937,0.0,0.0,0.0,0.14788732394366197,2.3637243223279354,0.8024719781788863,0.16336828470230103
train,audio_354.wav,3.5,False,True,True,0.8695652173913043,0.0,0.0,0.0,0.0,3.4782608695652173,0.0,0.0,0.0,4.3478260869565215,4.3478260869565215,0.3333333333333333,5,5,23.6,0.0,0.2542372881355932,0.1864406779661017,0.0508474576271186,0.0084745762711864,0.059322033898305,0.1016949152542373,0.0423728813559322,0.1111111111111111,0.8888888888888888,0,3,4.6,7,3.0,4.086956521739131,115,66,0.5739130434782609,6.1545317343860715,3.356307983398437,28.68309667985772,134,14,3,2,0,0,2.444630171333055,0.8128571428571434,1.6600000000000037,0.19209993247805549,1.7094017094017093,0.0,0.0,0.05982905982905983,1.9475756740307637,0.8965249123991045,0.13579313457012177
train,audio_768.wav,5.0,False,True,True,0.0,0.0,0.6896551724137931,0.0,0.0,0.0,0.6896551724137931,0.0,0.0,1.3793103448275863,0.6896551724137931,0.0909090909090909,1,11,13.636363636363637,0.0,0.1866666666666666,0.1466666666666666,0.0533333333333333,0.08,0.0666666666666666,0.16,0.08,0.0,1.0,0,2,3.8181818181818175,7,0.8181818181818182,4.062068965517241,145,91,0.6275862068965518,7.557138666690337,3.07734861828032,21.700788977168383,168,9,2,0,1,0,2.9933938893476464,0.8266666666666663,1.7999999999999972,0.13314244810307796,0.0,0.6896551724137931,0.0,0.034482758620689655,2.413662160123596,0.9226381381010187,0.32427018880844116
train,audio_14.wav,3.5,False,True,True,1.3157894736842106,0.0,0.0,1.3157894736842106,0.0,0.0,0.0,0.0,0.0,2.631578947368421,2.631578947368421,0.25,2,4,19.25,0.0,0.2857142857142857,0.1168831168831168,0.0779220779220779,0.0649350649350649,0.0909090909090909,0.0909090909090909,0.0519480519480519,0.0,1.0,2,3,7.0,11,0.5,4.828947368421052,76,57,0.75,6.53834841531101,3.759043147054951,42.90735030570336,89,8,2,0,0,0,2.0821917808219177,0.7250000000000003,1.4400000000000048,0.13711583924349885,0.0,0.0,0.0,0.0,1.6866400355082112,0.9555410825108227,0.6294998526573181
train,audio_208.wav,4.0,False,True,True,0.0,0.0,0.0,0.8333333333333334,0.0,1.6666666666666667,0.0,0.0,0.0,2.5,2.5,0.2857142857142857,3,6,20.166666666666668,0.0,0.140495867768595,0.1818181818181818,0.0743801652892562,0.0743801652892562,0.0909090909090909,0.1157024793388429,0.1074380165289256,0.0,1.0,0,2,5.666666666666667,8,1.5,4.008333333333334,120,64,0.5333333333333333,5.8423739467217715,2.8185397270030546,16.752369768880797,133,7,3,0,0,0,2.479338842975206,1.208571428571428,3.4399999999999977,0.14878649314104808,0.0,0.0,0.0,0.058333333333333334,1.9975114336722166,0.8837103438874085,0.28948262333869934
train,audio_418.wav,2.5,False,True,True,0.9345794392523364,0.0,0.9345794392523364,0.9345794392523364,0.0,0.9345794392523364,0.0,0.0,0.0,3.7383177570093458,3.7383177570093458,0.4285714285714285,4,7,15.428571428571429,0.0,0.2777777777777778,0.0925925925925925,0.0925925925925925,0.0648148148148148,0.074074074074074,0.074074074074074,0.074074074074074,0.1666666666666666,0.8333333333333334,1,4,4.571428571428571,6,0.8571428571428571,4.345794392523365,107,62,0.5794392523364486,5.9937662320831135,3.817994530521222,45.51284211964361,134,6,2,0,1,0,2.016584998115341,0.886666666666665,1.7399999999999984,0.09112709832134276,0.0,0.9345794392523364,0.0,0.14018691588785046,1.7652396271549946,0.8062584499285972,0.042069610208272934
train,audio_212.wav,5.0,False,True,True,0.6944444444444444,0.0,0.0,0.6944444444444444,0.0,1.3888888888888888,0.0,0.0,0.0,2.7777777777777777,2.7777777777777777,0.1818181818181818,4,12,12.333333333333334,0.0,0.2432432432432432,0.1081081081081081,0.1148648648648648,0.0675675675675675,0.0743243243243243,0.1013513513513513,0.0743243243243243,0.0,1.0,1,2,3.333333333333333,8,0.5,4.333333333333333,144,79,0.5486111111111112,6.583333333333333,3.7423095703125,42.19533079754663,175,9,1,0,0,1,2.773497688751927,0.5533333333333348,1.2200000000000033,0.08752196836555383,0.0,0.0,0.6944444444444444,0.08333333333333333,2.39701372040666,0.869997842737508,0.08860379457473755
train,audio_177.wav,2.0,False,True,True,0.9009009009009008,0.0,0.0,1.8018018018018016,0.0,4.504504504504505,0.0,0.0,0.0,7.207207207207207,7.207207207207207,0.3636363636363636,8,11,10.454545454545457,0.0,0.2869565217391304,0.1478260869565217,0.0434782608695652,0.0434782608695652,0.0434782608695652,0.0869565217391304,0.0347826086956521,0.1428571428571428,0.8571428571428571,0,2,3.8181818181818175,6,0.4545454545454545,4.621621621621622,111,66,0.5945945945945946,6.264442771966494,3.5015739327046407,33.16761449094843,134,15,4,0,0,1,2.5519421860885285,0.9320000000000005,1.8400000000000034,0.23995880535530395,0.0,0.0,0.8849557522123894,0.017699115044247787,1.8808255659121171,0.9009584568243111,0.0460958257317543
train,audio_503.wav,2.5,False,True,True,1.5267175572519085,0.0,0.7633587786259542,3.053435114503817,0.0,1.5267175572519085,0.0,0.0,0.0,6.870229007633588,6.870229007633588,0.5714285714285714,9,6,22.0,0.0,0.2272727272727272,0.0909090909090909,0.0757575757575757,0.0378787878787878,0.053030303030303,0.1818181818181818,0.0984848484848484,0.6875,0.3125,2,3,3.333333333333333,8,0.5,3.946564885496183,131,68,0.5190839694656488,5.941187585295058,3.969293731489992,52.94712274566092,153,6,2,4,0,0,2.522255192878338,0.9533333333333331,1.3999999999999986,0.0959087860496311,2.9411764705882355,0.0,0.0,0.10294117647058823,2.2638486467366143,0.8274073899494183,0.0038504658732563257
train,audio_564.wav,2.0,False,True,True,3.92156862745098,0.0,0.0,0.0,0.0,3.92156862745098,1.96078431372549,0.0,0.0,9.803921568627452,7.84313725490196,1.0,4,2,25.5,0.0,0.2549019607843137,0.0784313725490196,0.0392156862745098,0.0392156862745098,0.0980392156862745,0.0392156862745098,0.0980392156862745,0.3333333333333333,0.6666666666666666,2,4,4.5,8,0.0,4.313725490196078,51,31,0.6078431372549019,4.34086826048683,4.491692469670222,89.27240893693782,52,2,2,0,2,0,1.9274376417233565,16.380000000000003,27.3,0.5531914893617023,0.0,3.9215686274509802,0.0,0.13725490196078433,0.8489432425262303,0.8103489562430802,0.0352860651910305
train,audio_257.wav,4.5,False,True,True,2.061855670103093,0.0,1.0309278350515465,1.0309278350515465,0.0,3.09278350515464,1.0309278350515465,0.0,0.0,8.24742268041237,7.216494845360825,1.0,7,2,48.5,0.0,0.3711340206185567,0.1030927835051546,0.0618556701030927,0.0412371134020618,0.0206185567010309,0.0412371134020618,0.0721649484536082,0.0,1.0,0,2,12.5,15,3.0,4.989690721649485,97,75,0.7731958762886598,7.615096238502144,4.92492091966712,137.6784535544099,115,8,2,0,0,0,1.823993982700263,0.8424999999999996,1.4199999999999946,0.11248331108144187,0.0,0.0,0.0,0.09278350515463918,1.614513981358189,0.8374965434759548,0.021566525101661682
train,audio_408.wav,4.0,False,True,True,0.0,0.0,0.0,0.0,0.0,0.0,0.0,0.0,0.0,0.0,0.0,0.0,0,6,16.333333333333332,0.0,0.1428571428571428,0.1836734693877551,0.0612244897959183,0.1122448979591836,0.0612244897959183,0.1530612244897959,0.0612244897959183,0.0,1.0,0,2,4.833333333333333,6,1.1666666666666667,3.979591836734694,98,55,0.5612244897959183,5.555838995037159,3.0461325905539773,21.03384044627561,110,3,1,1,3,0,3.4161490683229827,1.0933333333333355,1.9600000000000062,0.10167389956602625,1.0101010101010102,3.0303030303030303,0.0,0.06060606060606061,2.9040188761226946,0.9093143607517986,0.028175847604870796
train,audio_468.wav,2.5,False,True,True,0.0,0.9090909090909092,0.0,0.9090909090909092,0.0,3.636363636363636,0.9090909090909092,0.0,0.0,6.363636363636363,5.454545454545454,0.8333333333333334,6,6,18.5,0.0,0.2252252252252252,0.1351351351351351,0.063063063063063,0.054054054054054,0.054054054054054,0.1351351351351351,0.0990990990990991,0.0,1.0,0,2,6.5,9,1.1666666666666667,4.254545454545455,110,61,0.5545454545454546,5.816121794398113,3.868487161303324,47.86991181870184,126,11,2,5,1,0,2.423093131057732,0.9872727272727257,4.079999999999995,0.18621399176954703,4.3478260869565215,0.8695652173913043,0.0,0.17391304347826086,1.91428378216699,0.7639303731124686,0.006714652292430401
train,audio_574.wav,2.5,False,True,True,0.8,0.0,0.0,0.0,0.0,1.6,0.0,0.0,0.0,2.4,2.4,0.3333333333333333,3,5,25.0,0.0,0.288,0.088,0.08,0.024,0.128,0.144,0.056,0.125,0.875,1,4,5.4,8,2.6,4.648,125,63,0.504,5.63489130329947,4.209307620399876,67.30991965730095,152,8,1,1,0,1,2.4009146341463414,0.7199999999999998,2.26,0.09890109890109887,0.7936507936507936,0.0,0.7936507936507936,0.05555555555555555,2.0973891874177455,0.8581850316668688,0.0012668152339756489
train,audio_26.wav,4.0,False,True,True,0.8620689655172413,0.0,0.0,0.8620689655172413,0.0,0.8620689655172413,0.0,0.0,0.0,2.586206896551724,2.586206896551724,0.5,3,3,39.333333333333336,0.0,0.1779661016949152,0.1101694915254237,0.0254237288135593,0.1271186440677966,0.0847457627118644,0.1101694915254237,0.0762711864406779,0.1428571428571428,0.8571428571428571,0,2,5.333333333333333,7,2.6666666666666665,3.775862068965517,116,68,0.5862068965517241,6.313641498019764,2.9657345094542573,19.40895406740721,138,17,2,2,0,0,3.5077288941736033,0.5729411764705887,1.240000000000002,0.22452743199631187,1.694915254237288,0.0,0.0,0.059322033898305086,2.6187305814469597,0.9152033516931963,0.008408886380493641
train,audio_480.wav,3.0,False,True,True,0.0,0.0,0.0,0.8403361344537815,0.8403361344537815,0.8403361344537815,1.680672268907563,0.0,0.0,4.201680672268908,2.5210084033613445,1.0,3,1,119.0,0.0,0.2184873949579832,0.1176470588235294,0.0756302521008403,0.0168067226890756,0.0924369747899159,0.134453781512605,0.0924369747899159,0.0,1.0,1,2,12.0,12,3.0,4.26890756302521,119,56,0.47058823529411764,5.133511583357984,3.4897100730020494,32.77644355266038,122,0,0,0,4,0,1.9643446682073291,0.0,0.0,0.0,0.0,3.361344537815126,0.0,0.09243697478991597,1.9604511920758232,0.8663279511535368,0.04961219057440758
train,audio_706.wav,3.0,False,True,True,0.0,0.0,0.7299270072992701,0.7299270072992701,0.7299270072992701,2.18978102189781,0.0,0.0,0.0,4.37956204379562,4.37956204379562,0.4,6,8,17.375,0.0,0.1798561151079136,0.1007194244604316,0.0503597122302158,0.0647482014388489,0.1007194244604316,0.1726618705035971,0.079136690647482,0.8235294117647058,0.1764705882352941,0,4,4.875,8,0.875,3.510948905109489,137,60,0.43795620437956206,5.126145946300565,3.2816256819100214,26.61901158961462,145,3,0,0,0,1,2.42735648476258,0.8066666666666661,0.8799999999999955,0.04111450900441723,0.0,0.0,0.7299270072992701,0.0948905109489051,2.280494592668501,0.8454349563069588,0.0665278434753418
train,audio_57.wav,2.5,False,True,True,0.8403361344537815,0.0,0.8403361344537815,0.8403361344537815,0.0,4.201680672268908,0.8403361344537815,0.0,0.0,7.563025210084033,6.722689075630252,1.0,8,3,40.0,0.0,0.225,0.1666666666666666,0.0416666666666666,0.05,0.1083333333333333,0.15,0.1,0.1111111111111111,0.8888888888888888,0,3,7.666666666666667,8,4.0,4.151260504201681,119,70,0.5882352941176471,6.416889479197479,3.78404568550282,43.99366672556392,133,9,0,0,0,0,2.9572564612326038,0.46222222222222126,0.8799999999999955,0.0936936936936935,0.0,0.0,0.0,0.07563025210084033,2.64092321349312,0.8767285106875816,0.04733229801058769
train,audio_209.wav,5.0,False,True,True,0.0,0.0,0.0,0.0,0.0,1.6666666666666667,0.8333333333333334,0.0,0.0,2.5,1.6666666666666667,0.6,2,4,30.5,0.0,0.1475409836065573,0.1393442622950819,0.0983606557377049,0.081967213114754,0.0901639344262295,0.2049180327868852,0.0901639344262295,0.2666666666666666,0.7333333333333333,0,3,6.0,9,3.25,4.0588235294117645,120,73,0.6083333333333333,6.663957782979521,3.1920736848021583,24.33884624423501,139,12,0,5,0,0,2.5794469665703676,0.3966666666666671,0.8400000000000034,0.08944006012777161,4.0,0.0,0.0,0.008,2.082960136308911,0.9567381134033203,0.3852527439594269
train,audio_712.wav,4.0,False,True,True,0.7299270072992701,0.0,0.0,0.7299270072992701,0.0,2.18978102189781,0.0,0.0,0.0,3.6496350364963503,3.6496350364963503,0.2857142857142857,5,7,20.0,0.0,0.1928571428571428,0.1214285714285714,0.0857142857142857,0.1071428571428571,0.0785714285714285,0.1357142857142857,0.0285714285714285,0.2,0.8,2,3,5.0,8,1.1428571428571428,4.035971223021583,137,87,0.635036496350365,7.43291162213582,3.559496008831522,35.1454796693907,161,16,5,0,0,0,3.313981615868408,0.7187499999999998,1.139999999999997,0.2176381529144587,0.0,0.0,0.0,0.10948905109489052,2.280494592668501,0.8651200482880113,0.14967718720436096
train,audio_353.wav,3.0,False,True,True,0.0,0.0,0.0,0.0,0.0,2.380952380952381,1.1904761904761905,0.0,0.0,3.571428571428572,2.380952380952381,1.0,2,3,28.33333333333333,0.0,0.1294117647058823,0.188235294117647,0.0705882352941176,0.0588235294117647,0.0588235294117647,0.1764705882352941,0.1647058823529411,0.0,1.0,0,1,4.333333333333333,6,0.6666666666666666,3.642857142857143,84,47,0.5595238095238095,5.128120420545821,3.441442549856085,31.23197937518741,95,4,0,0,1,0,1.9699812382739215,0.6600000000000006,0.879999999999999,0.05830388692579511,0.0,1.1904761904761905,0.0,0.03571428571428571,1.5,0.9075256872567392,0.30304522067308426
train,audio_575.wav,2.0,False,True,True,0.0,0.0,0.0,0.0,0.0,0.8547008547008547,0.8547008547008547,0.0,0.0,1.709401709401709,0.8547008547008547,0.5,1,4,30.0,0.0,0.1833333333333333,0.0916666666666666,0.0666666666666666,0.05,0.1333333333333333,0.2583333333333333,0.075,0.0,1.0,0,3,6.25,11,3.5,3.871794871794872,117,66,0.5641025641025641,6.1017021584775195,3.7931283804086537,44.39506792104408,130,5,2,0,0,0,2.6046304541406955,0.9360000000000024,1.740000000000009,0.09435483870967767,0.0,0.0,0.0,0.13675213675213677,1.9475756740307637,0.8267953333436934,0.06696192920207977
train,audio_383.wav,3.5,False,True,True,0.0,0.0,0.0,1.3157894736842106,0.0,2.631578947368421,0.0,0.0,0.0,3.947368421052632,3.947368421052632,0.5,3,4,19.0,0.0,0.2236842105263158,0.1842105263157894,0.0394736842105263,0.0263157894736842,0.0263157894736842,0.2105263157894736,0.0789473684210526,0.0,1.0,0,2,5.0,6,1.5,4.276315789473684,76,46,0.6052631578947368,5.27656187902292,3.121251176043254,22.67473198403756,82,4,1,0,0,1,1.4525993883792048,0.839999999999999,1.3399999999999999,0.060344827586206816,0.0,0.0,1.3157894736842106,0.02631578947368421,1.2650918908234021,0.9434166578085799,0.22795644402503967
train,audio_781.wav,5.0,False,True,True,0.0,0.0,0.0,0.0,1.098901098901099,2.197802197802198,1.098901098901099,0.0,0.0,4.395604395604396,3.2967032967032965,0.4,3,5,18.8,0.0,0.1170212765957446,0.2127659574468085,0.0744680851063829,0.0212765957446808,0.0744680851063829,0.2446808510638297,0.0212765957446808,0.0,1.0,1,3,6.0,9,2.6,4.230769230769231,91,58,0.6373626373626373,6.080052052987126,3.235206310565655,25.411613922517507,104,7,2,3,0,0,1.7266715650257167,0.8628571428571435,1.5399999999999991,0.09986772486772495,3.1914893617021276,0.0,0.0,0.031914893617021274,1.5507712612389672,0.9510887864025983,0.016049649566411972
train,audio_118.wav,4.5,False,True,True,0.0,0.0,0.0,0.0,0.0,0.0,0.0,0.0,0.0,0.0,0.0,0.0,0,5,17.2,0.0,0.3488372093023256,0.127906976744186,0.0813953488372093,0.0116279069767441,0.0813953488372093,0.0116279069767441,0.0813953488372093,0.0,1.0,0,2,4.4,6,1.2,4.534883720930233,86,56,0.6511627906976745,6.038635299392551,3.6844554227941178,39.823429611658334,102,14,4,0,0,0,2.675793403858121,0.8385714285714287,1.7199999999999989,0.2675478577939836,0.0,0.0,0.0,0.046511627906976744,1.9085663559698178,0.9067116329489753,0.1829884946346283
train,audio_337.wav,5.0,False,True,True,0.6944444444444444,0.6944444444444444,0.0,0.0,0.0,4.166666666666667,0.6944444444444444,0.0,0.0,6.25,5.555555555555555,0.5,8,7,21.428571428571427,0.0,0.22,0.0933333333333333,0.0733333333333333,0.08,0.0733333333333333,0.14,0.1,0.1176470588235294,0.8823529411764706,0,2,5.571428571428571,8,1.2857142857142858,4.166666666666667,144,89,0.6180555555555556,7.416666666666667,3.247268497242647,25.719989657301515,170,10,1,2,0,2,2.8239845261121856,0.7039999999999995,1.2999999999999972,0.11985018726591752,1.36986301369863,0.0,1.36986301369863,0.0684931506849315,2.4303081060554828,0.8987505616934875,0.06571228057146072
train,audio_715.wav,3.0,False,True,True,0.0,0.704225352112676,0.704225352112676,0.0,0.0,1.408450704225352,0.0,0.0,0.0,2.816901408450704,2.816901408450704,0.3333333333333333,4,6,24.33333333333333,0.0,0.2191780821917808,0.1232876712328767,0.0684931506849315,0.0821917808219178,0.0684931506849315,0.1027397260273972,0.0821917808219178,0.0,1.0,0,2,7.5,15,1.5,4.633802816901408,142,79,0.5563380281690141,6.629532730543844,4.071504617039161,58.64513471157227,158,7,0,1,1,0,2.5563103324991063,0.5857142857142864,0.9600000000000009,0.06828780812791481,0.6993006993006993,0.6993006993006993,0.0,0.13286713286713286,2.3803702682598225,0.8104687061265007,0.015673639252781868
train,audio_323.wav,3.5,False,True,True,0.0,0.0,0.0,0.0,0.0,1.098901098901099,0.0,0.0,0.0,1.098901098901099,1.098901098901099,0.2,1,3,31.0,0.0,0.2150537634408602,0.2043010752688172,0.032258064516129,0.064516129032258,0.043010752688172,0.086021505376344,0.0967741935483871,0.0,1.0,1,2,5.333333333333333,11,2.6666666666666665,4.813186813186813,91,57,0.6263736263736264,5.9752235693149345,3.982432582922149,53.64737732191478,114,15,3,3,5,0,2.1663977875086426,0.7706666666666667,2.280000000000001,0.21037306642402184,3.1914893617021276,5.319148936170213,0.0,0.11702127659574468,1.5647189175973657,0.8303872482547311,0.018004154786467552
train,audio_374.wav,4.0,False,True,True,0.0,0.0,0.0,0.0,0.0,2.6666666666666665,1.3333333333333333,0.0,0.0,4.0,2.6666666666666665,1.0,2,3,25.666666666666668,0.0,0.1558441558441558,0.1818181818181818,0.0649350649350649,0.0909090909090909,0.0649350649350649,0.2337662337662337,0.0649350649350649,0.1428571428571428,0.8571428571428571,2,4,5.333333333333333,7,0.3333333333333333,3.973333333333333,75,50,0.6666666666666666,5.773502691896257,3.372955322265625,29.164590586354272,88,11,0,3,0,0,1.7783857729138166,0.4218181818181819,0.7199999999999998,0.09567010309278354,3.8461538461538463,0.0,0.0,0.0641025641025641,1.2983837826871758,0.9006362132346019,0.08926569670438766
train,audio_348.wav,3.5,False,True,True,0.0,0.0,0.0,0.0,0.0,1.36986301369863,1.36986301369863,0.0,0.0,2.73972602739726,1.36986301369863,0.6666666666666666,1,6,12.833333333333334,0.1666666666666666,0.1298701298701298,0.2337662337662337,0.0519480519480519,0.0389610389610389,0.0909090909090909,0.2077922077922078,0.1038961038961039,0.0,1.0,0,2,2.6666666666666665,7,1.1666666666666667,4.2465753424657535,73,47,0.6438356164383562,5.500933918218137,3.3906084225501543,29.68400719665713,81,3,2,0,2,0,1.8708354689902615,1.0466666666666666,1.2800000000000011,0.07447817836812144,0.0,2.73972602739726,0.0,0.0410958904109589,1.2673611111111112,0.8997559669899614,0.24571695923805237
train,audio_547.wav,3.0,False,True,True,0.0,0.0,1.2987012987012987,1.2987012987012987,0.0,1.2987012987012987,0.0,0.0,0.0,3.896103896103896,3.896103896103896,0.25,3,4,19.25,0.0,0.3766233766233766,0.0909090909090909,0.0909090909090909,0.0779220779220779,0.0259740259740259,0.0779220779220779,0.0389610389610389,0.2,0.8,0,2,5.0,8,0.25,4.987012987012987,77,57,0.7402597402597403,6.495752858199363,4.573182605561756,96.85186105927332,105,18,4,6,2,0,2.107668867445404,1.0100000000000005,6.660000000000004,0.3158443363446839,7.228915662650603,2.4096385542168677,0.0,0.10843373493975904,1.3816135123466102,0.8144526533692716,0.12525016069412231
train,audio_41.wav,4.0,False,True,True,0.0,0.0,0.0,0.0,0.0,0.99009900990099,0.0,0.0,0.0,0.99009900990099,0.99009900990099,0.3333333333333333,1,2,51.0,0.0,0.1666666666666666,0.1666666666666666,0.0,0.0686274509803921,0.0686274509803921,0.2058823529411764,0.088235294117647,0.0,1.0,0,1,7.5,9,4.5,4.257425742574258,101,61,0.6039603960396039,6.069726860280934,2.91973876953125,18.53644454311876,107,2,0,0,0,0,2.4670249145090377,0.6400000000000001,0.8399999999999999,0.03031738512553293,0.0,0.0,0.0,0.0297029702970297,2.3059360730593608,0.9357938763528767,0.2824719548225403
train,audio_284.wav,4.5,False,True,True,0.0,0.0,0.0,0.0,0.0,1.834862385321101,1.834862385321101,0.0,0.0,3.669724770642202,1.834862385321101,0.6666666666666666,2,2,56.5,0.0,0.2743362831858407,0.1327433628318584,0.0884955752212389,0.0353982300884955,0.0442477876106194,0.1327433628318584,0.0884955752212389,0.0909090909090909,0.9090909090909092,0,3,10.0,10,5.5,4.339449541284404,109,71,0.6513761467889908,6.800566625070174,3.7195671081542967,41.24653495470323,120,4,1,0,0,0,2.0683111954459203,0.7450000000000014,1.7800000000000011,0.05352011494252884,0.0,0.0,0.0,0.03669724770642202,1.8144081065756688,0.8993583270533733,0.11645288020372391
train,audio_13.wav,3.0,False,True,True,0.0,0.0,0.0,0.0,0.0,1.834862385321101,2.752293577981652,0.0,0.0,4.587155963302752,1.834862385321101,1.0,2,2,55.5,0.0,0.2162162162162162,0.1261261261261261,0.081081081081081,0.054054054054054,0.045045045045045,0.09009009009009,0.0990990990990991,0.0,1.0,0,1,6.0,8,4.0,3.8623853211009176,109,64,0.5871559633027523,6.130088225415369,3.6249052902747847,37.521169371673565,116,1,1,0,1,0,2.7580971659919027,1.2599999999999998,1.2599999999999998,0.030897498773908773,0.0,0.9174311926605505,0.0,0.05504587155963303,2.421035242443635,0.9061774447423603,0.22744452953338623
train,audio_548.wav,3.5,False,True,True,0.819672131147541,0.819672131147541,0.0,1.639344262295082,0.0,4.918032786885246,0.819672131147541,0.0,0.0,9.01639344262295,8.19672131147541,0.75,10,7,17.714285714285715,0.0,0.2580645161290322,0.1129032258064516,0.0806451612903225,0.032258064516129,0.0887096774193548,0.1532258064516129,0.0403225806451612,0.0909090909090909,0.9090909090909092,0,3,4.428571428571429,6,1.1428571428571428,4.114754098360656,122,82,0.6721311475409836,7.423931175486519,4.060055940047555,57.97755425538888,138,11,0,0,1,0,2.86046511627907,0.527272727272727,0.759999999999998,0.1188524590163934,0.0,0.8130081300813008,0.0,0.13008130081300814,2.0474513496220847,0.8159923660985338,0.05765116587281227
train,audio_687.wav,4.5,False,True,True,0.8333333333333334,0.0,0.0,0.0,0.0,2.5,0.0,0.0,0.0,3.333333333333333,3.333333333333333,0.4285714285714285,4,5,24.8,0.0,0.2258064516129032,0.1048387096774193,0.0806451612903225,0.0725806451612903,0.0967741935483871,0.1370967741935483,0.1048387096774193,0.0,1.0,0,1,5.0,7,2.2,4.125,120,75,0.625,6.846531968814577,3.415643664373868,30.43653403655483,138,10,4,1,1,0,2.6441265713047257,0.9180000000000013,2.260000000000005,0.16594360086767918,0.819672131147541,0.819672131147541,0.0,0.040983606557377046,1.9988633512705378,0.9386668367021275,0.009341194294393063
train,audio_104.wav,2.5,False,True,True,0.0,0.970873786407767,0.0,0.0,0.0,0.0,0.0,0.0,0.0,0.970873786407767,0.970873786407767,0.1666666666666666,1,6,17.166666666666668,0.0,0.174757281553398,0.145631067961165,0.0485436893203883,0.0679611650485436,0.087378640776699,0.145631067961165,0.0776699029126213,0.0,1.0,0,1,4.333333333333333,7,0.6666666666666666,3.718446601941748,103,51,0.49514563106796117,5.025179318637895,2.6718897585008965,14.467283047503647,122,8,2,1,0,0,2.748414376321354,0.7375000000000003,1.52,0.1348879743941473,0.9615384615384616,0.0,0.0,0.04807692307692308,2.30803373280071,0.9146673263301357,0.025980228558182716
train,audio_181.wav,3.0,False,True,True,0.0,1.020408163265306,0.0,1.020408163265306,0.0,1.020408163265306,0.0,0.0,0.0,3.061224489795918,3.061224489795918,0.75,3,3,32.666666666666664,0.0,0.2857142857142857,0.1836734693877551,0.0306122448979591,0.0918367346938775,0.010204081632653,0.0816326530612244,0.0612244897959183,0.0,1.0,0,1,5.0,6,2.0,4.418367346938775,98,66,0.673469387755102,6.667006794044591,4.262430063883463,70.9822654810428,120,18,3,3,0,0,2.4059075750357324,0.823333333333334,3.8000000000000043,0.26091549295774674,2.9702970297029703,0.0,0.0,0.16831683168316833,1.681238790007449,0.7932422650922643,0.03520758077502251
train,audio_755.wav,4.0,False,True,True,0.0,0.0,0.0,1.0,0.0,1.0,1.0,0.0,0.0,3.0,2.0,0.4,2,4,25.5,0.0,0.2254901960784313,0.1470588235294117,0.0784313725490196,0.0490196078431372,0.0196078431372549,0.0980392156862745,0.088235294117647,0.0,1.0,0,1,5.5,7,1.25,4.09,100,56,0.56,5.6,3.3744834617332176,29.20919221836304,108,6,0,0,0,0,2.253267237494367,0.5299999999999995,0.879999999999999,0.06686291000841037,0.0,0.0,0.0,0.02,1.9904458598726114,0.9515621876716613,0.27653324604034424
train,audio_733.wav,5.0,False,True,True,0.0,0.0,0.0,0.0,0.0,0.7352941176470589,0.7352941176470589,0.7352941176470589,0.0,2.2058823529411766,0.7352941176470589,0.3333333333333333,1,9,15.333333333333334,0.0,0.1739130434782608,0.1594202898550724,0.072463768115942,0.036231884057971,0.0869565217391304,0.2246376811594203,0.0579710144927536,0.0,1.0,1,3,4.0,7,2.0,3.8308823529411766,136,69,0.5073529411764706,5.916701187416555,3.195645454602364,24.42593443712477,156,9,0,0,5,1,3.0048608042421567,0.6399999999999996,0.8599999999999994,0.11289690317522534,0.0,3.676470588235294,0.7352941176470589,0.022058823529411766,2.2662629885718273,0.9118866442209658,0.05636702477931976
train,audio_5072.wav,0.0,True,True,True,0.7575757575757576,0.0,0.0,0.7575757575757576,0.7575757575757576,2.272727272727273,0.0,0.0,0.0,4.545454545454546,4.545454545454546,0.7142857142857143,6,7,18.857142857142858,0.0,0.1287878787878787,0.1969696969696969,0.0606060606060606,0.0909090909090909,0.0757575757575757,0.2045454545454545,0.053030303030303,0.0,1.0,2,3,5.285714285714286,10,0.7142857142857143,3.704545454545455,132,57,0.4318181818181818,4.961213194737389,2.9191170716897035,18.52492405705808,156,13,0,0,0,0,2.614896988906498,0.5323076923076926,0.8800000000000026,0.12055749128919867,0.0,0.0,0.0,0.2727272727272727,2.1972648630090665,0.7077995595719778,0.06488781422376633
train,audio_776.wav,4.5,False,True,True,0.0,0.0,0.0,1.36986301369863,0.0,1.36986301369863,0.0,0.0,0.0,2.73972602739726,2.73972602739726,0.4,2,5,14.8,0.0,0.1351351351351351,0.1756756756756756,0.0675675675675675,0.0405405405405405,0.081081081081081,0.2027027027027027,0.1081081081081081,0.0,1.0,0,2,4.0,6,1.0,3.671232876712329,73,56,0.7671232876712328,6.554304242983312,3.2269569396972657,25.202846379272565,80,4,3,0,0,0,1.3701201201201205,1.5950000000000022,2.2200000000000024,0.10693932282936656,0.0,0.0,0.0,0.0273972602739726,1.2151540530277414,0.9387370072407265,0.26038989424705505
train,audio_70.wav,2.0,False,True,True,0.0,0.0,0.0,0.0,0.0,4.285714285714286,0.0,0.0,0.0,4.285714285714286,4.285714285714286,0.6666666666666666,3,2,35.0,0.0,0.2428571428571428,0.1714285714285714,0.0857142857142857,0.0142857142857142,0.0428571428571428,0.1142857142857142,0.0714285714285714,0.0,1.0,0,1,6.5,9,2.5,4.271428571428571,70,47,0.6714285714285714,5.61757446387165,3.748039921627769,42.43781897455575,79,7,4,0,0,0,1.6932752781809384,1.3228571428571418,3.6800000000000033,0.18300395256916985,0.0,0.0,0.0,0.07142857142857142,1.1513157894736843,0.8690254676377489,0.052145492285490036
train,audio_49.wav,3.0,False,True,True,0.0,0.0,0.0,1.0526315789473684,0.0,2.1052631578947367,1.0526315789473684,0.0,0.0,4.2105263157894735,3.1578947368421053,1.0,3,2,49.5,0.0,0.1818181818181818,0.101010101010101,0.0808080808080808,0.0404040404040404,0.0808080808080808,0.101010101010101,0.1212121212121212,0.0,1.0,0,1,7.5,10,4.0,3.7578947368421054,95,53,0.5578947368421052,5.437685266051317,3.4305631197415867,30.894034893233403,104,5,0,0,1,0,2.3375984251968505,0.5280000000000001,0.7399999999999984,0.06099815157116452,0.0,1.0526315789473684,0.0,0.031578947368421054,2.0805957074025407,0.8961284511967709,0.3103753924369812
train,audio_527.wav,5.0,False,True,True,1.5625,0.0,0.0,0.78125,0.78125,0.0,0.0,0.0,0.0,3.125,3.125,0.3333333333333333,4,8,16.125,0.125,0.2868217054263566,0.1240310077519379,0.0697674418604651,0.0155038759689922,0.0542635658914728,0.0775193798449612,0.0697674418604651,0.0,1.0,1,3,4.875,7,0.75,4.8203125,128,79,0.6171875,6.982679464217156,3.2626885550362723,26.119666988527307,140,5,2,0,0,1,2.8648164726947174,1.8880000000000003,6.84,0.17442719881744273,0.0,0.0,0.78125,0.0703125,2.130681079281519,0.8837102097459137,0.12985928356647491
train,audio_273.wav,3.5,False,True,True,0.0,0.0,0.9615384615384616,0.0,0.0,0.0,0.0,0.0,0.0,0.9615384615384616,0.9615384615384616,0.125,1,8,13.375,0.25,0.1682242990654205,0.1588785046728972,0.0560747663551401,0.1214953271028037,0.0560747663551401,0.2242990654205607,0.0560747663551401,0.0,1.0,0,2,3.5,6,1.0,4.173076923076923,104,64,0.6153846153846154,6.275716324421889,3.99287586827432,54.2105678528365,124,12,2,0,0,0,1.9749335358906188,0.6116666666666664,1.0399999999999991,0.12233333333333327,0.0,0.0,0.0,0.08653846153846154,1.7311783769162343,0.8534382488100956,0.10334457457065582
train,audio_139.wav,4.0,False,True,True,0.0,0.0,1.639344262295082,1.639344262295082,0.0,1.639344262295082,3.278688524590164,0.0,0.0,8.19672131147541,4.918032786885246,0.5,3,4,15.25,0.0,0.2622950819672131,0.2786885245901639,0.081967213114754,0.0163934426229508,0.0491803278688524,0.0163934426229508,0.0983606557377049,0.0,1.0,0,1,6.75,9,1.5,5.901639344262295,61,51,0.8360655737704918,6.529880876577695,3.965185546875,52.73005237845515,70,3,0,0,3,0,2.739726027397261,0.6066666666666691,0.740000000000002,0.061569688768606474,0.0,3.9473684210526314,0.0,0.17105263157894737,1.2649800266311584,0.7917744112203587,0.0008004537667147815
train,audio_467.wav,3.0,False,True,True,0.0,0.8333333333333334,0.0,1.6666666666666667,0.0,3.333333333333333,0.8333333333333334,0.8333333333333334,0.0,7.5,5.833333333333333,0.8333333333333334,7,4,31.0,0.0,0.2661290322580645,0.0887096774193548,0.0403225806451612,0.0887096774193548,0.0887096774193548,0.1048387096774193,0.0483870967741935,0.0714285714285714,0.9285714285714286,2,3,5.0,7,2.25,4.191666666666666,120,62,0.5166666666666667,5.659799760886717,4.527675961488045,92.5432369215808,149,13,2,4,1,3,2.5698097936058266,0.6230769230769224,1.0900000000000034,0.14082058414464518,3.1496062992125986,0.7874015748031497,2.3622047244094486,0.11811023622047244,2.1140351333496326,0.8034066987221478,0.03374499827623367
train,audio_407.wav,4.5,False,True,True,0.0,0.0,0.847457627118644,0.0,0.0,0.847457627118644,1.694915254237288,0.0,0.0,3.389830508474576,1.694915254237288,0.2,2,4,29.75,0.0,0.1596638655462184,0.1932773109243697,0.0756302521008403,0.0672268907563025,0.1176470588235294,0.1260504201680672,0.0504201680672268,0.125,0.875,0,3,5.75,8,3.5,4.161016949152542,118,66,0.559322033898305,6.0757924781289345,3.2840561977652616,26.68378820774422,129,7,3,1,1,3,2.3088863019014356,0.9714285714285716,1.7799999999999976,0.1165581076448406,0.8403361344537815,0.8403361344537815,2.5210084033613445,0.05042016806722689,1.9808675658945374,0.9180685397581894,0.06560710817575455
train,audio_404.wav,4.5,False,True,True,0.0,0.0,0.0,1.4814814814814814,0.0,2.2222222222222223,0.7407407407407407,0.0,0.0,4.444444444444445,3.703703703703704,0.5714285714285714,5,6,23.166666666666668,0.0,0.2086330935251798,0.1079136690647482,0.0935251798561151,0.1223021582733813,0.0719424460431654,0.1079136690647482,0.0647482014388489,0.0,1.0,0,2,5.166666666666667,9,1.3333333333333333,4.231343283582089,135,87,0.6444444444444445,7.487767802667673,3.703835738332648,40.60274756499861,152,5,2,0,4,1,2.4691358024691357,0.979999999999999,1.7599999999999998,0.08169389796598858,0.0,2.9411764705882355,0.7352941176470589,0.07352941176470588,2.2638486467366143,0.8885700925454205,0.13407260179519653
train,audio_534.wav,3.0,False,True,True,0.0,0.0,0.6493506493506493,0.6493506493506493,0.0,1.948051948051948,0.6493506493506493,0.0,0.0,3.896103896103896,3.2467532467532467,0.6,5,3,51.66666666666666,0.0,0.1741935483870967,0.1096774193548387,0.0580645161290322,0.032258064516129,0.1741935483870967,0.1548387096774193,0.0774193548387096,0.0,1.0,14,3,7.666666666666667,13,3.0,4.103896103896104,154,70,0.45454545454545453,5.640760748177662,3.5331559444497698,34.23183107697321,163,3,1,0,1,0,2.83609576427256,0.8266666666666694,1.0200000000000005,0.0436773511799931,0.0,0.6493506493506493,0.0,0.06493506493506493,2.563475673510578,0.8600936608421275,0.015626169741153717
train,audio_96.wav,3.0,False,True,True,0.0,0.0,0.0,1.3157894736842106,0.0,3.947368421052632,0.0,0.0,0.0,5.2631578947368425,5.2631578947368425,0.5,4,3,25.666666666666668,0.0,0.1948051948051948,0.1298701298701298,0.0779220779220779,0.0909090909090909,0.0649350649350649,0.1818181818181818,0.0649350649350649,0.1428571428571428,0.8571428571428571,0,3,5.333333333333333,7,1.3333333333333333,3.934210526315789,76,49,0.6447368421052632,5.620685479828762,3.347960127160904,28.44465095236025,94,7,1,3,0,1,2.0713162034609334,0.6085714285714288,1.2200000000000006,0.10047169811320757,3.7974683544303796,0.0,1.2658227848101267,0.06329113924050633,1.7532179316466932,0.9027225363858139,0.10624788701534271
train,audio_137.wav,2.5,False,True,True,2.197802197802198,0.0,1.098901098901099,2.197802197802198,0.0,2.197802197802198,0.0,0.0,0.0,7.6923076923076925,7.6923076923076925,0.5,7,4,22.75,0.0,0.1538461538461538,0.1208791208791208,0.0439560439560439,0.0989010989010989,0.1098901098901098,0.1868131868131868,0.0879120879120879,0.8461538461538461,0.1538461538461538,0,3,5.0,7,1.75,4.0989010989010985,91,61,0.6703296703296703,6.394537504003702,4.243702898121843,69.66533847214608,99,2,1,0,1,0,2.3237997957099084,2.02,3.76,0.09351851851851853,0.0,1.098901098901099,0.0,0.07692307692307693,2.0195295162006213,0.8697089028882456,0.15194140374660492
train,audio_150.wav,2.5,False,True,True,0.8771929824561403,0.0,1.7543859649122806,0.0,0.0,2.631578947368421,0.8771929824561403,0.0,0.0,6.140350877192983,5.2631578947368425,0.6666666666666666,6,9,12.666666666666666,0.0,0.2105263157894736,0.1842105263157894,0.0350877192982456,0.0614035087719298,0.0614035087719298,0.1491228070175438,0.0350877192982456,0.0,1.0,0,1,3.6666666666666665,6,0.6666666666666666,3.991228070175439,114,48,0.42105263157894735,4.495611895592131,3.4510929020306538,31.534837970907024,131,8,3,0,0,1,2.4945295404814,1.2850000000000004,3.759999999999998,0.18363701321900683,0.0,0.0,0.8771929824561403,0.09649122807017543,1.9445960698689955,0.8195916361976088,0.10160374641418457
train,audio_339.wav,5.0,False,True,True,0.0,0.0,0.0,0.0,0.0,0.9523809523809524,0.0,0.0,0.0,0.9523809523809524,0.9523809523809524,0.2,1,4,27.25,0.0,0.2568807339449541,0.1009174311926605,0.073394495412844,0.073394495412844,0.1009174311926605,0.073394495412844,0.0825688073394495,0.0,1.0,2,2,6.75,12,2.0,4.371428571428571,105,69,0.6571428571428571,6.733710503344879,4.245346195441632,69.7799134507337,121,9,3,3,1,0,2.1060842433697347,0.9444444444444446,2.6400000000000006,0.14218802275008366,2.7777777777777777,0.9259259259259259,0.0,0.05555555555555555,1.797762160643782,0.8955266114186358,0.1785133332014084
train,audio_409.wav,5.0,False,True,True,0.0,0.0,0.0,0.8333333333333334,0.0,0.0,0.8333333333333334,0.0,0.0,1.6666666666666667,0.8333333333333334,0.1666666666666666,1,9,13.666666666666666,0.0,0.1788617886178861,0.1544715447154471,0.032520325203252,0.089430894308943,0.08130081300813,0.1463414634146341,0.089430894308943,0.0,1.0,0,1,4.0,10,1.1111111111111112,3.7916666666666665,120,66,0.55,6.024948132556827,2.902251041296757,18.215102201668643,132,6,4,0,1,0,2.5839793281653747,1.8433333333333337,3.460000000000001,0.19234782608695655,0.0,0.8333333333333334,0.0,0.008333333333333333,2.0096463022508035,0.9547754170993964,0.4651935398578644
train,audio_78.wav,2.0,False,True,True,0.0,0.0,0.9615384615384616,0.9615384615384616,0.9615384615384616,4.807692307692308,0.9615384615384616,0.0,0.0,8.653846153846153,7.6923076923076925,1.0,8,2,52.5,0.0,0.1809523809523809,0.1142857142857142,0.0666666666666666,0.0476190476190476,0.1238095238095238,0.1809523809523809,0.0476190476190476,0.1111111111111111,0.8888888888888888,1,4,8.0,11,7.5,3.8365384615384617,104,52,0.5,5.099019513592785,4.022361158288043,55.83278034548776,115,4,0,3,0,1,2.608483666504144,0.39999999999999925,0.4800000000000004,0.03754106053496004,2.803738317757009,0.0,0.9345794392523364,0.09345794392523364,2.374611628939192,0.8486319066625889,0.08179371803998947
train,audio_244.wav,3.5,False,True,True,0.0,0.0,1.96078431372549,3.92156862745098,0.0,0.9803921568627452,0.9803921568627452,0.0,0.0,7.84313725490196,6.862745098039215,1.0,7,2,51.0,0.0,0.1666666666666666,0.1470588235294117,0.0490196078431372,0.1078431372549019,0.0392156862745098,0.1862745098039215,0.0980392156862745,0.0,1.0,0,2,8.5,12,3.5,3.872549019607843,102,62,0.6078431372549019,6.138914766455381,3.771530826534845,43.44652304520247,113,7,0,0,0,0,1.8194791295041026,0.5714285714285717,0.8599999999999999,0.06660006660006662,0.0,0.0,0.0,0.058823529411764705,1.6977363515312918,0.89393049390877,0.23711931705474854
train,audio_752.wav,4.0,False,True,True,1.2048192771084338,0.0,0.0,1.2048192771084338,0.0,2.409638554216868,0.0,0.0,0.0,4.819277108433735,4.819277108433735,0.75,4,4,21.25,0.0,0.1764705882352941,0.0941176470588235,0.0941176470588235,0.1058823529411764,0.0470588235294117,0.1647058823529411,0.0470588235294117,0.8,0.2,0,2,5.5,7,1.25,3.867469879518072,83,54,0.6506024096385542,5.927270039443279,3.24802981140793,25.73957810529389,93,4,1,0,0,0,2.2347872913301017,0.75,1.0,0.07473841554559042,0.0,0.0,0.0,0.012048192771084338,1.9317909069089163,0.9521800135991659,0.35677671432495117
train,audio_508.wav,3.0,False,True,True,0.8771929824561403,0.0,0.0,0.0,0.0,1.7543859649122806,0.0,0.0,0.0,2.631578947368421,2.631578947368421,0.375,3,10,11.4,0.0,0.1842105263157894,0.1403508771929824,0.087719298245614,0.0263157894736842,0.087719298245614,0.2017543859649122,0.0701754385964912,0.5,0.5,2,4,4.0,6,0.9,3.780701754385965,114,60,0.5263157894736842,5.619514869490164,3.2311043739318848,25.307590586868145,128,8,2,0,0,0,2.301170771094065,1.0424999999999998,3.1799999999999997,0.1440912232204561,0.0,0.0,0.0,0.06140350877192982,1.8976378362351032,0.9033014209646928,0.06471473723649979
train,audio_664.wav,2.5,False,True,True,2.6666666666666665,0.0,1.3333333333333333,0.0,0.0,1.3333333333333333,1.3333333333333333,0.0,0.0,6.666666666666667,5.333333333333333,1.0,4,2,39.0,0.0,0.1538461538461538,0.0897435897435897,0.1153846153846153,0.1025641025641025,0.0897435897435897,0.1538461538461538,0.0769230769230769,0.6666666666666666,0.3333333333333333,0,3,6.0,8,4.5,4.173333333333333,75,43,0.5733333333333334,4.965212315030781,3.891568206077398,48.98764904722562,86,6,1,3,0,1,1.5755883526126844,1.113333333333334,3.78,0.11756423794438582,3.7974683544303796,0.0,1.2658227848101267,0.06329113924050633,1.3150297286190626,0.8743316544620674,0.02773137576878071
train,audio_701.wav,2.5,False,True,True,0.0,0.0,1.1764705882352942,1.1764705882352942,0.0,0.0,1.1764705882352942,0.0,0.0,3.5294117647058822,2.3529411764705883,0.75,2,5,17.6,0.4,0.2840909090909091,0.1022727272727272,0.0795454545454545,0.0568181818181818,0.0681818181818181,0.1022727272727272,0.0795454545454545,0.0,1.0,1,3,5.6,7,1.0,4.117647058823529,85,56,0.6588235294117647,6.074052818922373,3.754674275716146,42.720302504133926,108,12,4,1,1,1,1.9742883379247014,1.1066666666666667,3.0,0.23363828289936664,1.1627906976744187,1.1627906976744187,1.1627906976744187,0.1511627906976744,1.4315513501422708,0.7798666601437468,0.020501527935266495
train,audio_5044.wav,0.0,True,True,True,0.0,0.0,0.0,0.0,0.0,0.0,0.0,0.0,0.0,0.0,0.0,0.0,0,1,35.0,0.0,0.1142857142857142,0.1142857142857142,0.0857142857142857,0.0857142857142857,0.0857142857142857,0.2571428571428571,0.0571428571428571,0.3333333333333333,0.6666666666666666,0,3,7.0,7,3.0,3.636363636363636,32,28,0.875,4.949747468305833,2.692453808254666,14.767869015718778,36,1,0,0,0,0,1.9024970273483948,0.3000000000000007,0.3000000000000007,0.01752336448598135,0.0,0.0,0.0,0.0,1.3262599469496021,0.9356017308309674,0.6276893615722656
train,audio_734.wav,4.5,False,True,True,0.0,0.0,0.0,0.0,0.0,1.639344262295082,0.819672131147541,0.0,0.0,2.459016393442623,1.639344262295082,0.3333333333333333,2,5,24.8,0.0,0.1774193548387097,0.2016129032258064,0.0564516129032258,0.0161290322580645,0.0967741935483871,0.2338709677419354,0.0564516129032258,0.0,1.0,0,3,5.6,9,2.6,3.950819672131148,122,59,0.48360655737704916,5.341609016508593,3.220554896763393,25.04201205814252,133,6,1,0,0,0,2.495908346972177,0.6233333333333334,1.2400000000000002,0.07107563664006082,0.0,0.0,0.0,0.03278688524590164,2.030805403690198,0.9330085541625492,0.15950824320316315
train,audio_51.wav,3.0,False,True,True,1.2658227848101269,0.0,0.0,0.0,0.0,0.0,0.0,0.0,0.0,1.2658227848101269,1.2658227848101269,0.1428571428571428,1,7,11.428571428571429,0.0,0.1875,0.075,0.0875,0.15,0.125,0.15,0.0375,0.75,0.25,2,3,3.857142857142857,7,0.4285714285714285,4.291139240506329,79,48,0.6075949367088608,5.400421924444915,3.029199973824098,20.680680883331128,97,12,2,0,0,1,2.4458204334365328,0.7166666666666667,1.259999999999998,0.21026894865525672,0.0,0.0,1.2658227848101267,0.012658227848101266,1.7584203153192632,0.9457809140410605,0.214817076921463
train,audio_704.wav,2.0,False,True,True,0.0,1.7857142857142858,0.0,1.7857142857142858,0.0,7.142857142857143,0.0,0.0,0.0,10.714285714285714,10.714285714285714,0.3333333333333333,6,2,28.0,0.0,0.3035714285714285,0.1785714285714285,0.0178571428571428,0.0892857142857142,0.0,0.1071428571428571,0.0535714285714285,0.0,1.0,0,1,8.5,12,1.0,4.571428571428571,56,48,0.8571428571428571,6.4142698058981855,4.971997822800728,144.31491518889774,73,14,5,1,0,0,1.5921787709497208,1.2585714285714285,4.5,0.32983901160614,1.7543859649122806,0.0,0.0,0.24561403508771928,0.9488189181175516,0.7459515932898381,0.13996154069900513
train,audio_129.wav,3.5,False,True,True,0.0,0.0,1.1764705882352942,0.0,0.0,2.3529411764705883,0.0,0.0,0.0,3.5294117647058822,3.5294117647058822,0.4,3,5,17.0,0.0,0.3294117647058823,0.1764705882352941,0.0470588235294117,0.0352941176470588,0.0117647058823529,0.0352941176470588,0.0588235294117647,0.0,1.0,0,2,5.0,6,1.8,5.0,85,60,0.7058823529411765,6.507913734559685,3.5981093897964014,36.52910681549552,99,7,0,0,0,0,2.1705822267620016,0.7228571428571423,0.9000000000000004,0.11442786069651732,0.0,0.0,0.0,0.023529411764705882,1.8863737239236573,0.9405680828234728,0.37137657403945923
train,audio_107.wav,4.0,False,True,True,0.0,0.0,0.0,0.0,0.0,1.7699115044247788,0.0,0.8849557522123894,0.0,2.6548672566371683,1.7699115044247788,0.3333333333333333,2,8,14.625,0.125,0.3418803418803419,0.094017094017094,0.0512820512820512,0.017094017094017,0.0598290598290598,0.1025641025641025,0.0769230769230769,0.0,1.0,0,2,4.75,12,0.5,4.241071428571429,113,65,0.5752212389380531,6.114685644493382,3.8547842843191966,47.21843008678946,140,8,0,0,0,1,2.9189733266230498,0.4274999999999991,0.620000000000001,0.07924003707136221,0.0,0.0,0.8620689655172413,0.034482758620689655,2.5743453173546382,0.9012536133671629,0.23285944759845734
train,audio_143.wav,5.0,False,True,True,0.0,0.0,0.9009009009009008,0.9009009009009008,0.0,1.8018018018018016,0.0,0.9009009009009008,0.0,4.504504504504505,3.603603603603604,0.25,4,8,14.0,0.0,0.3125,0.1160714285714285,0.1160714285714285,0.0625,0.0446428571428571,0.0267857142857142,0.0446428571428571,0.0,1.0,0,2,5.125,8,0.75,4.603603603603603,111,82,0.7387387387387387,7.783095565170492,3.641081355168269,38.13304980888534,130,11,2,0,1,0,3.1144781144781146,0.6199999999999997,1.2200000000000024,0.16062176165803102,0.0,0.9009009009009009,0.0,0.0990990990990991,2.038941954445261,0.842895106275429,0.034051332622766495
train,audio_458.wav,3.0,False,True,True,0.0,0.0,1.3986013986013983,0.0,0.0,1.3986013986013983,0.0,0.0,0.0,2.797202797202797,2.797202797202797,0.4,4,10,14.3,0.0,0.2307692307692307,0.1608391608391608,0.0769230769230769,0.0489510489510489,0.0419580419580419,0.0979020979020979,0.0559440559440559,0.8461538461538461,0.1538461538461538,0,3,4.7,11,0.8,4.286713286713287,143,87,0.6083916083916084,7.275305487061689,3.0761352918162848,21.67447480268231,161,8,1,0,1,0,2.9903805938937684,0.6249999999999998,1.740000000000002,0.09466111321469137,0.0,0.6993006993006993,0.0,0.06293706293706294,2.490017619486564,0.8813384576138361,0.06806810200214386
train,audio_424.wav,3.0,False,True,True,0.9615384615384616,0.9615384615384616,0.0,0.0,0.0,3.8461538461538463,0.0,0.0,0.0,5.769230769230769,5.769230769230769,1.0,6,4,26.25,0.0,0.1809523809523809,0.1142857142857142,0.1047619047619047,0.0285714285714285,0.019047619047619,0.1809523809523809,0.1333333333333333,0.3,0.7,0,2,6.0,8,1.0,4.134615384615385,104,54,0.5192307692307693,5.2951356487309695,3.928487515230792,50.83003983914537,109,2,0,0,0,0,1.8340611353711793,0.6850000000000014,0.9100000000000037,0.023370863186625773,0.0,0.0,0.0,0.08571428571428572,1.7478243228481212,0.8424077695146912,0.021161619573831558
train,audio_563.wav,2.0,False,True,True,1.851851851851852,0.925925925925926,0.0,0.0,1.851851851851852,2.7777777777777777,2.7777777777777777,0.0,0.0,10.185185185185183,7.407407407407407,1.0,8,3,36.0,0.0,0.1944444444444444,0.0925925925925925,0.0833333333333333,0.0092592592592592,0.1111111111111111,0.1481481481481481,0.0833333333333333,0.4,0.6,4,5,6.666666666666667,8,1.6666666666666667,3.9134615384615374,108,54,0.5,5.196152422706632,4.42610364082532,83.60502624450719,117,4,2,1,1,1,2.0051508462104493,1.1950000000000003,2.2600000000000002,0.08082516063577953,0.9174311926605505,0.9174311926605505,0.9174311926605505,0.05504587155963303,1.816343130546538,0.840519651428822,0.0652960017323494
train,audio_625.wav,2.5,False,True,True,1.3333333333333333,0.0,2.6666666666666665,1.3333333333333333,0.0,1.3333333333333333,0.0,0.0,0.0,6.666666666666667,6.666666666666667,1.0,5,3,25.0,0.0,0.3066666666666666,0.16,0.0133333333333333,0.0533333333333333,0.0133333333333333,0.12,0.0666666666666666,0.0,1.0,1,2,5.333333333333333,8,2.6666666666666665,4.546666666666667,75,48,0.64,5.5425625842204065,4.495024948977353,89.5704036472411,89,10,4,0,1,3,1.6184721622788087,0.8859999999999996,1.6600000000000037,0.16050724637681152,0.0,1.3333333333333333,4.0,0.12,1.2484459448915153,0.7961021772523721,0.06162871792912483
train,audio_302.wav,5.0,False,True,True,0.0,0.0,0.0,0.0,0.0,0.0,0.0,0.0,0.0,0.0,0.0,0.0,0,4,24.0,0.0,0.1979166666666666,0.09375,0.1041666666666666,0.0625,0.0625,0.125,0.1041666666666666,0.1666666666666666,0.8333333333333334,0,2,6.5,9,2.0,4.105263157894737,95,52,0.5473684210526316,5.335087430842802,3.7443451752533785,42.28131130288116,111,8,4,1,3,1,2.371541501976285,1.2125000000000008,4.160000000000004,0.1933041052212038,1.0416666666666667,3.125,1.0416666666666667,0.03125,1.5980108094611394,0.9084263564188101,0.0006605605012737215
train,audio_154.wav,3.0,False,True,True,0.0,0.0,0.0,1.098901098901099,0.0,4.395604395604396,1.098901098901099,1.098901098901099,0.0,7.6923076923076925,5.494505494505495,0.75,5,4,23.0,0.0,0.2282608695652173,0.1304347826086956,0.0869565217391304,0.0652173913043478,0.0760869565217391,0.0869565217391304,0.108695652173913,0.0,1.0,0,2,5.25,6,0.75,4.252747252747253,91,59,0.6483516483516484,6.1848805366593185,3.894514954205856,49.13221620726692,103,10,1,1,1,0,1.7926734216679663,0.5960000000000008,1.2199999999999998,0.10405027932960907,1.0869565217391304,1.0869565217391304,0.0,0.10869565217391304,1.531427025733592,0.8379695694083753,0.04245802015066147
train,audio_754.wav,4.0,False,True,True,0.0,1.2048192771084338,0.0,0.0,0.0,1.2048192771084338,0.0,0.0,0.0,2.409638554216868,2.409638554216868,0.3333333333333333,2,2,42.0,0.0,0.1904761904761904,0.119047619047619,0.0952380952380952,0.0595238095238095,0.0952380952380952,0.1547619047619047,0.0714285714285714,0.0,1.0,0,2,6.0,8,1.0,4.325301204819277,83,53,0.6385542168674698,5.8175057794535885,3.69619390015961,40.29365047789741,93,7,2,0,0,0,2.173913043478261,0.6742857142857152,1.120000000000001,0.11002331002331017,0.0,0.0,0.0,0.024096385542168676,1.7962257617728532,0.9324480230549732,0.406906396150589
train,audio_749.wav,3.0,False,True,True,0.0,0.0,0.0,1.3157894736842106,0.0,1.3157894736842106,1.3157894736842106,0.0,0.0,3.947368421052632,2.631578947368421,0.6666666666666666,2,2,38.0,0.0,0.3289473684210526,0.0526315789473684,0.0,0.0263157894736842,0.1184210526315789,0.0789473684210526,0.0394736842105263,0.0,1.0,0,1,6.5,8,2.0,3.9210526315789473,76,41,0.5394736842105263,4.703022544346516,3.872722459876019,48.07308513402285,92,14,2,4,0,0,1.7921146953405014,0.6657142857142853,1.4600000000000009,0.1727205337286878,5.0,0.0,0.0,0.1,1.3316756745509495,0.8183514885604382,0.020120617002248764
train,audio_366.wav,5.0,False,True,True,0.0,0.6622516556291391,0.0,0.6622516556291391,0.0,2.6490066225165565,0.0,0.0,0.0,3.9735099337748334,3.9735099337748334,0.5714285714285714,6,6,26.0,0.0,0.1794871794871795,0.1474358974358974,0.0769230769230769,0.0384615384615384,0.0769230769230769,0.1282051282051282,0.0897435897435897,0.2727272727272727,0.7272727272727273,2,3,6.666666666666667,11,1.6666666666666667,3.867549668874173,151,81,0.5364238410596026,6.5916865160463916,2.546491033380682,12.762242836810763,165,5,3,1,0,0,3.2632030914555608,2.12,6.759999999999998,0.18537950332284017,0.6578947368421053,0.0,0.0,0.07894736842105263,2.5301837816468042,0.9145750540194154,0.00043471207027323544
train,audio_693.wav,3.0,False,True,True,0.0,0.0,0.0,0.0,0.0,3.125,0.0,0.0,0.0,3.125,3.125,0.6666666666666666,2,3,21.33333333333333,0.3333333333333333,0.34375,0.109375,0.0625,0.0,0.046875,0.03125,0.078125,0.0,1.0,0,1,5.333333333333333,8,1.6666666666666667,5.046875,64,50,0.78125,6.25,5.134141005478896,169.71847000566706,77,5,1,0,0,0,3.567447045707915,0.6000000000000002,1.3800000000000008,0.1432664756446992,0.0,0.0,0.0,0.25,2.5684952981987923,0.7029096774058416,0.1066480278968811
train,audio_608.wav,5.0,False,True,True,0.0,0.0,0.0,0.0,0.0,0.0,0.9090909090909092,1.818181818181818,0.0,2.727272727272727,0.0,0.4,0,6,19.5,0.0,0.1623931623931624,0.1282051282051282,0.094017094017094,0.0598290598290598,0.0683760683760683,0.2051282051282051,0.1111111111111111,0.125,0.875,0,3,5.166666666666667,8,1.3333333333333333,4.074074074074074,110,70,0.6363636363636364,6.674238124719146,3.2482115730406744,25.744256998245195,126,4,2,0,1,0,2.8409090909090904,1.0849999999999977,1.5,0.10078959591267979,0.0,0.9090909090909091,0.0,0.03636363636363636,2.4027270952531126,0.9492049974474039,0.23749764263629913
train,audio_220.wav,4.0,False,True,True,0.0,0.0,0.0,0.684931506849315,0.0,0.684931506849315,0.684931506849315,0.0,0.0,2.054794520547945,1.36986301369863,0.5,2,8,18.625,0.25,0.1476510067114094,0.1610738255033557,0.1006711409395973,0.0671140939597315,0.0604026845637583,0.1812080536912751,0.046979865771812,0.0833333333333333,0.9166666666666666,0,3,4.375,12,1.5,3.9246575342465753,146,92,0.6301369863013698,7.613974175141785,3.2207645256362274,25.04726213716863,167,10,3,0,0,0,2.927024859663192,0.8480000000000004,2.1799999999999997,0.14530500342700486,0.0,0.0,0.0,0.03424657534246575,2.43030557763453,0.9328471714094894,0.2547292709350586
train,audio_761.wav,4.0,False,True,True,0.0,0.0,0.0,0.0,0.0,1.818181818181818,0.0,0.0,0.0,1.818181818181818,1.818181818181818,0.1666666666666666,2,6,19.666666666666668,0.0,0.2288135593220339,0.1610169491525423,0.059322033898305,0.0423728813559322,0.059322033898305,0.1186440677966101,0.059322033898305,0.0666666666666666,0.9333333333333332,0,2,4.666666666666667,6,1.8333333333333333,4.163636363636364,110,71,0.6454545454545455,6.769584383643705,3.657663981119792,38.77066799102524,132,13,5,0,0,0,2.391304347826088,0.863076923076924,2.220000000000006,0.19608528486543186,0.0,0.0,0.0,0.1,1.8310540525075556,0.888994498567825,0.06756074726581573
train,audio_640.wav,3.0,False,True,True,0.0,0.0,1.1494252873563218,2.2988505747126435,0.0,1.1494252873563218,0.0,0.0,0.0,4.597701149425287,4.597701149425287,0.4,4,5,17.4,0.0,0.2183908045977011,0.1724137931034483,0.0344827586206896,0.0114942528735632,0.1149425287356321,0.0919540229885057,0.1034482758620689,0.0,1.0,5,2,5.8,8,1.6,4.367816091954023,87,49,0.5632183908045977,5.253351420705195,3.1795791314572703,24.03663515934561,98,10,4,2,0,0,2.328623757195186,1.5100000000000005,4.580000000000005,0.2831957989497375,2.247191011235955,0.0,0.0,0.07865168539325842,1.4814891879379313,0.8583043914712086,0.003073235275223851
train,audio_67.wav,4.0,False,True,True,0.0,0.0,0.8333333333333334,0.8333333333333334,0.0,0.8333333333333334,0.0,0.0,0.0,2.5,2.5,0.25,3,8,15.0,0.0,0.225,0.125,0.0916666666666666,0.0916666666666666,0.0416666666666666,0.1333333333333333,0.0666666666666666,0.9375,0.0625,0,2,4.375,7,1.0,4.158333333333333,120,65,0.5416666666666666,5.9336610396393,3.008573924396055,20.25848917849501,141,12,1,0,1,1,2.3300970873786406,0.5383333333333329,1.0,0.11145617667356789,0.0,0.8333333333333334,0.8333333333333334,0.03333333333333333,1.9980019980019978,0.9224711403250694,0.2358914017677307
train,audio_299.wav,4.0,False,True,True,0.0,0.0,2.752293577981652,0.0,0.0,0.9174311926605504,0.0,0.0,0.0,3.669724770642202,3.669724770642202,0.3076923076923077,4,13,8.615384615384615,0.0,0.2053571428571428,0.1071428571428571,0.1071428571428571,0.125,0.1071428571428571,0.1517857142857142,0.0357142857142857,0.2352941176470588,0.7647058823529411,0,2,2.6923076923076925,4,0.3846153846153846,4.26605504587156,109,63,0.5779816513761468,6.034305596893254,3.247153759002685,25.717038760250013,128,9,2,0,5,0,2.2082658022690436,0.7400000000000002,1.6199999999999992,0.11888611210282045,0.0,4.587155963302752,0.0,0.03669724770642202,1.8144081065756688,0.9254148564207445,0.3177682161331177
train,audio_102.wav,2.0,False,True,True,2.380952380952381,1.1904761904761905,0.0,0.0,0.0,2.380952380952381,0.0,0.0,0.0,5.9523809523809526,5.9523809523809526,0.5714285714285714,5,7,13.571428571428571,0.0,0.2105263157894736,0.1789473684210526,0.0421052631578947,0.0631578947368421,0.0736842105263157,0.1789473684210526,0.0631578947368421,0.1428571428571428,0.8571428571428571,1,4,4.428571428571429,10,1.2857142857142858,4.238095238095238,84,45,0.5357142857142857,4.909902530309829,3.133596884237753,22.95640274340488,111,13,2,1,1,0,2.3889825744800453,0.7276923076923076,1.4200000000000017,0.2100355239786856,1.1764705882352942,1.1764705882352942,0.0,0.03529411764705882,1.8863737239236573,0.9003987110712949,0.21700666844844818
train,audio_258.wav,3.5,False,True,True,1.6129032258064515,0.0,0.0,0.0,0.0,3.225806451612903,0.0,0.0,0.0,4.838709677419355,4.838709677419355,0.4,3,5,12.6,0.0,0.1904761904761904,0.1587301587301587,0.0793650793650793,0.1428571428571428,0.0634920634920634,0.1428571428571428,0.0634920634920634,0.0,1.0,0,2,4.8,7,0.6,4.516129032258065,62,47,0.7580645161290323,5.969005969008953,3.603767796566612,36.73638925192456,76,9,1,0,2,0,1.526341703594288,0.9444444444444431,3.819999999999993,0.17304560260586294,0.0,3.225806451612903,0.0,0.04838709677419355,1.0319573901464714,0.8871407495230758,0.1585945039987564
train,audio_679.wav,4.5,False,True,True,0.0,0.0,0.0,0.8547008547008547,0.0,2.5641025641025643,0.8547008547008547,0.8547008547008547,0.0,5.128205128205129,3.418803418803418,0.4444444444444444,4,8,14.75,0.125,0.2711864406779661,0.0932203389830508,0.059322033898305,0.1016949152542373,0.059322033898305,0.0847457627118644,0.0338983050847457,0.0,1.0,0,2,4.625,12,0.5,4.188034188034188,117,79,0.6752136752136753,7.303552583632183,4.215379835008742,67.71988336891106,143,15,2,6,1,1,2.6809067131647772,0.6986666666666663,3.0799999999999983,0.18594748048261167,4.878048780487805,0.8130081300813008,0.8130081300813008,0.08943089430894309,2.0474513496220847,0.8890931634762422,0.1346748024225235
train,audio_82.wav,4.0,False,True,True,0.0,1.36986301369863,0.0,0.0,0.0,1.36986301369863,0.0,0.0,0.0,2.73972602739726,2.73972602739726,0.4,2,5,14.6,0.0,0.3972602739726027,0.1232876712328767,0.1506849315068493,0.0410958904109589,0.0273972602739726,0.0273972602739726,0.0684931506849315,0.0,1.0,0,1,6.0,9,0.4,5.671232876712328,73,66,0.9041095890410958,7.724715714944618,3.8139474969161182,45.32902233144236,95,10,4,0,0,0,2.434956637758506,0.7899999999999998,1.3999999999999986,0.2085533262935586,0.0,0.0,0.0,0.0684931506849315,1.6200621393697292,0.8871081442865607,0.1306033730506897
train,audio_325.wav,5.0,False,True,True,0.0,0.0,0.0,0.9009009009009008,0.0,2.702702702702702,0.0,0.0,0.0,3.603603603603604,3.603603603603604,1.0,4,3,38.66666666666666,0.0,0.2068965517241379,0.1206896551724138,0.0603448275862069,0.1724137931034483,0.0344827586206896,0.1120689655172413,0.0603448275862069,0.0,1.0,0,1,6.0,8,2.333333333333333,4.216216216216216,111,68,0.6126126126126126,6.454274371116994,3.758005701509633,42.862859348730325,133,8,1,1,2,0,2.217821782178218,0.6175,1.5399999999999991,0.08910533910533912,0.8928571428571429,1.7857142857142858,0.0,0.08928571428571429,1.9322775535554662,0.8780257394869945,0.014557413756847382
train,audio_399.wav,3.0,False,True,True,0.0,0.0,0.0,0.0,0.7751937984496124,1.550387596899225,0.0,0.0,0.0,2.3255813953488373,2.3255813953488373,0.4285714285714285,3,7,18.571428571428573,0.0,0.2076923076923077,0.1153846153846153,0.1153846153846153,0.0769230769230769,0.0538461538461538,0.1461538461538461,0.0769230769230769,0.3125,0.6875,0,3,4.714285714285714,8,1.7142857142857142,3.604651162790698,129,62,0.4806201550387597,5.458795619218868,3.916666006113028,50.232689805691145,154,12,1,5,0,3,2.6703866082104426,0.6216666666666665,1.980000000000004,0.12942401110340038,3.7313432835820897,0.0,2.2388059701492535,0.11194029850746269,2.2305567548728407,0.8350168143524163,0.03344952315092087
train,audio_285.wav,4.0,False,True,True,0.0,0.0,0.0,2.1739130434782608,0.0,0.0,0.0,0.0,0.0,2.1739130434782608,2.1739130434782608,0.3333333333333333,1,3,15.333333333333334,0.0,0.1521739130434782,0.217391304347826,0.0652173913043478,0.0652173913043478,0.0434782608695652,0.1304347826086956,0.0652173913043478,0.0,1.0,0,2,5.0,6,1.0,4.652173913043479,46,40,0.8695652173913043,5.897678246195885,3.883120069316789,48.57553792511683,51,4,1,0,0,0,3.248587570621469,0.6150000000000004,1.0600000000000005,0.1480144404332131,0.0,0.0,0.0,0.0,2.077312138728324,0.9700965563888135,0.5314032435417175
train,audio_784.wav,4.5,False,True,True,0.0,0.0,0.0,1.1904761904761905,0.0,1.1904761904761905,1.1904761904761905,0.0,0.0,3.571428571428572,2.380952380952381,0.2857142857142857,2,7,12.0,0.0,0.2261904761904762,0.1785714285714285,0.1309523809523809,0.0238095238095238,0.0119047619047619,0.1309523809523809,0.0357142857142857,0.0,1.0,0,1,4.571428571428571,12,0.8571428571428571,4.845238095238095,84,55,0.6547619047619048,6.000991981489791,3.8022270981146367,44.80084935752896,98,9,2,2,0,1,1.5931826602445351,0.7333333333333333,1.5600000000000023,0.10894684714427204,2.3255813953488373,0.0,1.1627906976744187,0.011627906976744186,1.4187907283675658,0.9295545949261317,0.4859018623828888
train,audio_0.wav,3.0,False,True,True,1.1363636363636365,1.1363636363636365,0.0,2.272727272727273,1.1363636363636365,1.1363636363636365,1.1363636363636365,0.0,0.0,7.954545454545454,6.818181818181818,0.75,6,4,22.25,0.0,0.1573033707865168,0.1797752808988764,0.0112359550561797,0.0337078651685393,0.0449438202247191,0.2359550561797752,0.0561797752808988,0.75,0.25,0,3,5.75,8,1.25,3.409090909090909,88,46,0.5227272727272727,4.90361647617904,3.151858038651316,23.37946419750048,95,4,0,0,0,1,2.484472049689441,0.5949999999999989,0.7999999999999989,0.06296296296296285,0.0,0.0,1.1363636363636365,0.03409090909090909,1.9529516200621393,0.9379357753152197,0.4434601366519928
train,audio_435.wav,3.5,False,True,True,0.0,0.7142857142857143,0.0,1.4285714285714286,0.0,4.285714285714286,0.0,0.7142857142857143,0.0,7.142857142857143,6.428571428571429,0.8,9,3,46.66666666666666,0.0,0.2857142857142857,0.1,0.0285714285714285,0.0357142857142857,0.0642857142857142,0.1428571428571428,0.0928571428571428,0.0,1.0,0,2,8.666666666666666,12,2.0,4.014285714285714,140,69,0.4928571428571429,5.831564357626764,3.685131508231963,39.85036275603128,149,3,0,3,0,0,2.5114155251141552,0.4133333333333334,0.5600000000000005,0.021313166036438642,2.097902097902098,0.0,0.0,0.09090909090909091,2.3429299937023518,0.8699217356376715,0.01824222505092621
train,audio_91.wav,5.0,False,True,True,1.1904761904761905,1.1904761904761905,0.0,0.0,0.0,0.0,0.0,0.0,0.0,2.380952380952381,2.380952380952381,0.5,2,4,21.0,0.0,0.25,0.1547619047619047,0.0833333333333333,0.0357142857142857,0.0714285714285714,0.1071428571428571,0.0595238095238095,0.0,1.0,0,2,5.0,7,1.25,5.154761904761905,84,67,0.7976190476190477,7.310299322905745,4.157578874342512,63.9165850300036,101,10,0,0,0,0,2.1298174442190665,0.5519999999999994,0.7999999999999989,0.12277580071174364,0.0,0.0,0.0,0.03571428571428571,1.8641810918774966,0.9162616358389929,0.18684183061122894
train,audio_109.wav,2.0,False,True,True,0.0,0.0,1.2345679012345678,2.469135802469136,0.0,3.703703703703704,1.2345679012345678,0.0,0.0,8.641975308641975,7.407407407407407,0.75,6,4,20.25,0.0,0.2345679012345679,0.1481481481481481,0.074074074074074,0.037037037037037,0.1111111111111111,0.1481481481481481,0.0493827160493827,0.125,0.875,3,4,4.25,5,1.25,4.493827160493828,81,44,0.5432098765432098,4.888888888888889,4.126286097935268,61.94742850020626,98,11,2,3,1,1,2.7202072538860103,1.1327272727272726,6.52,0.28749423165666815,3.5714285714285716,1.1904761904761905,1.1904761904761905,0.07142857142857142,1.8641810918774966,0.8725411214289212,0.05181474983692169
train,audio_772.wav,3.0,False,True,True,1.8867924528301887,0.0,0.0,0.0,0.0,0.0,0.0,0.0,0.0,1.8867924528301887,1.8867924528301887,0.25,1,4,13.5,0.25,0.2407407407407407,0.1296296296296296,0.074074074074074,0.037037037037037,0.0555555555555555,0.1296296296296296,0.0555555555555555,0.4,0.6,0,3,4.25,6,0.5,3.547169811320755,53,36,0.6792452830188679,4.944980302152805,3.05634217343088,21.24968716108744,59,3,3,0,0,0,2.16326530612245,4.440000000000002,7.060000000000002,0.35219460602855657,0.0,0.0,0.0,0.018867924528301886,0.8822351343900041,0.9007534418641677,0.007052750326693058
train,audio_270.wav,3.5,False,True,True,0.0,0.0,0.8264462809917356,0.0,0.0,2.479338842975207,4.132231404958677,0.0,0.0,7.43801652892562,3.3057851239669422,1.0,4,2,64.0,0.0,0.1640625,0.0859375,0.0625,0.09375,0.125,0.171875,0.078125,0.6923076923076923,0.3076923076923077,2,5,7.0,9,5.5,3.8181818181818175,121,63,0.5206611570247934,5.7272727272727275,3.4163646429357395,30.45848603760304,142,12,7,5,2,3,2.776553547818422,0.935,1.7400000000000002,0.19823321554770318,3.9682539682539684,1.5873015873015872,2.380952380952381,0.14285714285714285,2.097203728362184,0.8094228109019617,0.06140119209885597
train,audio_528.wav,2.5,False,True,True,0.0,0.0,0.7575757575757576,0.7575757575757576,0.7575757575757576,3.787878787878788,0.7575757575757576,0.0,0.0,6.818181818181818,6.0606060606060606,0.7142857142857143,8,5,27.2,0.0,0.2794117647058823,0.0808823529411764,0.0220588235294117,0.0808823529411764,0.1102941176470588,0.0441176470588235,0.0735294117647058,0.2222222222222222,0.7777777777777778,7,4,4.6,7,0.6,4.305343511450381,132,65,0.49242424242424243,5.65752381856018,4.026451978854791,56.06165004488627,167,12,2,0,3,4,2.874527906000839,0.7049999999999996,1.3000000000000007,0.15074839629365638,0.0,2.18978102189781,2.9197080291970803,0.072992700729927,2.280494592668501,0.8486378987630208,0.07111119478940964
train,audio_441.wav,2.0,False,True,True,0.9803921568627452,0.9803921568627452,0.9803921568627452,0.0,1.96078431372549,1.96078431372549,0.9803921568627452,0.0,0.0,7.84313725490196,6.862745098039215,1.0,7,2,51.0,0.0,0.3039215686274509,0.1470588235294117,0.0392156862745098,0.0196078431372549,0.0588235294117647,0.088235294117647,0.0686274509803921,0.125,0.875,0,2,12.0,12,3.0,3.774509803921569,102,48,0.47058823529411764,4.752708206288037,4.325733345095851,75.62094878234431,119,9,0,7,1,1,2.1091331269349847,0.6133333333333326,0.9399999999999995,0.09650349650349639,6.422018348623853,0.9174311926605505,0.9174311926605505,0.2018348623853211,1.8144081065756688,0.71964203405681,0.040230222046375275
train,audio_381.wav,5.0,False,True,True,0.8064516129032258,0.0,0.0,0.0,0.0,1.6129032258064515,0.8064516129032258,0.8064516129032258,0.0,4.032258064516129,2.419354838709677,0.5,3,3,43.333333333333336,0.0,0.2153846153846154,0.1538461538461538,0.0461538461538461,0.0615384615384615,0.023076923076923,0.1384615384615384,0.0769230769230769,0.0,1.0,0,1,7.0,10,2.333333333333333,3.612903225806452,124,68,0.5483870967741935,6.106580268910347,3.2591024862753377,26.02616781412704,148,6,2,0,3,1,2.410575427682737,1.2299999999999995,3.639999999999997,0.12546752805168304,0.0,2.4193548387096775,0.8064516129032258,0.06451612903225806,2.0619006691823794,0.8747873133704346,0.0071556782349944115
train,audio_86.wav,2.0,False,True,True,0.0,0.0,1.3157894736842106,0.0,0.0,3.947368421052632,0.0,0.0,0.0,5.2631578947368425,5.2631578947368425,0.6666666666666666,4,2,39.5,0.0,0.2531645569620253,0.1645569620253164,0.050632911392405,0.0379746835443038,0.050632911392405,0.1772151898734177,0.050632911392405,0.2222222222222222,0.7777777777777778,1,4,6.0,7,4.5,4.197368421052632,76,43,0.5657894736842105,4.932438278217077,3.4821605009191177,32.529927146994964,85,3,0,1,1,1,1.7733763242745277,0.5399999999999999,0.9000000000000004,0.035968028419182944,1.2987012987012987,1.2987012987012987,1.2987012987012987,0.06493506493506493,1.708832667554372,0.9232748692685907,0.17049770057201385
train,audio_101.wav,4.0,False,True,True,0.99009900990099,2.9702970297029703,0.99009900990099,0.0,0.0,0.99009900990099,0.99009900990099,0.99009900990099,0.0,7.920792079207921,5.9405940594059405,0.4615384615384615,6,13,7.923076923076923,0.0769230769230769,0.2524271844660194,0.1262135922330097,0.0679611650485436,0.0485436893203883,0.0776699029126213,0.1844660194174757,0.0388349514563106,0.0,1.0,0,1,2.8461538461538463,9,0.3846153846153846,3.96039603960396,101,49,0.48514851485148514,4.875682232028947,3.091968071169969,22.02037301921653,123,18,4,0,0,0,3.2083862770012708,0.7433333333333333,1.3399999999999999,0.29826125724476144,0.0,0.0,0.0,0.009900990099009901,2.241455836662228,0.9402222807454591,0.29738640785217285
train,audio_333.wav,4.5,False,True,True,0.0,0.0,0.0,1.0526315789473684,0.0,0.0,0.0,0.0,0.0,1.0526315789473684,1.0526315789473684,0.2,1,5,19.6,0.0,0.1632653061224489,0.1122448979591836,0.0612244897959183,0.1020408163265306,0.1224489795918367,0.1530612244897959,0.0612244897959183,0.125,0.875,1,5,4.6,7,1.2,4.3052631578947365,95,60,0.631578947368421,6.155870112510925,3.389031001499721,29.637219930155005,112,8,2,1,2,1,1.7790956263899185,0.7249999999999994,1.259999999999998,0.09705488621151265,1.0416666666666667,2.0833333333333335,1.0416666666666667,0.052083333333333336,1.5980108094611394,0.8921284011254708,0.2258140742778778
train,audio_149.wav,2.5,False,True,True,0.8849557522123894,0.0,1.7699115044247788,0.0,0.8849557522123894,1.7699115044247788,0.0,0.0,0.0,5.3097345132743365,5.3097345132743365,0.625,6,9,12.555555555555555,0.1111111111111111,0.2831858407079646,0.0973451327433628,0.0530973451327433,0.0973451327433628,0.0884955752212389,0.1415929203539823,0.0884955752212389,0.25,0.75,0,3,3.4444444444444446,7,0.3333333333333333,4.061946902654867,113,53,0.4690265486725664,4.985820602433066,3.9281179668098094,50.81125914858536,151,9,1,0,3,1,2.22353404171586,0.7377777777777785,2.480000000000004,0.11555864949530117,0.0,2.6548672566371683,0.8849557522123894,0.19469026548672566,1.898521505376344,0.76366002807575,0.030978091061115265
train,audio_719.wav,3.0,False,True,True,0.0,0.0,0.7874015748031497,0.7874015748031497,0.0,4.724409448818897,0.7874015748031497,0.7874015748031497,0.0,7.874015748031496,6.299212598425197,1.0,8,2,64.0,0.0,0.2265625,0.1328125,0.0546875,0.0859375,0.0390625,0.15625,0.0390625,0.0625,0.9375,0,2,10.5,15,8.0,3.9133858267716537,127,71,0.5590551181102362,6.300231216854408,3.846990021181778,46.851827771153424,142,6,0,0,2,2,2.350111028867506,0.6733333333333339,0.96,0.0695592286501378,0.0,1.5748031496062993,1.5748031496062993,0.07086614173228346,2.1162897025633973,0.8683002109485348,0.17127744853496552
train,audio_638.wav,3.0,False,True,True,0.0,0.0,0.970873786407767,0.0,0.0,0.970873786407767,0.0,0.0,0.0,1.941747572815534,1.941747572815534,0.5,2,3,34.333333333333336,0.0,0.1941747572815534,0.1359223300970873,0.029126213592233,0.087378640776699,0.087378640776699,0.174757281553398,0.0776699029126213,0.0,1.0,1,3,6.0,11,4.0,4.116504854368932,103,62,0.6019417475728155,6.109041524618617,3.708175794213219,40.77934871054945,113,8,2,0,2,0,2.3645546372819104,1.2275000000000011,2.9200000000000017,0.18396403147246176,0.0,1.941747572815534,0.0,0.0970873786407767,1.7145324309843475,0.8373744771318529,0.08297953009605408
train,audio_147.wav,3.0,False,True,True,0.0,1.9047619047619049,0.0,1.9047619047619049,0.0,0.9523809523809524,0.0,0.0,0.0,4.761904761904762,4.761904761904762,0.5555555555555556,5,9,11.77777777777778,0.0,0.1886792452830188,0.2075471698113207,0.0188679245283018,0.0660377358490566,0.0377358490566037,0.1792452830188679,0.0660377358490566,0.0,1.0,0,1,3.6666666666666665,9,0.7777777777777778,4.266666666666667,105,53,0.5047619047619047,5.172270386627226,3.298938569568453,27.083876008243653,126,8,2,0,0,0,2.564102564102564,1.2012499999999995,4.210000000000001,0.19007120253164547,0.0,0.0,0.0,0.08571428571428572,1.7476697736351532,0.8517464094218754,0.19589641690254211
train,audio_62.wav,4.0,False,True,True,0.0,0.0,0.0,0.0,0.0,0.0,1.2658227848101269,0.0,0.0,1.2658227848101269,0.0,0.3333333333333333,0,3,26.666666666666668,0.0,0.2,0.1625,0.075,0.0875,0.0375,0.1625,0.0625,0.6153846153846154,0.3846153846153846,0,2,6.666666666666667,7,2.333333333333333,3.974683544303797,79,58,0.7341772151898734,6.525509825370939,3.939569887907609,51.39649029378028,92,4,0,0,0,0,2.0214943705220074,0.6450000000000031,0.8000000000000114,0.06192990878540598,0.0,0.0,0.0,0.05063291139240506,1.7962710322874036,0.9074754671268324,0.2336612194776535
train,audio_763.wav,5.0,False,True,True,0.0,0.0,0.0,0.0,0.0,0.819672131147541,0.819672131147541,0.0,0.0,1.639344262295082,0.819672131147541,0.3333333333333333,1,5,24.6,0.0,0.1788617886178861,0.2032520325203252,0.056910569105691,0.048780487804878,0.073170731707317,0.1056910569105691,0.08130081300813,0.0,1.0,0,2,6.6,11,1.6,4.565573770491803,122,76,0.6229508196721312,6.880716699231408,3.0977008876515857,22.14697432087573,134,8,3,0,2,0,2.3255813953488373,0.7549999999999999,1.0600000000000023,0.10324786324786324,0.0,1.639344262295082,0.0,0.03278688524590164,2.0276895972875497,0.9549102729461232,0.13090747594833374
train,audio_498.wav,2.0,False,True,True,0.0,1.96078431372549,0.0,3.92156862745098,0.0,3.92156862745098,0.0,0.0,0.0,9.803921568627452,9.803921568627452,0.6666666666666666,5,3,17.0,0.0,0.3137254901960784,0.1372549019607843,0.0392156862745098,0.0,0.0588235294117647,0.0980392156862745,0.0588235294117647,0.0,1.0,0,1,4.333333333333333,5,1.6666666666666667,4.647058823529412,51,39,0.7647058823529411,5.461092327709238,4.275715146745954,71.93156254277234,56,5,4,1,1,1,1.6445287792536376,3.680000000000002,12.739999999999998,0.36785285885645763,1.9230769230769231,1.9230769230769231,1.9230769230769231,0.17307692307692307,0.8655891884581172,0.7499035965078152,0.007566869258880615
train,audio_1.wav,3.5,False,True,True,0.0,0.9345794392523364,0.9345794392523364,0.0,0.0,0.9345794392523364,0.0,0.0,0.0,2.803738317757009,2.803738317757009,0.6,3,6,18.166666666666668,0.0,0.1926605504587156,0.1559633027522936,0.018348623853211,0.0825688073394495,0.036697247706422,0.1651376146788991,0.1009174311926605,0.0,1.0,1,2,3.8333333333333335,6,1.3333333333333333,3.6728971962616814,107,66,0.616822429906542,6.380460827701379,3.9848142530097337,53.77529995003971,122,7,0,2,0,0,2.6611328124999996,0.46857142857142825,0.759999999999998,0.07414104882459308,1.834862385321101,0.0,0.0,0.08256880733944955,2.4189968930315136,0.8744046589650145,0.06534208357334137
train,audio_304.wav,5.0,False,True,True,1.818181818181818,0.0,0.0,0.0,0.0,0.9090909090909092,0.0,0.0,0.0,2.727272727272727,2.727272727272727,0.4,3,5,22.4,0.0,0.2410714285714285,0.1696428571428571,0.0535714285714285,0.0803571428571428,0.0714285714285714,0.1428571428571428,0.0892857142857142,0.3333333333333333,0.6666666666666666,1,4,6.2,9,1.8,4.527272727272727,110,78,0.7090909090909091,7.43700819611562,3.8227930068969727,45.73175923158904,128,8,1,0,0,0,2.0912547528517114,0.6600000000000004,1.0600000000000023,0.09122322045611617,0.0,0.0,0.0,0.02727272727272727,1.8310540525075556,0.9286118985577063,0.0761672854423523
train,audio_347.wav,5.0,False,True,True,0.0,0.0,0.0,1.0526315789473684,0.0,0.0,1.0526315789473684,0.0,0.0,2.1052631578947367,1.0526315789473684,0.6666666666666666,1,3,32.333333333333336,0.0,0.1237113402061855,0.1752577319587628,0.0309278350515463,0.0412371134020618,0.0927835051546391,0.1855670103092783,0.1546391752577319,0.8461538461538461,0.1538461538461538,0,3,6.0,7,3.0,3.768421052631579,95,51,0.5368421052631579,5.232489595634286,3.370343803179146,29.08852606659144,101,2,1,0,0,1,1.7586079229914848,1.08,1.480000000000004,0.03844784620861517,0.0,0.0,1.0526315789473684,0.042105263157894736,1.5813648635292525,0.9240972123647991,0.22983711957931519
train,audio_560.wav,4.0,False,True,True,0.0,0.0,0.0,0.0,0.0,0.9615384615384616,0.0,0.0,0.0,0.9615384615384616,0.9615384615384616,0.1666666666666666,1,6,17.333333333333332,0.0,0.2884615384615384,0.1538461538461538,0.0865384615384615,0.0192307692307692,0.0576923076923076,0.0769230769230769,0.0865384615384615,0.0,1.0,0,1,6.166666666666667,10,0.5,5.346153846153846,104,73,0.7019230769230769,7.158238932543718,3.689485437729779,40.02424669044032,119,9,1,0,0,0,2.0194174757281553,0.6577777777777779,1.5399999999999991,0.10309996516893069,0.0,0.0,0.0,0.08653846153846154,1.7311783769162343,0.8694798857725871,0.017778785899281502
train,audio_452.wav,3.5,False,True,True,2.542372881355932,0.0,2.542372881355932,0.847457627118644,0.0,4.237288135593221,1.694915254237288,0.0,0.0,11.864406779661016,10.169491525423728,1.0,12,4,29.5,0.0,0.1525423728813559,0.1694915254237288,0.059322033898305,0.0762711864406779,0.0508474576271186,0.1525423728813559,0.135593220338983,0.2666666666666666,0.7333333333333333,0,2,7.5,12,1.25,3.8728813559322033,118,53,0.4491525423728814,4.879045474861114,3.79508154296875,44.48186344084762,125,1,0,0,2,0,2.1755162241887906,0.35999999999999943,0.35999999999999943,0.006593406593406584,0.0,1.694915254237288,0.0,0.11864406779661017,1.9333268479501924,0.8100082979742753,0.03558022528886795
train,audio_716.wav,4.5,False,True,True,0.0,0.9090909090909092,0.0,0.0,0.0,0.9090909090909092,0.9090909090909092,0.0,0.0,2.727272727272727,1.818181818181818,0.2857142857142857,2,6,19.166666666666668,0.0,0.1652173913043478,0.0956521739130434,0.0869565217391304,0.1478260869565217,0.0608695652173913,0.1652173913043478,0.0782608695652174,0.0,1.0,0,2,4.5,8,0.8333333333333334,4.227272727272728,110,71,0.6454545454545455,6.769584383643705,3.734320438269413,41.85956973380158,132,11,0,0,1,0,2.0608986260675826,0.5309090909090906,0.9400000000000013,0.09782244556113896,0.0,0.9009009009009009,0.0,0.05405405405405406,1.8476999984394424,0.8968693014603477,0.12239440530538559
train,audio_473.wav,2.0,False,True,True,3.225806451612903,0.0,0.0,1.075268817204301,1.075268817204301,2.150537634408602,0.0,0.0,0.0,7.526881720430108,7.526881720430108,0.5,7,4,23.5,0.0,0.2127659574468085,0.0851063829787234,0.0957446808510638,0.0744680851063829,0.0425531914893617,0.1382978723404255,0.0851063829787234,0.5833333333333334,0.4166666666666667,0,2,4.25,7,1.0,3.954022988505747,93,54,0.5806451612903226,5.599539151544296,4.179238918608269,65.31612340609033,113,8,4,1,1,0,1.9261006289308173,0.9299999999999988,1.5399999999999956,0.12757201646090519,1.0204081632653061,1.0204081632653061,0.0,0.336734693877551,1.6056443313484647,0.6547756252278175,0.010533267632126808
train,audio_95.wav,4.0,False,True,True,2.0408163265306123,1.020408163265306,0.0,1.020408163265306,0.0,0.0,0.0,0.0,0.0,4.081632653061225,4.081632653061225,0.5,4,6,16.333333333333332,0.0,0.2857142857142857,0.1122448979591836,0.1122448979591836,0.010204081632653,0.0612244897959183,0.0714285714285714,0.0510204081632653,0.8,0.2,0,2,5.0,8,1.1666666666666667,4.673469387755102,98,70,0.7142857142857143,7.0710678118654755,3.0659893488479875,21.45567864106133,118,11,1,0,0,0,2.7699265121537597,0.7981818181818184,2.599999999999998,0.19882246376811602,0.0,0.0,0.0,0.02040816326530612,2.174877940523746,0.928860104661815,0.40524664521217346
train,audio_732.wav,4.0,False,True,True,0.0,0.0,0.0,0.0,0.0,3.4482758620689653,0.0,0.0,0.0,3.4482758620689653,3.4482758620689653,0.5,4,4,30.5,0.0,0.1475409836065573,0.1311475409836065,0.0573770491803278,0.0983606557377049,0.1147540983606557,0.1885245901639344,0.0491803278688524,0.0,1.0,5,3,6.0,9,3.25,3.460869565217392,116,61,0.5258620689655172,5.663707814400082,3.095372517903646,22.09546796205177,132,9,3,2,3,2,2.4349979364424272,0.7422222222222227,1.3000000000000007,0.12114617337685898,1.694915254237288,2.542372881355932,1.694915254237288,0.06779661016949153,1.9642216199626505,0.8783512529680284,0.073776975274086
train,audio_292.wav,5.0,False,True,True,0.0,0.0,0.0,1.3888888888888888,0.0,2.083333333333333,0.6944444444444444,2.7777777777777777,0.0,6.944444444444445,3.4722222222222223,0.6,5,4,37.0,0.0,0.1081081081081081,0.1554054054054054,0.081081081081081,0.0608108108108108,0.081081081081081,0.2027027027027027,0.0743243243243243,0.0,1.0,0,1,10.25,14,4.25,3.8333333333333335,144,71,0.4930555555555556,5.916666666666667,2.80320778871194,16.49748242087552,156,5,2,0,2,0,2.935181410517735,0.800000000000006,1.1400000000000148,0.07538635506973294,0.0,1.3888888888888888,0.0,0.020833333333333332,2.399572576134876,0.93968226943441,0.22238686680793762
train,audio_469.wav,2.5,False,True,True,0.0,0.819672131147541,0.0,0.819672131147541,0.0,2.459016393442623,0.819672131147541,1.639344262295082,0.0,6.557377049180328,4.098360655737705,0.8,5,3,40.66666666666666,0.0,0.2131147540983606,0.081967213114754,0.1311475409836065,0.081967213114754,0.0573770491803278,0.1475409836065573,0.1065573770491803,0.2142857142857142,0.7857142857142857,0,2,6.0,9,1.3333333333333333,4.081967213114754,122,54,0.4426229508196721,4.8889302862960005,4.2729034423828125,71.7295963222317,132,2,0,1,0,1,2.2138228941684663,0.33999999999999986,0.3999999999999986,0.012091038406827875,0.8130081300813008,0.0,0.8130081300813008,0.17073170731707318,2.0474513496220847,0.7893179266393023,0.03608541935682297
train,audio_329.wav,2.0,False,True,True,0.0,0.9523809523809524,0.0,0.9523809523809524,0.9523809523809524,3.809523809523809,0.9523809523809524,0.0,0.0,7.619047619047619,6.666666666666667,0.6666666666666666,7,3,35.333333333333336,0.0,0.2169811320754717,0.1415094339622641,0.0566037735849056,0.0660377358490566,0.0377358490566037,0.1792452830188679,0.0754716981132075,0.0,1.0,0,2,6.0,8,2.333333333333333,3.914285714285714,105,60,0.5714285714285714,5.855400437691199,3.9422052317652208,51.53211635093314,116,5,2,0,1,0,2.004581901489118,0.9319999999999997,1.4199999999999982,0.0816970546984572,0.0,0.9523809523809523,0.0,0.08571428571428572,1.7478243228481212,0.8594260212920961,0.08523891866207123
train,audio_169.wav,2.0,False,True,True,0.0,2.061855670103093,0.0,0.0,0.0,2.061855670103093,1.0309278350515465,1.0309278350515465,0.0,6.185567010309279,4.123711340206185,0.4,4,4,24.75,0.0,0.1919191919191919,0.1212121212121212,0.0808080808080808,0.0303030303030303,0.0909090909090909,0.1616161616161616,0.0808080808080808,0.3333333333333333,0.6666666666666666,0,2,5.5,10,2.0,4.11340206185567,97,61,0.6288659793814433,6.193611607315077,3.838401591883296,46.45116714632236,113,13,4,0,0,0,2.086021505376344,0.8138461538461537,2.219999999999999,0.185353889278206,0.0,0.0,0.0,0.15463917525773196,1.614513981358189,0.7805398331628632,0.07055506855249405
train,audio_174.wav,2.5,False,True,True,0.0,0.7575757575757576,0.0,0.0,0.7575757575757576,2.272727272727273,0.7575757575757576,0.0,0.7575757575757576,5.303030303030303,3.787878787878788,0.8333333333333334,5,8,16.625,0.0,0.225563909774436,0.0676691729323308,0.0526315789473684,0.037593984962406,0.0676691729323308,0.2180451127819548,0.1203007518796992,0.4444444444444444,0.5555555555555556,0,2,4.25,11,1.0,4.121212121212121,132,64,0.48484848484848486,5.570484990582331,4.241265237742457,69.49572485092777,145,7,0,0,2,0,2.487749717301169,0.6800000000000018,0.9800000000000004,0.08232445520581136,0.0,1.5151515151515151,0.0,0.07575757575757576,2.1972648630090665,0.8371240009807728,0.02969023957848549
train,audio_513.wav,2.5,False,True,True,3.571428571428572,1.7857142857142858,0.0,0.0,0.0,3.571428571428572,1.7857142857142858,0.0,0.0,10.714285714285714,8.928571428571429,0.3333333333333333,5,2,28.0,0.0,0.2678571428571428,0.125,0.0892857142857142,0.0178571428571428,0.0892857142857142,0.125,0.0892857142857142,0.2,0.8,0,3,5.5,7,1.0,4.535714285714286,56,35,0.625,4.677071733467427,4.319857197423136,75.17789192876049,62,4,3,5,0,1,1.5002459419576981,2.2700000000000014,6.480000000000004,0.1825492561318859,8.19672131147541,0.0,1.639344262295082,0.09836065573770492,1.015402701845099,0.8480262626878551,0.02284647524356842
train,audio_584.wav,3.0,False,True,True,0.0,0.0,0.0,0.0,0.0,4.424778761061947,0.0,0.0,0.0,4.424778761061947,4.424778761061947,0.3333333333333333,5,5,23.0,0.0,0.1913043478260869,0.0782608695652174,0.1217391304347826,0.0260869565217391,0.0782608695652174,0.1913043478260869,0.0869565217391304,0.1,0.9,0,2,6.2,8,1.2,3.787610619469026,113,54,0.4778761061946903,5.079892689271425,3.470042407028074,32.13810529738928,123,4,2,0,0,0,2.1491061240015217,1.2450000000000006,2.200000000000003,0.08651841556636558,0.0,0.0,0.0,0.05309734513274336,1.8809918903032161,0.895168741192438,0.37337881326675415
train,audio_345.wav,5.0,False,True,True,0.0,0.0,0.0,0.0,0.7874015748031497,0.7874015748031497,0.7874015748031497,0.0,0.0,2.3622047244094486,1.5748031496062993,0.2,2,6,22.0,0.0,0.0757575757575757,0.1363636363636363,0.0757575757575757,0.1363636363636363,0.1363636363636363,0.2272727272727272,0.0833333333333333,0.5,0.5,0,4,5.166666666666667,8,2.1666666666666665,3.8125,127,82,0.6456692913385826,7.276323377212133,3.346844179410461,28.412925913153263,141,7,2,2,0,0,2.4941995359628772,0.7599999999999996,1.4799999999999969,0.09326788218793823,1.550387596899225,0.0,0.0,0.07751937984496124,2.1473270252134062,0.9015790147740558,0.017517302185297012
train,audio_750.wav,4.0,False,True,True,0.0,0.0,0.0,0.0,0.0,1.0309278350515465,0.0,0.0,0.0,1.0309278350515465,1.0309278350515465,0.2,1,6,16.5,0.0,0.1616161616161616,0.1414141414141414,0.0707070707070707,0.0808080808080808,0.0505050505050505,0.1616161616161616,0.1313131313131313,0.125,0.875,0,2,3.8333333333333335,6,0.6666666666666666,3.9587628865979374,97,57,0.5876288659793815,5.787473141261629,3.0352439536704674,20.806052993402307,111,6,1,0,0,0,1.7804698972099853,0.6333333333333324,1.4399999999999995,0.06520247083047348,0.0,0.0,0.0,0.020618556701030927,1.6146567553930262,0.9377791620406908,0.21207216382026672
train,audio_116.wav,3.0,False,True,True,0.0,2.0202020202020203,0.0,0.0,0.0,2.0202020202020203,0.0,0.0,0.0,4.040404040404041,4.040404040404041,0.75,4,3,33.0,0.0,0.2626262626262626,0.1313131313131313,0.0707070707070707,0.0606060606060606,0.0909090909090909,0.1212121212121212,0.0505050505050505,0.0,1.0,2,2,5.333333333333333,9,2.6666666666666665,4.424242424242424,99,60,0.6060606060606061,6.030226891555272,3.91542731391059,50.170505486088366,108,4,0,2,2,0,2.449078564500485,0.5850000000000004,0.7800000000000002,0.05369435520881142,1.9801980198019802,1.9801980198019802,0.0,0.04950495049504951,2.241455836662228,0.8838489838682189,0.06015726551413536
train,audio_114.wav,2.5,False,True,True,1.1235955056179776,2.247191011235955,0.0,0.0,0.0,6.741573033707865,2.247191011235955,2.247191011235955,0.0,14.606741573033707,10.112359550561798,0.7142857142857143,9,7,13.285714285714286,0.0,0.2688172043010752,0.0967741935483871,0.064516129032258,0.010752688172043,0.086021505376344,0.1182795698924731,0.064516129032258,0.0909090909090909,0.9090909090909092,0,3,4.142857142857143,7,0.2857142857142857,4.719101123595506,89,48,0.5393258426966292,5.087989824030529,3.531297084263393,34.16825799411943,105,7,1,5,1,0,2.465897166841553,0.6285714285714284,1.5599999999999987,0.10348071495766697,5.319148936170213,1.0638297872340425,0.0,0.05319148936170213,2.088888888888889,0.8913671749978676,0.00012479683209676296
train,audio_157.wav,3.0,False,True,True,0.0,0.0,2.0202020202020203,1.0101010101010102,0.0,6.0606060606060606,1.0101010101010102,0.0,1.0101010101010102,11.11111111111111,9.090909090909092,1.0,9,2,49.5,0.0,0.2828282828282828,0.1111111111111111,0.1111111111111111,0.0404040404040404,0.0303030303030303,0.1111111111111111,0.1111111111111111,0.0,1.0,0,1,7.0,12,4.5,4.303030303030303,99,62,0.6262626262626263,6.231234454607115,4.554149962308114,95.0259452595034,114,7,0,0,3,0,1.7761033369214208,0.6885714285714285,0.9600000000000009,0.0795904887714663,0.0,3.0303030303030303,0.0,0.1111111111111111,1.6218872870249017,0.8266097362896409,0.040675219148397446
train,audio_385.wav,4.5,False,True,True,1.7543859649122806,0.0,0.8771929824561403,0.0,0.0,0.0,0.0,0.0,0.0,2.631578947368421,2.631578947368421,0.375,3,10,12.0,0.0,0.2333333333333333,0.1166666666666666,0.1166666666666666,0.075,0.075,0.1416666666666666,0.05,0.0,1.0,0,1,3.1,6,0.5,4.4298245614035086,114,81,0.7105263157894737,7.586345073811721,3.345373352961753,28.371166148446587,134,11,3,2,2,0,2.3424878836833605,0.8218181818181822,1.6199999999999974,0.1543715846994536,1.7241379310344827,1.7241379310344827,0.0,0.08620689655172414,1.9309297280988769,0.8846516446263968,0.24207395315170288
train,audio_264.wav,2.5,False,True,True,1.7543859649122806,1.7543859649122806,0.0,1.7543859649122806,0.0,3.508771929824561,1.7543859649122806,0.0,0.0,10.526315789473683,8.771929824561404,1.0,5,2,29.5,0.0,0.1864406779661017,0.1864406779661017,0.0338983050847457,0.0508474576271186,0.0508474576271186,0.1864406779661017,0.135593220338983,0.2,0.8,0,2,6.5,9,4.5,3.526315789473684,57,47,0.8245614035087719,6.225302078205706,4.602422714233398,99.72562990916067,64,4,1,0,0,0,1.6351118760757313,0.9249999999999989,1.8599999999999994,0.09595435684647291,0.0,0.0,0.0,0.15789473684210525,0.9487350199733688,0.7797413931407949,0.03099106438457966
train,audio_390.wav,5.0,False,True,True,0.0,0.0,0.0,0.0,0.0,0.0,1.5151515151515151,0.0,0.0,1.5151515151515151,0.0,0.1428571428571428,0,7,19.857142857142858,0.0,0.1654676258992805,0.1294964028776978,0.0287769784172661,0.1007194244604316,0.1007194244604316,0.1870503597122302,0.079136690647482,0.125,0.875,0,4,5.142857142857143,7,1.2857142857142858,4.303030303030303,132,84,0.6363636363636364,7.311261550139309,3.056790278508113,21.2592113875617,156,14,3,6,1,0,2.7901334411645773,0.6499999999999996,1.8200000000000003,0.1553961748633879,4.3478260869565215,0.7246376811594203,0.0,0.050724637681159424,2.297140538600388,0.9287383480189854,0.0021025531459599733
train,audio_766.wav,4.5,False,True,True,0.0,0.0,0.0,0.0,0.0,3.09278350515464,0.0,0.0,0.0,3.09278350515464,3.09278350515464,0.5,3,3,33.666666666666664,0.0,0.1782178217821782,0.1287128712871287,0.0693069306930693,0.0693069306930693,0.0495049504950495,0.2079207920792079,0.099009900990099,0.0769230769230769,0.9230769230769232,0,2,5.666666666666667,7,2.333333333333333,3.701030927835052,97,53,0.5463917525773195,5.381334675208182,3.33591545952691,28.10409961658589,108,10,2,4,1,0,1.9505600617999228,0.68,1.08,0.11608057357459886,3.9603960396039604,0.9900990099009901,0.0,0.04950495049504951,1.6812405391205738,0.8919864860178884,0.004505906719714403
train,audio_571.wav,2.0,False,True,True,0.0,0.0,0.0,0.0,0.0,0.0,1.2820512820512822,1.2820512820512822,0.0,2.5641025641025643,0.0,0.4,0,5,15.8,0.0,0.2531645569620253,0.0632911392405063,0.0886075949367088,0.0886075949367088,0.0886075949367088,0.0759493670886076,0.0632911392405063,0.1,0.9,0,2,4.2,8,0.6,4.448717948717949,78,40,0.5128205128205128,4.529108136578382,3.5553672860521788,35.000672866164535,109,5,3,0,1,0,2.0755721128259714,1.8200000000000007,3.0,0.19494430162810633,0.0,1.2820512820512822,0.0,0.10256410256410256,1.5773289299567372,0.8170404026969376,0.09026452898979187
train,audio_393.wav,4.5,False,True,True,0.0,0.0,0.0,0.0,0.0,2.5,0.0,0.0,0.0,2.5,2.5,0.25,3,11,11.090909090909092,0.0909090909090909,0.1229508196721311,0.1639344262295081,0.0655737704918032,0.0573770491803278,0.0983606557377049,0.2377049180327868,0.1147540983606557,0.0666666666666666,0.9333333333333332,4,3,3.272727272727273,6,0.8181818181818182,3.85,120,63,0.525,5.751086853804244,3.335031150875235,28.079257903637103,133,9,5,3,0,1,2.7260638297872344,1.0777777777777782,2.259999999999998,0.17694272163444003,2.4390243902439024,0.0,0.8130081300813008,0.016260162601626018,2.049634908781873,0.923463016172977,0.035001445561647415
train,audio_691.wav,4.0,False,True,True,0.0,0.0,0.8547008547008547,0.8547008547008547,0.0,2.5641025641025643,0.0,0.0,0.0,4.273504273504273,4.273504273504273,0.4285714285714285,5,7,17.428571428571427,0.0,0.1885245901639344,0.1311475409836065,0.0983606557377049,0.0655737704918032,0.0655737704918032,0.1393442622950819,0.0901639344262295,0.0909090909090909,0.9090909090909092,0,3,4.857142857142857,7,0.5714285714285714,4.094017094017094,117,77,0.6581196581196581,7.118652518223773,3.4895289324331973,32.77050694672663,138,10,1,0,0,0,3.8160469667318977,0.6539999999999999,1.0399999999999991,0.1758064516129032,0.0,0.0,0.0,0.1794871794871795,2.980640168902943,0.7991190737861599,0.029838623479008675
test,audio_128.wav,,False,False,True,1.020408163265306,0.0,0.0,0.0,1.020408163265306,0.0,1.020408163265306,1.020408163265306,0.0,4.081632653061225,2.0408163265306123,0.5,2,3,34.0,0.0,0.1568627450980392,0.1078431372549019,0.0784313725490196,0.0392156862745098,0.0490196078431372,0.1862745098039215,0.0980392156862745,0.6363636363636364,0.3636363636363636,0,2,6.666666666666667,9,3.0,3.846938775510204,98,48,0.4897959183673469,4.848732213850612,3.242748363597973,25.60399422164425,111,5,1,0,1,0,2.5037556334501754,0.6760000000000002,1.2800000000000011,0.07802400738688829,0.0,1.0,0.0,0.01,2.2192632046160674,0.9239034748077393,0.4385116994380951
test,audio_156.wav,,False,False,True,0.0,0.0,1.4285714285714286,0.0,0.0,1.4285714285714286,1.4285714285714286,0.0,0.0,4.285714285714286,2.857142857142857,0.5,2,4,17.5,0.0,0.2714285714285714,0.1285714285714285,0.0714285714285714,0.0571428571428571,0.0285714285714285,0.1142857142857142,0.1,0.0,1.0,0,1,5.25,7,1.0,5.628571428571429,70,57,0.8142857142857143,6.812803073206044,3.835921438116776,46.33610385547332,76,3,1,0,0,0,2.2208121827411165,0.6866666666666656,1.1999999999999993,0.06134603930911248,0.0,0.0,0.0,0.05714285714285714,1.5566170819267027,0.877260203233787,0.03784751519560814
test,audio_19.wav,,False,False,True,0.0,0.0,0.970873786407767,0.0,0.0,0.0,0.0,0.0,0.0,0.970873786407767,0.970873786407767,0.1428571428571428,1,7,15.285714285714286,0.0,0.1588785046728972,0.1121495327102803,0.0841121495327102,0.1121495327102803,0.102803738317757,0.1962616822429906,0.0747663551401869,0.0,1.0,0,1,4.571428571428571,8,0.8571428571428571,4.475728155339806,103,68,0.6601941747572816,6.700239091517194,2.8972371419270835,18.12400208647472,135,12,0,0,1,0,2.727754237288136,0.5266666666666667,0.9000000000000021,0.14337568058076225,0.0,0.970873786407767,0.0,0.009708737864077669,2.288278681240558,0.9546097988642536,0.4310339093208313
test,audio_108.wav,,False,False,True,1.639344262295082,1.639344262295082,0.0,3.278688524590164,0.0,8.19672131147541,0.0,0.0,0.0,14.754098360655735,14.754098360655735,0.5,9,3,21.0,0.0,0.2063492063492063,0.1587301587301587,0.0634920634920634,0.0317460317460317,0.0952380952380952,0.1904761904761904,0.1428571428571428,0.0,1.0,0,1,5.333333333333333,8,1.3333333333333333,4.491803278688525,61,43,0.7049180327868853,5.505585837114527,4.641730643607475,103.72370110025946,74,7,2,2,0,1,1.4826642335766425,1.3057142857142858,4.219999999999999,0.17251793129482826,3.076923076923077,0.0,1.5384615384615385,0.15384615384615385,1.102068497795863,0.7758073820732534,0.0042741610668599606
test,audio_206.wav,,False,False,True,1.0869565217391304,0.0,0.0,0.0,1.0869565217391304,2.1739130434782608,1.0869565217391304,0.0,0.0,5.434782608695652,4.3478260869565215,0.75,4,5,18.6,0.0,0.1935483870967742,0.0967741935483871,0.043010752688172,0.075268817204301,0.064516129032258,0.1397849462365591,0.1182795698924731,0.7272727272727273,0.2727272727272727,0,4,4.2,5,0.6,3.7065217391304346,92,54,0.5869565217391305,5.629889179541019,3.656213684082031,38.71447976074651,100,3,0,0,0,1,2.325581395348837,0.7199999999999994,0.7599999999999998,0.05177372962607858,0.0,0.0,1.0869565217391304,0.06521739130434782,2.0426287744227354,0.891647992817604,0.09834370762109756
test,audio_161.wav,,False,False,True,0.0,3.809523809523809,1.9047619047619049,0.0,0.9523809523809524,0.9523809523809524,1.9047619047619049,0.0,0.0,9.523809523809524,7.619047619047619,1.0,8,3,35.0,0.0,0.2285714285714285,0.0857142857142857,0.1428571428571428,0.0666666666666666,0.0857142857142857,0.0761904761904762,0.0857142857142857,0.0909090909090909,0.9090909090909092,1,3,7.333333333333333,11,3.0,4.761904761904762,105,67,0.638095238095238,6.538530488755173,4.520982173451206,91.92584077415128,114,2,0,0,0,1,2.464788732394366,0.5500000000000007,0.6600000000000001,0.02517162471395884,0.0,0.0,0.9523809523809523,0.1523809523809524,2.3302263648468706,0.7790239562768312,0.0213382039219141
test,audio_215.wav,,False,False,True,1.9230769230769231,0.0,0.9615384615384616,0.9615384615384616,0.0,1.9230769230769231,0.0,0.0,0.0,5.769230769230769,5.769230769230769,0.4444444444444444,6,9,11.555555555555555,0.0,0.25,0.0865384615384615,0.1538461538461538,0.048076923076923,0.0865384615384615,0.1153846153846153,0.1057692307692307,0.0,1.0,1,3,4.111111111111111,7,0.3333333333333333,4.336538461538462,104,65,0.625,6.373774391990981,3.953764884702621,52.131266040518895,124,11,1,0,0,0,2.9197080291970807,0.665454545454546,1.3399999999999999,0.1704704238472288,0.0,0.0,0.0,0.04807692307692308,2.31935771632471,0.8786366397562699,0.20866437256336212
test,audio_213.wav,,False,False,True,0.0,1.4705882352941178,0.0,1.4705882352941178,0.0,1.4705882352941178,0.0,0.0,0.0,4.411764705882353,4.411764705882353,0.5,3,4,17.0,0.0,0.2647058823529412,0.1176470588235294,0.0588235294117647,0.0588235294117647,0.0735294117647058,0.1323529411764706,0.1029411764705882,1.0,0.0,0,1,4.75,6,1.5,4.294117647058823,68,40,0.5882352941176471,4.85071250072666,3.571841320359564,35.582050823478525,83,5,1,1,0,0,1.7629024016351558,0.6519999999999996,1.4800000000000004,0.07688679245283014,1.4492753623188406,0.0,0.0,0.10144927536231885,1.5312916111850865,0.8487743920267554,0.0006223466480150819
test,audio_11.wav,,False,False,True,0.0,0.0,0.0,0.0,1.3157894736842106,0.0,0.0,0.0,0.0,1.3157894736842106,1.3157894736842106,0.1666666666666666,1,6,12.666666666666666,0.0,0.1052631578947368,0.0921052631578947,0.0789473684210526,0.131578947368421,0.1052631578947368,0.2631578947368421,0.0657894736842105,0.125,0.875,0,2,4.0,7,0.3333333333333333,3.736842105263158,76,44,0.5789473684210527,5.047146145152358,2.677507920698686,14.548791339235418,88,8,1,0,0,0,2.140845070422535,0.6375000000000004,1.1999999999999993,0.1256157635467981,0.0,0.0,0.0,0.02631578947368421,1.6866400355082112,0.9557773023843765,0.31590017676353455
test,audio_155.wav,,False,False,True,1.075268817204301,0.0,0.0,2.150537634408602,0.0,1.075268817204301,0.0,0.0,0.0,4.301075268817204,4.301075268817204,0.6,4,5,19.2,0.0,0.25,0.1145833333333333,0.0416666666666666,0.0625,0.0729166666666666,0.1145833333333333,0.0729166666666666,0.0,1.0,0,1,4.8,7,1.0,3.849462365591398,93,53,0.5698924731182796,5.495843982071254,3.1546338952105977,23.444452393771165,115,11,1,1,0,1,3.1586021505376345,0.5199999999999998,1.2200000000000024,0.16121758737316794,1.0638297872340425,0.0,1.0638297872340425,0.0851063829787234,2.09528241035493,0.8857380180480949,0.015597330406308174
test,audio_39.wav,,False,False,True,1.6,0.0,0.0,0.8,0.8,4.8,0.8,0.0,0.0,8.8,8.0,0.8,10,4,32.25,0.0,0.1705426356589147,0.1550387596899224,0.0775193798449612,0.0620155038759689,0.0465116279069767,0.2093023255813953,0.1085271317829457,0.0,1.0,0,2,6.5,10,2.75,3.84,125,66,0.528,5.903219460599445,4.135405441810345,62.51493210020621,145,0,0,1,0,1,2.097902097902098,0.0,0.0,0.0,0.7936507936507936,0.0,0.7936507936507936,0.07936507936507936,2.097203728362184,0.8704691759049498,0.0013597942888736725
test,audio_168.wav,,False,False,True,0.0,1.2820512820512822,0.0,0.0,0.0,1.2820512820512822,1.2820512820512822,0.0,0.0,3.8461538461538463,2.5641025641025643,0.6666666666666666,2,2,41.0,0.0,0.1951219512195122,0.1219512195121951,0.0365853658536585,0.024390243902439,0.1219512195121951,0.1585365853658536,0.0853658536585365,0.0,1.0,1,4,7.0,9,3.0,4.037974683544304,78,50,0.6410256410256411,5.661385170722978,3.165794009254092,23.70756058408032,84,3,1,0,1,0,1.911764705882353,0.873333333333334,1.38,0.06034085674804242,0.0,1.2820512820512822,0.0,0.05128205128205128,1.7310252996005326,0.9182872130320623,0.22428327798843384
test,audio_133.wav,,False,False,True,0.0,0.0,1.075268817204301,0.0,0.0,0.0,1.075268817204301,0.0,0.0,2.150537634408602,1.075268817204301,0.5,1,4,23.25,0.0,0.3333333333333333,0.1075268817204301,0.021505376344086,0.0967741935483871,0.053763440860215,0.1397849462365591,0.1075268817204301,0.5,0.5,0,3,4.5,5,0.25,4.440860215053763,93,50,0.5376344086021505,5.184758473652126,4.190519999682419,66.05713171855959,123,14,0,2,0,1,2.5212314225053074,0.45999999999999985,0.7200000000000006,0.14596554850407972,2.1052631578947367,0.0,1.0526315789473684,0.12631578947368421,2.108300044385264,0.7869664604465166,0.021460838615894318
test,audio_28.wav,,False,False,True,0.0,0.0,0.0,0.0,0.0,2.7777777777777777,0.0,0.0,0.0,2.7777777777777777,2.7777777777777777,0.5,1,2,18.0,0.0,0.1111111111111111,0.2777777777777778,0.0277777777777777,0.0555555555555555,0.0277777777777777,0.1944444444444444,0.1111111111111111,0.0,1.0,0,1,3.5,4,1.5,3.6666666666666665,36,25,0.6944444444444444,4.166666666666667,3.53138427734375,34.1712373596725,40,1,0,0,0,0,2.2871664548919948,0.7399999999999993,0.7399999999999993,0.04490291262135918,0.0,0.0,0.0,0.05555555555555555,1.9396551724137931,0.8814346475733651,0.2748901844024658
test,audio_40.wav,,False,False,True,2.542372881355932,0.0,0.0,1.694915254237288,0.0,1.694915254237288,0.847457627118644,0.0,0.0,6.779661016949152,5.932203389830509,0.75,7,6,21.0,0.1666666666666666,0.1746031746031746,0.1031746031746031,0.0952380952380952,0.0634920634920634,0.0634920634920634,0.1349206349206349,0.119047619047619,0.0714285714285714,0.9285714285714286,0,3,5.333333333333333,9,1.3333333333333333,3.547008547008547,118,64,0.5423728813559322,5.89167755454927,3.6704203287760415,39.268408033778286,144,11,0,1,0,0,2.3317036479879647,0.5345454545454537,0.8200000000000003,0.0995597697257025,0.8064516129032258,0.0,0.0,0.056451612903225805,2.0639147802929427,0.8926021156291808,0.07573281228542328
test,audio_181.wav,,False,False,True,0.0,0.925925925925926,0.0,2.7777777777777777,0.0,1.851851851851852,0.0,0.0,0.925925925925926,6.481481481481482,5.555555555555555,0.7777777777777778,6,9,12.11111111111111,0.0,0.2018348623853211,0.1376146788990825,0.036697247706422,0.0642201834862385,0.0091743119266055,0.1834862385321101,0.018348623853211,0.8571428571428571,0.1428571428571428,0,2,4.0,7,0.3333333333333333,4.444444444444445,108,65,0.6018518518518519,6.2546279162209455,3.716814878175585,41.13317107797168,139,12,2,0,1,0,3.3998752339363705,0.6866666666666678,1.8400000000000003,0.20446650124069513,0.0,0.9174311926605505,0.0,0.06422018348623854,2.4384787472035794,0.8550210726712275,0.03865169361233711
test,audio_201.wav,,False,False,True,0.0,0.0,0.0,0.9009009009009008,0.0,1.8018018018018016,0.0,0.0,0.0,2.702702702702702,2.702702702702702,0.2857142857142857,3,7,15.857142857142858,0.0,0.2162162162162162,0.1171171171171171,0.018018018018018,0.063063063063063,0.054054054054054,0.1441441441441441,0.09009009009009,0.8461538461538461,0.1538461538461538,0,3,4.285714285714286,6,0.7142857142857143,3.90990990990991,111,63,0.5675675675675675,5.979695373240744,3.3968864889705883,29.87095157605754,119,5,2,0,2,1,2.8115501519756845,0.8520000000000018,1.1600000000000001,0.09739368998628277,0.0,1.8018018018018018,0.9009009009009009,0.05405405405405406,2.4133221907421376,0.8989318845508335,0.3203476071357727
test,audio_182.wav,,False,False,True,0.0,0.0,0.0,0.0,0.0,0.9803921568627452,2.9411764705882355,0.0,0.0,3.92156862745098,0.9803921568627452,1.0,1,4,26.5,0.0,0.1415094339622641,0.160377358490566,0.0377358490566037,0.1132075471698113,0.0943396226415094,0.1509433962264151,0.1132075471698113,0.125,0.875,0,3,4.0,7,2.25,3.9607843137254894,102,57,0.5588235294117647,5.643840994967044,3.128835128525556,22.84734980928428,118,7,0,1,3,0,2.4987869966035907,0.4542857142857138,0.6199999999999997,0.07162162162162154,0.970873786407767,2.912621359223301,0.0,0.05825242718446602,2.285841100754549,0.8969944156344655,0.09285060316324234
test,audio_126.wav,,False,False,True,0.0,0.0,0.0,0.0,0.0,0.0,1.2820512820512822,0.0,0.0,1.2820512820512822,0.0,0.2,0,5,15.6,0.0,0.2564102564102564,0.1025641025641025,0.0384615384615384,0.0256410256410256,0.0384615384615384,0.1538461538461538,0.0769230769230769,0.0,1.0,0,1,4.4,8,1.0,3.9743589743589753,78,46,0.5897435897435898,5.20847435706514,3.929705219884073,50.891973515994245,93,9,2,1,0,0,2.3072429906542054,0.9600000000000003,1.8199999999999967,0.2014925373134329,1.2658227848101267,0.0,0.0,0.05063291139240506,1.7555555555555555,0.9104198471403324,0.13431912660598755
test,audio_10.wav,,False,False,True,1.0,0.0,5.0,0.0,0.0,3.0,0.0,0.0,0.0,9.0,9.0,0.7142857142857143,9,7,14.571428571428571,0.0,0.2254901960784313,0.0980392156862745,0.1176470588235294,0.0392156862745098,0.088235294117647,0.1274509803921568,0.088235294117647,0.0,1.0,1,3,4.857142857142857,7,1.1428571428571428,3.81,100,60,0.6,6.0,4.198538358094262,66.58893070448298,122,9,1,1,0,0,2.7019796682718034,0.697777777777778,1.019999999999996,0.14383875400824558,0.9900990099009901,0.0,0.0,0.04950495049504951,2.241455836662228,0.8590536619945377,0.008932488970458508
test,audio_134.wav,,False,False,True,1.5873015873015872,0.0,0.0,0.0,0.0,1.5873015873015872,0.0,0.0,0.0,3.1746031746031744,3.1746031746031744,0.3333333333333333,2,2,32.0,0.0,0.25,0.125,0.015625,0.03125,0.0625,0.109375,0.078125,0.5555555555555556,0.4444444444444444,0,3,5.0,5,2.0,3.888888888888889,63,42,0.6666666666666666,5.2915026221291805,3.569811248779297,35.509889983951325,80,11,1,4,2,0,2.107873527588345,0.7109090909090913,1.4600000000000009,0.19510978043912186,5.882352941176471,2.9411764705882355,0.0,0.058823529411764705,1.5090989791389258,0.8675569088937825,0.0027847224846482277
test,audio_69.wav,,False,False,True,0.0,0.0,0.0,0.0,1.6666666666666667,1.6666666666666667,0.8333333333333334,0.0,0.0,4.166666666666667,3.333333333333333,0.6666666666666666,4,5,25.4,0.0,0.2677165354330709,0.1023622047244094,0.0708661417322834,0.0551181102362204,0.0629921259842519,0.1338582677165354,0.0551181102362204,0.0,1.0,0,1,6.0,7,1.2,4.441666666666666,120,72,0.6,6.572670690061993,3.796309187605574,44.53650489521836,148,13,3,5,4,0,2.816584046867959,0.8676923076923082,2.5,0.20265900107797352,4.0,3.2,0.0,0.048,2.0807432414858584,0.8829846178796142,0.0022921476047486067
test,audio_112.wav,,False,False,True,0.0,1.3333333333333333,0.0,0.0,0.0,1.3333333333333333,0.0,0.0,0.0,2.6666666666666665,2.6666666666666665,0.25,2,4,18.75,0.0,0.28,0.1866666666666666,0.04,0.0533333333333333,0.0266666666666666,0.1066666666666666,0.08,0.0,1.0,0,1,7.0,13,2.5,4.586666666666667,75,49,0.6533333333333333,5.658032638058332,3.155380060643325,23.46195236186032,81,3,1,0,0,0,1.9736842105263157,0.7533333333333339,1.040000000000001,0.05613512170889223,0.0,0.0,0.0,0.013333333333333334,1.7433751743375172,0.9378081234296163,0.487545371055603
test,audio_180.wav,,False,False,True,0.0,2.5,1.25,0.0,0.0,3.75,0.0,0.0,0.0,7.5,7.5,0.8,6,5,16.6,0.2,0.2409638554216867,0.1325301204819277,0.072289156626506,0.0,0.0843373493975903,0.180722891566265,0.0481927710843373,0.125,0.875,1,4,4.2,7,0.8,4.125,80,42,0.525,4.695742752749558,3.93004916576629,50.90948061129707,94,5,2,2,1,2,2.240437158469945,0.9919999999999998,1.8999999999999986,0.11934552454282961,2.4390243902439024,1.2195121951219512,2.4390243902439024,0.07317073170731707,1.8197958277851751,0.8898388788603792,0.01091328077018261
test,audio_177.wav,,False,False,True,0.0,2.380952380952381,0.0,2.380952380952381,0.0,4.761904761904762,0.0,0.0,0.0,9.523809523809524,9.523809523809524,0.75,8,5,16.8,0.0,0.1547619047619047,0.0833333333333333,0.1071428571428571,0.1666666666666666,0.0714285714285714,0.1785714285714285,0.0714285714285714,0.0,1.0,0,1,4.6,7,1.0,4.119047619047619,84,58,0.6904761904761905,6.32831881684378,4.270406743531586,71.55073249895845,93,3,0,0,0,1,1.9792648444863337,0.4666666666666662,0.5799999999999983,0.031934306569343034,0.0,0.0,1.1904761904761905,0.07142857142857142,1.8641810918774966,0.8603747909267744,0.2290077805519104
test,audio_77.wav,,False,False,True,0.0,0.6756756756756757,0.0,0.0,0.6756756756756757,1.351351351351351,0.0,0.0,0.0,2.702702702702702,2.702702702702702,0.3333333333333333,4,5,30.2,0.0,0.1920529801324503,0.1655629139072847,0.0596026490066225,0.086092715231788,0.0993377483443708,0.1390728476821192,0.0728476821192053,0.0714285714285714,0.9285714285714286,0,3,6.6,9,2.6,3.8926174496644297,148,92,0.6216216216216216,7.562353416046435,3.268749558782003,26.278459121726804,166,10,1,1,1,0,3.193313330475783,0.5560000000000004,1.3000000000000043,0.10647261585599396,0.6711409395973155,0.6711409395973155,0.0,0.040268456375838924,2.4802459438511435,0.9253208893773165,0.0011899846140295267
test,audio_111.wav,,False,False,True,0.0,0.78125,1.5625,1.5625,0.0,0.78125,0.0,0.0,0.0,4.6875,4.6875,0.4444444444444444,6,9,14.555555555555555,0.1111111111111111,0.2137404580152671,0.1221374045801526,0.0610687022900763,0.0458015267175572,0.0610687022900763,0.1755725190839694,0.0381679389312977,0.0,1.0,1,3,3.555555555555556,7,1.0,4.125,128,70,0.546875,6.18718433538229,3.448668614329908,31.45848104404536,149,11,1,0,0,0,2.4069198946972548,0.5054545454545462,1.0600000000000023,0.09465440926115096,0.0,0.0,0.0,0.0703125,2.131202131202131,0.8676707077538595,0.15182450413703918
test,audio_18.wav,,False,False,True,1.3157894736842106,0.0,0.0,0.0,0.0,0.0,1.3157894736842106,0.0,0.0,2.631578947368421,1.3157894736842106,0.25,1,4,20.5,0.0,0.2317073170731707,0.1097560975609756,0.0975609756097561,0.024390243902439,0.1097560975609756,0.1585365853658536,0.073170731707317,0.0,1.0,1,4,5.25,10,1.0,4.144736842105263,76,55,0.7236842105263158,6.308932681440448,3.797857174928161,44.60550022836139,87,2,0,0,0,0,2.1156936261381896,0.6499999999999995,0.7200000000000006,0.033643892339544484,0.0,0.0,0.0,0.06329113924050633,1.7532179316466932,0.8939962924658498,0.21837763488292694
test,audio_175.wav,,False,False,True,0.0,0.0,0.0,0.0,0.0,1.0416666666666667,0.0,0.0,0.0,1.0416666666666667,1.0416666666666667,0.2,1,5,19.2,0.0,0.3333333333333333,0.1041666666666666,0.1354166666666666,0.0520833333333333,0.03125,0.03125,0.0520833333333333,0.1666666666666666,0.8333333333333334,0,2,5.0,7,1.4,5.239583333333333,96,80,0.8333333333333334,8.16496580927726,3.692442165585015,40.14276261884695,127,9,0,0,0,0,2.371541501976284,0.46222222222222226,0.6799999999999997,0.0931899641577061,0.0,0.0,0.0,0.020833333333333332,2.1304926764314245,0.9110285433190356,0.08591116964817047
test,audio_33.wav,,False,False,True,1.0638297872340423,0.0,0.0,0.0,0.0,2.127659574468085,1.0638297872340423,0.0,0.0,4.25531914893617,3.191489361702128,0.6666666666666666,3,2,47.0,0.0,0.1702127659574468,0.0957446808510638,0.0531914893617021,0.1276595744680851,0.1382978723404255,0.1489361702127659,0.1063829787234042,0.125,0.875,3,4,5.5,6,5.5,4.531914893617022,94,58,0.6170212765957447,5.982243228301002,3.440367212835348,31.198412522608564,106,7,0,0,0,0,2.1569527306103713,0.5685714285714284,0.8799999999999972,0.08368376787216145,0.0,0.0,0.0,0.05319148936170213,1.8380915134923739,0.9023524517233067,0.08132193237543106
test,audio_15.wav,,False,False,True,0.0,0.0,0.0,0.0,0.0,1.0101010101010102,2.0202020202020203,0.0,0.0,3.0303030303030303,1.0101010101010102,0.5,1,3,33.333333333333336,0.3333333333333333,0.21,0.13,0.02,0.08,0.07,0.14,0.07,0.2857142857142857,0.7142857142857143,3,4,7.0,10,2.333333333333333,4.212121212121212,99,53,0.5353535353535354,5.3267004208738244,3.565300897720757,35.35008856522944,109,7,1,0,0,0,2.457795431976167,0.6342857142857142,1.1999999999999993,0.09928443649373882,0.0,0.0,0.0,0.050505050505050504,2.1970705725699067,0.9032652230074107,0.11574442684650421
test,audio_4.wav,,False,False,True,0.0,2.0408163265306123,0.0,0.0,0.0,1.020408163265306,1.020408163265306,0.0,0.0,4.081632653061225,3.061224489795918,1.0,3,2,49.0,0.0,0.3061224489795918,0.0510204081632653,0.0918367346938775,0.0306122448979591,0.0612244897959183,0.0510204081632653,0.0714285714285714,0.0,1.0,0,2,8.0,10,2.0,4.438775510204081,98,61,0.6224489795918368,6.161930521768485,3.940507111725984,51.44468288876078,108,5,0,0,0,0,2.631578947368421,0.4640000000000001,0.5800000000000018,0.05864509605662285,0.0,0.0,0.0,0.04081632653061224,2.366081735448522,0.9005491319967776,0.13579143583774567
test,audio_27.wav,,False,False,True,0.0,0.0,0.0,0.0,0.0,2.1739130434782608,1.0869565217391304,0.0,0.0,3.260869565217391,2.1739130434782608,0.3333333333333333,2,3,30.666666666666668,0.0,0.2391304347826087,0.1304347826086956,0.0760869565217391,0.0108695652173913,0.0434782608695652,0.1630434782608695,0.0869565217391304,0.0,1.0,0,1,6.666666666666667,7,1.6666666666666667,3.847826086956522,92,54,0.5869565217391305,5.629889179541019,3.898706289438101,49.338577959635046,104,6,0,6,1,0,1.8511522478277294,0.58,0.8200000000000003,0.06168025522864232,6.122448979591836,1.0204081632653061,0.0,0.061224489795918366,1.6313027013249133,0.865776216129766,0.011082861572504044
test,audio_96.wav,,False,False,True,0.0,0.0,2.3255813953488373,2.3255813953488373,0.0,0.0,1.162790697674419,0.0,0.0,5.813953488372093,4.651162790697675,0.6,4,5,17.8,0.0,0.146067415730337,0.0898876404494382,0.0898876404494382,0.146067415730337,0.0898876404494382,0.1011235955056179,0.0674157303370786,0.8333333333333334,0.1666666666666666,0,2,5.4,9,1.0,4.406976744186046,86,47,0.5465116279069767,5.068140340561605,4.033807248485331,56.47551878914599,98,5,0,0,3,0,2.3138297872340425,0.3799999999999996,0.54,0.04810126582278476,0.0,3.4482758620689653,0.0,0.08045977011494253,2.101449275362319,0.8782443440166013,0.24069593846797943
test,audio_116.wav,,False,False,True,4.0,0.0,0.0,0.0,0.0,4.0,1.0,0.0,0.0,9.0,8.0,0.8,8,5,20.4,0.0,0.2352941176470588,0.1470588235294117,0.0392156862745098,0.0588235294117647,0.0490196078431372,0.1372549019607843,0.0980392156862745,1.0,0.0,0,3,4.2,5,0.8,3.83,100,63,0.63,6.3,4.319994360999724,75.18820430452281,113,8,0,4,0,2,2.5704399406821556,0.4175,0.6799999999999997,0.07625570776255708,3.8461538461538463,0.0,1.9230769230769231,0.04807692307692308,2.30803373280071,0.8911681746562513,0.008361738175153732
test,audio_1.wav,,False,False,True,1.7699115044247788,0.0,0.8849557522123894,2.6548672566371683,0.8849557522123894,0.8849557522123894,0.0,0.0,0.0,7.079646017699115,7.079646017699115,0.8571428571428571,8,7,16.142857142857142,0.0,0.1946902654867256,0.0884955752212389,0.0530973451327433,0.0265486725663716,0.0707964601769911,0.1858407079646017,0.0707964601769911,0.5,0.5,0,2,4.714285714285714,7,0.5714285714285714,3.575221238938053,113,50,0.4424778761061947,4.703604341917986,3.4562008154653285,31.69632727902715,137,11,1,0,1,0,3.102690829214717,0.605454545454545,1.1400000000000006,0.15459610027855142,0.0,0.8849557522123894,0.0,0.05309734513274336,2.507767421216156,0.8998878987665374,0.14047208428382874
test,audio_22.wav,,False,False,True,0.0,0.0,0.0,0.0,0.0,1.9047619047619049,0.0,0.0,0.0,1.9047619047619049,1.9047619047619049,0.2857142857142857,2,7,15.428571428571429,0.0,0.1759259259259259,0.1666666666666666,0.0555555555555555,0.074074074074074,0.1111111111111111,0.1666666666666666,0.074074074074074,0.0,1.0,0,2,3.857142857142857,6,1.5714285714285714,4.047619047619048,105,63,0.6,6.148170459575759,3.297398721018145,27.04220303430425,124,10,0,3,0,0,2.9801324503311264,0.49399999999999944,0.9000000000000004,0.11996114618746953,2.7777777777777777,0.0,0.0,0.037037037037037035,2.4096385542168672,0.9250555181254944,0.07001524418592453
test,audio_114.wav,,False,False,True,3.191489361702128,1.0638297872340423,0.0,1.0638297872340423,0.0,1.0638297872340423,0.0,0.0,0.0,6.382978723404255,6.382978723404255,1.0,6,3,31.666666666666668,0.0,0.2421052631578947,0.0947368421052631,0.0526315789473684,0.031578947368421,0.0842105263157894,0.1263157894736842,0.0947368421052631,0.4,0.6,0,3,5.0,5,1.0,4.393617021276596,94,48,0.5106382978723404,4.950821982042208,3.5583476128979266,35.10514190974685,107,3,0,6,0,0,2.3809523809523805,0.5133333333333341,0.6600000000000037,0.0353697749196142,6.0,0.0,0.0,0.04,2.2192632046160674,0.9061230763010099,0.00015818289830349386
test,audio_146.wav,,False,False,True,0.0,0.0,0.0,1.162790697674419,0.0,2.3255813953488373,0.0,0.0,0.0,3.488372093023256,3.488372093023256,0.6,3,6,14.666666666666666,0.0,0.125,0.125,0.1136363636363636,0.1136363636363636,0.0909090909090909,0.25,0.1363636363636363,0.0,1.0,0,1,3.333333333333333,7,0.6666666666666666,3.744186046511628,86,42,0.4883720930232558,4.528976474544414,3.134421300406408,22.97533617644249,99,6,0,0,0,0,2.437641723356009,0.5033333333333331,0.6799999999999997,0.0788511749347258,0.0,0.0,0.0,0.05813953488372093,2.080309627479439,0.9149044739992119,0.10145775228738785
test,audio_46.wav,,False,False,True,0.0,0.0,0.0,0.0,0.0,0.6451612903225806,0.0,0.0,0.0,0.6451612903225806,0.6451612903225806,0.1428571428571428,1,6,26.0,0.0,0.1602564102564102,0.1474358974358974,0.0769230769230769,0.0833333333333333,0.1025641025641025,0.1153846153846153,0.0705128205128205,0.0,1.0,1,3,5.833333333333333,10,1.8333333333333333,4.225806451612903,155,98,0.632258064516129,7.871549423244489,3.49816959809492,33.05489281303529,187,8,1,0,2,1,2.941176470588235,0.5674999999999986,1.8999999999999986,0.07931516422082441,0.0,1.2903225806451613,0.6451612903225806,0.03225806451612903,2.5574181626187964,0.9411158089996665,0.16862672567367554
test,audio_144.wav,,False,False,True,0.0,0.0,0.0,1.0101010101010102,0.0,0.0,1.0101010101010102,0.0,0.0,2.0202020202020203,1.0101010101010102,0.25,1,10,9.9,0.0,0.1818181818181818,0.1515151515151515,0.0505050505050505,0.1111111111111111,0.0101010101010101,0.2121212121212121,0.1111111111111111,0.0769230769230769,0.9230769230769232,0,3,3.2,5,0.3,3.757575757575758,99,52,0.5252525252525253,5.2261966393479025,3.256596447172619,25.9610268768506,105,3,0,0,0,0,2.339319470699433,0.6199999999999992,0.9199999999999999,0.042100497962879076,0.0,0.0,0.0,0.030303030303030304,2.1970705725699067,0.935526559148172,0.20251208543777466
test,audio_75.wav,,False,False,True,0.0,0.0,0.0,0.0,0.0,0.9523809523809524,0.9523809523809524,0.0,0.0,1.9047619047619049,0.9523809523809524,0.1666666666666666,1,5,21.8,0.0,0.3211009174311927,0.055045871559633,0.0825688073394495,0.0642201834862385,0.0825688073394495,0.1192660550458715,0.0275229357798165,0.0,1.0,0,1,5.6,8,1.2,4.542857142857143,105,69,0.6571428571428571,6.733710503344879,3.666354682501845,39.10908068075819,127,6,1,3,2,0,1.9586507072905335,0.5900000000000007,1.0600000000000023,0.06032719836400826,2.7777777777777777,1.8518518518518519,0.0,0.05555555555555555,1.797762160643782,0.914018022479636,0.0011555809760466218
test,audio_200.wav,,False,False,True,0.0,1.162790697674419,3.488372093023256,0.0,0.0,2.3255813953488373,1.162790697674419,0.0,0.0,8.13953488372093,6.976744186046512,0.5714285714285714,6,7,12.428571428571429,0.0,0.2528735632183908,0.1379310344827586,0.0804597701149425,0.0919540229885057,0.0804597701149425,0.1379310344827586,0.0459770114942528,0.0,1.0,0,1,4.285714285714286,8,1.2857142857142858,4.930232558139535,86,59,0.686046511627907,6.362133619002867,3.82978006011074,46.05240835867891,103,10,3,0,5,0,2.403577417551704,0.7559999999999997,1.1600000000000001,0.174434702353484,0.0,5.813953488372093,0.0,0.023255813953488372,1.9145146927871772,0.9009922100014465,0.37905800342559814
test,audio_196.wav,,False,False,True,0.99009900990099,0.0,0.0,1.98019801980198,0.0,2.9702970297029703,0.0,0.0,0.0,5.9405940594059405,5.9405940594059405,0.5555555555555556,6,9,11.22222222222222,0.0,0.2376237623762376,0.0594059405940594,0.1287128712871287,0.0396039603960396,0.1386138613861386,0.0297029702970297,0.0495049504950495,0.0,1.0,4,3,3.888888888888889,6,0.1111111111111111,4.099009900990099,101,46,0.45544554455445546,4.57717107496595,3.6236182903421335,37.47291069034022,116,10,0,0,0,1,2.545362903225806,0.535999999999999,0.8200000000000003,0.11900532859680263,0.0,0.0,0.9900990099009901,0.06930693069306931,2.241455836662228,0.8642353675890677,0.10289839655160904
test,audio_190.wav,,False,False,True,0.0,0.0,0.0,1.7241379310344829,0.8620689655172413,0.8620689655172413,0.0,0.0,0.0,3.4482758620689653,3.4482758620689653,0.6,4,4,29.5,0.0,0.1440677966101695,0.1271186440677966,0.0508474576271186,0.059322033898305,0.1101694915254237,0.2203389830508474,0.0508474576271186,0.25,0.75,0,3,8.0,14,3.25,3.9913793103448274,116,62,0.5344827586206896,5.756555483488608,3.2176119290865386,24.96842256495549,130,7,1,0,1,0,2.9441624365482233,0.6028571428571429,1.259999999999998,0.09674461256304448,0.0,0.8620689655172413,0.0,0.02586206896551724,2.5985663082437274,0.9388171556437838,0.228827103972435
test,audio_158.wav,,False,False,True,1.2820512820512822,0.0,0.0,0.0,0.0,3.8461538461538463,0.0,2.5641025641025643,0.0,7.6923076923076925,5.128205128205129,0.4,4,5,15.6,0.0,0.2435897435897435,0.141025641025641,0.0641025641025641,0.0512820512820512,0.0512820512820512,0.1666666666666666,0.0641025641025641,0.125,0.875,0,3,3.8,5,0.6,4.243589743589744,78,44,0.5641025641025641,4.98201895023622,3.859589651729284,47.4458780396971,89,11,3,3,0,0,2.4545454545454546,0.8563636363636367,3.240000000000002,0.22206506364922213,3.7037037037037037,0.0,0.0,0.07407407407407407,1.7976031957390146,0.8964031562209129,0.08603045344352722
test,audio_17.wav,,False,False,True,1.0869565217391304,1.0869565217391304,2.1739130434782608,1.0869565217391304,0.0,5.434782608695652,0.0,0.0,0.0,10.869565217391305,10.869565217391305,0.7142857142857143,10,7,13.142857142857142,0.0,0.2934782608695652,0.0434782608695652,0.1413043478260869,0.0978260869565217,0.0978260869565217,0.0652173913043478,0.0543478260869565,0.0,1.0,0,2,3.7142857142857135,7,0.2857142857142857,4.869565217391305,92,46,0.5,4.79583152331272,4.058328683035715,57.877498554103376,105,7,1,1,0,0,2.49597423510467,0.6457142857142861,1.0399999999999991,0.10818573480134043,1.075268817204301,0.0,0.0,0.0967741935483871,2.0639147802929427,0.8607638470167595,0.0018689697608351707
test,audio_105.wav,,False,False,True,0.0,0.0,0.0,0.0,0.0,2.459016393442623,0.819672131147541,0.0,0.0,3.278688524590164,2.459016393442623,0.5,3,6,21.0,0.0,0.365079365079365,0.1746031746031746,0.0634920634920634,0.0238095238095238,0.0158730158730158,0.0555555555555555,0.0952380952380952,0.0,1.0,0,1,5.333333333333333,7,1.3333333333333333,5.344262295081967,122,87,0.7131147540983607,7.876609905699112,4.173509870256696,64.9429940356322,154,9,0,0,0,0,2.2246535375638223,0.5622222222222232,0.7200000000000006,0.0844741235392322,0.0,0.0,0.0,0.040983606557377046,2.0313020313020314,0.8961766020196383,0.09829632192850113
test,audio_141.wav,,False,False,True,0.0,0.0,0.0,1.492537313432836,0.0,0.0,0.0,0.0,0.0,1.492537313432836,1.492537313432836,0.5,1,2,33.5,0.0,0.2686567164179104,0.1044776119402985,0.1044776119402985,0.0597014925373134,0.1044776119402985,0.1194029850746268,0.1343283582089552,0.5555555555555556,0.4444444444444444,0,2,7.5,8,3.0,4.611940298507463,67,46,0.6865671641791045,5.61979444039004,3.769175490287885,43.34431229226743,73,1,0,0,0,0,1.573508689525599,0.9199999999999982,0.9199999999999982,0.02114942528735628,0.0,0.0,0.0,0.05970149253731343,1.4968722073279714,0.907936597270752,0.33409062027931213
test,audio_129.wav,,False,False,True,1.1111111111111112,0.0,0.0,0.0,0.0,0.0,1.1111111111111112,0.0,0.0,2.2222222222222223,1.1111111111111112,0.1666666666666666,1,6,15.166666666666666,0.0,0.1648351648351648,0.0989010989010989,0.0439560439560439,0.1648351648351648,0.1208791208791208,0.1868131868131868,0.0659340659340659,0.4285714285714285,0.5714285714285714,0,3,4.0,6,1.1666666666666667,4.5,90,59,0.6555555555555556,6.219146064997813,3.2925079345703123,26.910268289503005,100,5,1,0,0,0,2.3709167544783982,0.7320000000000005,1.0399999999999991,0.0879384911100433,0.0,0.0,0.0,0.05555555555555555,1.9973368841544605,0.9178649382458792,0.3552515506744385
test,audio_6.wav,,False,False,True,0.0,0.0,0.0,0.0,0.925925925925926,0.925925925925926,0.0,0.0,0.0,1.851851851851852,1.851851851851852,0.3333333333333333,2,6,18.0,0.0,0.1944444444444444,0.1296296296296296,0.0277777777777777,0.0925925925925925,0.1203703703703703,0.1481481481481481,0.0833333333333333,0.0,1.0,0,2,4.166666666666667,5,2.0,4.12037037037037,108,64,0.5925925925925926,6.158402871356008,3.3831138610839844,29.46237015379649,128,12,1,1,1,0,2.944354403025391,0.5383333333333328,1.1799999999999997,0.14857405703771834,0.9174311926605505,0.9174311926605505,0.0,0.045871559633027525,2.4205009770829635,0.916557917781516,0.029295938089489937
test,audio_70.wav,,False,False,True,0.0,0.0,0.0,0.0,0.0,1.2903225806451613,0.0,0.0,0.0,1.2903225806451613,1.2903225806451613,0.0909090909090909,2,11,14.454545454545457,0.0,0.1886792452830188,0.1446540880503144,0.1069182389937107,0.0566037735849056,0.0754716981132075,0.1383647798742138,0.0754716981132075,0.0,1.0,0,1,4.2727272727272725,7,1.0909090909090908,4.270967741935484,155,95,0.6129032258064516,7.630583624573739,2.8789238823784724,17.79511323735364,180,12,2,0,2,0,3.9200809307030857,0.6966666666666671,1.4000000000000057,0.17453027139874747,0.0,1.2903225806451613,0.0,0.012903225806451613,2.9415497459948075,0.9240403770759542,0.1694738268852234
test,audio_35.wav,,False,False,True,0.925925925925926,0.0,0.0,0.0,0.0,1.851851851851852,0.0,0.0,0.0,2.7777777777777777,2.7777777777777777,0.125,3,7,15.571428571428571,0.1428571428571428,0.128440366972477,0.128440366972477,0.073394495412844,0.0458715596330275,0.1559633027522936,0.2293577981651376,0.1192660550458715,0.0,1.0,1,2,3.571428571428572,11,1.0,3.7222222222222223,108,56,0.5185185185185185,5.388602512436507,2.5495633678276,12.801513009760736,119,6,2,0,0,0,2.0408163265306123,0.8066666666666675,1.0599999999999996,0.0837950138504156,0.0,0.0,0.0,0.018518518518518517,1.7976031957390146,0.9418806144622741,0.07123065739870071
test,audio_203.wav,,False,False,True,0.9345794392523364,0.0,0.0,0.0,0.9345794392523364,0.0,0.9345794392523364,0.0,0.0,2.803738317757009,1.8691588785046729,0.25,2,8,13.75,0.0,0.1818181818181818,0.0909090909090909,0.0727272727272727,0.1,0.1,0.2,0.0636363636363636,0.0,1.0,0,1,3.5,6,1.0,4.320754716981132,107,70,0.6542056074766355,6.767155423319645,3.412257080078125,30.33363248909984,125,12,3,0,1,0,3.349875930521091,0.8199999999999991,1.6799999999999997,0.23384030418250926,0.0,0.9259259259259259,0.0,0.037037037037037035,2.4,0.8949871075650057,0.11963081359863281
test,audio_90.wav,,False,False,True,0.0,0.0,0.0,0.0,0.0,0.0,0.0,0.0,0.0,0.0,0.0,0.0,0,3,25.33333333333333,0.0,0.2236842105263158,0.131578947368421,0.0921052631578947,0.0921052631578947,0.0921052631578947,0.0789473684210526,0.0921052631578947,0.0909090909090909,0.9090909090909092,0,2,8.333333333333334,11,4.333333333333333,4.63013698630137,73,52,0.7123287671232876,6.0861396541987896,4.062955947149368,58.145933607126736,84,2,0,1,0,0,1.7585551330798477,0.29000000000000004,0.3199999999999985,0.013595874355368028,1.3513513513513513,0.0,0.0,0.04054054054054054,1.6446820096236123,0.9018154581253593,0.27885180711746216
test,audio_16.wav,,False,False,True,0.0,0.0,1.36986301369863,1.36986301369863,0.0,1.36986301369863,0.0,0.0,0.0,4.109589041095891,4.109589041095891,0.75,3,3,24.33333333333333,0.0,0.3013698630136986,0.1095890410958904,0.0547945205479452,0.0547945205479452,0.0684931506849315,0.136986301369863,0.0821917808219178,0.0,1.0,0,1,5.666666666666667,8,1.3333333333333333,4.342465753424658,73,44,0.6027397260273972,5.149810476629745,3.81766110374814,45.497669449189694,84,3,1,0,0,0,1.7464114832535886,0.7533333333333347,1.0200000000000014,0.051293690422151705,0.0,0.0,0.0,0.0273972602739726,1.6200621393697292,0.9164565815909268,0.1875194013118744
test,audio_138.wav,,False,False,True,1.1494252873563218,0.0,0.0,1.1494252873563218,0.0,2.2988505747126435,4.597701149425287,0.0,1.1494252873563218,10.344827586206897,4.597701149425287,0.8333333333333334,4,6,14.833333333333334,0.0,0.4269662921348314,0.1011235955056179,0.0337078651685393,0.0674157303370786,0.0224719101123595,0.1123595505617977,0.0674157303370786,0.7142857142857143,0.2857142857142857,0,2,4.666666666666667,8,0.1666666666666666,4.872093023255814,87,61,0.7011494252873564,6.539886462510548,4.559679303850446,95.55283149078868,105,5,2,0,0,0,2.286902286902287,1.079999999999999,2.520000000000003,0.12306289881494976,0.0,0.0,0.0,0.06818181818181818,1.9529516200621393,0.8549400564057357,0.1716587394475937
test,audio_100.wav,,False,False,True,0.970873786407767,0.0,0.0,0.0,0.0,0.970873786407767,0.970873786407767,0.0,0.0,2.912621359223301,1.941747572815534,0.5,2,4,25.75,0.0,0.3398058252427184,0.174757281553398,0.029126213592233,0.0388349514563106,0.0,0.087378640776699,0.0970873786407767,0.1111111111111111,0.8888888888888888,0,2,6.75,11,1.75,4.572815533980583,103,74,0.7184466019417476,7.29143665841577,4.727438449859619,113.0057214644834,128,14,0,2,1,0,2.686796315250768,0.4257142857142859,0.7599999999999998,0.13232682060390769,1.9047619047619047,0.9523809523809523,0.0,0.09523809523809523,2.3302263648468706,0.8365525445250409,0.001328017096966505
test,audio_115.wav,,False,False,True,1.0638297872340423,1.0638297872340423,0.0,2.127659574468085,0.0,2.127659574468085,0.0,0.0,0.0,6.382978723404255,6.382978723404255,0.5714285714285714,6,7,13.714285714285714,0.0,0.21875,0.1041666666666666,0.0625,0.0520833333333333,0.0416666666666666,0.1979166666666666,0.09375,0.8461538461538461,0.1538461538461538,0,2,4.857142857142857,8,0.5714285714285714,3.8404255319148937,94,53,0.5638297872340425,5.466532605171604,3.8461817090756414,46.81397217320163,107,7,1,1,0,0,2.4181360201511337,0.5314285714285726,1.0200000000000031,0.08567480423767866,1.0416666666666667,0.0,0.0,0.13541666666666666,2.1304926764314245,0.8313856424453357,0.1523415446281433
test,audio_118.wav,,False,False,True,4.285714285714286,2.857142857142857,1.4285714285714286,0.0,0.0,1.4285714285714286,0.0,0.0,0.0,10.0,10.0,1.0,7,3,23.33333333333333,0.0,0.3428571428571428,0.1428571428571428,0.1285714285714285,0.0428571428571428,0.0571428571428571,0.0428571428571428,0.0857142857142857,0.0,1.0,0,1,5.666666666666667,6,1.0,5.771428571428571,70,59,0.8428571428571429,7.051848795072923,3.625244140625,37.53388558738105,81,7,2,0,1,0,1.7694641051567241,0.691428571428572,1.1200000000000045,0.10900900900900909,0.0,1.4285714285714286,0.0,0.04285714285714286,1.5534842432312472,0.9049203719411577,0.2528797388076782
test,audio_137.wav,,False,False,True,0.0,0.0,0.8403361344537815,1.680672268907563,0.0,2.5210084033613445,0.8403361344537815,0.0,0.0,5.882352941176471,5.042016806722689,0.8,6,4,29.75,0.25,0.1428571428571428,0.1848739495798319,0.1092436974789916,0.0252100840336134,0.0336134453781512,0.2016806722689075,0.0840336134453781,0.2142857142857142,0.7857142857142857,0,2,5.5,9,3.25,4.19327731092437,119,78,0.6554621848739496,7.150248276820048,4.0652923583984375,58.281945248186304,132,8,0,0,1,0,2.992957746478873,0.5599999999999992,0.8599999999999994,0.10126582278480997,0.0,0.8403361344537815,0.0,0.058823529411764705,2.64092321349312,0.8985053402285615,0.09901395440101624
test,audio_101.wav,,False,False,True,0.0,0.0,0.0,0.9345794392523364,0.0,2.803738317757009,1.8691588785046729,0.0,0.0,5.607476635514018,3.7383177570093458,1.0,4,2,53.5,0.0,0.1682242990654205,0.1308411214953271,0.0747663551401869,0.02803738317757,0.0560747663551401,0.205607476635514,0.1308411214953271,0.6363636363636364,0.3636363636363636,3,3,9.5,10,6.0,4.037383177570093,107,55,0.514018691588785,5.31705068975115,3.949224371659128,51.895099910523335,114,4,1,0,0,1,3.053652968036529,0.7249999999999994,1.8399999999999999,0.07643647865050072,0.0,0.0,0.9345794392523364,0.08411214953271028,2.515279736718383,0.8982844558831687,0.08255638182163239
test,audio_193.wav,,False,False,True,1.2048192771084338,1.2048192771084338,1.2048192771084338,1.2048192771084338,0.0,7.228915662650603,0.0,0.0,0.0,12.048192771084338,12.048192771084338,1.0,10,4,21.0,0.0,0.119047619047619,0.2023809523809523,0.0714285714285714,0.1071428571428571,0.0714285714285714,0.2142857142857142,0.0833333333333333,0.0,1.0,0,2,4.25,6,2.5,4.192771084337349,83,51,0.6144578313253012,5.597977259474208,3.697900325693983,40.36246729063029,94,8,0,0,0,0,2.1282051282051277,0.46999999999999875,0.759999999999998,0.08793264733395674,0.0,0.0,0.0,0.12048192771084337,1.8693693693693694,0.8490807630391006,0.11490451544523239
test,audio_102.wav,,False,False,True,0.0,0.0,0.0,0.0,0.0,0.6896551724137931,0.0,0.0,0.0,0.6896551724137931,0.6896551724137931,0.1,1,11,13.272727272727272,0.0,0.1643835616438356,0.0890410958904109,0.0821917808219178,0.0616438356164383,0.0890410958904109,0.2328767123287671,0.0616438356164383,0.4705882352941176,0.5294117647058824,1,3,4.090909090909091,7,0.3636363636363636,3.682758620689655,145,74,0.5103448275862069,6.145365509176758,2.6763294147995285,14.53165560208346,159,8,0,0,2,0,2.670080468178493,0.5399999999999989,0.6999999999999993,0.0732203389830507,0.0,1.36986301369863,0.0,0.0,2.4357691024357693,0.9771040974006261,0.6067332029342651
test,audio_52.wav,,False,False,True,0.0,0.0,2.142857142857143,0.0,0.0,2.142857142857143,0.0,0.0,0.0,4.285714285714286,4.285714285714286,0.25,6,10,15.4,0.0,0.1298701298701298,0.0974025974025974,0.0714285714285714,0.0259740259740259,0.1103896103896103,0.2467532467532467,0.0909090909090909,0.05,0.95,0,3,3.9,9,1.2,3.707142857142857,140,72,0.5142857142857142,6.08511063404532,3.4179713393702653,30.507462913470576,165,5,2,3,0,0,2.632547864506628,0.9559999999999998,1.6400000000000006,0.08087986463620982,2.097902097902098,0.0,0.0,0.09090909090909091,2.3803702682598225,0.8820012389467313,0.04443133994936943
test,audio_172.wav,,False,False,True,0.0,0.0,1.1764705882352942,0.0,0.0,2.3529411764705883,1.1764705882352942,0.0,0.0,4.705882352941177,3.5294117647058822,0.5,3,5,17.4,0.0,0.2068965517241379,0.0919540229885057,0.0229885057471264,0.0344827586206896,0.1264367816091954,0.1494252873563218,0.1494252873563218,0.2857142857142857,0.7142857142857143,0,4,3.8,6,0.6,4.188235294117647,85,48,0.5647058823529412,5.206330987647748,4.219889115314095,68.02594083611764,98,2,0,0,1,1,2.1929824561403506,0.5599999999999996,0.6399999999999988,0.028084252758274805,0.0,1.1764705882352942,1.1764705882352942,0.03529411764705882,2.0442520442520444,0.8802646361145318,0.34857505559921265
test,audio_191.wav,,False,False,True,0.0,0.0,0.0,0.0,0.0,1.4705882352941178,0.0,0.0,0.0,1.4705882352941178,1.4705882352941178,0.2,1,5,14.0,0.0,0.2285714285714285,0.0714285714285714,0.1142857142857142,0.0714285714285714,0.1,0.0857142857142857,0.0714285714285714,0.1428571428571428,0.8571428571428571,0,3,4.2,7,0.8,4.191176470588236,68,47,0.6911764705882353,5.699587188353825,3.2295882161458334,25.26924935937365,75,4,2,0,0,0,2.0438833784189967,1.4675000000000027,2.7500000000000036,0.14997445068983165,0.0,0.0,0.0,0.04411764705882353,1.5090989791389258,0.929945179644753,0.3414151966571808
test,audio_194.wav,,False,False,True,0.0,0.99009900990099,0.0,0.0,0.99009900990099,1.98019801980198,0.0,0.0,0.0,3.96039603960396,3.96039603960396,0.5,4,6,17.166666666666668,0.0,0.1650485436893204,0.0970873786407767,0.087378640776699,0.0679611650485436,0.087378640776699,0.1941747572815534,0.0388349514563106,0.1428571428571428,0.8571428571428571,0,3,5.0,8,1.3333333333333333,4.069306930693069,101,54,0.5346534653465347,5.3732008271339415,2.9144514698093222,18.43869544714333,118,11,2,2,1,0,2.995927865037812,0.7618181818181811,1.5,0.19597754911131882,1.941747572815534,0.970873786407767,0.0,0.05825242718446602,2.285841100754549,0.8813483497422885,0.0003146762610413134
test,audio_67.wav,,False,False,True,1.98019801980198,0.0,0.0,0.0,0.0,3.96039603960396,0.0,0.0,0.0,5.9405940594059405,5.9405940594059405,0.8,6,5,20.2,0.0,0.2277227722772277,0.1188118811881188,0.1386138613861386,0.0495049504950495,0.0792079207920792,0.0594059405940594,0.0693069306930693,0.0,1.0,1,2,6.4,7,1.2,5.237623762376238,101,68,0.6732673267326733,6.766252893427926,4.16723496573312,64.53675882510251,112,7,3,0,1,0,2.0902317880794703,1.674285714285714,6.899999999999999,0.1952031978680879,0.0,0.9900990099009901,0.0,0.039603960396039604,1.6812405391205738,0.9096899357172522,0.29493650794029236
test,audio_160.wav,,False,False,True,0.0,0.0,0.0,0.0,0.0,2.5641025641025643,0.0,0.0,0.0,2.5641025641025643,2.5641025641025643,0.3333333333333333,2,3,26.0,0.0,0.1794871794871795,0.1923076923076923,0.0384615384615384,0.0897435897435897,0.0256410256410256,0.1153846153846153,0.0769230769230769,0.0,1.0,0,2,7.0,9,2.0,3.7948717948717934,78,45,0.5769230769230769,5.095246653650681,3.2873736213235296,26.772456629405347,85,3,0,0,0,0,1.9568489713998998,0.7266666666666671,0.9199999999999999,0.051855375832540476,0.0,0.0,0.0,0.01282051282051282,1.7310252996005326,0.9405727543127842,0.3124888837337494
test,audio_179.wav,,False,False,True,0.0,0.0,0.0,0.0,0.0,2.7777777777777777,1.3888888888888888,0.0,0.0,4.166666666666667,2.7777777777777777,1.0,2,2,41.5,0.0,0.0963855421686747,0.1927710843373494,0.0120481927710843,0.036144578313253,0.180722891566265,0.2650602409638554,0.072289156626506,0.0,1.0,0,2,6.5,7,5.5,3.4027777777777777,72,36,0.5,4.242640687119286,3.598713039122906,36.55116424302835,97,6,2,0,1,1,1.909814323607427,1.0866666666666662,3.4399999999999977,0.1474445952057892,0.0,1.3888888888888888,1.3888888888888888,0.18055555555555555,1.5978695073235685,0.7806751307100057,0.1295957714319229
test,audio_55.wav,,False,False,True,1.5873015873015872,1.5873015873015872,0.7936507936507936,0.7936507936507936,0.0,3.1746031746031744,0.0,0.0,0.0,7.936507936507937,7.936507936507937,0.6666666666666666,10,5,25.4,0.0,0.2755905511811024,0.1102362204724409,0.0393700787401574,0.0393700787401574,0.0629921259842519,0.1181102362204724,0.0629921259842519,0.0,1.0,3,3,7.4,12,1.4,4.309523809523809,126,68,0.5396825396825397,6.057921483348286,3.935095943621735,51.16705887410585,134,8,2,0,2,0,2.4352531890220344,0.8400000000000022,2.580000000000002,0.11495039343140638,0.0,1.5873015873015872,0.0,0.11904761904761904,2.0973891874177455,0.8230453457624193,0.0681280791759491
test,audio_145.wav,,False,False,True,0.0,0.0,1.1904761904761905,0.0,0.0,1.1904761904761905,1.1904761904761905,0.0,0.0,3.571428571428572,2.380952380952381,0.5,2,6,14.166666666666666,0.1666666666666666,0.2117647058823529,0.0588235294117647,0.1294117647058823,0.1058823529411764,0.1294117647058823,0.1176470588235294,0.0705882352941176,0.0,1.0,0,1,3.6666666666666665,7,0.8333333333333334,4.261904761904762,84,57,0.6785714285714286,6.219209871725783,3.59627685546875,36.46222727154388,95,8,3,0,1,0,2.6683608640406606,1.2774999999999994,2.7399999999999984,0.24508393285371693,0.0,1.1904761904761905,0.0,0.05952380952380952,1.8641810918774966,0.9024510370301349,0.04563130438327789
test,audio_197.wav,,False,False,True,0.0,4.25531914893617,0.0,1.0638297872340423,0.0,0.0,0.0,0.0,0.0,5.319148936170213,5.319148936170213,0.4,5,5,19.0,0.0,0.3052631578947368,0.1684210526315789,0.0421052631578947,0.0526315789473684,0.0736842105263157,0.0736842105263157,0.0842105263157894,0.0,1.0,0,3,5.8,8,1.6,4.595744680851064,94,67,0.7127659574468085,6.910522349933915,3.9760194505964006,53.30443044945693,112,5,0,0,0,0,2.346480279580629,0.41600000000000037,0.480000000000004,0.04935927859515904,0.0,0.0,0.0,0.0425531914893617,2.0861074123391035,0.8908732551949243,0.3214852213859558
test,audio_139.wav,,False,False,True,1.2345679012345678,0.0,0.0,0.0,0.0,2.469135802469136,1.2345679012345678,0.0,0.0,4.938271604938271,3.703703703703704,0.5,3,4,21.0,0.0,0.25,0.0714285714285714,0.0833333333333333,0.119047619047619,0.0714285714285714,0.1785714285714285,0.0833333333333333,0.125,0.875,0,2,6.0,12,1.25,4.280487804878049,81,50,0.6172839506172839,5.555555555555555,3.865195416389628,47.712595344856176,94,4,0,0,0,0,2.0239880059970012,0.5549999999999997,0.7399999999999984,0.05255681818181815,0.0,0.0,0.0,0.037037037037037035,1.8907563025210083,0.9133400179966978,0.285473495721817
test,audio_91.wav,,False,False,True,0.0,3.333333333333333,0.0,1.1111111111111112,0.0,1.1111111111111112,0.0,0.0,0.0,5.555555555555555,5.555555555555555,0.6,5,5,18.0,0.0,0.3555555555555555,0.1111111111111111,0.0777777777777777,0.0333333333333333,0.0777777777777777,0.0111111111111111,0.0888888888888888,0.0,1.0,0,2,5.0,8,0.4,4.733333333333333,90,65,0.7222222222222222,6.851601597031489,3.710245169845282,40.863823876341485,102,10,1,0,0,1,2.683363148479427,0.662,1.120000000000001,0.1648406374501992,0.0,0.0,1.1111111111111112,0.011111111111111112,2.0775623268698062,0.9356046885251998,0.44915834069252014
test,audio_8.wav,,False,False,True,3.571428571428572,0.0,0.0,0.0,0.0,0.0,0.0,0.0,0.0,3.571428571428572,3.571428571428572,0.5,2,4,14.0,0.0,0.2321428571428571,0.1607142857142857,0.1071428571428571,0.0,0.0714285714285714,0.1785714285714285,0.0535714285714285,0.1,0.9,0,3,4.75,7,1.25,4.125,56,29,0.5178571428571429,3.8752880077301537,2.9415151742788463,18.94452884007685,65,3,0,0,0,0,1.0498687664041995,0.6000000000000003,0.7000000000000011,0.032644178454842236,0.0,0.0,0.0,0.05357142857142857,0.9735744089012517,0.8834489823452064,0.3038315176963806
test,audio_136.wav,,False,False,True,0.0,0.0,0.0,0.0,0.0,1.4285714285714286,0.0,0.0,0.0,1.4285714285714286,1.4285714285714286,0.1666666666666666,1,6,11.666666666666666,0.0,0.2142857142857142,0.1,0.0857142857142857,0.0857142857142857,0.1142857142857142,0.1428571428571428,0.0857142857142857,0.3333333333333333,0.6666666666666666,0,3,3.5,5,0.3333333333333333,3.971428571428572,70,50,0.7142857142857143,5.976143046671968,2.781662180453916,16.14583594909514,79,8,4,0,0,0,2.4630541871921188,1.012500000000001,1.860000000000003,0.2217962760131437,0.0,0.0,0.0,0.0,1.6595542911332386,0.9713437761579241,0.6332119107246399
test,audio_199.wav,,False,False,True,1.162790697674419,3.488372093023256,1.162790697674419,2.3255813953488373,1.162790697674419,4.651162790697675,0.0,0.0,0.0,13.953488372093023,13.953488372093023,0.75,12,4,21.75,0.25,0.2528735632183908,0.1264367816091954,0.057471264367816,0.1379310344827586,0.0344827586206896,0.0919540229885057,0.1034482758620689,0.2222222222222222,0.7777777777777778,0,3,4.25,7,1.25,4.534883720930233,86,53,0.6162790697674418,5.715136979782236,4.418315095721551,82.95639395652579,106,10,0,5,1,0,2.537646402677078,0.5380000000000005,0.7800000000000011,0.1304558680892339,5.4945054945054945,1.098901098901099,0.0,0.12087912087912088,2.0195295162006213,0.8090895366163723,0.0007910018903203309
test,audio_110.wav,,False,False,True,0.0,1.3986013986013983,0.0,0.6993006993006993,0.0,1.3986013986013983,0.0,0.0,0.0,3.4965034965034967,3.4965034965034967,0.5555555555555556,5,9,16.22222222222222,0.0,0.2534246575342466,0.1027397260273972,0.0753424657534246,0.0410958904109589,0.0890410958904109,0.1232876712328767,0.0684931506849315,0.1875,0.8125,0,3,5.333333333333333,9,0.8888888888888888,4.125874125874126,143,90,0.6293706293706294,7.526178090063817,3.00808565116223,20.24859991499922,162,7,0,0,1,0,2.6689063083240017,0.6342857142857147,0.8199999999999998,0.07652533609100315,0.0,0.6993006993006993,0.0,0.013986013986013986,2.380952380952381,0.9460679361453423,0.14170262217521667
test,audio_208.wav,,False,False,True,0.0,2.2222222222222223,0.0,1.1111111111111112,0.0,4.444444444444445,0.0,0.0,0.0,7.777777777777778,7.777777777777778,1.0,7,1,90.0,0.0,0.1888888888888888,0.0666666666666666,0.0888888888888888,0.1333333333333333,0.0777777777777777,0.1777777777777777,0.0666666666666666,1.0,0.0,0,1,11.0,11,8.0,3.8777777777777778,90,50,0.5555555555555556,5.270462766947299,3.5887304812061545,36.18810527258888,98,3,1,1,0,1,2.404862579281184,0.7999999999999993,1.3199999999999994,0.05964214711729617,1.098901098901099,0.0,1.098901098901099,0.054945054945054944,2.0195295162006213,0.8915556835269917,0.0019506672397255898
test,audio_152.wav,,False,False,True,0.970873786407767,0.0,0.0,0.0,0.0,0.0,0.970873786407767,0.0,0.0,1.941747572815534,0.970873786407767,0.2857142857142857,1,7,15.0,0.0,0.2571428571428571,0.1238095238095238,0.0666666666666666,0.0666666666666666,0.0476190476190476,0.1333333333333333,0.0666666666666666,0.3333333333333333,0.6666666666666666,0,2,6.0,10,0.5714285714285714,4.689320388349515,103,75,0.7281553398058253,7.389969586232199,2.831097514689469,16.964068926180378,119,8,1,0,0,0,2.8157463094587207,0.7474999999999994,1.2799999999999976,0.1405075187969924,0.0,0.0,0.0,0.009708737864077669,2.298081213743864,0.9539185736364532,0.269279807806015
test,audio_94.wav,,False,False,True,0.0,0.0,0.0,0.9615384615384616,1.9230769230769231,3.8461538461538463,0.0,0.0,0.0,6.730769230769231,6.730769230769231,0.5,7,5,20.8,0.0,0.1923076923076923,0.1538461538461538,0.0096153846153846,0.048076923076923,0.0769230769230769,0.1826923076923076,0.0673076923076923,0.3333333333333333,0.6666666666666666,0,3,5.8,8,1.8,3.6634615384615374,104,56,0.5384615384615384,5.491251783869154,3.035750397538717,20.816592760038105,113,5,0,0,0,0,2.677651905252317,0.6639999999999995,0.9799999999999969,0.0787476280834914,0.0,0.0,0.0,0.019230769230769232,2.30803373280071,0.9224562503110904,0.19707249104976654
test,audio_174.wav,,False,False,True,0.0,1.2820512820512822,0.0,0.0,0.0,6.410256410256411,0.0,0.0,0.0,7.6923076923076925,7.6923076923076925,0.5,6,4,19.5,0.0,0.3461538461538461,0.1153846153846153,0.1153846153846153,0.0512820512820512,0.0641025641025641,0.0512820512820512,0.0512820512820512,0.0,1.0,0,1,7.5,13,0.5,5.461538461538462,78,65,0.8333333333333334,7.359800721939871,4.477594375610352,88.0226682987398,96,9,2,0,1,1,2.0711630377057886,0.7866666666666665,1.6199999999999974,0.15824765310683947,0.0,1.2820512820512822,1.2820512820512822,0.1282051282051282,1.7310252996005326,0.8310399701834745,0.06554840505123138
test,audio_23.wav,,False,False,True,0.8333333333333334,0.0,0.8333333333333334,0.8333333333333334,0.0,0.8333333333333334,0.0,0.0,0.0,3.333333333333333,3.333333333333333,0.2857142857142857,4,7,17.285714285714285,0.0,0.3636363636363636,0.1239669421487603,0.0909090909090909,0.024793388429752,0.0661157024793388,0.024793388429752,0.0661157024793388,0.0,1.0,0,1,5.571428571428571,8,0.7142857142857143,5.6,120,74,0.6166666666666667,6.7552448758970485,3.696444155564949,40.30373544358628,134,7,0,0,0,0,2.8804608737397976,0.6057142857142844,0.8600000000000012,0.09237472766884514,0.0,0.0,0.0,0.03333333333333333,2.6079905025679198,0.9231638285020988,0.30075961351394653
test,audio_56.wav,,False,False,True,1.4814814814814814,0.0,0.7407407407407407,2.2222222222222223,0.7407407407407407,2.962962962962963,0.0,0.0,0.0,8.148148148148149,8.148148148148149,0.8333333333333334,11,5,27.2,0.0,0.1985294117647058,0.1691176470588235,0.0441176470588235,0.088235294117647,0.0661764705882353,0.0955882352941176,0.1176470588235294,0.0,1.0,1,3,5.0,9,2.0,4.333333333333333,135,72,0.5333333333333333,6.196773353931867,5.042263997395834,154.82013091883016,150,10,0,2,1,1,2.6488785769528223,0.47399999999999914,0.8399999999999999,0.08395324123273099,1.4598540145985401,0.7299270072992701,0.7299270072992701,0.1678832116788321,2.280494592668501,0.7760332874192374,0.01655542477965355
test,audio_97.wav,,False,False,True,0.0,1.25,1.25,1.25,0.0,0.0,0.0,0.0,0.0,3.75,3.75,0.3333333333333333,3,5,16.0,0.0,0.35,0.075,0.0875,0.0375,0.0625,0.025,0.0625,0.0,1.0,0,1,4.8,7,0.8,4.375,80,56,0.7,6.260990336999411,3.8703524271647134,47.95928525770489,96,10,0,0,0,1,2.1929824561403515,0.534000000000001,0.9200000000000017,0.12769010043041631,0.0,0.0,1.25,0.15,1.7754105636928539,0.8292011165991425,0.1564648449420929
test,audio_148.wav,,False,False,True,0.0,0.0,0.9345794392523364,0.0,0.9345794392523364,0.9345794392523364,1.8691588785046729,0.0,0.0,4.672897196261682,2.803738317757009,0.5,3,7,15.857142857142858,0.0,0.1801801801801801,0.1981981981981982,0.0,0.1081081081081081,0.036036036036036,0.2162162162162162,0.081081081081081,0.1,0.9,3,3,4.0,6,0.2857142857142857,3.869158878504673,107,53,0.4953271028037383,5.1237033919420165,3.03245947265625,20.748199517194205,125,11,0,0,0,0,2.8276955602537006,0.518181818181819,0.7800000000000011,0.1309141019751954,0.0,0.0,0.0,0.018691588785046728,2.374611628939192,0.9279591887493,0.05849883705377579
test,audio_59.wav,,False,False,True,0.8547008547008547,0.0,0.0,3.418803418803418,0.0,1.709401709401709,0.0,0.0,0.0,5.982905982905983,5.982905982905983,0.75,7,8,14.625,0.0,0.2051282051282051,0.1623931623931624,0.1111111111111111,0.0769230769230769,0.0256410256410256,0.1538461538461538,0.1025641025641025,0.0588235294117647,0.9411764705882352,0,3,4.5,7,0.875,4.145299145299146,117,68,0.5811965811965812,6.28660222388593,3.873505803464933,48.11075763038976,131,13,3,0,1,0,2.7228298813125438,0.7500000000000008,1.4000000000000057,0.18493930197268607,0.0,0.8547008547008547,0.0,0.08547008547008547,1.9475756740307637,0.8686632200375072,0.05046805366873741
test,audio_5.wav,,False,False,True,0.0,0.0,0.0,0.0,0.0,0.0,1.1764705882352942,0.0,1.1764705882352942,2.3529411764705883,0.0,0.25,0,9,9.666666666666666,0.2222222222222222,0.160919540229885,0.0919540229885057,0.0804597701149425,0.1034482758620689,0.0919540229885057,0.1494252873563218,0.0804597701149425,0.25,0.75,0,2,3.0,5,0.2222222222222222,3.541176470588235,85,46,0.5411764705882353,4.989400529829092,3.352761062921262,28.58154022969192,102,9,0,0,0,0,2.8774542992552474,0.5733333333333334,0.8000000000000007,0.14870317002881847,0.0,0.0,0.0,0.08235294117647059,2.314814814814815,0.8524484434548546,0.055088162422180176
test,audio_119.wav,,False,False,True,0.0,0.0,0.0,0.0,0.0,2.3622047244094486,0.0,0.0,0.0,2.3622047244094486,2.3622047244094486,0.75,3,2,63.5,0.0,0.2283464566929134,0.1732283464566929,0.0393700787401574,0.0472440944881889,0.0472440944881889,0.1259842519685039,0.1023622047244094,0.0714285714285714,0.9285714285714286,1,4,9.5,11,5.5,4.433070866141732,127,72,0.5669291338582677,6.38896686779602,3.5526656087239585,34.90623996286579,150,9,1,6,0,0,3.496319663512092,0.5799999999999995,1.4199999999999982,0.12066574202496522,4.511278195488722,0.0,0.0,0.022556390977443608,2.95162006213937,0.9389332573628053,0.0009770187316462398
test,audio_80.wav,,False,False,True,0.9345794392523364,0.0,0.0,0.0,0.0,3.7383177570093458,0.0,0.0,0.0,4.672897196261682,4.672897196261682,0.5,5,8,13.375,0.0,0.1775700934579439,0.1588785046728972,0.1401869158878504,0.0186915887850467,0.0560747663551401,0.1869158878504672,0.0467289719626168,0.0,1.0,0,1,4.25,7,0.75,3.4299065420560746,107,39,0.3644859813084112,3.7702723072780877,2.83731640625,17.06989535172389,125,14,2,1,0,2,2.906350914962325,0.6442857142857144,1.2999999999999998,0.19532265049805111,0.9259259259259259,0.0,1.8518518518518519,0.027777777777777776,1.9249042282170017,0.9228929172925375,0.11621802300214767
test,audio_58.wav,,False,False,True,0.7518796992481203,1.5037593984962403,1.5037593984962403,0.7518796992481203,0.0,2.255639097744361,0.7518796992481203,0.0,0.0,7.518796992481203,6.7669172932330826,0.6666666666666666,9,6,22.166666666666668,0.0,0.3007518796992481,0.0526315789473684,0.0902255639097744,0.0827067669172932,0.0902255639097744,0.0300751879699248,0.0676691729323308,0.0,1.0,2,3,4.833333333333333,7,0.6666666666666666,4.165413533834586,133,68,0.5112781954887218,5.896347792764016,4.506307230367289,90.58668434765214,154,14,0,1,1,0,2.8595817328211686,0.5414285714285709,0.9399999999999977,0.13923585598824378,0.746268656716418,0.746268656716418,0.0,0.08208955223880597,2.2305567548728407,0.8433153100534162,0.014040734618902206
test,audio_123.wav,,False,False,True,0.0,2.150537634408602,0.0,1.075268817204301,0.0,2.150537634408602,2.150537634408602,1.075268817204301,1.075268817204301,9.67741935483871,5.376344086021505,0.8571428571428571,5,7,13.285714285714286,0.1428571428571428,0.4516129032258064,0.0967741935483871,0.053763440860215,0.021505376344086,0.032258064516129,0.075268817204301,0.075268817204301,0.0,1.0,0,1,5.714285714285714,10,0.1428571428571428,4.763440860215054,93,59,0.6344086021505376,6.118014998909509,3.3995729039927,29.95130523240612,122,7,1,0,1,7,2.4603174603174605,0.7914285714285718,2.400000000000002,0.12782648823257967,0.0,1.075268817204301,7.526881720430108,0.021505376344086023,2.0639147802929427,0.8965908863638463,0.2539671063423157
test,audio_188.wav,,False,False,True,0.0,0.0,2.5316455696202533,0.0,0.0,0.0,0.0,0.0,0.0,2.5316455696202533,2.5316455696202533,0.2,2,5,15.8,0.0,0.1265822784810126,0.2025316455696202,0.0126582278481012,0.1012658227848101,0.0759493670886076,0.240506329113924,0.0632911392405063,0.0,1.0,1,2,5.0,7,1.6,4.189873417721519,79,48,0.6075949367088608,5.400421924444915,3.2762374877929688,26.47596890491714,92,8,0,0,1,0,2.296511627906977,0.5125,0.8800000000000026,0.10649350649350649,0.0,1.2658227848101267,0.0,0.02531645569620253,1.7532179316466932,0.9277228412183025,0.06699124723672867
test,audio_121.wav,,False,False,True,1.1764705882352942,3.5294117647058822,0.0,1.1764705882352942,0.0,1.1764705882352942,2.3529411764705883,0.0,0.0,9.411764705882351,7.0588235294117645,0.6666666666666666,6,3,28.666666666666668,0.0,0.2325581395348837,0.0930232558139534,0.0813953488372093,0.0581395348837209,0.0697674418604651,0.1744186046511628,0.1046511627906976,0.0909090909090909,0.9090909090909092,0,3,6.0,7,1.6666666666666667,3.8117647058823527,85,55,0.6470588235294118,5.965587590013045,4.13642333984375,62.57859832401433,100,9,0,5,1,0,2.2807906741003547,0.5244444444444445,0.9800000000000004,0.10683567224988684,5.555555555555555,1.1111111111111112,0.0,0.06666666666666667,1.9973368841544605,0.8761597721889202,0.004209484439343214
test,audio_107.wav,,False,False,True,0.0,0.0,0.0,0.0,0.0,0.0,0.0,0.0,0.0,0.0,0.0,0.0,0,1,8.0,0.0,0.5,0.0,0.125,0.0,0.125,0.125,0.0,0.0,1.0,0,1,4.0,4,0.0,5.375,8,8,1.0,2.82842712474619,4.69272698296441,109.15042568238717,9,0,0,0,0,0,1.4134275618374559,0.0,0.0,0.0,0.0,0.0,0.0,0.0,1.2345679012345678,0.8831916153430939,0.6346615552902222
test,audio_214.wav,,False,False,True,0.0,0.0,0.0,0.0,0.0,1.9047619047619049,0.0,0.0,0.0,1.9047619047619049,1.9047619047619049,0.25,2,9,12.11111111111111,0.0,0.2110091743119266,0.1009174311926605,0.0642201834862385,0.0825688073394495,0.110091743119266,0.1834862385321101,0.055045871559633,0.3333333333333333,0.6666666666666666,1,4,3.7777777777777777,7,0.6666666666666666,4.180952380952381,105,69,0.6571428571428571,6.733710503344879,3.653837233323317,38.62258593976383,130,8,1,1,1,0,2.8540656973613356,0.5324999999999996,1.1400000000000006,0.10289855072463762,0.9433962264150944,0.9433962264150944,0.0,0.03773584905660377,2.3037969181282736,0.923507950426835,0.16552619636058807
test,audio_73.wav,,False,False,True,0.0,0.8130081300813008,0.0,0.0,0.0,0.0,0.0,0.0,0.0,0.8130081300813008,0.8130081300813008,0.1111111111111111,1,9,14.333333333333334,0.0,0.2015503875968992,0.1395348837209302,0.0775193798449612,0.0775193798449612,0.0852713178294573,0.1472868217054263,0.0465116279069767,0.0769230769230769,0.9230769230769232,2,4,4.444444444444445,8,0.7777777777777778,4.40650406504065,123,84,0.6829268292682927,7.574024931206431,3.504441604115605,33.26286481884053,153,15,1,6,3,0,2.5615567911040507,0.5813333333333335,1.0,0.1475964793500339,4.651162790697675,2.3255813953488373,0.0,0.046511627906976744,2.1473270252134062,0.9153616023556755,0.0022226921282708645
test,audio_169.wav,,False,False,True,0.0,0.0,1.0526315789473684,0.0,0.0,2.1052631578947367,0.0,0.0,0.0,3.1578947368421053,3.1578947368421053,0.75,3,3,31.666666666666668,0.0,0.2631578947368421,0.1263157894736842,0.0526315789473684,0.0736842105263157,0.0421052631578947,0.1473684210526315,0.0736842105263157,0.1818181818181818,0.8181818181818182,0,2,7.0,11,3.333333333333333,4.042105263157895,95,64,0.6736842105263158,6.566261453344986,3.64486409124927,38.27757024127338,107,8,0,0,0,0,2.4002021222839818,0.4625000000000007,0.620000000000001,0.08548983364140493,0.0,0.0,0.0,0.05263157894736842,2.108300044385264,0.9042218473396804,0.24117988348007202
test,audio_7.wav,,False,False,True,0.0,0.0,0.0,1.4814814814814814,0.0,2.2222222222222223,0.7407407407407407,0.0,0.0,4.444444444444445,3.703703703703704,0.6666666666666666,5,6,22.666666666666668,0.0,0.2279411764705882,0.1397058823529411,0.0147058823529411,0.0514705882352941,0.0955882352941176,0.088235294117647,0.0441176470588235,0.0,1.0,4,3,5.166666666666667,7,1.6666666666666667,3.659259259259259,135,58,0.42962962962962964,4.991845201778449,2.953839807702391,19.179457947239072,149,12,0,2,2,0,3.5976890756302518,0.5333333333333329,0.9600000000000009,0.14388489208633082,1.4598540145985401,1.4598540145985401,0.0,0.08029197080291971,3.0444444444444443,0.8871587822307241,0.001476662582717836
test,audio_42.wav,,False,False,True,1.1494252873563218,0.0,0.0,0.0,0.0,1.1494252873563218,0.0,0.0,0.0,2.2988505747126435,2.2988505747126435,0.25,2,5,17.8,0.0,0.1235955056179775,0.146067415730337,0.0898876404494382,0.0674157303370786,0.1011235955056179,0.2022471910112359,0.0786516853932584,0.8461538461538461,0.1538461538461538,1,4,4.4,9,1.2,3.2988505747126435,87,50,0.5747126436781609,5.360562674188974,2.7200927734375,15.181730640960778,100,7,4,0,0,0,2.244003095176683,1.1071428571428577,2.4400000000000013,0.16659501289767847,0.0,0.0,0.0,0.10344827586206896,1.5930181858132118,0.8740452169458529,0.12120586633682251
test,audio_88.wav,,False,False,True,0.0,0.0,0.0,0.0,0.0,2.5,0.0,0.0,0.0,2.5,2.5,0.5,3,5,26.4,0.0,0.0984848484848484,0.1212121212121212,0.0454545454545454,0.1136363636363636,0.1439393939393939,0.2424242424242424,0.0681818181818181,0.1818181818181818,0.8181818181818182,0,4,5.0,9,2.4,3.622950819672131,120,70,0.5833333333333334,6.390096504226938,2.8098866230732686,16.608035144056426,148,12,7,1,0,2,2.79816513761468,1.186666666666669,3.5400000000000063,0.24619640387275288,0.819672131147541,0.0,1.639344262295082,0.04918032786885246,2.030805403690198,0.8950246087672402,0.008181118406355381
test,audio_64.wav,,False,False,True,0.0,0.0,1.5625,3.125,0.0,3.125,1.5625,0.0,0.0,9.375,7.8125,1.0,5,1,64.0,0.0,0.1875,0.171875,0.015625,0.03125,0.125,0.1875,0.078125,0.1666666666666666,0.8333333333333334,0,3,11.0,11,7.0,3.875,64,44,0.6875,5.5,4.758455088440801,116.56570301863032,71,2,0,0,1,0,1.8048505358150029,0.4800000000000004,0.5399999999999991,0.026359143327841866,0.0,1.5625,0.0,0.171875,1.0653405396407596,0.7856745280878386,0.015285800211131573
test,audio_195.wav,,False,False,True,0.0,1.351351351351351,0.0,0.0,0.0,1.351351351351351,0.0,0.0,0.0,2.702702702702702,2.702702702702702,0.3333333333333333,2,3,25.0,0.0,0.24,0.1333333333333333,0.0933333333333333,0.08,0.0933333333333333,0.0933333333333333,0.08,0.0,1.0,0,2,6.666666666666667,8,2.333333333333333,4.351351351351352,74,55,0.7432432432432432,6.393620130910061,3.919469940528441,50.373736624020445,89,6,0,6,0,0,1.929570670525808,0.35666666666666713,0.54,0.049082568807339515,7.5,0.0,0.0,0.0625,1.7777777777777777,0.8911827871575951,0.15352535247802734
test,audio_57.wav,,False,False,True,0.0,0.0,0.0,0.6993006993006993,0.6993006993006993,4.195804195804196,1.3986013986013983,0.0,0.0,6.993006993006993,5.594405594405594,0.5,8,7,20.714285714285715,0.0,0.1862068965517241,0.1448275862068965,0.0551724137931034,0.0551724137931034,0.096551724137931,0.1793103448275862,0.1241379310344827,0.0,1.0,3,3,4.285714285714286,9,2.4285714285714284,3.909090909090909,143,70,0.48951048951048953,5.853694070049635,4.1733422217431,64.93210735180733,154,4,0,0,2,0,2.6501111934766493,0.4549999999999994,0.6399999999999988,0.03262818214413764,0.0,1.3986013986013985,0.0,0.09090909090909091,2.3803702682598225,0.848771751526144,0.03648623451590538
test,audio_13.wav,,False,False,True,1.075268817204301,0.0,1.075268817204301,0.0,0.0,6.451612903225806,0.0,0.0,0.0,8.602150537634408,8.602150537634408,0.8,8,5,18.6,0.2,0.2473118279569892,0.075268817204301,0.0967741935483871,0.0967741935483871,0.086021505376344,0.1505376344086021,0.075268817204301,0.0833333333333333,0.9166666666666666,0,2,4.6,7,1.2,4.279569892473118,93,52,0.5591397849462365,5.3921488125982115,3.78437608775526,44.008204733706215,101,2,0,0,0,4,2.2058823529411766,0.7100000000000006,0.9400000000000013,0.03258375401560352,0.0,0.0,4.301075268817204,0.06451612903225806,2.0639147802929427,0.8842771403411384,0.07236988097429276
test,audio_125.wav,,False,False,True,0.0,0.0,0.0,0.0,0.0,1.2820512820512822,0.0,1.2820512820512822,0.0,2.5641025641025643,1.2820512820512822,0.5,1,4,20.5,0.0,0.2439024390243902,0.073170731707317,0.1097560975609756,0.048780487804878,0.073170731707317,0.0975609756097561,0.0975609756097561,0.0,1.0,0,1,6.5,8,0.75,4.205128205128205,78,44,0.5641025641025641,4.98201895023622,3.2959244467995386,27.00236478502402,88,2,2,0,0,0,1.9089574155653455,1.6300000000000017,1.9200000000000017,0.0738893925657299,0.0,0.0,0.0,0.0,1.7310252996005326,0.9521625693409871,0.6035326272249222
test,audio_209.wav,,False,False,True,0.0,1.0101010101010102,1.0101010101010102,0.0,0.0,2.0202020202020203,1.0101010101010102,0.0,0.0,5.05050505050505,4.040404040404041,0.75,4,3,34.0,0.0,0.3137254901960784,0.1078431372549019,0.0392156862745098,0.0098039215686274,0.0784313725490196,0.0,0.0490196078431372,0.0,1.0,1,2,8.333333333333334,10,2.0,4.111111111111111,99,66,0.6666666666666666,6.6332495807108,4.37242958762429,79.23590861114052,110,3,0,0,0,0,2.575757575757576,0.4733333333333339,0.5999999999999996,0.034617259873232616,0.0,0.0,0.0,0.08823529411764706,2.263648468708389,0.8532295135014197,0.03182867169380188
test,audio_211.wav,,False,False,True,1.1111111111111112,1.1111111111111112,1.1111111111111112,2.2222222222222223,1.1111111111111112,2.2222222222222223,0.0,0.0,0.0,8.88888888888889,8.88888888888889,0.7142857142857143,8,7,12.857142857142858,0.0,0.2666666666666666,0.0888888888888888,0.1111111111111111,0.0333333333333333,0.1111111111111111,0.1666666666666666,0.0888888888888888,0.4545454545454545,0.5454545454545454,0,3,4.285714285714286,6,0.5714285714285714,4.455555555555556,90,58,0.6444444444444445,6.1137368096588665,4.141456460053066,62.89435789326817,106,10,3,0,1,0,2.5295109612141644,0.7799999999999987,2.16,0.17980636237897615,0.0,1.1111111111111112,0.0,0.044444444444444446,2.0035618878005343,0.895642978835989,0.2930237054824829
test,audio_63.wav,,False,False,True,0.0,0.925925925925926,0.925925925925926,1.851851851851852,0.0,3.703703703703704,0.0,0.0,0.0,7.407407407407407,7.407407407407407,0.6,8,4,27.25,0.0,0.1834862385321101,0.073394495412844,0.1376146788990825,0.055045871559633,0.091743119266055,0.1926605504587156,0.1009174311926605,0.4285714285714285,0.5714285714285714,0,3,4.0,8,1.75,3.657407407407408,108,61,0.5648148148148148,5.869727736761195,3.533676275686056,34.24964760280329,119,7,3,0,0,0,2.2434565849605312,1.2571428571428567,4.82,0.15454864769933258,0.0,0.0,0.0,0.037037037037037035,1.797762160643782,0.8809475851659145,0.027908680960536003
test,audio_86.wav,,False,False,True,0.0,0.0,0.9523809523809524,0.0,0.0,2.857142857142857,0.0,0.0,0.0,3.809523809523809,3.809523809523809,0.5,4,7,15.571428571428571,0.0,0.3027522935779816,0.1651376146788991,0.0275229357798165,0.055045871559633,0.0642201834862385,0.1559633027522936,0.073394495412844,0.2727272727272727,0.7272727272727273,0,4,4.0,12,1.0,4.457142857142857,105,73,0.6952380952380952,7.124070532524293,3.4098070187676224,30.259404198793863,133,14,3,1,0,0,2.317446436379537,0.8757142857142861,2.539999999999999,0.21137931034482768,0.9433962264150944,0.0,0.0,0.08490566037735849,1.7644702687800082,0.879521107607164,0.003713694866746664
test,audio_78.wav,,False,False,True,0.0,0.0,0.0,0.0,0.9433962264150944,0.9433962264150944,0.0,0.0,0.0,1.8867924528301887,1.8867924528301887,0.2857142857142857,2,7,15.285714285714286,0.1428571428571428,0.2336448598130841,0.1588785046728972,0.0747663551401869,0.1214953271028037,0.0560747663551401,0.0934579439252336,0.0373831775700934,0.0,1.0,0,1,4.142857142857143,6,1.4285714285714286,4.481132075471698,106,75,0.7075471698113207,7.284643967679481,3.5803094908248547,35.88464509705309,129,19,2,1,1,0,2.8321863419798823,0.5410526315789461,1.6199999999999974,0.21389929255097748,0.9345794392523364,0.9345794392523364,0.0,0.056074766355140186,1.781116214711895,0.9136043158403345,0.017859647050499916
test,audio_38.wav,,False,False,True,0.0,2.5974025974025974,2.5974025974025974,0.0,0.0,3.896103896103896,1.2987012987012987,0.0,0.0,10.38961038961039,9.090909090909092,1.0,7,6,13.333333333333334,0.1666666666666666,0.25,0.0875,0.1,0.1,0.0875,0.125,0.0875,0.0,1.0,0,2,3.0,5,0.5,4.987012987012987,77,55,0.7142857142857143,6.267831705280087,4.234914365022079,69.05576489140412,92,3,1,2,2,0,2.3737980769230766,6.72,18.880000000000003,0.37724550898203596,2.5316455696202533,2.5316455696202533,0.0,0.08860759493670886,1.31491344873502,0.8662452163009704,0.052615076303482056
test,audio_186.wav,,False,False,True,2.247191011235955,0.0,0.0,1.1235955056179776,0.0,3.3707865168539324,1.1235955056179776,0.0,0.0,7.865168539325842,6.741573033707865,0.6666666666666666,6,7,12.857142857142858,0.0,0.1555555555555555,0.1333333333333333,0.0666666666666666,0.0444444444444444,0.1,0.2666666666666666,0.0888888888888888,0.5,0.5,0,2,3.7142857142857135,5,0.2857142857142857,3.853932584269663,89,53,0.5955056179775281,5.617988764033708,3.723988234394728,41.42929479719536,99,5,1,0,0,0,2.289094650205761,0.6199999999999999,1.1400000000000006,0.07384468794664124,0.0,0.0,0.0,0.06741573033707865,1.9751442521083,0.8941740220349826,0.0903577134013176
test,audio_154.wav,,False,False,True,0.0,0.0,0.0,2.857142857142857,0.0,2.857142857142857,0.0,0.0,0.0,5.714285714285714,5.714285714285714,0.5,4,7,10.285714285714286,0.0,0.3472222222222222,0.0694444444444444,0.0555555555555555,0.0833333333333333,0.0833333333333333,0.125,0.0277777777777777,0.2,0.8,0,2,3.7142857142857135,7,0.4285714285714285,4.5,70,44,0.6285714285714286,5.259005881071332,3.566414211107337,35.389466207806926,92,8,2,3,0,0,1.9685039370078743,0.7300000000000003,1.5600000000000023,0.13290851160673653,4.0,0.0,0.0,0.05333333333333334,1.6644474034620504,0.8736664923032122,0.18985967338085175
test,audio_21.wav,,False,False,True,1.1111111111111112,0.0,0.0,1.1111111111111112,0.0,3.333333333333333,0.0,0.0,0.0,5.555555555555555,5.555555555555555,0.6666666666666666,5,6,15.166666666666666,0.0,0.3626373626373626,0.0989010989010989,0.0329670329670329,0.0219780219780219,0.0109890109890109,0.1538461538461538,0.0439560439560439,0.75,0.25,0,2,4.5,6,0.1666666666666666,4.617977528089888,90,54,0.6,5.692099788303083,3.7704879097316577,43.40123555592516,138,11,1,0,0,0,2.4324324324324325,0.6436363636363645,1.3000000000000007,0.16061705989110725,0.0,0.0,0.0,0.05555555555555555,1.9973368841544605,0.832523045528818,0.12911754846572876
test,audio_120.wav,,False,False,True,0.0,0.0,1.2987012987012987,0.0,0.0,2.5974025974025974,1.2987012987012987,0.0,0.0,5.194805194805195,3.896103896103896,1.0,3,2,38.5,0.0,0.1948051948051948,0.1428571428571428,0.0779220779220779,0.0909090909090909,0.0909090909090909,0.1558441558441558,0.0909090909090909,0.0,1.0,1,3,6.0,8,3.0,4.753246753246753,77,50,0.6493506493506493,5.698028822981897,4.396736236939947,81.18546567044763,83,8,0,5,0,1,2.0623742454728373,0.46999999999999986,0.9799999999999995,0.0863970588235294,6.097560975609756,0.0,1.2195121951219512,0.06097560975609756,1.6666666666666665,0.885356078607246,0.0002124906750395894
test,audio_183.wav,,False,False,True,1.0,0.0,1.0,2.0,0.0,1.0,3.0,1.0,0.0,9.0,5.0,1.0,5,4,26.25,0.0,0.2285714285714285,0.1238095238095238,0.0571428571428571,0.0952380952380952,0.0857142857142857,0.1428571428571428,0.0857142857142857,0.0833333333333333,0.9166666666666666,0,3,5.75,12,1.75,4.14,100,51,0.51,5.1,3.776202786353328,43.64997835256114,124,6,1,2,0,0,2.5711432850723916,0.6333333333333337,1.0200000000000005,0.08663930688554497,1.941747572815534,0.0,0.0,0.038834951456310676,2.285841100754549,0.8950733434854691,0.00018512904352974147
test,audio_25.wav,,False,False,True,0.0,0.0,0.9523809523809524,0.0,0.0,5.714285714285714,0.0,0.0,0.0,6.666666666666667,6.666666666666667,1.0,7,2,53.0,0.0,0.2264150943396226,0.1320754716981132,0.0660377358490566,0.0471698113207547,0.0660377358490566,0.1415094339622641,0.0754716981132075,0.3333333333333333,0.6666666666666666,0,2,12.5,17,4.5,4.419047619047619,105,75,0.7142857142857143,7.319250547113999,4.590880267387997,98.58116976813956,113,5,1,2,0,2,2.648514851485149,0.7520000000000004,1.7199999999999998,0.08514492753623194,1.8691588785046729,0.0,1.8691588785046729,0.08411214953271028,2.325764635879267,0.8492577552238357,0.07340310513973236
test,audio_122.wav,,False,False,True,0.0,0.0,2.803738317757009,0.0,0.0,0.9345794392523364,0.9345794392523364,0.0,0.0,4.672897196261682,3.7383177570093458,0.5714285714285714,4,7,15.285714285714286,0.0,0.205607476635514,0.2429906542056074,0.0186915887850467,0.0093457943925233,0.0,0.2710280373831775,0.0560747663551401,0.0714285714285714,0.9285714285714286,0,2,3.857142857142857,6,0.7142857142857143,4.130841121495327,107,46,0.42990654205607476,4.446987849610053,3.658755467942924,38.81300876725761,121,11,2,0,0,1,2.801047120418848,0.6072727272727275,1.5000000000000018,0.14884135472370774,0.0,0.0,0.9345794392523364,0.06542056074766354,2.374611628939192,0.8804195881516577,0.050286490470170975
test,audio_36.wav,,False,False,True,1.45985401459854,0.7299270072992701,0.7299270072992701,0.0,0.0,3.6496350364963503,1.45985401459854,0.7299270072992701,0.0,8.75912408759124,6.569343065693431,0.8,9,6,23.5,0.0,0.1631205673758865,0.1773049645390071,0.0567375886524822,0.0921985815602836,0.0780141843971631,0.1985815602836879,0.0709219858156028,0.6190476190476191,0.3809523809523809,0,3,5.5,7,2.5,3.8905109489051095,137,80,0.583941605839416,6.834861261734087,4.219819680238381,68.02121761374578,156,6,2,2,0,0,2.758077226162332,1.363333333333334,4.340000000000003,0.13878520529351887,1.4285714285714286,0.0,0.0,0.09285714285714286,2.330226364846871,0.8635615269520454,0.04482356458902359
test,audio_76.wav,,False,False,True,0.0,0.684931506849315,0.0,0.684931506849315,0.0,0.684931506849315,0.0,0.0,0.0,2.054794520547945,2.054794520547945,0.2,3,14,11.142857142857142,0.0,0.2307692307692307,0.1025641025641025,0.0833333333333333,0.0705128205128205,0.0961538461538461,0.1153846153846153,0.0512820512820512,0.0,1.0,0,3,3.2142857142857144,7,0.5714285714285714,3.986206896551724,146,88,0.6027397260273972,7.2829318197008375,3.298191292576058,27.06364441108285,189,14,0,3,0,1,3.1111111111111107,0.5299999999999998,0.7400000000000002,0.13035839775122973,1.948051948051948,0.0,0.6493506493506493,0.045454545454545456,2.563475673510578,0.9072012100126836,0.06539389491081238
test,audio_163.wav,,False,False,True,0.0,0.0,0.0,0.0,0.0,0.0,1.7241379310344829,1.7241379310344829,0.0,3.4482758620689653,0.0,0.5,0,4,14.5,0.0,0.3275862068965517,0.1034482758620689,0.1379310344827586,0.0172413793103448,0.0517241379310344,0.1379310344827586,0.0862068965517241,0.0,1.0,0,1,5.0,6,0.5,5.482758620689655,58,40,0.6896551724137931,5.252257314388902,4.783973487647804,119.5785512008203,74,6,1,4,0,3,1.81924882629108,0.7266666666666667,2.379999999999999,0.113423517169615,6.451612903225806,0.0,4.838709677419355,0.12903225806451613,1.4783023366714354,0.7686667416668159,0.00022408852237276733
test,audio_83.wav,,False,False,True,0.925925925925926,0.0,0.0,0.0,0.0,1.851851851851852,0.0,0.0,0.0,2.7777777777777777,2.7777777777777777,0.4,3,6,18.5,0.0,0.1621621621621621,0.1441441441441441,0.072072072072072,0.054054054054054,0.0990990990990991,0.1621621621621621,0.0990990990990991,0.0,1.0,2,2,4.5,7,1.1666666666666667,3.851851851851852,108,65,0.6018518518518519,6.2546279162209455,2.9669587733381886,19.43273030011863,118,5,5,1,0,0,2.4008810572687227,2.4160000000000013,6.040000000000006,0.21016005567153803,0.9174311926605505,0.0,0.0,0.045871559633027525,1.8144081065756688,0.9113944339870677,0.002863965928554535
test,audio_103.wav,,False,False,True,0.0,0.0,1.4705882352941178,0.0,0.0,5.882352941176471,0.0,0.0,0.0,7.352941176470588,7.352941176470588,0.5,5,6,11.333333333333334,0.0,0.2647058823529412,0.1764705882352941,0.0735294117647058,0.0588235294117647,0.088235294117647,0.1470588235294117,0.0588235294117647,0.5,0.5,0,3,3.6666666666666665,5,0.6666666666666666,4.720588235294118,68,52,0.7647058823529411,6.305926250944657,4.506673422204443,90.61986252643344,83,9,4,0,0,0,1.3109697320223637,0.9522222222222221,1.6800000000000033,0.1417935142289874,0.0,0.0,0.0,0.04411764705882353,1.1235955056179774,0.8587394372067031,0.435260534286499
test,audio_93.wav,,False,False,True,1.851851851851852,0.0,0.925925925925926,2.7777777777777777,0.925925925925926,0.925925925925926,0.925925925925926,0.0,0.0,8.333333333333334,7.407407407407407,0.7142857142857143,8,7,16.0,0.2857142857142857,0.1160714285714285,0.125,0.0357142857142857,0.0803571428571428,0.125,0.2142857142857142,0.1071428571428571,0.1428571428571428,0.8571428571428571,0,3,4.285714285714286,8,1.8571428571428568,4.092592592592593,108,65,0.6018518518518519,6.2546279162209455,3.548050653366816,34.74552036588189,126,8,0,3,0,1,2.914915966386555,0.4999999999999998,0.759999999999998,0.09505703422053229,2.7027027027027026,0.0,0.9009009009009009,0.02702702702702703,2.4633821571238346,0.9197890806367044,0.010040347464382648
test,audio_26.wav,,False,False,True,0.0,0.0,0.0,1.1235955056179776,0.0,0.0,0.0,0.0,0.0,1.1235955056179776,1.1235955056179776,0.1111111111111111,1,9,9.88888888888889,0.0,0.146067415730337,0.1573033707865168,0.0449438202247191,0.1348314606741573,0.0786516853932584,0.2134831460674157,0.0449438202247191,1.0,0.0,0,2,2.888888888888889,6,0.4444444444444444,4.112359550561798,89,55,0.6179775280898876,5.82998834003498,3.0627083914620536,21.38539882933237,105,8,3,0,0,1,2.3335081279496594,0.7700000000000007,1.1600000000000001,0.1390519187358918,0.0,0.0,1.1235955056179776,0.0449438202247191,2.0081227436823106,0.9040132796719728,0.3726809620857239
test,audio_72.wav,,False,False,True,0.0,0.0,0.0,0.0,0.0,2.027027027027027,0.6756756756756757,0.0,0.0,2.702702702702702,2.027027027027027,0.3636363636363636,3,11,13.636363636363637,0.0909090909090909,0.1866666666666666,0.1266666666666666,0.1266666666666666,0.0666666666666666,0.0733333333333333,0.1333333333333333,0.02,0.0,1.0,0,2,5.363636363636363,8,1.0,4.263513513513513,148,90,0.6081081081081081,7.397954428741079,3.1943102580745046,24.39334277725206,164,9,3,0,1,0,3.3183856502242146,1.5155555555555549,7.18,0.2342032967032966,0.0,0.6756756756756757,0.0,0.04054054054054054,2.4635999979192564,0.9335183714692658,0.04750122129917145
test,audio_210.wav,,False,False,True,1.5873015873015872,0.7936507936507936,0.7936507936507936,0.0,0.0,2.380952380952381,0.0,0.7936507936507936,0.0,6.349206349206349,5.555555555555555,0.4285714285714285,7,3,42.66666666666666,0.0,0.2890625,0.109375,0.0234375,0.0078125,0.0546875,0.15625,0.0859375,0.4666666666666667,0.5333333333333333,0,2,6.666666666666667,9,3.6666666666666665,4.219512195121951,126,56,0.4444444444444444,4.988876515698588,3.668850880748821,39.20682664529235,159,8,1,1,0,0,3.490929081913139,0.6850000000000004,1.8399999999999999,0.13091256569517445,0.7874015748031497,0.0,0.0,0.07874015748031496,2.7777777777777777,0.8520198393653737,0.00027831149054691195
test,audio_104.wav,,False,False,True,0.0,0.0,0.0,0.0,0.0,0.0,2.4390243902439024,0.0,0.0,2.4390243902439024,0.0,0.5,0,2,20.5,0.0,0.4146341463414634,0.1219512195121951,0.024390243902439,0.1463414634146341,0.024390243902439,0.1707317073170731,0.048780487804878,0.0,1.0,0,1,5.5,8,1.0,4.2926829268292686,41,24,0.5853658536585366,3.7481702853265455,3.847109759295429,46.8574380565076,54,14,2,8,0,1,1.572528883183569,0.5442857142857144,1.3399999999999999,0.19649303764827236,16.3265306122449,0.0,2.0408163265306123,0.08163265306122448,1.174496644295302,0.8222465590212722,0.006101544015109539
test,audio_81.wav,,False,False,True,0.0,2.631578947368421,0.0,0.0,0.0,0.8771929824561403,2.631578947368421,0.0,0.0,6.140350877192983,3.508771929824561,0.5,4,5,23.2,0.0,0.2844827586206896,0.1034482758620689,0.0775862068965517,0.043103448275862,0.043103448275862,0.1034482758620689,0.0517241379310344,0.0,1.0,1,2,5.6,10,1.8,4.298245614035087,114,63,0.5526315789473685,5.900490612964672,3.2899470706637817,26.84144291854273,139,18,1,4,2,2,2.508503401360545,0.6077777777777782,1.0600000000000023,0.1886857537081754,3.389830508474576,1.694915254237288,1.694915254237288,0.059322033898305086,1.9663164165549678,0.8910543315617715,0.0929270014166832
test,audio_166.wav,,False,False,True,0.0,0.0,1.1764705882352942,1.1764705882352942,0.0,1.1764705882352942,0.0,0.0,0.0,3.5294117647058822,3.5294117647058822,0.75,3,3,28.33333333333333,0.0,0.2470588235294117,0.1176470588235294,0.0235294117647058,0.0352941176470588,0.1058823529411764,0.1529411764705882,0.0823529411764705,0.375,0.625,1,4,6.0,8,2.333333333333333,4.094117647058823,85,53,0.6235294117647059,5.7486571321943885,3.52914794921875,34.09490464481027,100,8,0,0,0,0,2.103960396039604,0.45500000000000007,0.8400000000000007,0.0826521344232516,0.0,0.0,0.0,0.03529411764705882,1.8863737239236573,0.9080048651087519,0.32605597376823425
test,audio_202.wav,,False,False,True,0.0,0.0,0.0,1.8691588785046729,0.0,2.803738317757009,0.0,0.0,0.0,4.672897196261682,4.672897196261682,0.1666666666666666,5,5,21.8,0.0,0.1009174311926605,0.1192660550458715,0.0642201834862385,0.036697247706422,0.128440366972477,0.2752293577981651,0.1009174311926605,0.1538461538461538,0.8461538461538461,1,4,4.6,9,1.6,4.140186915887851,107,60,0.5607476635514018,5.800418934273981,3.324129740397136,27.77481682090833,120,9,0,1,0,1,2.9032258064516134,0.5444444444444445,0.7400000000000073,0.11638954869358673,0.9259259259259259,0.0,0.9259259259259259,0.046296296296296294,2.4,0.9123139383478297,0.03452668339014053
test,audio_185.wav,,False,False,True,1.020408163265306,0.0,2.0408163265306123,3.061224489795918,0.0,4.081632653061225,0.0,0.0,0.0,10.20408163265306,10.20408163265306,0.6,10,4,24.75,0.0,0.1919191919191919,0.1212121212121212,0.0707070707070707,0.0505050505050505,0.101010101010101,0.2222222222222222,0.101010101010101,0.2142857142857142,0.7857142857142857,0,3,5.0,7,2.25,4.13265306122449,98,62,0.6326530612244898,6.262945776223707,3.587656091760706,36.14924603294967,108,7,0,1,2,0,2.3605150214592276,0.4428571428571426,0.7399999999999984,0.06882770870337475,1.0101010101010102,2.0202020202020203,0.0,0.050505050505050504,2.1970705725699067,0.860024690101243,0.036625735461711884
test,audio_9.wav,,False,False,True,2.409638554216868,1.2048192771084338,1.2048192771084338,0.0,0.0,1.2048192771084338,1.2048192771084338,0.0,0.0,7.228915662650603,6.024096385542169,1.0,5,3,28.0,0.0,0.238095238095238,0.1309523809523809,0.119047619047619,0.0714285714285714,0.1071428571428571,0.1071428571428571,0.0595238095238095,0.1538461538461538,0.8461538461538461,1,4,5.333333333333333,7,2.6666666666666665,4.192771084337349,83,50,0.6024096385542169,5.488212999484517,4.54756514231364,94.40227215625455,96,12,0,7,1,0,1.7084282460136675,0.4933333333333334,0.9599999999999991,0.10102389078498294,7.777777777777778,1.1111111111111112,0.0,0.08888888888888889,1.5,0.8264121177050078,0.0006356962257996202
test,audio_207.wav,,False,False,True,0.0,1.1764705882352942,1.1764705882352942,0.0,0.0,3.5294117647058822,2.3529411764705883,0.0,0.0,8.235294117647058,5.882352941176471,1.0,5,5,17.8,0.0,0.2134831460674157,0.1011235955056179,0.0898876404494382,0.0337078651685393,0.0786516853932584,0.1910112359550561,0.0561797752808988,0.1,0.9,0,2,4.0,7,1.0,3.7058823529411766,85,49,0.5764705882352941,5.314796216557077,3.9240617848405934,50.60557685979015,99,7,0,0,4,0,2.1806054386865057,0.4742857142857145,0.7799999999999994,0.07848699763593382,0.0,4.705882352941177,0.0,0.08235294117647059,1.877208480565371,0.8672280278860355,0.23489010334014893
test,audio_127.wav,,False,False,True,0.0,0.0,0.99009900990099,0.0,0.99009900990099,0.99009900990099,0.0,0.0,0.0,2.9702970297029703,2.9702970297029703,0.4285714285714285,3,9,11.444444444444445,0.1111111111111111,0.1359223300970873,0.1262135922330097,0.058252427184466,0.1553398058252427,0.087378640776699,0.1650485436893204,0.0970873786407767,0.0714285714285714,0.9285714285714286,0,4,3.2222222222222223,8,0.6666666666666666,4.138613861386139,101,61,0.6039603960396039,6.069726860280934,3.4470184578383263,31.406612434766306,121,8,2,0,2,0,2.6663146779303055,0.7199999999999992,1.3000000000000007,0.13198900091659013,0.0,1.9801980198019802,0.0,0.0297029702970297,2.2444444444444445,0.9228651873250999,0.19296808540821075
test,audio_12.wav,,False,False,True,1.351351351351351,2.702702702702702,1.351351351351351,0.0,0.0,1.351351351351351,1.351351351351351,0.0,0.0,8.108108108108109,6.756756756756757,1.0,5,1,77.0,0.0,0.1818181818181818,0.0649350649350649,0.0259740259740259,0.0389610389610389,0.1168831168831168,0.1818181818181818,0.1038961038961039,0.7777777777777778,0.2222222222222222,0,3,10.0,10,3.0,3.6666666666666665,74,36,0.4864864864864865,4.184914994777494,3.8250278379858993,45.83407627694309,82,3,0,0,0,0,2.191464821222607,0.42000000000000054,0.6600000000000001,0.03505843071786315,0.0,0.0,0.0,0.02631578947368421,1.9747793395207587,0.909164195390124,0.21593597531318665
test,audio_132.wav,,False,False,True,0.0,0.0,1.1764705882352942,0.0,0.0,1.1764705882352942,0.0,0.0,0.0,2.3529411764705883,2.3529411764705883,0.25,2,4,21.25,0.0,0.2588235294117647,0.1411764705882353,0.1176470588235294,0.1058823529411764,0.0470588235294117,0.0705882352941176,0.1058823529411764,0.1111111111111111,0.8888888888888888,0,2,4.25,5,0.75,4.658823529411765,85,52,0.611764705882353,5.640191903285061,3.528841059258644,34.084442866273506,94,6,1,1,0,0,2.1994884910485935,0.6433333333333339,1.4000000000000021,0.0898510242085662,1.1627906976744187,0.0,0.0,0.09302325581395349,1.9085663559698178,0.8525803954188906,0.04550905153155327
test,audio_109.wav,,False,False,True,4.3478260869565215,0.0,0.0,1.4492753623188406,0.0,1.4492753623188406,1.4492753623188406,0.0,0.0,8.695652173913043,7.246376811594203,1.0,5,5,13.8,0.0,0.2318840579710145,0.1159420289855072,0.0434782608695652,0.0579710144927536,0.0579710144927536,0.1014492753623188,0.1159420289855072,0.3333333333333333,0.6666666666666666,0,2,3.8,7,0.8,4.376811594202898,69,45,0.6521739130434783,5.417363388859614,3.583727872824367,36.007522423076246,79,7,0,0,0,0,1.4398998330550918,0.6142857142857139,0.9399999999999977,0.08234392952891607,0.0,0.0,0.0,0.11594202898550725,1.1546184738955825,0.7934022482106651,0.11884398013353348
test,audio_32.wav,,False,False,True,0.0,0.925925925925926,0.0,0.0,0.0,0.0,0.925925925925926,0.0,0.0,1.851851851851852,0.925925925925926,0.4,1,6,18.166666666666668,0.1666666666666666,0.1651376146788991,0.091743119266055,0.073394495412844,0.2110091743119266,0.0642201834862385,0.128440366972477,0.036697247706422,0.0,1.0,0,1,4.666666666666667,6,0.8333333333333334,4.342592592592593,108,63,0.5833333333333334,6.06217782649107,3.7229088955238216,41.38460267223909,122,8,0,1,0,2,2.4931381518755718,0.5324999999999993,0.8399999999999999,0.08878699458107533,0.9174311926605505,0.0,1.834862385321101,0.03669724770642202,2.0683111954459203,0.918979534041991,0.25362008810043335
test,audio_178.wav,,False,False,True,1.1904761904761905,0.0,0.0,1.1904761904761905,0.0,2.380952380952381,0.0,0.0,0.0,4.761904761904762,4.761904761904762,0.5,4,5,17.2,0.0,0.1976744186046511,0.1395348837209302,0.0581395348837209,0.0348837209302325,0.0581395348837209,0.1860465116279069,0.0930232558139534,0.3636363636363636,0.6363636363636364,0,2,4.2,7,1.4,3.892857142857143,84,57,0.6785714285714286,6.219209871725783,3.2420255220853367,25.58549327916173,91,4,2,0,1,0,2.0958083832335332,0.9950000000000017,1.1600000000000037,0.09033136631865653,0.0,1.1904761904761905,0.0,0.047619047619047616,1.8600531443755537,0.8927228440131459,0.21052411198616028
test,audio_61.wav,,False,False,True,0.0,0.8695652173913043,0.0,0.8695652173913043,0.8695652173913043,0.8695652173913043,0.0,0.0,0.0,3.4782608695652173,3.4782608695652173,0.3333333333333333,4,9,12.88888888888889,0.0,0.2586206896551724,0.0948275862068965,0.0775862068965517,0.043103448275862,0.0517241379310344,0.1120689655172413,0.0344827586206896,0.5833333333333334,0.4166666666666667,0,2,4.555555555555555,8,0.5555555555555556,3.8,115,61,0.5304347826086957,5.688279330265914,3.310727883841245,27.40506591850873,131,9,2,0,0,0,2.470187393526406,0.9244444444444456,2.980000000000004,0.15050651230101322,0.0,0.0,0.0,0.0603448275862069,1.9309297280988769,0.8684419122492445,0.19540363550186157
test,audio_34.wav,,False,False,True,0.8620689655172413,0.0,1.7241379310344829,0.0,0.0,0.8620689655172413,0.0,0.0,0.0,3.4482758620689653,3.4482758620689653,0.3333333333333333,4,11,10.818181818181818,0.0,0.226890756302521,0.1260504201680672,0.0336134453781512,0.0168067226890756,0.134453781512605,0.1008403361344537,0.042016806722689,0.0,1.0,0,2,3.8181818181818175,9,0.2727272727272727,3.956896551724138,116,63,0.5431034482758621,5.849403152577134,3.3138258713942306,27.490098117952527,130,7,2,0,0,0,2.3264984227129335,1.0542857142857134,2.34,0.1270223752151462,0.0,0.0,0.0,0.0423728813559322,1.9640479360852197,0.9114382663520716,0.07296407222747803
test,audio_106.wav,,False,False,True,0.0,0.0,0.0,1.8867924528301887,0.0,3.7735849056603774,0.0,0.0,0.0,5.660377358490566,5.660377358490566,0.3333333333333333,3,3,17.666666666666668,0.0,0.3396226415094339,0.1509433962264151,0.0188679245283018,0.0,0.0943396226415094,0.0754716981132075,0.0754716981132075,0.1428571428571428,0.8571428571428571,0,3,4.666666666666667,5,0.6666666666666666,4.735849056603773,53,33,0.6226415094339622,4.532898610306738,4.0960265612993085,60.10100486586515,61,6,2,3,0,2,1.772151898734177,0.8866666666666663,2.1000000000000014,0.1440953412784398,5.357142857142857,0.0,3.5714285714285716,0.14285714285714285,1.4767932489451476,0.8060270800321762,0.03007340244948864
test,audio_49.wav,,False,False,True,0.0,0.0,0.0,0.0,0.0,0.970873786407767,0.0,0.0,0.0,0.970873786407767,0.970873786407767,0.1428571428571428,1,6,17.666666666666668,0.0,0.2358490566037736,0.1037735849056603,0.1132075471698113,0.0660377358490566,0.0754716981132075,0.160377358490566,0.0377358490566037,0.0,1.0,0,1,4.666666666666667,10,1.6666666666666667,4.252427184466019,103,73,0.7087378640776699,7.19290373059934,3.68735534187377,39.93908194516216,127,15,2,1,1,0,2.174822250104558,0.7013333333333328,1.5199999999999978,0.18032224888584147,0.9615384615384616,0.9615384615384616,0.0,0.057692307692307696,1.7311783769162343,0.9015446462689375,0.004133251029998064
test,audio_149.wav,,False,False,True,0.0,0.0,1.162790697674419,1.162790697674419,0.0,0.0,0.0,0.0,0.0,2.3255813953488373,2.3255813953488373,0.5,2,4,21.75,0.0,0.264367816091954,0.0804597701149425,0.0344827586206896,0.0689655172413793,0.0804597701149425,0.0919540229885057,0.0919540229885057,0.1111111111111111,0.8888888888888888,0,4,7.5,13,1.25,4.232558139534884,86,55,0.6395348837209303,5.930802526189113,3.157902308872768,23.52120392182349,98,2,0,0,3,0,2.5428740390301603,0.46000000000000085,0.46000000000000085,0.026482440990213064,0.0,3.488372093023256,0.0,0.03488372093023256,2.0417853751187085,0.9350469535462153,0.33821138739585876
test,audio_30.wav,,False,False,True,0.0,0.0,0.0,0.0,0.0,3.508771929824561,0.0,0.0,0.0,3.508771929824561,3.508771929824561,0.3333333333333333,4,6,19.0,0.0,0.2982456140350877,0.087719298245614,0.0789473684210526,0.043859649122807,0.0526315789473684,0.043859649122807,0.0789473684210526,0.0,1.0,0,1,6.166666666666667,8,0.8333333333333334,5.078947368421052,114,71,0.6228070175438597,6.6497592622300274,3.241671225182096,25.576430023761507,133,5,2,0,0,0,2.333196889070815,0.7239999999999999,1.0800000000000018,0.06897865853658536,0.0,0.0,0.0,0.07894736842105263,1.8976378362351032,0.8829122158257585,0.21114195883274078
test,audio_131.wav,,False,False,True,0.0,0.0,0.0,2.150537634408602,0.0,0.0,0.0,0.0,0.0,2.150537634408602,2.150537634408602,0.4,2,5,18.6,0.0,0.2473118279569892,0.1290322580645161,0.053763440860215,0.032258064516129,0.064516129032258,0.1612903225806451,0.0967741935483871,0.0,1.0,0,2,5.2,8,1.4,3.903225806451613,93,48,0.5161290322580645,4.977368134706041,3.0570824032738093,21.26542263689289,105,5,1,1,0,1,2.3005384238864415,0.5800000000000001,1.2800000000000011,0.06627056672760513,1.0638297872340425,0.0,1.0638297872340425,0.031914893617021274,2.088888888888889,0.9136523453353413,0.00035386861418373883
test,audio_162.wav,,False,False,True,1.020408163265306,0.0,1.020408163265306,3.061224489795918,0.0,3.061224489795918,2.0408163265306123,0.0,0.0,10.20408163265306,8.16326530612245,0.8,8,3,32.666666666666664,0.0,0.2346938775510204,0.1020408163265306,0.1224489795918367,0.0714285714285714,0.0306122448979591,0.1020408163265306,0.1122448979591836,0.0,1.0,1,2,5.666666666666667,8,2.6666666666666665,4.214285714285714,98,50,0.5102040816326531,5.050762722761053,4.556877486202695,95.28548458475838,109,5,1,1,0,0,2.7700055959709005,0.863999999999999,2.58,0.1078382426360458,1.0101010101010102,0.0,0.0,0.1111111111111111,2.2948539638386647,0.7951966905337288,0.00034511490957811475
test,audio_204.wav,,False,False,True,0.0,1.0638297872340423,1.0638297872340423,0.0,0.0,2.127659574468085,0.0,0.0,0.0,4.25531914893617,4.25531914893617,0.6,4,5,19.2,0.0,0.2708333333333333,0.1354166666666666,0.0416666666666666,0.0416666666666666,0.0416666666666666,0.1041666666666666,0.09375,0.4444444444444444,0.5555555555555556,0,2,7.4,13,0.6,4.074468085106383,94,59,0.6276595744680851,6.085385352926881,3.211996375967604,24.82860400843629,109,6,1,0,0,0,2.3035887487875852,0.6233333333333332,1.1600000000000001,0.08314806580702533,0.0,0.0,0.0,0.031578947368421054,2.111111111111111,0.9219693548781307,0.005550185218453407
test,audio_198.wav,,False,False,True,1.834862385321101,0.0,0.0,0.9174311926605504,0.9174311926605504,1.834862385321101,0.0,0.0,0.0,5.504587155963303,5.504587155963303,0.25,6,4,27.5,0.0,0.2454545454545454,0.1363636363636363,0.0363636363636363,0.009090909090909,0.109090909090909,0.1181818181818181,0.1,0.0,1.0,2,3,7.0,10,2.0,4.220183486238532,109,63,0.5779816513761468,6.034305596893254,3.29186281383547,26.89291351601329,117,3,0,0,0,0,2.79057859703021,0.7066666666666682,0.8200000000000003,0.05148130160271988,0.0,0.0,0.0,0.01834862385321101,2.411504424778761,0.9234490300263833,0.17849324643611908
test,audio_135.wav,,False,False,True,0.0,0.0,1.1494252873563218,1.1494252873563218,0.0,0.0,1.1494252873563218,0.0,0.0,3.4482758620689653,2.2988505747126435,0.4,2,4,22.5,0.0,0.1777777777777777,0.1333333333333333,0.0555555555555555,0.0888888888888888,0.0666666666666666,0.1555555555555555,0.1,0.3333333333333333,0.6666666666666666,0,2,5.5,10,1.5,4.0,87,54,0.6206896551724138,5.789407688124092,3.65392098060021,38.62582061160844,104,5,0,0,0,0,2.317527970165157,0.6239999999999997,0.8399999999999999,0.07673389080177075,0.0,0.0,0.0,0.0,1.9944979367262725,0.9471079119663129,0.5410703172286352
test,audio_187.wav,,False,False,True,0.0,1.162790697674419,0.0,1.162790697674419,0.0,1.162790697674419,1.162790697674419,0.0,0.0,4.651162790697675,3.488372093023256,0.6666666666666666,3,2,45.5,0.0,0.0769230769230769,0.1318681318681318,0.1098901098901098,0.0769230769230769,0.1208791208791208,0.2417582417582417,0.0879120879120879,0.0,1.0,1,2,9.5,12,5.5,3.779069767441861,86,52,0.6046511627906976,5.607304206578798,3.2131520280934343,24.85731382352424,99,4,2,0,0,1,2.226825479026411,0.9399999999999995,1.7399999999999984,0.08872109485606412,0.0,0.0,1.1627906976744187,0.03488372093023256,1.9085663559698178,0.9068898319504982,0.2660059332847595
test,audio_3.wav,,False,False,True,1.0526315789473684,2.1052631578947367,0.0,0.0,0.0,3.1578947368421053,0.0,0.0,0.0,6.315789473684211,6.315789473684211,0.5,6,6,16.5,0.0,0.202020202020202,0.1515151515151515,0.0404040404040404,0.0404040404040404,0.0707070707070707,0.1212121212121212,0.0606060606060606,0.1818181818181818,0.8181818181818182,2,5,5.0,9,1.3333333333333333,3.947368421052632,95,51,0.5368421052631579,5.232489595634286,3.836664322319381,46.37053900411811,109,6,1,0,0,0,2.5654450261780104,0.8666666666666654,1.3199999999999967,0.1198156682027648,0.0,0.0,0.0,0.030612244897959183,2.1777777777777776,0.906752969290377,0.009624993428587914
test,audio_98.wav,,False,False,True,1.5267175572519085,0.7633587786259542,0.0,1.5267175572519085,0.0,0.0,0.0,0.0,0.0,3.816793893129771,3.816793893129771,0.6,5,5,26.6,0.0,0.1353383458646616,0.1428571428571428,0.075187969924812,0.0676691729323308,0.1353383458646616,0.1428571428571428,0.0676691729323308,0.0,1.0,0,3,8.4,11,1.8,4.015151515151516,131,75,0.5725190839694656,6.552780424957784,3.381591574118956,29.41755409186053,137,4,0,1,0,1,3.1563845050215207,0.6499999999999999,0.980000000000004,0.058532192705988285,0.7575757575757576,0.0,0.7575757575757576,0.045454545454545456,2.929427430093209,0.9351481348567177,0.0016059019835665822
test,audio_159.wav,,False,False,True,1.1363636363636365,0.0,0.0,0.0,0.0,0.0,0.0,0.0,0.0,1.1363636363636365,1.1363636363636365,0.25,1,4,22.0,0.0,0.2386363636363636,0.1363636363636363,0.0681818181818181,0.0113636363636363,0.0909090909090909,0.0113636363636363,0.0909090909090909,0.1666666666666666,0.8333333333333334,2,4,5.75,8,1.25,4.420454545454546,88,47,0.5340909090909091,5.010216834356845,3.257579844485047,25.98656943809376,93,2,0,0,0,0,2.3342175066312993,0.6599999999999997,0.7799999999999994,0.033828805740645805,0.0,0.0,0.0,0.0,1.9529516200621393,0.9301040335135027,0.5001679062843323
test,audio_167.wav,,False,False,True,1.36986301369863,0.0,0.0,2.73972602739726,0.0,5.47945205479452,0.0,0.0,0.0,9.58904109589041,9.58904109589041,1.0,7,2,38.5,0.0,0.1298701298701298,0.1818181818181818,0.0519480519480519,0.1038961038961039,0.0649350649350649,0.1688311688311688,0.1038961038961039,0.2,0.8,0,2,6.5,7,3.0,3.6986301369863015,73,44,0.6027397260273972,5.149810476629745,3.764504825367647,43.142337578631896,85,7,2,0,1,0,2.1270396270396272,0.7457142857142854,1.58,0.1320182094081942,0.0,1.36986301369863,0.0,0.1095890410958904,1.6200621393697292,0.8414261662592627,0.1927955597639084
test,audio_205.wav,,False,False,True,1.2048192771084338,2.409638554216868,0.0,0.0,1.2048192771084338,0.0,2.409638554216868,0.0,0.0,7.228915662650603,4.819277108433735,0.5,4,6,13.833333333333334,0.1666666666666666,0.2048192771084337,0.1566265060240964,0.0602409638554216,0.0963855421686747,0.108433734939759,0.144578313253012,0.0963855421686747,0.0714285714285714,0.9285714285714286,0,4,3.333333333333333,5,1.3333333333333333,4.289156626506024,83,50,0.6024096385542169,5.488212999484517,3.5136703019289626,33.57125859434852,97,9,1,2,0,0,2.3351648351648353,0.7088888888888891,1.6000000000000014,0.1491351098644227,2.3529411764705883,0.0,0.0,0.09411764705882353,1.8956289027653879,0.8522313593503307,0.03496278449892998
test,audio_95.wav,,False,False,True,0.0,0.0,0.0,1.3157894736842106,0.0,0.0,1.3157894736842106,0.0,0.0,2.631578947368421,1.3157894736842106,0.25,1,4,19.25,0.0,0.2077922077922078,0.1298701298701298,0.1298701298701298,0.0649350649350649,0.0779220779220779,0.1168831168831168,0.1038961038961039,0.0,1.0,0,1,5.0,7,1.25,4.092105263157895,76,56,0.7368421052631579,6.423640548375729,3.6548046733057777,38.65996905367181,86,7,0,0,0,0,1.9750519750519748,0.5142857142857148,0.8200000000000003,0.08555133079847915,0.0,0.0,0.0,0.039473684210526314,1.6866400355082112,0.9233254104068405,0.30697229504585266
test,audio_68.wav,,False,False,True,0.0,0.0,0.7751937984496124,0.0,0.0,0.0,0.0,0.0,0.0,0.7751937984496124,0.7751937984496124,0.1111111111111111,1,9,14.88888888888889,0.0,0.2388059701492537,0.1119402985074626,0.0671641791044776,0.0597014925373134,0.0597014925373134,0.1641791044776119,0.0522388059701492,0.0,1.0,0,1,4.555555555555555,7,0.6666666666666666,3.9612403100775193,129,75,0.5813953488372093,6.603381797442179,3.643858689528245,38.23910524590256,156,12,4,5,2,2,2.910512597741095,0.9883333333333337,3.8000000000000043,0.20483592400690856,3.7313432835820897,1.492537313432836,1.492537313432836,0.05970149253731343,2.2305567548728407,0.8847357671871776,0.0013170266756787896
test,audio_31.wav,,False,False,True,0.0,1.7241379310344829,0.0,0.0,0.0,1.7241379310344829,0.0,0.0,0.0,3.4482758620689653,3.4482758620689653,0.6,4,5,23.2,0.0,0.3275862068965517,0.1293103448275862,0.0948275862068965,0.0,0.0172413793103448,0.0086206896551724,0.0775862068965517,0.0,1.0,0,1,7.6,10,1.0,4.931034482758621,116,82,0.7068965517241379,7.613508865259127,4.445079746531017,85.2066725029451,134,11,3,0,0,0,2.626811594202898,0.6909090909090903,1.4600000000000009,0.14683153013910338,0.0,0.0,0.0,0.0603448275862069,1.9309297280988769,0.8833343264614714,0.015298843383789062
test,audio_157.wav,,False,False,True,1.2820512820512822,1.2820512820512822,0.0,0.0,0.0,0.0,2.5641025641025643,0.0,0.0,5.128205128205129,2.5641025641025643,1.0,2,1,78.0,0.0,0.2179487179487179,0.0897435897435897,0.0384615384615384,0.141025641025641,0.1025641025641025,0.141025641025641,0.1025641025641025,0.5,0.5,0,2,9.0,9,5.0,4.461538461538462,78,46,0.5897435897435898,5.20847435706514,4.288984627559267,72.89241795922169,87,7,2,1,1,0,2.023565573770492,0.705714285714285,1.1799999999999997,0.1123237835379717,1.2658227848101267,1.2658227848101267,0.0,0.08860759493670886,1.7584203153192632,0.8459126535991702,0.023379385471343994
test,audio_89.wav,,False,False,True,0.0,0.0,0.0,0.819672131147541,0.0,4.098360655737705,0.0,0.0,0.0,4.918032786885246,4.918032786885246,0.5714285714285714,6,9,13.88888888888889,0.1111111111111111,0.232,0.112,0.12,0.072,0.048,0.104,0.064,0.1176470588235294,0.8823529411764706,0,3,4.555555555555555,9,0.5555555555555556,4.426229508196721,122,69,0.5655737704918032,6.246966476933778,4.104976851851852,60.64134079661829,135,7,1,1,1,1,2.271887698559291,0.5828571428571429,1.0999999999999996,0.07007901064926142,0.8130081300813008,0.8130081300813008,0.8130081300813008,0.07317073170731707,2.0474513496220847,0.8458214130222312,0.03566465526819229
test,audio_82.wav,,False,False,True,0.0,1.098901098901099,0.0,1.098901098901099,0.0,2.197802197802198,1.098901098901099,1.098901098901099,0.0,6.593406593406593,4.395604395604396,0.5,4,8,11.625,0.125,0.2043010752688172,0.1397849462365591,0.1182795698924731,0.064516129032258,0.064516129032258,0.0967741935483871,0.043010752688172,0.0,1.0,0,1,3.625,7,0.5,3.769230769230769,91,62,0.6813186813186813,6.499365987675894,3.4829653785342263,32.556120296902655,105,9,7,3,1,0,2.6628895184135972,1.6288888888888886,3.6799999999999997,0.2934347477982385,3.1914893617021276,1.0638297872340425,0.0,0.0425531914893617,1.5647189175973657,0.9042151056012099,0.011574452742934227
test,audio_53.wav,,False,False,True,1.550387596899225,0.0,0.0,0.0,0.0,1.550387596899225,0.7751937984496124,0.0,0.0,3.875968992248062,3.10077519379845,0.4285714285714285,4,6,21.5,0.0,0.2635658914728682,0.0697674418604651,0.0232558139534883,0.0620155038759689,0.1085271317829457,0.0620155038759689,0.0620155038759689,0.2,0.8,2,3,5.0,8,0.8333333333333334,4.333333333333333,129,64,0.49612403100775193,5.634885800483993,3.6996434877996576,40.43288697273201,146,8,1,0,0,0,2.6208858187728565,0.8800000000000001,3.6799999999999997,0.1251333096338429,0.0,0.0,0.0,0.09302325581395349,2.1473270252134062,0.8693452011649461,0.010526109486818314
test,audio_37.wav,,False,False,True,1.7647058823529411,0.5882352941176471,0.0,0.0,0.0,3.5294117647058822,0.5882352941176471,0.0,0.0,6.470588235294118,5.882352941176471,1.0,10,2,86.0,0.0,0.1802325581395348,0.1337209302325581,0.1046511627906976,0.063953488372093,0.0697674418604651,0.1802325581395348,0.0348837209302325,0.5625,0.4375,1,4,13.0,17,10.5,3.958823529411765,170,89,0.5235294117647059,6.825988400741596,3.503643329326923,33.23632250789464,182,6,0,1,0,1,3.0383795309168438,0.41999999999999976,0.5199999999999996,0.04285714285714283,0.5847953216374269,0.0,0.5847953216374269,0.05847953216374269,2.8462050599201065,0.8940043305618721,0.11456358432769775
test,audio_113.wav,,False,False,True,0.0,1.8691588785046729,0.9345794392523364,0.0,0.0,1.8691588785046729,0.0,0.0,0.0,4.672897196261682,4.672897196261682,0.75,5,3,35.666666666666664,0.0,0.1495327102803738,0.1214953271028037,0.102803738317757,0.0841121495327102,0.1121495327102803,0.1401869158878504,0.1121495327102803,0.0,1.0,0,1,7.0,8,3.0,3.9813084112149535,107,51,0.4766355140186916,4.930356094132884,3.260741678873698,26.068864700421265,120,5,0,2,0,0,2.658536585365854,0.6320000000000014,0.9200000000000017,0.0715579710144929,1.834862385321101,0.0,0.0,0.06422018348623854,2.4189968930315136,0.8590136413852825,0.00045441227848641574
test,audio_85.wav,,False,False,True,0.0,0.0,0.0,2.5477707006369426,0.0,1.910828025477707,0.0,0.0,0.0,4.45859872611465,4.45859872611465,0.6666666666666666,7,5,32.4,0.0,0.2098765432098765,0.1481481481481481,0.0432098765432098,0.0432098765432098,0.0493827160493827,0.1296296296296296,0.0679012345679012,0.9444444444444444,0.0555555555555555,1,5,5.2,7,2.0,3.732484076433121,157,84,0.535031847133758,6.703929829528026,2.8657090928819446,17.561501526285387,180,12,2,0,0,1,3.158736505397841,0.6766666666666671,1.139999999999997,0.1396628826969385,0.0,0.0,0.6329113924050633,0.04430379746835443,2.6300594572381253,0.9232072306223184,0.05790631100535393
test,audio_173.wav,,False,False,True,0.0,0.0,0.0,0.0,0.0,0.0,2.083333333333333,0.0,0.0,2.083333333333333,0.0,0.5,0,4,24.5,0.0,0.1326530612244898,0.0714285714285714,0.0816326530612244,0.1428571428571428,0.1428571428571428,0.1632653061224489,0.0612244897959183,0.125,0.875,0,2,6.25,8,2.5,4.020833333333333,96,65,0.6770833333333334,6.634034720037775,3.307746814546131,27.32349116837128,105,4,2,1,2,0,2.5852878464818763,1.4249999999999985,2.780000000000001,0.13188338732068472,1.0309278350515463,2.0618556701030926,0.0,0.041237113402061855,2.152685308477585,0.9293856705663744,0.008642036467790604
test,audio_41.wav,,False,False,True,0.0,0.0,0.0,0.7518796992481203,0.0,0.0,0.7518796992481203,0.0,0.0,1.5037593984962403,0.7518796992481203,0.25,1,7,19.714285714285715,0.0,0.2536231884057971,0.1231884057971014,0.0579710144927536,0.1014492753623188,0.0434782608695652,0.144927536231884,0.0579710144927536,0.0,1.0,0,1,4.857142857142857,11,1.8571428571428568,4.150375939849624,133,81,0.6090225563909775,7.023590753145371,3.851212590377523,47.050081130555576,161,6,2,0,0,0,2.589563862928349,0.9133333333333331,1.7800000000000011,0.09641097818437719,0.0,0.0,0.0,0.07518796992481203,2.2139108089409536,0.8666949606171452,0.08498436957597733
test,audio_51.wav,,False,False,True,0.0,0.7407407407407407,0.0,1.4814814814814814,0.0,2.2222222222222223,0.0,0.0,0.0,4.444444444444445,4.444444444444445,0.5714285714285714,6,8,17.125,0.125,0.1751824817518248,0.1021897810218978,0.1021897810218978,0.0364963503649635,0.0583941605839416,0.1824817518248175,0.1021897810218978,0.0,1.0,1,3,4.75,9,1.125,3.4814814814814814,135,57,0.4222222222222222,4.905778905196062,3.776084243067053,43.64480424736525,151,7,2,3,3,0,2.802419354838709,0.7914285714285706,1.5999999999999943,0.10047152702212539,2.158273381294964,2.158273381294964,0.0,0.05755395683453238,2.3137864845322746,0.8509955035491312,0.017200453206896782
test,audio_143.wav,,False,False,True,0.0,1.0869565217391304,0.0,0.0,0.0,1.0869565217391304,0.0,1.0869565217391304,0.0,3.260869565217391,2.1739130434782608,0.375,2,9,11.11111111111111,0.0,0.22,0.06,0.06,0.07,0.09,0.24,0.07,0.1666666666666666,0.8333333333333334,0,3,4.222222222222222,9,0.4444444444444444,3.858695652173913,92,56,0.6086956521739131,5.838403593598094,3.161209378923689,23.599118955100312,112,8,1,0,0,1,2.497314715359828,0.6974999999999998,1.0,0.13031293787949552,0.0,0.0,1.075268817204301,0.03225806451612903,2.0639147802929427,0.948090107851131,0.45136454701423645
test,audio_92.wav,,False,False,True,0.0,0.970873786407767,0.0,0.0,0.0,1.941747572815534,0.0,0.0,0.0,2.912621359223301,2.912621359223301,0.4285714285714285,3,6,17.333333333333332,0.0,0.2788461538461538,0.1346153846153846,0.125,0.0673076923076923,0.048076923076923,0.0192307692307692,0.0769230769230769,0.0,1.0,0,1,5.166666666666667,8,0.6666666666666666,5.019417475728155,103,78,0.7572815533980582,7.685568369681487,4.438134365394467,84.6169300507665,122,10,0,0,0,0,2.9014084507042255,0.45599999999999985,0.5400000000000009,0.11382925611582623,0.0,0.0,0.0,0.1650485436893204,2.285841100754549,0.8070243974864291,0.11267995834350586
test,audio_74.wav,,False,False,True,0.0,0.0,0.0,0.6451612903225806,0.0,0.6451612903225806,0.6451612903225806,0.0,0.0,1.935483870967742,1.2903225806451613,0.2857142857142857,2,5,31.8,0.0,0.1572327044025157,0.0943396226415094,0.0943396226415094,0.0754716981132075,0.0880503144654088,0.2075471698113207,0.0880503144654088,0.6,0.4,0,3,7.4,15,3.0,3.8516129032258064,155,87,0.5612903225806452,6.98800816145174,3.2018652921597632,24.578333238091524,169,7,1,3,1,0,2.9686333084391343,0.6571428571428586,1.1600000000000037,0.07909215955983512,1.8867924528301887,0.6289308176100629,0.0,0.050314465408805034,2.6467054031700123,0.9195962099873889,0.003536590375006199
test,audio_0.wav,,False,False,True,0.0,0.0,0.0,1.2195121951219512,0.0,2.4390243902439024,0.0,1.2195121951219512,0.0,4.878048780487805,3.658536585365854,0.6666666666666666,3,2,45.5,0.0,0.1978021978021978,0.1208791208791208,0.0329670329670329,0.0659340659340659,0.1648351648351648,0.1318681318681318,0.0439560439560439,0.0,1.0,6,3,9.0,10,5.0,4.463414634146342,82,55,0.6707317073170732,6.073733934116559,3.539832998853211,34.461163656430024,109,11,2,1,0,0,2.128205128205128,0.5545454545454543,1.0399999999999991,0.13525498891352544,1.2048192771084338,0.0,0.0,0.07228915662650602,1.8395390070921986,0.8551493706518268,0.018815094605088234
test,audio_147.wav,,False,False,True,0.0,1.6129032258064515,0.0,0.0,0.0,2.419354838709677,0.0,0.0,0.0,4.032258064516129,4.032258064516129,0.6,5,4,31.5,0.0,0.2142857142857142,0.1269841269841269,0.0476190476190476,0.0396825396825396,0.1111111111111111,0.1666666666666666,0.0555555555555555,0.0,1.0,0,1,7.25,10,3.5,3.806451612903226,124,62,0.5,5.567764362830022,3.165514959805253,23.70094592531738,138,7,0,0,0,0,2.999516207063376,0.5114285714285705,0.8200000000000003,0.07969723953695443,0.0,0.0,0.0,0.04032258064516129,2.7518863737239236,0.9427153645984588,0.2382740080356598
test,audio_130.wav,,False,False,True,0.0,0.0,1.0,1.0,0.0,3.0,0.0,0.0,0.0,5.0,5.0,1.0,5,4,25.75,0.0,0.1844660194174757,0.1262135922330097,0.029126213592233,0.0097087378640776,0.116504854368932,0.203883495145631,0.0485436893203883,0.0,1.0,10,2,5.25,6,0.75,3.5353535353535355,100,43,0.43,4.3,2.9064010228866186,18.29085161107507,117,8,2,0,0,0,2.9722777936553304,0.9837500000000003,3.1999999999999993,0.1836210919272049,0.0,0.0,0.0,0.04807692307692308,2.30803373280071,0.8920835440930647,0.35323357582092285
test,audio_192.wav,,False,False,True,1.075268817204301,0.0,0.0,1.075268817204301,0.0,3.225806451612903,2.150537634408602,0.0,0.0,7.526881720430108,5.376344086021505,0.75,5,3,31.33333333333333,0.0,0.1702127659574468,0.1595744680851064,0.0531914893617021,0.1063829787234042,0.0425531914893617,0.1595744680851064,0.0957446808510638,0.0,1.0,1,2,6.333333333333333,8,2.333333333333333,4.204301075268817,93,56,0.6021505376344086,5.806929490490382,3.888617789391244,48.84332807825105,101,5,0,1,1,0,2.22117202268431,0.48000000000000026,0.6799999999999997,0.05366726296958858,1.0638297872340425,1.0638297872340425,0.0,0.031914893617021274,2.0861074123391035,0.9187693428644474,0.08080054074525833
test,audio_43.wav,,False,False,True,0.0,0.0,0.0,0.0,0.0,2.4242424242424243,0.6060606060606061,0.0,0.6060606060606061,3.636363636363636,2.4242424242424243,0.6666666666666666,4,6,29.5,0.0,0.1525423728813559,0.1129943502824858,0.0790960451977401,0.1468926553672316,0.0903954802259887,0.1242937853107344,0.0847457627118644,0.0,1.0,1,3,4.666666666666667,10,3.0,4.193939393939394,165,104,0.6303030303030303,8.096389019279838,3.3899879455566406,29.66559466598288,192,8,1,2,2,0,3.044112285818447,0.5849999999999999,1.1199999999999974,0.07860262008733622,1.1976047904191616,1.1976047904191616,0.0,0.041916167664670656,2.7583245243128967,0.9155244491413467,0.002447013044729829
test,audio_65.wav,,False,False,True,1.2987012987012987,0.0,0.0,0.0,0.0,2.5974025974025974,1.2987012987012987,0.0,0.0,5.194805194805195,3.896103896103896,1.0,3,4,19.5,0.0,0.1538461538461538,0.1025641025641025,0.0384615384615384,0.1282051282051282,0.1025641025641025,0.2179487179487179,0.0384615384615384,0.5,0.5,0,3,3.75,5,1.25,3.7142857142857135,77,48,0.6233766233766234,5.470107670062621,4.164336794898624,64.34999104611563,84,4,2,0,1,2,1.5406162464985995,1.2850000000000001,2.3999999999999986,0.09325108853410742,0.0,1.2987012987012987,2.5974025974025974,0.05194805194805195,1.281737836755289,0.883955430481341,0.1764981895685196
test,audio_14.wav,,False,False,True,1.0101010101010102,0.0,0.0,1.0101010101010102,0.0,2.0202020202020203,1.0101010101010102,2.0202020202020203,0.0,7.070707070707071,4.040404040404041,0.6666666666666666,4,6,17.0,0.0,0.2254901960784313,0.1274509803921568,0.0392156862745098,0.0784313725490196,0.1078431372549019,0.1764705882352941,0.0686274509803921,0.1875,0.8125,0,2,4.333333333333333,6,1.3333333333333333,4.05050505050505,99,61,0.6161616161616161,6.130730673081194,3.738511992663872,42.03539462965278,123,10,2,0,3,0,2.726521619388598,0.6629999999999994,1.0799999999999983,0.15440149045179305,0.0,3.0303030303030303,0.0,0.0707070707070707,2.1970705725699067,0.8784918447435907,0.0947275161743164
test,audio_117.wav,,False,False,True,0.0,0.0,0.0,1.818181818181818,0.0,0.9090909090909092,0.0,0.0,0.0,2.727272727272727,2.727272727272727,0.4,3,5,22.2,0.0,0.081081081081081,0.1171171171171171,0.072072072072072,0.1531531531531531,0.09009009009009,0.1531531531531531,0.081081081081081,0.0,1.0,0,1,5.6,10,1.4,4.0181818181818185,110,59,0.5363636363636364,5.625429276548995,3.2588513382082063,26.019632213121817,123,8,0,0,1,0,2.779181404749873,0.6024999999999994,0.879999999999999,0.10855855855855845,0.0,0.9090909090909091,0.0,0.00909090909090909,2.4411895250776743,0.9492709211327813,0.12125900387763977
test,audio_212.wav,,False,False,True,1.0869565217391304,1.0869565217391304,1.0869565217391304,0.0,0.0,4.3478260869565215,1.0869565217391304,0.0,0.0,8.695652173913043,7.608695652173913,1.0,7,1,93.0,0.0,0.1720430107526881,0.1182795698924731,0.043010752688172,0.032258064516129,0.1612903225806451,0.2258064516129032,0.086021505376344,0.0,1.0,5,3,9.0,9,11.0,3.9239130434782608,92,61,0.6630434782608695,6.359689628740781,4.661982633629624,105.84572756198692,98,1,0,0,1,1,2.216867469879518,0.3200000000000003,0.3200000000000003,0.007651841224294602,0.0,1.0869565217391304,1.0869565217391304,0.05434782608695652,2.041722148246782,0.8566760195257224,0.042240750044584274
test,audio_79.wav,,False,False,True,0.0,0.0,0.8695652173913043,0.0,0.0,2.608695652173913,0.0,0.0,0.0,3.4782608695652173,3.4782608695652173,0.4285714285714285,4,11,11.181818181818182,0.0909090909090909,0.1788617886178861,0.0975609756097561,0.1138211382113821,0.056910569105691,0.1138211382113821,0.2276422764227642,0.008130081300813,0.0,1.0,0,2,3.272727272727273,6,0.9090909090909092,4.069565217391304,115,61,0.5304347826086957,5.688279330265914,3.567662198778609,35.43365939586829,142,12,3,0,0,3,2.438507209499576,0.7033333333333331,1.1999999999999993,0.1517985611510791,0.0,0.0,2.608695652173913,0.034782608695652174,1.9163253212188245,0.9175232919014018,0.05194764584302902
test,audio_171.wav,,False,False,True,2.150537634408602,0.0,2.150537634408602,0.0,0.0,3.225806451612903,1.075268817204301,0.0,0.0,8.602150537634408,7.526881720430108,0.75,7,3,31.33333333333333,0.0,0.1595744680851064,0.1276595744680851,0.0425531914893617,0.1170212765957446,0.0425531914893617,0.2234042553191489,0.0957446808510638,0.0,1.0,2,2,4.666666666666667,6,1.3333333333333333,3.956989247311828,93,52,0.5591397849462365,5.3921488125982115,3.367887033999545,29.017149985449645,103,5,1,0,0,0,2.1882352941176473,0.49200000000000055,1.0400000000000027,0.05471530249110326,0.0,0.0,0.0,0.021505376344086023,2.0639147802929427,0.9348005593143484,0.23584169149398804
test,audio_60.wav,,False,False,True,1.5625,0.0,0.0,1.5625,0.0,0.78125,0.0,0.0,0.0,3.90625,3.90625,0.4444444444444444,5,9,14.444444444444445,0.0,0.2384615384615384,0.1384615384615384,0.0538461538461538,0.0307692307692307,0.0384615384615384,0.1692307692307692,0.0538461538461538,0.4285714285714285,0.5714285714285714,0,3,4.333333333333333,6,0.6666666666666666,4.224,128,74,0.578125,6.540737725975564,4.343274568256579,76.95913512061668,152,9,2,0,0,0,2.420574886535553,0.6955555555555573,1.8000000000000007,0.10585052417991234,0.0,0.0,0.0,0.109375,2.130681079281519,0.8251292576508907,0.05404288321733475
test,audio_153.wav,,False,False,True,0.0,0.0,0.9523809523809524,0.9523809523809524,0.0,0.9523809523809524,0.9523809523809524,0.0,0.0,3.809523809523809,2.857142857142857,0.5,3,6,18.166666666666668,0.0,0.1926605504587156,0.0825688073394495,0.073394495412844,0.1559633027522936,0.0825688073394495,0.1559633027522936,0.0458715596330275,0.375,0.625,1,4,6.166666666666667,16,0.5,3.923809523809524,105,66,0.6285714285714286,6.440940481460319,3.2066136021767893,24.69531630013445,124,7,0,0,2,0,2.588757396449704,0.4942857142857147,0.7800000000000011,0.07860063607451165,0.0,1.9047619047619047,0.0,0.0380952380952381,2.3302263648468706,0.9250371240434192,0.3819378912448883
test,audio_176.wav,,False,False,True,0.0,0.0,0.0,1.36986301369863,1.36986301369863,1.36986301369863,2.73972602739726,0.0,0.0,6.849315068493151,4.109589041095891,0.5,3,5,15.0,0.0,0.1866666666666666,0.12,0.0533333333333333,0.0533333333333333,0.0933333333333333,0.2266666666666666,0.08,0.5384615384615384,0.4615384615384615,0,2,3.2,6,0.6,4.013698630136986,73,49,0.6712328767123288,5.7350162126103985,3.4236682710193453,30.68175784623949,84,6,0,0,0,0,1.9432773109243697,0.7466666666666667,0.96,0.10526315789473685,0.0,0.0,0.0,0.04054054054054054,1.6473731077471059,0.9131473568645684,0.29610365629196167
test,audio_2.wav,,False,False,True,0.0,0.8333333333333334,0.0,0.8333333333333334,0.0,1.6666666666666667,0.8333333333333334,0.8333333333333334,0.0,5.0,3.333333333333333,0.8,4,5,24.6,0.0,0.1707317073170731,0.1300813008130081,0.040650406504065,0.073170731707317,0.065040650406504,0.1463414634146341,0.08130081300813,1.0,0.0,0,1,6.4,9,1.4,3.608333333333333,120,53,0.44166666666666665,4.838215924628967,2.977540428958722,19.63945256290604,134,5,0,0,1,0,2.9072561268620856,0.6080000000000003,0.9200000000000017,0.06806986117330949,0.0,0.8264462809917356,0.0,0.024793388429752067,2.6853084775854414,0.9529130561046364,0.2389557808637619
test,audio_50.wav,,False,False,True,0.0,0.0,0.0,1.4705882352941178,0.0,0.0,0.0,0.0,0.0,1.4705882352941178,1.4705882352941178,0.25,1,4,17.25,0.25,0.3043478260869565,0.1304347826086956,0.0289855072463768,0.0579710144927536,0.0579710144927536,0.072463768115942,0.072463768115942,0.0,1.0,0,2,4.75,7,1.25,4.676470588235294,68,47,0.6911764705882353,5.699587188353825,3.8013861240484776,44.76318884305496,78,5,2,0,1,0,2.5777103866565576,0.7919999999999998,1.42,0.1305207646671061,0.0,1.4705882352941178,0.0,0.014705882352941176,2.0631067961165046,0.9456566028735217,0.45855244994163513
test,audio_29.wav,,False,False,True,0.0,0.0,2.631578947368421,0.0,0.0,0.0,0.0,0.0,0.0,2.631578947368421,2.631578947368421,0.5,1,2,19.0,0.0,0.3421052631578947,0.2105263157894736,0.0263157894736842,0.0,0.0,0.0,0.1052631578947368,0.0,1.0,0,1,6.0,10,1.0,4.947368421052632,38,33,0.868421052631579,5.353306897315164,4.47036396373402,87.38852347929779,44,1,0,0,0,0,2.049622437971952,0.4799999999999969,0.4799999999999969,0.02523659305993674,0.0,0.0,0.0,0.10526315789473684,1.265991471215352,0.8395510196293655,0.13466587662696838
test,audio_142.wav,,False,False,True,1.1494252873563218,0.0,0.0,0.0,0.0,1.1494252873563218,0.0,0.0,0.0,2.2988505747126435,2.2988505747126435,0.4,2,5,17.4,0.0,0.3103448275862069,0.1034482758620689,0.057471264367816,0.0689655172413793,0.0459770114942528,0.1264367816091954,0.1034482758620689,0.4285714285714285,0.5714285714285714,0,2,6.2,9,1.2,4.954022988505747,87,68,0.7816091954022989,7.290365236897005,3.4812240600585938,32.49947905266953,96,7,1,0,1,0,2.156668319286068,0.6600000000000001,1.0,0.10275800711743774,0.0,1.1494252873563218,0.0,0.022988505747126436,1.9307589880159786,0.9292999026419102,0.3409309983253479
test,audio_47.wav,,False,False,True,1.2820512820512822,0.0,1.2820512820512822,0.0,0.0,0.0,0.0,0.0,0.0,2.5641025641025643,2.5641025641025643,0.4,2,5,15.8,0.0,0.1772151898734177,0.2151898734177215,0.050632911392405,0.0759493670886076,0.050632911392405,0.1518987341772152,0.0632911392405063,0.0,1.0,1,3,6.0,9,1.2,4.076923076923077,78,44,0.5641025641025641,4.98201895023622,3.0666624635130493,21.470125634699645,91,8,4,0,4,0,2.494403581707707,1.4637499999999997,3.6799999999999997,0.2724523033969288,0.0,5.128205128205129,0.0,0.05128205128205128,1.3622386995859799,0.9057628947954911,0.33193469047546387
test,audio_84.wav,,False,False,True,0.0,0.0,0.0,0.0,0.0,1.075268817204301,0.0,0.0,0.0,1.075268817204301,1.075268817204301,0.1111111111111111,1,9,10.444444444444445,0.0,0.2553191489361702,0.1489361702127659,0.0744680851063829,0.0319148936170212,0.0851063829787234,0.0851063829787234,0.0425531914893617,0.0,1.0,0,2,4.0,9,0.6666666666666666,4.236559139784946,93,63,0.6774193548387096,6.532795676801679,3.0335127804257453,20.77006527061109,109,13,6,0,0,0,2.125714285714286,0.9776923076923081,1.9200000000000017,0.2251151257527454,0.0,0.0,0.0,0.043010752688172046,1.5480729716654789,0.9379117956324932,0.029177125543355942
test,audio_164.wav,,False,False,True,0.0,0.0,0.0,1.7857142857142858,0.0,0.0,1.7857142857142858,0.0,0.0,3.571428571428572,1.7857142857142858,0.5,1,1,57.0,0.0,0.1929824561403508,0.1403508771929824,0.0,0.0175438596491228,0.1052631578947368,0.2280701754385964,0.1052631578947368,0.0,1.0,0,1,9.0,9,5.0,3.821428571428572,56,37,0.6607142857142857,4.944332975379851,3.484067886594742,32.592033475595834,63,2,0,0,0,0,1.364522417153996,0.35999999999999943,0.46000000000000085,0.0172413793103448,0.0,0.0,0.0,0.10714285714285714,1.2663952962460425,0.8798961857599872,0.2554563581943512
test,audio_48.wav,,False,False,True,0.0,0.0,0.0,0.0,0.0,0.0,0.0,0.0,0.0,0.0,0.0,0.0,0,3,21.33333333333333,0.0,0.1875,0.125,0.09375,0.03125,0.109375,0.171875,0.125,0.375,0.625,0,3,7.333333333333333,10,3.0,3.936507936507936,63,43,0.6825396825396826,5.417490779798923,2.9171292986188617,18.488137285867424,70,3,1,0,0,0,2.658227848101266,0.8266666666666674,1.2599999999999998,0.09472880061115364,0.0,0.0,0.0,0.0,2.2287719422376604,0.9746180512602367,0.6404542326927185
test,audio_189.wav,,False,False,True,0.0,1.408450704225352,0.0,0.0,1.408450704225352,1.408450704225352,2.816901408450704,1.408450704225352,0.0,8.450704225352112,4.225352112676056,1.0,3,2,36.0,0.0,0.2361111111111111,0.125,0.1388888888888889,0.0555555555555555,0.0694444444444444,0.1111111111111111,0.0833333333333333,0.0,1.0,0,1,8.5,11,2.5,4.422535211267606,71,39,0.5492957746478874,4.628448466956028,3.3949611012528584,29.813493744827607,82,8,2,1,2,0,2.0489470688673874,1.0199999999999996,3.5199999999999996,0.18845265588914542,1.3888888888888888,2.7777777777777777,0.0,0.05555555555555555,1.5978695073235685,0.8493890152729162,0.00027927683549933136
test,audio_151.wav,,False,False,True,0.0,0.0,0.0,0.0,0.0,0.0,0.0,0.0,0.0,0.0,0.0,0.0,0,4,22.0,0.0,0.1363636363636363,0.1704545454545454,0.0681818181818181,0.0568181818181818,0.0795454545454545,0.1704545454545454,0.1704545454545454,0.0,1.0,0,2,5.0,7,2.0,4.0344827586206895,87,55,0.632183908045977,5.896618941607871,3.1470909511920104,23.26827747589332,97,6,0,1,3,0,2.5258323765786455,0.6600000000000001,0.9400000000000013,0.10206185567010312,1.1363636363636365,3.409090909090909,0.0,0.022727272727272728,2.039870190078813,0.9370709698096934,0.011073647066950798
test,audio_66.wav,,False,False,True,0.0,0.0,0.0,0.0,0.0,2.083333333333333,0.0,2.083333333333333,0.0,4.166666666666667,2.083333333333333,0.2,1,5,9.6,0.0,0.0833333333333333,0.2291666666666666,0.0208333333333333,0.0208333333333333,0.0625,0.3541666666666667,0.0833333333333333,0.0,1.0,1,2,2.4,4,1.0,3.125,48,27,0.5625,3.897114317029974,2.886285750592341,17.92660192318798,61,10,4,1,0,0,2.6063829787234045,1.068,3.0700000000000003,0.3622795115332429,2.0408163265306123,0.0,0.0,0.5918367346938775,0.8156513506624566,0.44878748339619867,0.007807634305208921
test,audio_44.wav,,False,False,True,0.0,0.0,1.5873015873015872,0.0,0.0,0.0,0.0,0.0,0.0,1.5873015873015872,1.5873015873015872,0.1428571428571428,1,6,10.833333333333334,0.0,0.2769230769230769,0.2,0.0461538461538461,0.0461538461538461,0.1076923076923077,0.1384615384615384,0.0,0.0,1.0,1,3,3.8333333333333335,6,1.1666666666666667,4.551724137931035,63,46,0.7301587301587301,5.795455252808151,3.110542716560783,22.433215975411496,91,12,3,0,0,1,1.935297515886771,0.8816666666666672,1.8599999999999994,0.2340707964601771,0.0,0.0,1.492537313432836,0.05970149253731343,1.1740649919447312,0.8766394285346145,0.07269426435232162
test,audio_150.wav,,False,False,True,0.9009009009009008,0.0,0.0,0.0,0.9009009009009008,1.8018018018018016,0.9009009009009008,0.0,0.0,4.504504504504505,3.603603603603604,0.75,4,3,38.333333333333336,0.0,0.1739130434782608,0.1565217391304348,0.017391304347826,0.0434782608695652,0.1217391304347826,0.2434782608695652,0.0347826086956521,0.2857142857142857,0.7142857142857143,0,4,7.0,8,3.6666666666666665,4.330357142857143,111,64,0.5765765765765766,6.0746111728159935,3.407741001674107,30.19695228805141,126,11,0,4,0,0,2.9715762273901807,0.4836363636363632,0.9600000000000009,0.12085415720127204,3.4782608695652173,0.0,0.0,0.043478260869565216,2.5555555555555554,0.9166353120835519,0.00011780954082496464
test,audio_87.wav,,False,False,True,0.819672131147541,0.0,0.0,0.0,0.0,0.819672131147541,0.819672131147541,0.0,0.0,2.459016393442623,1.639344262295082,0.3,2,10,12.7,0.1,0.2283464566929134,0.1417322834645669,0.0708661417322834,0.0472440944881889,0.1023622047244094,0.2047244094488189,0.0472440944881889,0.1875,0.8125,0,4,3.8,7,0.9,4.016393442622951,122,66,0.5409836065573771,5.975359238806223,2.980416317114094,19.696014726153145,149,15,0,4,3,0,2.8493894165535947,0.6199999999999996,0.9599999999999991,0.17376681614349762,3.1746031746031744,2.380952380952381,0.0,0.06349206349206349,2.0973891874177455,0.891054649998695,0.006033627782016993
test,audio_99.wav,,False,False,True,0.0,0.0,0.0,0.0,0.0,4.166666666666667,2.7777777777777777,0.0,0.0,6.944444444444445,4.166666666666667,0.6666666666666666,3,2,37.5,0.0,0.28,0.08,0.0,0.0533333333333333,0.12,0.0933333333333333,0.1066666666666666,0.6,0.4,0,2,9.0,13,3.5,4.25,72,53,0.7361111111111112,6.24610990048117,4.3005259444073936,73.7385658890325,82,5,1,2,2,0,2.035830618892508,0.836,2.4200000000000017,0.10190151145782543,2.6666666666666665,2.6666666666666665,0.0,0.09333333333333334,1.6644474034620504,0.8648365447918575,0.09058760106563568
test,audio_62.wav,,False,False,True,0.0,0.0,0.0,2.479338842975207,0.0,1.6528925619834711,0.0,0.0,0.0,4.132231404958677,4.132231404958677,0.5714285714285714,5,7,17.285714285714285,0.0,0.2644628099173554,0.1818181818181818,0.0661157024793388,0.0330578512396694,0.024793388429752,0.1818181818181818,0.0826446280991735,0.0,1.0,0,2,4.285714285714286,7,1.0,4.4958677685950414,121,80,0.6611570247933884,7.2727272727272725,3.949626410185401,51.915967934605874,134,7,1,0,2,0,2.263374485596708,0.5657142857142856,1.0599999999999952,0.0689655172413793,0.0,1.6528925619834711,0.0,0.0743801652892562,1.9824792254404515,0.8715575481668761,0.0035812726709991693
test,audio_20.wav,,False,False,True,0.0,0.0,0.0,0.0,0.0,1.098901098901099,2.197802197802198,1.098901098901099,0.0,4.395604395604396,1.098901098901099,1.0,1,2,45.5,0.0,0.2307692307692307,0.1098901098901098,0.0659340659340659,0.0439560439560439,0.0219780219780219,0.1428571428571428,0.0659340659340659,0.0,1.0,0,1,6.5,7,3.0,4.12087912087912,91,59,0.6483516483516484,6.1848805366593185,3.811813766891892,45.23240554924589,111,14,1,5,0,3,2.5889967637540447,0.46285714285714263,1.0799999999999983,0.14876033057851232,5.208333333333333,0.0,3.125,0.07291666666666667,2.1304926764314245,0.8898698241288608,0.0002703106147237122
test,audio_124.wav,,False,False,True,0.0,2.0202020202020203,1.0101010101010102,1.0101010101010102,0.0,1.0101010101010102,1.0101010101010102,0.0,0.0,6.0606060606060606,5.05050505050505,1.0,5,3,34.666666666666664,0.0,0.2596153846153846,0.1153846153846153,0.0288461538461538,0.0673076923076923,0.0673076923076923,0.1346153846153846,0.0673076923076923,0.0,1.0,0,2,5.666666666666667,8,1.6666666666666667,4.131313131313132,99,61,0.6161616161616161,6.130730673081194,3.818464726987093,45.5342471290455,115,6,0,2,1,0,2.4455205811138017,0.6133333333333334,0.740000000000002,0.08181413961760785,1.9801980198019802,0.9900990099009901,0.0,0.0594059405940594,2.241455836662228,0.8870770818378666,0.06631987541913986
test,audio_54.wav,,False,False,True,0.7751937984496124,0.0,0.0,0.7751937984496124,0.0,2.3255813953488373,0.0,0.0,0.0,3.875968992248062,3.875968992248062,0.5714285714285714,5,5,25.8,0.0,0.2170542635658914,0.1085271317829457,0.0852713178294573,0.0310077519379844,0.1085271317829457,0.1472868217054263,0.0465116279069767,0.25,0.75,2,4,6.2,14,2.0,3.9612403100775193,129,72,0.5581395348837209,6.339246525544492,3.811939961201436,45.23811398161145,148,2,1,0,2,0,2.243478260869565,0.8899999999999988,1.4799999999999986,0.0300269905533063,0.0,1.550387596899225,0.0,0.06976744186046512,2.1473270252134062,0.8467971343710748,0.07511050254106522
test,audio_45.wav,,False,False,True,0.0,0.0,0.0,0.5714285714285714,0.5714285714285714,1.1428571428571428,0.0,0.0,0.0,2.2857142857142856,2.2857142857142856,0.8,4,3,60.0,0.0,0.1222222222222222,0.1666666666666666,0.0722222222222222,0.0833333333333333,0.0777777777777777,0.2055555555555555,0.1,0.0,1.0,0,3,7.333333333333333,8,7.666666666666667,3.84,175,96,0.5485714285714286,7.256917881777163,2.847734559257076,17.248661724115156,212,11,1,2,0,0,3.4395647104547216,0.5999999999999998,1.119999999999994,0.11367550809507403,1.1299435028248588,0.0,0.0,0.022598870056497175,2.925556367062285,0.9427847178642359,0.044659003615379333
test,audio_71.wav,,False,False,True,0.0,0.0,0.0,0.0,0.0,1.2987012987012987,0.0,0.0,0.0,1.2987012987012987,1.2987012987012987,0.2,2,10,15.4,0.0,0.1558441558441558,0.1363636363636363,0.0714285714285714,0.0519480519480519,0.1298701298701298,0.1753246753246753,0.0649350649350649,0.0,1.0,4,3,4.4,7,1.5,3.935064935064935,154,81,0.525974025974026,6.5271660086055805,2.5202040398257903,12.43113285100842,174,11,1,1,1,0,3.9500509683995935,0.5927272727272735,1.1000000000000014,0.14248251748251767,0.6451612903225806,0.6451612903225806,0.0,0.01935483870967742,3.1049679487179485,0.9452230195124303,0.042413730174303055
test,audio_184.wav,,False,False,True,0.9345794392523364,0.9345794392523364,0.0,2.803738317757009,0.0,2.803738317757009,0.9345794392523364,0.0,0.0,8.411214953271028,7.4766355140186915,1.0,8,4,26.75,0.0,0.2897196261682243,0.1121495327102803,0.0560747663551401,0.0747663551401869,0.0654205607476635,0.0841121495327102,0.102803738317757,0.0,1.0,0,2,7.75,12,1.0,4.588785046728972,107,56,0.5233644859813084,5.413724338655716,4.030119323730469,56.26762490947909,120,5,0,3,4,1,2.573701450631727,0.46000000000000085,0.6799999999999997,0.05106571936056848,2.727272727272727,3.6363636363636362,0.9090909090909091,0.06363636363636363,2.4411895250776743,0.8543556542559103,0.038762450218200684
test,audio_24.wav,,False,False,True,1.1494252873563218,0.0,0.0,1.1494252873563218,0.0,0.0,0.0,0.0,0.0,2.2988505747126435,2.2988505747126435,0.2857142857142857,2,8,11.25,0.0,0.2,0.1666666666666666,0.0444444444444444,0.0888888888888888,0.0555555555555555,0.1555555555555555,0.1444444444444444,0.125,0.875,0,3,3.125,5,0.75,3.8505747126436782,87,40,0.45977011494252873,4.288450139351179,2.869197629532724,17.62287245312658,106,7,1,1,6,1,2.3400936037441498,0.7742857142857146,1.579999999999997,0.12351868732907934,1.1111111111111112,6.666666666666667,1.1111111111111112,0.1,1.9973368841544605,0.8182204316473669,0.04961683601140976
test,audio_140.wav,,False,False,True,0.99009900990099,1.98019801980198,0.99009900990099,0.99009900990099,0.0,0.0,1.98019801980198,0.0,0.0,6.930693069306931,4.950495049504951,0.6666666666666666,5,5,20.4,0.0,0.1470588235294117,0.1176470588235294,0.0490196078431372,0.1078431372549019,0.0980392156862745,0.196078431372549,0.0686274509803921,0.1538461538461538,0.8461538461538461,0,2,5.2,7,1.6,3.940594059405941,101,63,0.6237623762376238,6.268734298322932,3.4410773383246527,31.2205751787689,108,5,1,0,1,0,2.5415198792148965,0.6200000000000003,1.0800000000000018,0.0723622782446312,0.0,0.9900990099009901,0.0,0.0297029702970297,2.241455836662228,0.9236632014560228,0.18440525233745575
test,audio_165.wav,,False,False,True,0.0,0.0,0.0,1.4492753623188406,0.0,1.4492753623188406,0.0,0.0,0.0,2.898550724637681,2.898550724637681,0.25,2,5,14.4,0.2,0.2638888888888889,0.0972222222222222,0.0555555555555555,0.0833333333333333,0.0694444444444444,0.2083333333333333,0.0555555555555555,0.2857142857142857,0.7142857142857143,1,4,2.4,6,0.8,4.652173913043479,69,47,0.6811594202898551,5.658135095031152,4.109898307106712,60.94052003670401,88,11,0,2,0,0,2.072538860103627,0.5345454545454545,0.8599999999999994,0.1447562776957164,2.7777777777777777,0.0,0.0,0.06944444444444445,1.7467248908296944,0.8385905768567076,0.019284667447209358
test,audio_170.wav,,False,False,True,1.2345679012345678,0.0,0.0,0.0,0.0,0.0,0.0,0.0,0.0,1.2345679012345678,1.2345679012345678,0.1666666666666666,1,6,14.333333333333334,0.0,0.2441860465116279,0.0930232558139534,0.0348837209302325,0.0813953488372093,0.0465116279069767,0.127906976744186,0.0465116279069767,0.125,0.875,2,3,3.8333333333333335,6,0.6666666666666666,4.407407407407407,81,39,0.48148148148148145,4.333333333333333,2.7274212703526577,15.29339858644932,107,10,3,1,0,0,2.367205542725173,0.8400000000000002,1.6600000000000001,0.19516728624535318,1.2195121951219512,0.0,0.0,0.06097560975609756,1.8197958277851751,0.8926127030536896,0.09073426574468613
