split,filename,label,is_noise,is_train,has_text,pause_count,long_pause_count,filler_count,like_count,immediate_repeat_count,articulation_rate,mean_pause_len,max_pause_len,pause_time_ratio,filler_rate,like_rate,immediate_repeat_rate,share_low_confidence_words,speaking_rate,mean_word_prob,min_word_prob
train,audio_192.wav,3.0,False,True,True,12,5,1,3,1,2.349311817750356,1.203333333333333,3.039999999999999,0.25521385648639083,1.0101010101010102,3.0303030303030303,1.0101010101010102,0.30303030303030304,1.6361371463041272,0.693263063418933,0.001365650910884142
train,audio_436.wav,3.0,False,True,True,7,1,1,5,1,2.0028870443883076,0.6457142857142854,1.04,0.07540874207540871,0.9009009009009009,4.504504504504505,0.9009009009009009,0.0990990990990991,1.8476999984394424,0.8138373359159359,9.036231494974345e-05
train,audio_447.wav,3.5,False,True,True,10,0,0,1,0,2.9649052037111745,0.4960000000000007,0.8000000000000043,0.09094242757609107,0.0,0.6802721088435374,0.0,0.04081632653061224,2.44695405198737,0.9020548356768765,0.2637280821800232
train,audio_126.wav,2.0,False,True,True,9,3,0,0,2,2.8579205225911806,0.8022222222222217,1.9799999999999969,0.16424021838034567,0.0,0.0,1.9047619047619047,0.09523809523809523,2.3302263648468706,0.8458354813711983,0.18976573646068573
train,audio_61.wav,2.0,False,True,True,5,0,0,0,3,1.9870839542970689,0.4160000000000002,0.6400000000000006,0.04912612187057158,0.0,0.0,3.75,0.0375,1.7660044150110377,0.8773102224804461,0.07151759415864944
train,audio_639.wav,2.5,False,True,True,11,6,0,0,0,2.6125625347415244,1.3181818181818195,4.020000000000003,0.28724247226624433,0.0,0.0,0.0,0.24468085106382978,1.5647189175973657,0.691600400637439,0.07030100375413895
train,audio_703.wav,2.0,False,True,True,3,1,0,0,1,1.7187500000000009,3.913333333333339,10.440000000000015,0.31440814140332124,0.0,0.0,2.272727272727273,0.36363636363636365,0.843558282208589,0.6556334315629845,0.02336895279586315
train,audio_509.wav,3.0,False,True,True,17,1,0,2,1,2.670501232539031,0.6517647058823532,3.6400000000000077,0.18540829986613128,0.0,1.5384615384615385,0.7692307692307693,0.038461538461538464,2.163972971145293,0.9298924026724238,0.24563968367874622
train,audio_672.wav,4.0,False,True,True,7,3,0,0,0,2.4725274725274726,1.2457142857142853,2.3599999999999994,0.1556031406138472,0.0,0.0,0.0,0.03418803418803419,1.9475756740307637,0.9234629787685099,0.030186103656888008
train,audio_344.wav,4.0,False,True,True,6,3,3,0,0,2.5911286780851994,0.8933333333333326,1.1799999999999997,0.10530451866404707,2.542372881355932,0.0,0.0,0.05084745762711865,1.9642216199626505,0.9061280534498125,0.0012941815657541156
train,audio_592.wav,5.0,False,True,True,4,0,0,0,0,3.1511433351924145,0.36499999999999844,0.4399999999999977,0.03912111468381548,0.0,0.0,0.0,0.1592920353982301,1.8809918903032161,0.7928609754615478,0.07681191712617874
train,audio_705.wav,3.0,False,True,True,9,3,0,4,0,2.1425788858589794,0.7466666666666668,1.5399999999999991,0.11574233551498452,0.0,3.6363636363636362,0.0,0.12727272727272726,1.8310540525075556,0.807346738231453,0.05985935404896736
train,audio_497.wav,2.0,False,True,True,8,2,1,0,0,1.8487394957983194,1.8362499999999997,10.5,0.2607383741569045,1.2987012987012987,0.0,0.0,0.09090909090909091,1.281737836755289,0.8183476033547966,0.0064751566387712955
train,audio_702.wav,3.0,False,True,True,8,4,1,0,0,2.4549098196392793,1.7100000000000004,3.8599999999999994,0.255223880597015,1.0204081632653061,0.0,0.0,0.12244897959183673,1.6313027013249133,0.8157658127649706,0.09369245916604996
train,audio_598.wav,2.0,False,True,True,14,0,4,0,0,2.6468315301391034,0.5028571428571426,0.9800000000000004,0.11972789115646253,2.9197080291970803,0.0,0.0,0.16058394160583941,2.280494592668501,0.793130413015031,0.030965687707066536
train,audio_99.wav,3.5,False,True,True,4,0,6,0,0,2.0843672456575684,0.39500000000000046,0.7800000000000011,0.03772683858643748,7.142857142857143,0.0,0.0,0.08333333333333333,1.8641810918774966,0.8968757327113833,0.32751598954200745
train,audio_194.wav,4.0,False,True,True,4,1,1,0,0,2.5803310613437196,0.7100000000000006,1.360000000000003,0.12147134302822934,1.8867924528301887,0.0,0.0,0.018867924528301886,1.9970797418868635,0.9613203631257111,0.43046295642852783
train,audio_5055.wav,0.0,True,True,True,6,4,1,0,0,1.7842981760507544,3.356666666666669,13.140000000000002,0.444003527336861,2.2222222222222223,0.0,0.0,0.37777777777777777,0.7490013315579228,0.5693038899238066,8.838807116262615e-05
train,audio_178.wav,3.0,False,True,True,9,3,1,2,0,1.9913249211356467,0.7799999999999999,1.1400000000000006,0.12157949428472462,0.9900990099009901,1.9801980198019802,0.0,0.1782178217821782,1.6812405391205738,0.778755257748338,0.019003573805093765
train,audio_609.wav,5.0,False,True,True,3,0,1,1,0,2.5297619047619047,0.5000000000000003,0.9000000000000004,0.03586800573888094,0.9803921568627451,0.9803921568627451,0.0,0.0196078431372549,2.218678499618665,0.9421074548188377,0.30669116973876953
train,audio_77.wav,4.0,False,True,True,7,1,3,0,0,2.78755868544601,0.5114285714285721,1.0199999999999996,0.09506107275624016,3.1578947368421053,0.0,0.0,0.042105263157894736,2.3773773773773774,0.9210323914811995,0.002410493092611432
train,audio_18.wav,4.0,False,True,True,5,0,1,0,0,2.5249999999999995,0.45199999999999924,0.6600000000000001,0.05347846663511585,0.9900990099009901,0.0,0.0,0.0297029702970297,2.243846085488314,0.9305768381841112,0.33936193585395813
train,audio_9.wav,4.0,False,True,True,10,1,0,0,0,2.1525885558583098,0.6759999999999986,1.019999999999996,0.1555453290381957,0.0,0.0,0.0,0.0,1.7532179316466932,0.9537512232482686,0.6236756443977356
train,audio_138.wav,2.0,False,True,True,9,1,6,0,1,2.322738386308068,0.653333333333333,1.6799999999999997,0.15233160621761652,7.894736842105263,0.0,1.3157894736842106,0.06578947368421052,1.7690875232774674,0.903801095132765,0.23349972069263458
train,audio_269.wav,4.0,False,True,True,15,4,1,0,1,2.5339366515837094,0.8453333333333326,2.0199999999999996,0.2229254571026721,0.8928571428571429,0.0,0.8928571428571429,0.125,1.8641810918774968,0.8386385783863565,0.043687235563993454
train,audio_717.wav,4.5,False,True,True,7,2,1,1,0,1.99374511336982,0.777142857142856,2.2200000000000006,0.09611307420494687,0.9803921568627451,0.9803921568627451,0.0,0.058823529411764705,1.6978864850524606,0.8903316431130994,0.0012028077617287636
train,audio_529.wav,3.0,False,True,True,9,2,1,1,1,2.8155795401220085,1.524444444444445,5.240000000000002,0.24352147674831387,0.8333333333333334,0.8333333333333334,0.8333333333333334,0.075,1.9975135118264242,0.8562087989088873,0.0024564587511122227
train,audio_578.wav,4.0,False,True,True,15,2,0,0,0,2.9134181370537555,0.6640000000000004,2.799999999999997,0.1696763202725725,0.0,0.0,0.0,0.11267605633802817,2.3637243223279354,0.8427631450126148,0.10545442998409271
train,audio_171.wav,2.0,False,True,True,11,6,1,1,0,2.3198420533070085,1.765454545454545,8.079999999999991,0.32399065732399057,1.0638297872340425,1.0638297872340425,0.0,0.2553191489361702,1.5645805592543276,0.7124638025853651,0.04086817800998688
train,audio_596.wav,3.0,False,True,True,9,1,0,0,0,2.586764388876913,0.6455555555555558,1.0,0.1113026819923372,0.0,0.0,0.0,0.05,1.9975135118264242,0.8976853426338899,0.06574460864067078
train,audio_5066.wav,0.0,True,True,True,11,4,2,1,0,2.4045612295488357,1.6036363636363644,6.640000000000001,0.30424284235943444,2.0618556701030926,1.0309278350515463,0.0,0.35051546391752575,1.6146567553930262,0.6028754577309507,0.012561922892928123
train,audio_501.wav,3.0,False,True,True,2,0,0,1,0,2.26890756302521,0.27000000000000046,0.28000000000000114,0.008994003997335125,0.0,0.7407407407407407,0.0,0.05185185185185185,2.2472027008047273,0.8823393334945043,0.12309934198856354
train,audio_8.wav,2.0,False,True,True,1,0,0,1,0,2.2138483278379653,0.3000000000000007,0.3000000000000007,0.007015902712815733,0.0,1.0638297872340425,0.0,0.05319148936170213,2.0861074123391035,0.877597783474212,0.2565953731536865
train,audio_84.wav,2.5,False,True,True,6,1,0,1,0,2.204061416542843,0.7733333333333348,1.2800000000000011,0.1030653043091961,0.0,1.1235955056179776,0.0,0.033707865168539325,1.9751442521083,0.89652515093932,0.26470649242401123
train,audio_11.wav,3.0,False,True,True,8,1,1,0,0,2.2123893805309733,0.5775000000000006,1.2200000000000006,0.11993769470404995,1.3333333333333333,0.0,0.0,0.04,1.758087201125176,0.9061542477319017,0.0005407490534707904
train,audio_142.wav,2.5,False,True,True,8,2,0,1,0,2.054794520547945,4.094999999999999,25.479999999999997,0.6331658291457285,0.0,2.5641025641025643,0.0,0.05128205128205128,0.6491344873501997,0.9065455703590161,0.025818172842264175
train,audio_610.wav,5.0,False,True,True,8,1,1,0,0,2.8871391076115485,0.6375,1.980000000000004,0.11805555555555554,0.9090909090909091,0.0,0.0,0.02727272727272727,2.3871527777777777,0.9474716714837335,0.41453316807746887
train,audio_654.wav,3.0,False,True,True,16,4,3,0,0,2.4047619047619047,0.85375,1.8999999999999986,0.24541861300754583,2.9702970297029703,0.0,0.0,0.10891089108910891,1.6812405391205738,0.8381094180490121,0.08855070173740387
train,audio_170.wav,2.5,False,True,True,10,4,0,2,0,2.987114408434206,0.7700000000000007,1.5400000000000063,0.13068567549219293,0.0,1.3071895424836601,0.0,0.05228758169934641,2.5466045272969375,0.8830219218446538,0.04786915332078934
train,audio_255.wav,4.5,False,True,True,6,1,0,1,0,1.7291590826356025,0.636666666666667,1.0199999999999996,0.06501021102791019,0.0,1.0526315789473684,0.0,0.08421052631578947,1.5812250332889481,0.857907396633374,0.11271359771490097
train,audio_162.wav,3.0,False,True,True,3,0,1,1,0,1.8345189067764884,0.553333333333334,0.8000000000000007,0.030137981118373312,1.0204081632653061,1.0204081632653061,0.0,0.09183673469387756,1.6311584553928096,0.8629591526577667,0.11204922199249268
train,audio_5069.wav,0.0,True,True,True,1,1,0,0,0,124.99999999998046,29.999999999999996,29.999999999999996,0.9986684420772302,0.0,0.0,0.0,0.4,0.08322972965943434,0.518149679619819,0.005248813424259424
train,audio_769.wav,3.0,False,True,True,4,2,0,0,1,1.8759018759018755,1.1499999999999977,2.6999999999999957,0.07661558960692856,0.0,0.0,0.9615384615384616,0.04807692307692308,1.7311783769162343,0.912323615155541,0.18310672044754028
train,audio_720.wav,3.0,False,True,True,5,1,0,0,0,2.4431182394628874,0.9360000000000008,1.9200000000000017,0.08027444253859356,0.0,0.0,0.0,0.05343511450381679,2.1829444963449216,0.8990155715523785,0.16329245269298553
train,audio_623.wav,3.0,False,True,True,10,1,1,6,2,2.0537124802527646,0.6259999999999997,1.7799999999999976,0.11001757469244282,0.9615384615384616,5.769230769230769,1.9230769230769231,0.08653846153846154,1.7311783769162343,0.8761968845132148,0.00026212993543595076
train,audio_718.wav,4.5,False,True,True,14,2,5,0,0,2.186711522287637,0.5571428571428575,1.1400000000000006,0.14089595375722552,4.8076923076923075,0.0,0.0,0.057692307692307696,1.7311783769162343,0.8878176372605734,0.07290992885828018
train,audio_136.wav,3.5,False,True,True,9,3,0,1,0,2.653846153846154,0.8466666666666668,1.240000000000002,0.22665080309339683,0.0,1.4492753623188406,0.0,0.08695652173913043,1.5312916111850865,0.873566664647365,0.303241103887558
train,audio_119.wav,2.0,False,True,True,2,1,0,0,0,1.761066158971918,0.9499999999999993,1.1600000000000001,0.04326047358834241,0.0,0.0,0.0,0.04054054054054054,1.64225477141589,0.8762889360790853,0.16537079215049744
train,audio_542.wav,3.0,False,True,True,5,0,0,1,3,2.0448430493273544,0.39399999999999996,0.5700000000000003,0.03413028413028413,0.0,0.8771929824561403,2.6315789473684212,0.03508771929824561,1.8976378362351032,0.9335630788353452,0.19814972579479218
train,audio_5073.wav,0.0,True,True,True,9,1,0,0,0,2.2289156626506026,0.9177777777777779,3.7600000000000016,0.14226662073716848,0.0,0.0,0.0,0.2972972972972973,1.8476999984394424,0.6746579628974736,0.024750540032982826
train,audio_322.wav,4.0,False,True,True,6,2,1,0,0,1.9946808510638299,0.7766666666666661,1.2400000000000002,0.08132635253054096,0.9523809523809523,0.0,0.0,0.10476190476190476,1.7478243228481212,0.84911765172368,0.13845637440681458
train,audio_5039.wav,0.0,True,True,True,3,2,1,0,0,1.8104366347177854,1.9000000000000032,3.1400000000000077,0.23284313725490233,2.9411764705882355,0.0,0.0,0.47058823529411764,0.5659621616841536,0.5212843405404105,0.0003135119623038918
train,audio_707.wav,3.0,False,True,True,13,3,9,2,1,2.329521389241846,0.9353846153846148,2.5399999999999974,0.20478275513640945,8.181818181818182,1.8181818181818181,0.9090909090909091,0.16363636363636364,1.8310540525075556,0.768478337853131,0.010023788549005985
train,audio_148.wav,3.5,False,True,True,6,2,0,1,0,2.381818181818182,0.8199999999999997,1.1600000000000001,0.08210947930574096,0.0,0.7633587786259542,0.0,0.07633587786259542,2.1804260985352863,0.8492987168142359,0.03632831200957298
train,audio_316.wav,2.0,False,True,True,7,0,12,1,2,2.0393029291805713,0.5314285714285719,0.9000000000000004,0.06451612903225813,10.909090909090908,0.9090909090909091,1.8181818181818181,0.16363636363636364,1.8310540525075556,0.7970513570598665,0.0007965700933709741
train,audio_647.wav,4.5,False,True,True,5,1,0,0,0,2.234738372093023,0.6880000000000013,1.220000000000006,0.058823529411764816,0.0,0.0,0.0,0.008130081300813009,2.0474513496220847,0.9394817578235293,0.09057105332612991
train,audio_286.wav,5.0,False,True,True,14,4,0,1,0,2.7423622804907386,0.7321428571428571,1.3400000000000016,0.19780007719027404,0.0,0.8771929824561403,0.0,0.03508771929824561,1.8976378362351032,0.9111301152329696,0.3856179416179657
train,audio_92.wav,4.0,False,True,True,5,1,0,0,0,2.4791086350974934,0.5599999999999998,1.0199999999999996,0.07235142118863047,0.0,0.0,0.0,0.0449438202247191,2.1497584541062804,0.8946092908971766,0.13319163024425507
train,audio_462.wav,3.5,False,True,True,3,2,0,0,0,2.082379862700229,2.253333333333335,4.880000000000003,0.13396749900911623,0.0,0.0,0.0,0.07692307692307693,1.5147810798017052,0.8723077355669095,0.08558093756437302
train,audio_376.wav,5.0,False,True,True,8,2,3,0,0,2.7926960257787328,0.7775000000000005,1.3600000000000012,0.1431201104463876,2.8846153846153846,0.0,0.0,0.009615384615384616,2.2684980062029245,0.9616426820747362,0.35258054733276367
train,audio_76.wav,4.0,False,True,True,13,1,2,1,0,2.523076923076922,0.592307692307692,1.3799999999999955,0.19154228855721378,2.4390243902439024,1.2195121951219512,0.0,0.036585365853658534,1.8197958277851751,0.9336755068563833,0.05643349885940552
train,audio_105.wav,2.0,False,True,True,9,2,8,0,7,2.227463312368973,0.6533333333333332,1.4,0.13351498637602177,9.411764705882353,0.0,8.235294117647058,0.11764705882352941,1.8863737239236573,0.8364005203980281,9.776202205102891e-05
train,audio_355.wav,3.0,False,True,True,9,5,1,0,0,2.0525059665871126,1.635555555555557,4.220000000000002,0.2599788060755919,1.1627906976744187,0.0,0.0,0.13953488372093023,1.4285076559082184,0.7904556923610873,0.018976064398884773
train,audio_663.wav,3.0,False,True,True,14,5,6,1,0,2.2727272727272725,1.1528571428571424,3.4400000000000013,0.2942034269048486,6.818181818181818,1.1363636363636365,0.0,0.06818181818181818,1.4648432420060444,0.8479115481234409,0.013047806918621063
train,audio_767.wav,4.5,False,True,True,6,3,2,0,0,2.0590379008746353,0.8233333333333334,1.2200000000000024,0.08258107656302241,1.7699115044247788,0.0,0.0,0.035398230088495575,1.8809918903032161,0.9046092636603038,0.003952286206185818
train,audio_655.wav,5.0,False,True,True,7,2,4,1,0,2.2005924672027084,1.0228571428571427,3.6400000000000006,0.13156927600147003,3.8461538461538463,0.9615384615384616,0.0,0.0673076923076923,1.7311783769162343,0.897317261122785,0.0005491051124408841
train,audio_372.wav,5.0,False,True,True,8,3,5,2,0,2.454473475851148,0.8249999999999992,1.2999999999999998,0.11554621848739485,4.032258064516129,1.6129032258064515,0.0,0.03225806451612903,2.066298607227254,0.9469905393498559,0.079665407538414
train,audio_667.wav,5.0,False,True,True,8,2,1,0,1,2.5443786982248517,0.8099999999999998,2.0,0.11332633788037773,0.7751937984496124,0.0,0.7751937984496124,0.023255813953488372,2.1473270252134062,0.9530312631866421,0.04569427669048309
train,audio_517.wav,2.5,False,True,True,2,0,0,0,0,1.776103336921421,0.5600000000000009,0.6000000000000014,0.01969750263805842,0.0,0.0,0.0,0.18181818181818182,1.6479486472568001,0.7723964791970722,0.030548004433512688
train,audio_765.wav,5.0,False,True,True,10,3,5,0,1,2.2129710780017526,0.8159999999999996,2.549999999999997,0.1516728624535315,4.9504950495049505,0.0,0.9900990099009901,0.009900990099009901,1.6786610600495289,0.9538059860069101,0.0013483156217262149
train,audio_38.wav,4.0,False,True,True,3,1,0,0,1,2.2606382978723407,1.0933333333333344,1.6200000000000045,0.08023483365949127,0.0,0.0,1.1764705882352942,0.023529411764705882,1.8863737239236573,0.9248040049099456,0.11297567188739777
train,audio_371.wav,5.0,False,True,True,11,1,4,4,0,2.7977956761339553,0.852727272727273,3.780000000000001,0.16584158415841588,3.0303030303030303,3.0303030303030303,0.0,0.030303030303030304,2.1972648630090665,0.9244746952223583,0.02172439731657505
train,audio_507.wav,3.0,False,True,True,10,4,0,1,1,2.5787187839305106,2.2580000000000005,6.68,0.3800067317401549,0.0,1.0526315789473684,1.0526315789473684,0.06315789473684211,1.5813648635292525,0.8408892931710733,0.10463272035121918
train,audio_5056.wav,0.0,True,True,True,5,2,0,0,0,2.919708029197078,2.111999999999997,7.359999999999989,0.3550773369199726,0.0,0.0,0.0,0.4642857142857143,0.9320905459387484,0.5131999016074198,0.030996065586805344
train,audio_282.wav,5.0,False,True,True,9,4,0,2,1,2.6328052190121145,1.1377777777777769,3.740000000000002,0.19262603461249042,0.0,1.7699115044247788,0.8849557522123894,0.05309734513274336,1.8809918903032161,0.9095519168582638,0.10874595493078232
train,audio_459.wav,3.0,False,True,True,7,1,0,1,0,2.4257632789627768,0.9314285714285722,3.5600000000000023,0.11998527788001478,0.0,0.8620689655172413,0.0,0.0603448275862069,1.9309297280988769,0.8784890056041808,0.13873429596424103
train,audio_303.wav,5.0,False,True,True,5,3,0,0,0,1.9238243295763697,1.0880000000000003,1.4699999999999989,0.09560632688927945,0.0,0.0,0.0,0.050505050505050504,1.6479486472568001,0.9343489701499039,0.10898411273956299
train,audio_297.wav,4.5,False,True,True,7,2,3,0,0,2.6760563380281694,0.8428571428571433,1.4800000000000004,0.14251207729468607,3.1578947368421053,0.0,0.0,0.010526315789473684,2.17119594329179,0.9437646908231648,0.00015369588800240308
train,audio_432.wav,3.5,False,True,True,4,1,4,0,2,1.995114006514658,2.33,7.760000000000002,0.15947980835044492,4.081632653061225,0.0,2.0408163265306123,0.15306122448979592,1.6313027013249133,0.8007484221621892,0.03422648832201958
train,audio_454.wav,3.5,False,True,True,6,0,0,1,3,2.7356746765249538,0.4599999999999998,0.7400000000000002,0.04854027435807244,0.0,0.6756756756756757,2.027027027027027,0.0945945945945946,2.4635999979192564,0.8446437841331637,0.0654708743095398
train,audio_482.wav,2.0,False,True,True,14,3,0,4,0,2.7709359605911326,0.6500000000000001,1.740000000000002,0.15738498789346247,0.0,2.962962962962963,0.0,0.037037037037037035,2.2472027008047273,0.9108918270211162,0.14757271111011505
train,audio_484.wav,2.0,False,True,True,9,0,2,1,1,2.1295876755777075,0.5177777777777778,0.9600000000000009,0.09549180327868853,2.127659574468085,1.0638297872340425,1.0638297872340425,0.10638297872340426,1.7326969358683244,0.8426121275158639,0.07841908931732178
train,audio_757.wav,4.0,False,True,True,6,1,0,2,0,1.9223448800913587,0.719999999999999,1.4000000000000021,0.0759760816039394,0.0,1.9801980198019802,0.0,0.04950495049504951,1.6812405391205738,0.8706252026085807,0.15755413472652435
train,audio_773.wav,3.0,False,True,True,2,2,0,0,0,1.588258946521914,3.45,4.9,0.1218220338983051,0.0,0.0,0.0,0.06329113924050633,1.3150297286190626,0.8735290651645842,0.397802472114563
train,audio_668.wav,5.0,False,True,True,10,0,1,1,0,2.3989421987155266,0.5799999999999994,0.9200000000000017,0.09874021109976155,0.7874015748031497,0.7874015748031497,0.0,0.031496062992125984,2.1140351333496326,0.9413255850865146,0.19377005100250244
train,audio_240.wav,5.0,False,True,True,6,1,0,0,0,2.2784810126582276,0.7366666666666662,1.5,0.07401205626255856,0.0,0.0,0.0,0.05555555555555555,2.097203728362184,0.9040441191385663,0.0637541264295578
train,audio_163.wav,2.0,False,True,True,10,4,2,0,1,1.5468607825295717,1.1359999999999986,3.0,0.20535068691250877,2.9411764705882355,0.0,1.4705882352941178,0.17647058823529413,1.1319243233683072,0.7820250278904887,0.006831007078289986
train,audio_659.wav,5.0,False,True,True,9,2,1,0,0,2.566576611346971,0.7022222222222226,1.1199999999999992,0.10870313037495706,0.7518796992481203,0.0,0.0,0.03759398496240601,2.2139108089409536,0.9253593555767146,0.003778699552640319
train,audio_532.wav,3.5,False,True,True,6,1,0,1,3,2.6485325697924123,0.5466666666666654,1.3599999999999923,0.055442866801893045,0.0,0.6756756756756757,2.027027027027027,0.08783783783783784,2.4635999979192564,0.8704332423622947,0.056370314210653305
train,audio_464.wav,2.0,False,True,True,7,6,0,0,0,2.127079356422143,2.6471428571428564,5.140000000000001,0.3356884057971013,0.0,0.0,0.0,0.11538461538461539,1.2983837826871758,0.7994640602801855,0.06223267689347267
train,audio_5.wav,2.5,False,True,True,7,0,5,2,0,2.7885548011639187,0.4057142857142857,0.620000000000001,0.06442831215970962,4.3478260869565215,1.7391304347826086,0.0,0.06956521739130435,2.5521526853084775,0.8781484963237376,0.048517465591430664
train,audio_231.wav,3.5,False,True,True,4,0,1,1,0,2.5116612845353425,0.5399999999999991,0.7999999999999972,0.037305699481865226,0.7142857142857143,0.7142857142857143,0.0,0.05714285714285714,2.3325558147284235,0.8985097609460354,0.23946769535541534
train,audio_384.wav,5.0,False,True,True,12,5,0,0,0,2.556455048998722,0.9650000000000004,2.740000000000002,0.19788106630211902,0.0,0.0,0.0,0.03333333333333333,1.99964381344573,0.9250519875023099,0.27302002906799316
train,audio_54.wav,4.0,False,True,True,8,0,0,0,0,3.3063427800269913,0.5450000000000006,0.879999999999999,0.1282352941176472,0.0,0.0,0.0,0.0,2.6908292147171884,0.9566049052744495,0.5750281810760498
train,audio_656.wav,5.0,False,True,True,7,2,3,0,2,2.0608986260675826,0.8628571428571429,1.7199999999999989,0.1008347245409015,2.7027027027027026,0.0,1.8018018018018018,0.06306306306306306,1.8476999984394424,0.9284979807766708,0.055632613599300385
train,audio_444.wav,3.0,False,True,True,6,2,4,2,2,2.6366715045960327,2.8533333333333335,13.459999999999999,0.29284981183715364,3.669724770642202,1.834862385321101,1.834862385321101,0.08256880733944955,1.8144081065756688,0.8512149169291326,0.0014829762512817979
train,audio_5062.wav,0.0,True,True,True,4,2,0,1,0,2.5142857142857142,0.7300000000000013,1.1799999999999997,0.07700421940928284,0.0,1.1363636363636365,0.0,0.5340909090909091,1.441803073047601,0.5156273971026001,0.0016124327667057514
train,audio_312.wav,4.5,False,True,True,6,3,0,0,1,2.0966453674121412,0.9766666666666678,1.7599999999999998,0.1047550947443691,0.0,0.0,0.9523809523809523,0.01904761904761905,1.7478243228481212,0.9352879987822638,0.20479103922843933
train,audio_120.wav,2.5,False,True,True,8,0,0,0,0,2.4766690595836325,0.7374999999999998,0.8800000000000026,0.1747630331753554,0.0,0.0,0.0,0.057971014492753624,1.5333333333333334,0.8983593328275542,0.3099377453327179
train,audio_446.wav,3.0,False,True,True,3,0,0,0,0,2.4422735346358793,0.6466666666666656,0.8399999999999999,0.04129416773094927,0.0,0.0,0.0,0.045454545454545456,2.1692268062202578,0.8810668197545138,0.28782710433006287
train,audio_546.wav,2.5,False,True,True,9,0,3,1,0,1.9357336430507164,0.5444444444444444,0.7800000000000011,0.08663366336633663,3.0,1.0,0.0,0.08,1.664594593188687,0.8525315054506063,0.016835585236549377
train,audio_430.wav,4.0,False,True,True,8,1,3,0,1,2.445759368836292,0.7024999999999999,2.5,0.09978693181818181,2.4193548387096775,0.0,0.8064516129032258,0.0967741935483871,2.064097295553972,0.8168165544385931,0.0037387986667454243
train,audio_179.wav,2.0,False,True,True,13,6,1,3,1,1.6580534022394489,1.0461538461538464,1.8399999999999999,0.2265156562291806,1.2987012987012987,3.896103896103896,1.2987012987012987,0.16883116883116883,1.281737836755289,0.7930761297093931,0.00011742538481485099
train,audio_674.wav,4.0,False,True,True,7,1,2,0,0,2.503765060240964,0.6885714285714288,1.0400000000000063,0.0831895063859165,1.5037593984962405,0.0,0.0,0.06015037593984962,2.2139108089409536,0.9023099907960995,0.009352571330964565
train,audio_737.wav,3.5,False,True,True,8,5,1,3,2,1.86286167261197,0.9700000000000004,1.1999999999999993,0.13328753005839925,1.0638297872340425,3.1914893617021276,2.127659574468085,0.14893617021276595,1.5647189175973657,0.8041017746671717,0.0657852366566658
train,audio_669.wav,3.0,False,True,True,12,2,0,1,1,2.837171052631578,0.8416666666666656,1.9399999999999942,0.17194416070820542,0.0,0.7246376811594203,0.7246376811594203,0.07246376811594203,2.297140538600388,0.8808423166257747,0.13842809200286865
train,audio_540.wav,4.0,False,True,True,18,1,0,0,0,2.860082304526749,0.5377777777777778,1.0800000000000054,0.16609471516815374,0.0,0.0,0.0,0.11510791366906475,2.3137864845322746,0.8283679413316634,0.037594836205244064
train,audio_692.wav,4.0,False,True,True,12,1,0,0,0,5.188679245283019,0.5749999999999998,1.0799999999999983,0.18862766539092396,0.0,0.0,0.0,0.2077922077922078,3.439136084549151,0.7583460589604718,0.04828859120607376
train,audio_572.wav,2.0,False,True,True,5,1,0,0,0,2.2598870056497176,0.5840000000000007,1.4800000000000004,0.055640243902439095,0.0,0.0,0.0,0.07142857142857142,2.042007001166861,0.8151019700204155,0.025885004550218582
train,audio_479.wav,2.0,False,True,True,5,1,2,1,0,1.8656716417910444,0.7800000000000005,1.6200000000000045,0.06782608695652177,2.0,1.0,0.0,0.21,1.6497566608925183,0.7351108817756176,0.03704652935266495
train,audio_419.wav,3.0,False,True,True,4,1,5,3,0,1.989389920424403,1.145,2.879999999999999,0.09193095142513047,5.555555555555555,3.3333333333333335,0.0,0.07777777777777778,1.4826941788808747,0.8473936692294147,0.01741408184170723
train,audio_5037.wav,0.0,True,True,True,14,0,1,0,1,3.800675675675676,0.492857142857143,0.7800000000000011,0.1626591230551627,0.7407407407407407,0.0,0.7407407407407407,0.34074074074074073,2.996005326231691,0.6147677128237706,0.051972441375255585
train,audio_433.wav,3.0,False,True,True,4,0,4,5,0,2.228412256267409,0.27999999999999914,0.3200000000000003,0.01912568306010923,3.125,3.90625,0.0,0.1015625,2.130681079281519,0.8638871935871748,0.00012180999328847975
train,audio_405.wav,5.0,False,True,True,14,5,2,4,0,3.1412376003778935,1.1200000000000006,2.879999999999999,0.2702516373664255,1.5037593984962405,3.007518796992481,0.0,0.03007518796992481,2.2139108089409536,0.9348022169170943,0.0017837411724030972
train,audio_267.wav,4.0,False,True,True,6,2,1,1,0,1.675080312069757,0.9800000000000013,1.8800000000000008,0.11888394662353433,1.36986301369863,1.36986301369863,0.0,0.0410958904109589,1.215046604527297,0.9030995988648505,0.0023727156221866608
train,audio_358.wav,5.0,False,True,True,15,2,4,0,0,3.0682276947920877,0.6213333333333341,1.4800000000000004,0.15834182806659888,2.6315789473684212,0.0,0.0,0.046052631578947366,2.5301837816468042,0.9190520653010983,0.0859990268945694
train,audio_331.wav,5.0,False,True,True,14,2,0,0,0,2.686125211505923,0.5942857142857151,1.6200000000000045,0.14964028776978436,0.0,0.0,0.0,0.031496062992125984,2.1162897025633973,0.9436834598854771,0.2851976156234741
train,audio_487.wav,2.5,False,True,True,2,0,0,3,1,1.4205541915117503,0.5600000000000023,0.740000000000002,0.019263845889232963,0.0,3.7037037037037037,1.2345679012345678,0.07407407407407407,1.3483216204828363,0.8462431511761229,0.19253435730934143
train,audio_494.wav,3.0,False,True,True,5,0,3,2,6,2.59577515216613,0.487999999999999,0.8999999999999986,0.04185248713550593,2.0689655172413794,1.3793103448275863,4.137931034482759,0.10344827586206896,2.413662160123596,0.8382940231212255,0.056310057640075684
train,audio_536.wav,2.5,False,True,True,12,2,0,0,1,3.0606566499721772,0.9750000000000013,3.9999999999999964,0.2455919395465998,0.0,0.0,0.9090909090909091,0.07272727272727272,2.030018904551049,0.8696362240409309,0.15934886038303375
train,audio_634.wav,4.0,False,True,True,7,1,3,0,1,1.7439703153988868,0.6999999999999998,1.0199999999999996,0.08333333333333331,3.1914893617021276,0.0,1.0638297872340425,0.07446808510638298,1.5647189175973657,0.8485596489577376,0.004910011775791645
train,audio_317.wav,3.5,False,True,True,10,0,0,1,0,2.580275229357798,0.49999999999999944,0.9399999999999995,0.08722958827634324,0.0,0.7407407407407407,0.0,0.05185185185185185,2.2472027008047273,0.9185980420605635,0.07479438930749893
train,audio_5054.wav,0.0,True,True,True,8,2,1,2,0,2.595452595452595,0.8049999999999999,2.1400000000000077,0.12137203166226912,0.8264462809917356,1.6528925619834711,0.0,0.4132231404958678,2.062499267578385,0.5745136961956655,0.018567878752946854
train,audio_723.wav,5.0,False,True,True,8,1,0,1,0,2.595029239766082,0.6400000000000001,1.3000000000000007,0.08556149732620322,0.0,0.704225352112676,0.0,0.007042253521126761,2.3637243223279354,0.9660957161809357,0.21134310960769653
train,audio_155.wav,3.5,False,True,True,11,2,0,1,1,2.6033386327503973,0.7309090909090906,1.0600000000000023,0.13776559287183,0.0,0.7633587786259542,0.7633587786259542,0.0916030534351145,2.1804260985352863,0.8607461438265466,0.07034287601709366
train,audio_410.wav,2.0,False,True,True,6,2,0,1,0,2.6824034334763946,1.1600000000000001,2.1799999999999997,0.1573236889692586,0.0,1.0,0.0,0.1,2.164127423822715,0.8463051067292691,0.19900108873844147
train,audio_251.wav,2.0,False,True,True,1,0,0,0,0,3.0612244897959178,0.5999999999999996,0.5999999999999996,0.05769230769230765,0.0,0.0,0.0,0.03333333333333333,1.4955134596211366,0.8855776011943817,0.3561387062072754
train,audio_779.wav,5.0,False,True,True,9,5,0,2,0,2.7342179332529155,0.7977777777777781,1.3200000000000003,0.1261419536191146,0.0,1.4705882352941178,0.0,0.04411764705882353,2.2638486467366143,0.9193886664202985,0.15672113001346588
train,audio_382.wav,4.0,False,True,True,4,0,0,0,0,2.339901477832512,0.5200000000000002,0.8599999999999994,0.03530210454854041,0.0,0.0,0.0,0.03759398496240601,2.2139108089409536,0.9194293808107986,0.11135613173246384
train,audio_559.wav,3.0,False,True,True,1,1,1,0,1,1.9572953736654806,1.6000000000000014,1.6000000000000014,0.045300113250283165,1.5151515151515151,0.0,1.5151515151515151,0.16666666666666666,1.0986324315045333,0.7934682732042292,0.00017902173567563295
train,audio_161.wav,3.0,False,True,True,1,1,0,0,0,1.8423307626392464,28.540000000000003,28.540000000000003,0.5501156515034696,0.0,0.0,0.0,0.023255813953488372,0.7157123834886818,0.8954244398966779,0.04439668729901314
train,audio_535.wav,2.5,False,True,True,12,3,0,1,0,3.4451495920217607,0.8733333333333345,1.7600000000000051,0.19194139194139223,0.0,0.6578947368421053,0.0,0.23684210526315788,2.5301837816468042,0.7186280283300827,0.0178502406924963
train,audio_363.wav,5.0,False,True,True,14,3,1,0,0,3.1053459119496867,0.7314285714285715,1.58,0.28699551569506737,1.2658227848101267,0.0,0.0,0.02531645569620253,1.7906802459918656,0.9493897530851485,0.28412169218063354
train,audio_5057.wav,0.0,True,True,True,10,4,1,1,0,2.599512591389115,0.9240000000000006,1.8600000000000012,0.1580027359781123,0.78125,0.78125,0.0,0.359375,2.130681079281519,0.6334516364322553,0.0008248056983575225
train,audio_660.wav,4.5,False,True,True,18,0,1,0,0,2.559867877786952,0.5499999999999992,0.9799999999999969,0.1696948920123412,0.8064516129032258,0.0,0.0,0.04032258064516129,2.064097295553972,0.9207088384296624,0.048933640122413635
train,audio_293.wav,5.0,False,True,True,3,2,0,1,0,2.581261950286807,1.2000000000000013,1.7800000000000011,0.06440071556350634,0.0,0.7407407407407407,0.0,0.02962962962962963,2.2472027008047273,0.9595821580769102,0.35369059443473816
train,audio_74.wav,4.0,False,True,True,5,1,0,0,0,2.309644670050762,0.7,1.6000000000000014,0.0815850815850816,0.0,0.0,0.0,0.01098901098901099,2.0195295162006213,0.9202141971378536,0.18711648881435394
train,audio_215.wav,4.0,False,True,True,5,1,0,1,0,2.625780389276533,0.7559999999999993,1.2999999999999972,0.06490384615384609,0.0,0.6993006993006993,0.0,0.02097902097902098,2.380367791792725,0.9085196797455941,0.19069336354732513
train,audio_228.wav,3.0,False,True,True,4,2,1,3,2,1.71939477303989,2.0850000000000004,6.240000000000002,0.16050808314087764,1.3333333333333333,4.0,2.6666666666666665,0.12,1.2452059570652985,0.8348910967136423,0.012129259295761585
train,audio_602.wav,2.0,False,True,True,3,1,3,5,0,2.2545454545454544,1.0866666666666653,2.66,0.05595605904565733,2.4193548387096775,4.032258064516129,0.0,0.06451612903225806,2.066298607227254,0.850263102701114,0.07961152493953705
train,audio_396.wav,2.0,False,True,True,13,1,2,0,1,3.3655868742111905,0.5938461538461539,1.0999999999999979,0.1397032211364459,1.25,0.0,0.625,0.125,2.663351349101899,0.7892001963686198,0.05487924814224243
train,audio_576.wav,2.0,False,True,True,10,0,0,6,0,2.2192203782323423,0.5899999999999989,0.879999999999999,0.10221760221760202,0.0,5.217391304347826,0.0,0.06086956521739131,1.91428378216699,0.8695813822357551,0.021267801523208618
train,audio_5040.wav,0.0,True,True,True,10,2,0,0,1,2.784810126582279,1.088000000000001,4.300000000000001,0.18668496911461924,0.0,0.0,0.7575757575757576,0.19696969696969696,2.1972648630090665,0.7431739889875506,0.06241541728377342
train,audio_198.wav,4.0,False,True,True,9,2,5,0,0,1.5343698854337158,1.086666666666668,5.180000000000007,0.16672349130583042,6.666666666666667,0.0,0.0,0.09333333333333334,1.2497760817853467,0.859062850508425,0.08522511273622513
train,audio_600.wav,2.0,False,True,True,6,2,0,5,2,2.476415094339623,1.2299999999999998,2.6800000000000015,0.1266735324407827,0.0,3.9682539682539684,1.5873015873015872,0.07142857142857142,2.0973891874177455,0.8450809943849447,0.15949314832687378
train,audio_710.wav,4.0,False,True,True,4,2,1,0,1,1.8382352941176472,1.6450000000000005,3.9800000000000004,0.13133732534930143,1.25,0.0,1.25,0.05,1.3316756745509495,0.908571976920939,0.0012441824655979872
train,audio_246.wav,3.0,False,True,True,9,2,2,0,0,1.4700193423597678,0.6911111111111108,1.1799999999999997,0.10738950276243088,2.6315789473684212,0.0,0.0,0.05263157894736842,1.2649800266311584,0.9001185650888243,0.194194495677948
train,audio_490.wav,2.5,False,True,True,10,2,2,1,2,2.298402804830541,0.7199999999999999,1.4199999999999946,0.12299282541851722,1.694915254237288,0.847457627118644,1.694915254237288,0.11864406779661017,1.9642216199626505,0.8348295534808007,0.00063155876705423
train,audio_657.wav,5.0,False,True,True,11,3,4,2,1,1.961569255404323,0.761818181818181,2.0999999999999943,0.1436407267740828,4.081632653061225,2.0408163265306123,1.0204081632653061,0.030612244897959183,1.6313027013249133,0.9228824921408478,0.23957374691963196
train,audio_688.wav,5.0,False,True,True,6,2,0,1,0,1.9125683060109284,2.076666666666666,7.740000000000002,0.2539747248267427,0.0,1.4285714285714286,0.0,0.02857142857142857,1.1468888081060462,0.9460329791797059,0.037020500749349594
train,audio_698.wav,5.0,False,True,True,7,1,1,2,1,2.1311475409836063,0.6457142857142849,1.0,0.08477119279819945,0.9615384615384616,1.9230769230769231,0.9615384615384616,0.057692307692307696,1.7311783769162343,0.9123363098186439,0.00014067649317439646
train,audio_499.wav,2.5,False,True,True,3,2,0,0,0,1.39992432841468,1.1466666666666663,1.5599999999999987,0.061101243339253965,0.0,0.0,0.0,0.10810810810810811,1.2317999989596282,0.8088502600990437,0.09820001572370529
train,audio_463.wav,4.0,False,True,True,11,4,0,0,0,2.533992583436342,2.276363636363637,17.880000000000003,0.4362369337979095,0.0,0.0,0.0,0.08536585365853659,1.3649675664147232,0.8515877868162423,0.17712126672267914
train,audio_604.wav,4.5,False,True,True,5,0,0,1,0,2.177959791511541,0.5520000000000003,0.740000000000002,0.04886685552407934,0.0,0.8547008547008547,0.0,0.02564102564102564,1.9475756740307637,0.9370225636113403,0.20075246691703796
train,audio_97.wav,4.0,False,True,True,10,0,6,1,1,3.0040733197556007,0.4620000000000003,0.6400000000000006,0.10523917995444196,5.084745762711864,0.847457627118644,0.847457627118644,0.0423728813559322,2.6187305814469597,0.9122690211160708,0.15515409409999847
train,audio_234.wav,3.0,False,True,True,11,3,3,0,0,1.5026132404181187,0.9018181818181822,2.4399999999999995,0.177650429799427,4.3478260869565215,0.0,0.0,0.08695652173913043,1.148468708388815,0.859707667865759,0.005466874688863754
train,audio_782.wav,5.0,False,True,True,11,3,4,1,0,2.1384136858475897,0.7181818181818184,1.3600000000000012,0.13313110886417262,3.6363636363636362,0.9090909090909091,0.0,0.02727272727272727,1.8121817741877357,0.9333454664457929,0.1391279250383377
train,audio_758.wav,4.0,False,True,True,5,0,0,0,0,1.7148014440433215,0.6680000000000006,0.9399999999999995,0.07007973143096943,0.0,0.0,0.0,0.11842105263157894,1.3659897752969286,0.85004738414366,0.07870622724294662
train,audio_727.wav,4.5,False,True,True,6,1,0,0,0,2.5606980273141122,0.9433333333333321,2.539999999999999,0.09695101062007526,0.0,0.0,0.0,0.022222222222222223,2.2472027008047273,0.9429741020003954,0.10846283286809921
train,audio_643.wav,4.0,False,True,True,6,2,2,0,0,1.990632318501172,1.2633333333333354,3.6000000000000014,0.30738037307380417,5.882352941176471,0.0,0.0,0.11764705882352941,0.5659621616841536,0.8250204864969275,0.0013551950687542558
train,audio_261.wav,3.0,False,True,True,8,5,0,0,0,1.894563426688633,1.1825000000000006,1.980000000000004,0.163047225094795,0.0,0.0,0.0,0.06521739130434782,1.5328223925358213,0.9107546538344004,0.023358821868896484
train,audio_205.wav,4.0,False,True,True,12,2,3,4,0,2.2983702465524445,0.7899999999999999,2.0600000000000005,0.16532961283571676,2.727272727272727,3.6363636363636362,0.0,0.11818181818181818,1.8310521475328652,0.8461055356896284,0.12483538687229156
train,audio_128.wav,2.0,False,True,True,15,2,0,1,0,3.0825791855203626,0.5146666666666672,1.1999999999999993,0.179201485608171,0.0,0.9174311926605505,0.0,0.11926605504587157,2.4189968930315136,0.8334514952580864,0.19366750121116638
train,audio_650.wav,5.0,False,True,True,8,0,0,0,0,2.6542056074766354,0.5099999999999992,0.9800000000000004,0.07085793678360532,0.0,0.0,0.0,0.007042253521126761,2.3265458678722655,0.9694802007624801,0.4508557617664337
train,audio_35.wav,2.0,False,True,True,6,0,2,1,1,3.008248423095585,0.3700000000000004,0.5600000000000023,0.051104972375690665,1.6129032258064515,0.8064516129032258,0.8064516129032258,0.12096774193548387,2.7518863737239236,0.8305787922393891,0.10088218748569489
train,audio_141.wav,3.0,False,True,True,6,1,0,0,0,3.0030030030030037,2.2566666666666673,10.320000000000004,0.33698357391737194,0.0,0.0,0.0,0.0875,1.3315579227696406,0.8766830787062645,0.14466899633407593
train,audio_260.wav,3.5,False,True,True,7,3,0,0,0,1.7814726840855106,0.868571428571428,2.26,0.10742049469964657,0.0,0.0,0.0,0.07777777777777778,1.4980026631158456,0.8690636309829576,0.13852445781230927
train,audio_722.wav,5.0,False,True,True,12,2,0,1,0,2.7852477910103723,0.6466666666666667,1.2000000000000028,0.12972250083584086,0.0,0.6896551724137931,0.0,0.04827586206896552,2.416236274580257,0.9219474387579951,0.17498700320720673
train,audio_5047.wav,0.0,True,True,True,12,5,0,0,2,2.9984218832193585,1.5000000000000007,3.980000000000004,0.32131381649410934,0.0,0.0,1.7543859649122806,0.41228070175438597,1.9445960698689955,0.5916540698033937,0.024254528805613518
train,audio_324.wav,5.0,False,True,True,17,1,6,1,0,2.40763802407638,0.4752941176470584,1.0,0.1436189121933877,5.172413793103448,0.8620689655172413,0.0,0.02586206896551724,1.9309297280988769,0.9434419347390789,0.016546286642551422
train,audio_279.wav,5.0,False,True,True,8,2,0,1,0,3.470919324577862,0.6775,1.3000000000000007,0.11277569704535997,0.0,0.6756756756756757,0.0,0.0,2.4635999979192564,0.954037385111725,0.5161665678024292
train,audio_450.wav,3.0,False,True,True,8,1,0,0,0,2.62906309751434,0.6674999999999998,1.12,0.11318355235269179,0.0,0.0,0.0,0.09090909090909091,2.2167894087847837,0.856367230008949,0.19224387407302856
train,audio_32.wav,2.5,False,True,True,1,1,0,0,0,2.84263959390863,1.1600000000000037,1.1600000000000037,0.02859960552268254,0.0,0.0,0.0,0.026785714285714284,2.5961984237366713,0.9241690952330828,0.12618529796600342
train,audio_254.wav,3.5,False,True,True,4,1,0,1,1,1.1739799846035412,1.0,1.5399999999999991,0.07147962830593281,0.0,1.639344262295082,1.639344262295082,0.06557377049180328,1.0153129161118508,0.8802789630459957,0.3477521240711212
train,audio_544.wav,2.0,False,True,True,6,2,0,1,2,1.9170168067226891,0.976666666666667,2.879999999999999,0.13336367774237604,0.0,1.36986301369863,2.73972602739726,0.1780821917808219,1.2151540530277414,0.7770071120243774,0.003366328775882721
train,audio_176.wav,4.5,False,True,True,10,2,2,0,0,3.2554257095158596,1.034,4.5,0.1774802608994164,1.2820512820512822,0.0,0.0,0.1858974358974359,2.599133622125958,0.7867153827766536,1.3093912457406987e-05
train,audio_301.wav,4.5,False,True,True,9,5,1,1,0,1.8264840182648399,1.0133333333333334,1.8399999999999963,0.15916230366492148,1.1363636363636365,1.1363636363636365,0.0,0.056818181818181816,1.4648432420060444,0.8981240976771171,0.22688131034374237
train,audio_213.wav,5.0,False,True,True,14,2,0,0,0,2.9541800643086824,0.5400000000000006,1.1799999999999997,0.13189113747383124,0.0,0.0,0.0,0.04081632653061224,2.4469515062484652,0.9137782673953342,0.10345834493637085
train,audio_295.wav,5.0,False,True,True,6,2,0,0,0,2.906704172526957,1.0633333333333326,2.080000000000002,0.1300978792822185,0.0,0.0,0.0,0.03225806451612903,2.064097295553972,0.9318502547760164,0.3400295674800873
train,audio_40.wav,3.0,False,True,True,8,1,0,0,0,2.5902668759811616,0.7225,1.2400000000000002,0.13136363636363638,0.0,0.0,0.0,0.010101010101010102,2.1970705725699067,0.9599858343300193,0.3191841244697571
train,audio_496.wav,2.5,False,True,True,8,3,0,1,0,1.6680227827502032,0.9424999999999991,1.5799999999999983,0.1329805996472662,0.0,1.2195121951219512,0.0,0.13414634146341464,1.3649675664147232,0.799699666614576,0.047975365072488785
train,audio_45.wav,2.5,False,True,True,3,1,1,0,2,2.4556213017751483,0.8200000000000008,1.620000000000001,0.06784335355763935,1.2048192771084338,0.0,2.4096385542168677,0.13253012048192772,2.1347736625514404,0.8161396621221519,0.06492984294891357
train,audio_146.wav,3.0,False,True,True,4,1,0,0,0,2.415753146569225,1.0000000000000004,1.9200000000000017,0.0751032669921142,0.0,0.0,0.0,0.05042016806722689,1.9806924101198402,0.8884892963311252,0.15310999751091003
train,audio_415.wav,2.5,False,True,True,7,1,0,0,1,2.3404937479961534,0.8985714285714296,3.010000000000005,0.16782283884738547,0.0,0.0,1.36986301369863,0.0273972602739726,1.6594939964110602,0.9095410435167077,0.27060315012931824
train,audio_595.wav,3.0,False,True,True,8,3,0,0,1,2.0309050772626933,1.5775000000000006,8.18,0.21788674033149177,0.0,0.0,1.0869565217391304,0.05434782608695652,1.531427025733592,0.8931955883576387,0.04299327731132507
train,audio_783.wav,4.0,False,True,True,10,1,0,0,1,2.626570232204035,0.6619999999999997,1.0399999999999991,0.11189993238674777,0.0,0.0,0.7246376811594203,0.07971014492753623,2.299590385462589,0.8805407307286194,0.1986551135778427
train,audio_673.wav,5.0,False,True,True,14,3,7,0,0,2.5679758308157092,0.7228571428571422,2.6199999999999974,0.17924194119730766,5.882352941176471,0.0,0.0,0.05042016806722689,1.9808675658945374,0.9233468161160204,0.18833181262016296
train,audio_48.wav,2.5,False,True,True,5,1,3,1,1,1.8932038834951455,0.4959999999999997,1.0,0.05677655677655675,3.8461538461538463,1.2820512820512822,1.2820512820512822,0.05128205128205128,1.7310252996005326,0.8904003111215738,0.27804678678512573
train,audio_777.wav,4.5,False,True,True,8,2,0,0,0,1.426690079016681,1.0274999999999987,2.380000000000001,0.15284492376348066,0.0,0.0,0.0,0.046153846153846156,1.0819864855726464,0.9342485747658289,0.3311721980571747
train,audio_330.wav,3.0,False,True,True,16,6,8,0,0,2.8270509977827065,1.1812500000000008,3.8200000000000043,0.34376136777009847,7.8431372549019605,0.0,0.0,0.09803921568627451,1.6948782896684083,0.8776356218218365,0.014391866512596607
train,audio_200.wav,3.0,False,True,True,10,6,4,1,1,1.6468435498627632,1.1780000000000002,2.3200000000000003,0.21225225225225228,5.555555555555555,1.3888888888888888,1.3888888888888888,0.08333333333333333,1.19850686020333,0.8741728074641691,0.07888878136873245
train,audio_259.wav,4.0,False,True,True,4,3,1,0,1,1.722042139384117,1.8350000000000004,3.5,0.12945326278659616,1.1764705882352942,0.0,1.1764705882352942,0.03529411764705882,1.414780292942743,0.9222321873202043,0.2140059918165207
train,audio_721.wav,3.0,False,True,True,3,0,1,0,0,1.9643672910004568,0.6266666666666669,0.8000000000000007,0.041173893999123974,1.1627906976744187,0.0,0.0,0.19767441860465115,1.4315513501422708,0.7445658155998518,0.03536439314484596
train,audio_223.wav,5.0,False,True,True,7,3,0,0,2,2.1944922547332184,1.0914285714285707,3.200000000000003,0.1411677753141167,0.0,0.0,1.9607843137254901,0.0392156862745098,1.7597508744840435,0.931123402188806,0.30028238892555237
train,audio_175.wav,4.0,False,True,True,5,0,0,0,0,2.6344878408253503,0.548,0.6599999999999993,0.048053314626446866,0.0,0.0,0.0,0.02097902097902098,2.3801597869507325,0.9277012941269052,0.07437894493341446
train,audio_400.wav,4.0,False,True,True,2,2,0,0,0,1.9245283018867925,2.1099999999999994,2.1799999999999997,0.13736979166666663,0.0,0.0,0.0,0.13725490196078433,1.4857839968682003,0.8358118062218031,0.12336941808462143
train,audio_506.wav,2.0,False,True,True,4,0,5,1,1,2.184813753581662,0.455,0.6400000000000006,0.03156434269857787,4.098360655737705,0.819672131147541,0.819672131147541,0.18032786885245902,2.030805403690198,0.7809642643522715,0.0067898272536695
train,audio_153.wav,3.0,False,True,True,4,1,0,1,0,2.2184300341296925,0.5899999999999999,1.1599999999999966,0.04283121597096188,0.0,0.8547008547008547,0.0,0.07692307692307693,1.9475756740307637,0.8771074174815773,0.16831691563129425
train,audio_5050.wav,0.0,True,True,True,4,0,3,1,0,1.3460788138899726,0.45999999999999996,0.6999999999999993,0.03465160075329566,4.3478260869565215,1.4492753623188406,0.0,0.34782608695652173,1.148570269300194,0.6338487611366108,0.0019611623138189316
train,audio_281.wav,4.5,False,True,True,7,3,0,0,0,2.931937172774869,1.7742857142857142,7.280000000000001,0.2453575661793757,0.0,0.0,0.0,0.044642857142857144,1.8643459443713293,0.9181315066747456,0.01799754612147808
train,audio_543.wav,3.0,False,True,True,8,0,0,0,0,2.1627565982404695,0.46750000000000136,0.6400000000000006,0.0641509433962266,0.0,0.0,0.0,0.0423728813559322,1.9642216199626505,0.8861575225778555,0.08098448067903519
train,audio_445.wav,3.0,False,True,True,9,1,1,1,3,2.1196513470681455,0.9066666666666667,4.260000000000002,0.13915416098226466,0.9345794392523364,0.9345794392523364,2.803738317757009,0.07476635514018691,1.781116214711895,0.8422881211545841,0.010347298346459866
train,audio_124.wav,2.0,False,True,True,4,0,0,0,0,2.269469660774009,0.4950000000000008,0.6199999999999992,0.045164233576642406,0.0,0.0,0.0,0.031578947368421054,2.111111111111111,0.9152253099178013,0.17199692130088806
train,audio_249.wav,2.0,False,True,True,2,0,0,0,0,2.741702741702742,0.41000000000000014,0.41999999999999993,0.05585831062670302,0.0,0.0,0.0,0.05263157894736842,1.8234165067178503,0.884931968623086,0.2163594514131546
train,audio_420.wav,2.0,False,True,True,6,1,0,0,0,1.7824954936911679,1.3950000000000014,6.080000000000005,0.1435677530017154,0.0,0.0,0.0,0.056179775280898875,1.4814891879379313,0.889712744409895,0.031648777425289154
train,audio_203.wav,5.0,False,True,True,13,2,1,0,0,2.920509442248573,0.6184615384615385,1.4799999999999969,0.15005599104143338,0.7518796992481203,0.0,0.0,0.05263157894736842,2.2139085056533734,0.9125704656642183,0.224481001496315
train,audio_278.wav,5.0,False,True,True,4,3,0,0,0,2.171052631578947,1.5999999999999996,2.3200000000000003,0.1739130434782608,0.0,0.0,0.0,0.07575757575757576,1.6146912438168488,0.8696199247632364,0.12539635598659515
train,audio_516.wav,2.5,False,True,True,6,1,4,1,0,2.183406113537118,0.9066666666666676,3.520000000000003,0.0974561089215336,3.6363636363636362,0.9090909090909091,0.0,0.13636363636363635,1.8310540525075556,0.7988702656348434,0.0051484243012964725
train,audio_326.wav,4.0,False,True,True,3,1,0,2,0,3.60576923076923,0.653333333333333,1.120000000000001,0.08611599297012297,0.0,2.6666666666666665,0.0,0.02666666666666667,2.9592803030303028,0.9181093597412109,0.27454662322998047
train,audio_603.wav,4.5,False,True,True,7,2,1,2,1,2.3562300319488814,1.1771428571428566,4.619999999999997,0.1412894375857338,0.847457627118644,1.694915254237288,0.847457627118644,0.0423728813559322,1.9642216199626505,0.9363415064793317,0.0016681816196069121
train,audio_199.wav,4.0,False,True,True,10,2,1,0,0,1.6912908242612754,0.6379999999999999,1.4800000000000004,0.11034244206157037,1.1494252873563218,0.0,0.0,0.034482758620689655,1.4481957894123572,0.9007967326832914,0.06322357058525085
train,audio_406.wav,2.5,False,True,True,6,1,0,0,1,1.7576898932831133,1.2199999999999986,3.8799999999999955,0.18683001531393548,0.0,0.0,1.7857142857142858,0.10714285714285714,1.0065187817977368,0.8645655579332795,0.14400175213813782
train,audio_538.wav,4.0,False,True,True,7,1,0,0,0,2.8805719091673674,1.5114285714285711,7.600000000000001,0.18197454420364634,0.0,0.0,0.0,0.058394160583941604,2.280494592668501,0.8729915631948596,0.07688689976930618
train,audio_631.wav,5.0,False,True,True,6,1,0,0,0,2.857738840216938,0.5900000000000002,1.1600000000000001,0.06876456876456878,0.0,0.0,0.0,0.058394160583941604,2.5193693760997817,0.895693779046083,0.12233971804380417
train,audio_5061.wav,0.0,True,True,True,8,3,2,1,0,2.3261508325171403,1.9700000000000006,10.040000000000006,0.2784452296819789,2.1052631578947367,1.0526315789473684,0.0,0.4421052631578947,1.5813648635292525,0.5234615421706909,0.012973849661648273
train,audio_196.wav,4.0,False,True,True,8,2,0,1,0,3.324968632371393,0.8050000000000005,1.8999999999999986,0.28775692582663104,0.0,1.8867924528301887,0.0,0.05660377358490566,2.0019074778798664,0.9372833714170276,0.10755380988121033
train,audio_756.wav,4.0,False,True,True,10,2,2,5,2,2.412280701754386,0.7480000000000008,1.5,0.12977099236641235,1.6528925619834711,4.132231404958677,1.6528925619834711,0.04132231404958678,2.014159457758311,0.9098131938660441,0.1995777040719986
train,audio_649.wav,5.0,False,True,True,5,1,0,1,0,2.4047710657945367,1.0399999999999998,2.4800000000000004,0.09094088842252536,0.0,0.8,0.0,0.0,2.048015728760797,0.9641390895843506,0.6679844260215759
train,audio_27.wav,2.0,False,True,True,3,0,0,0,3,1.778557114228457,0.7200000000000006,0.8000000000000007,0.0513307984790875,0.0,0.0,4.225352112676056,0.08450704225352113,1.5777777777777777,0.8645663649683267,0.37944334745407104
train,audio_681.wav,5.0,False,True,True,12,7,0,1,0,2.9345372460496604,1.666666666666666,5.799999999999997,0.3607503607503606,0.0,0.9615384615384616,0.0,0.038461538461538464,1.7311783769162343,0.9406117900059774,0.19503946602344513
train,audio_556.wav,2.5,False,True,True,3,1,0,0,0,1.556420233463035,0.8000000000000002,1.3599999999999994,0.049321824907521586,0.0,0.0,0.0,0.05555555555555555,1.1985081070958545,0.8772995648008806,0.13291403651237488
train,audio_185.wav,3.0,False,True,True,13,6,2,1,0,1.9911504424778768,1.4261538461538472,6.619999999999997,0.33893967093235855,2.7777777777777777,1.3888888888888888,0.0,0.08333333333333333,1.19850686020333,0.838205768312845,0.056540101766586304
train,audio_369.wav,5.0,False,True,True,6,0,0,2,0,2.325581395348838,0.6133333333333345,0.8400000000000034,0.06267029972752056,0.0,1.5625,0.0,0.03125,2.1329534010087787,0.927048919237374,0.25238296389579773
train,audio_241.wav,4.0,False,True,True,11,1,0,1,0,2.7799377916018666,0.5527272727272734,1.6000000000000014,0.10570236439499318,0.0,0.6993006993006993,0.0,0.013986013986013986,2.3801597869507325,0.94435448157829,0.10180430859327316
train,audio_98.wav,2.5,False,True,True,2,2,0,0,2,2.0441097364174285,1.9699999999999989,2.1399999999999935,0.09581712062256803,0.0,0.0,2.6315789473684212,0.07894736842105263,1.6866400355082112,0.8553115370634355,0.2419363260269165
train,audio_389.wav,5.0,False,True,True,6,2,0,0,0,2.4517087667161963,0.7766666666666674,1.6400000000000006,0.07965811965811974,0.0,0.0,0.0,0.03787878787878788,2.1972648630090665,0.9173808623895501,0.2223503589630127
train,audio_357.wav,5.0,False,True,True,8,5,0,1,1,2.3213194868662197,1.2875000000000003,3.0600000000000023,0.23931226765799266,0.0,1.3157894736842106,1.3157894736842106,0.039473684210526314,1.2650918908234021,0.9046542136684844,0.22251781821250916
train,audio_112.wav,3.0,False,True,True,5,0,0,0,0,2.379796017484216,0.4600000000000007,0.6600000000000001,0.05289788408463669,0.0,0.0,0.0,0.04081632653061224,2.174877940523746,0.9246688482104516,0.16551852226257324
train,audio_675.wav,4.0,False,True,True,6,1,0,0,0,2.448177269478199,0.6800000000000003,1.620000000000001,0.0679546968687542,0.0,0.0,0.0,0.029197080291970802,2.280494592668501,0.9378671411180148,0.14505968987941742
train,audio_113.wav,4.0,False,True,True,9,1,0,0,0,2.4215007982969667,0.6244444444444449,1.0199999999999996,0.13009259259259268,0.0,0.0,0.0,0.03296703296703297,2.0195295162006213,0.9208453491657644,0.3792605996131897
train,audio_483.wav,2.0,False,True,True,11,4,0,0,0,2.613452188006483,0.7836363636363637,1.5,0.14867195584684376,0.0,0.0,0.0,0.015503875968992248,2.1473270252134062,0.918108334606008,0.2232867032289505
train,audio_474.wav,2.0,False,True,True,6,3,0,4,0,1.7485613103142983,1.4166666666666663,4.719999999999999,0.15834575260804765,0.0,5.063291139240507,0.0,0.2911392405063291,1.3150297286190626,0.694810581169551,0.043877340853214264
train,audio_725.wav,4.5,False,True,True,10,5,3,2,1,2.1402364451691813,0.8540000000000012,1.2600000000000002,0.14826388888888908,2.857142857142857,1.9047619047619047,0.9523809523809523,0.05714285714285714,1.7819961114299139,0.9139706591177466,0.0009918747236952186
train,audio_774.wav,3.0,False,True,True,11,5,0,0,0,2.239161505478799,1.2872727272727273,2.620000000000001,0.2522265764161026,0.0,0.0,0.0,0.06382978723404255,1.5647189175973657,0.8917114441382125,0.1746072620153427
train,audio_588.wav,2.5,False,True,True,6,1,0,0,0,2.08955223880597,0.6566666666666663,1.2000000000000002,0.07749803304484652,0.0,0.0,0.0,0.04081632653061224,1.6313027013249133,0.8734996518006131,0.22084899246692657
train,audio_395.wav,3.0,False,True,True,8,1,5,0,1,2.8241845664280025,0.5624999999999993,1.2799999999999976,0.08214676889375674,3.5211267605633805,0.0,0.704225352112676,0.09154929577464789,2.3637243223279354,0.8318682793580311,0.08610039204359055
train,audio_210.wav,5.0,False,True,True,11,3,1,1,1,2.971102971102971,0.7636363636363633,1.4199999999999946,0.14598540145985395,0.684931506849315,0.684931506849315,0.684931506849315,0.03424657534246575,2.43030557763453,0.9295493164227331,0.0016358764842152596
train,audio_309.wav,3.0,False,True,True,21,8,6,1,1,3.014665942422597,0.9780952380952386,2.980000000000004,0.3580892608089263,5.405405405405405,0.9009009009009009,0.9009009009009009,0.12612612612612611,1.8186379671395878,0.8416696085451959,0.03374702110886574
train,audio_457.wav,3.0,False,True,True,5,1,2,2,0,2.376352395672334,0.9159999999999997,2.039999999999999,0.08129215477458285,1.6260162601626016,1.6260162601626016,0.0,0.07317073170731707,2.0474513496220847,0.86245023441718,0.001730924705043435
train,audio_492.wav,2.5,False,True,True,7,1,3,0,1,2.212549873050417,0.5457142857142854,2.039999999999999,0.06478968792401624,2.459016393442623,0.0,0.819672131147541,0.05737704918032787,2.030805403690198,0.8578291625446701,0.00022947404067963362
train,audio_738.wav,5.0,False,True,True,4,3,2,6,0,2.1586616297895302,1.3500000000000005,2.4800000000000004,0.12717852096090443,2.5,7.5,0.0,0.075,1.3107300664069101,0.8742629431886598,0.004861032590270042
train,audio_305.wav,5.0,False,True,True,11,3,0,0,0,2.958212660322714,0.8436363636363634,1.259999999999998,0.1610551891704269,0.0,0.0,0.0,0.013986013986013986,2.3803702682598225,0.938785666873405,0.21478863060474396
train,audio_123.wav,3.5,False,True,True,5,0,0,0,0,2.247191011235955,0.34400000000000014,0.54,0.03870387038703872,0.0,0.0,0.0,0.07291666666666667,2.1304926764314245,0.8578042951153799,0.09617948532104492
train,audio_5053.wav,0.0,True,True,True,10,4,2,0,1,1.6912057302029448,0.7960000000000004,1.299999999999999,0.13672277567846108,2.3529411764705883,0.0,1.1764705882352942,0.2823529411764706,1.414780292942743,0.6753957955714535,0.060137178748846054
train,audio_89.wav,2.5,False,True,True,3,0,2,1,0,2.3218997361477567,0.5533333333333322,0.879999999999999,0.04196157735085936,2.272727272727273,1.1363636363636365,0.0,0.056818181818181816,2.068641278796427,0.8923849145305046,0.0030441300477832556
train,audio_747.wav,3.0,False,True,True,9,4,0,3,0,1.7164511814534105,1.0755555555555556,2.6000000000000014,0.17748441510817745,0.0,3.896103896103896,0.0,0.06493506493506493,1.281737836755289,0.8292033006618549,0.12596185505390167
train,audio_115.wav,2.0,False,True,True,8,2,0,0,0,2.067669172932331,0.5725000000000005,1.2399999999999984,0.10951697752271648,0.0,0.0,0.0,0.16883116883116883,1.708832667554372,0.7857733505370813,0.1866776943206787
train,audio_235.wav,3.0,False,True,True,12,6,1,1,8,2.0689655172413794,0.8983333333333331,1.9199999999999946,0.1985998526160648,1.1111111111111112,1.1111111111111112,8.88888888888889,0.12222222222222222,1.4990006662225184,0.8423596503420009,0.06782633811235428
train,audio_414.wav,3.5,False,True,True,8,3,3,0,0,2.412868632707775,0.9775000000000004,3.0799999999999983,0.14872575123621154,2.7777777777777777,0.0,0.0,0.12037037037037036,1.797762160643782,0.8186803722961081,0.10998523235321045
train,audio_56.wav,2.0,False,True,True,11,1,5,0,0,2.7077747989276135,0.5472727272727268,1.1399999999999935,0.13896583564173579,4.9504950495049505,0.0,0.0,0.04950495049504951,2.241455836662228,0.9016936223695774,0.3450455069541931
train,audio_43.wav,3.5,False,True,True,17,6,2,2,0,3.334402051939724,0.785294117647059,2.4399999999999977,0.2997305792546026,1.9230769230769231,1.9230769230769231,0.0,0.1346153846153846,2.3049645390070923,0.8089975173800037,0.0650584027171135
train,audio_394.wav,5.0,False,True,True,11,4,2,2,0,2.8166031342651414,0.8863636363636364,1.9799999999999969,0.17114270668773038,1.5037593984962405,1.5037593984962405,0.0,0.022556390977443608,2.2139108089409536,0.942720502960428,0.05314597114920616
train,audio_423.wav,3.0,False,True,True,13,2,5,3,0,2.6076649545634134,0.6138461538461539,2.580000000000002,0.13617747440273037,3.787878787878788,2.272727272727273,0.0,0.09848484848484848,2.1972648630090665,0.855471094195364,0.037104200571775436
train,audio_579.wav,4.0,False,True,True,5,1,0,1,0,2.446760308110557,0.6639999999999986,2.020000000000003,0.06995364517488396,0.0,0.9259259259259259,0.0,0.16666666666666666,1.7996794321011569,0.7760930611280564,0.030029628425836563
train,audio_172.wav,3.0,False,True,True,10,1,0,0,1,2.411376751854905,0.7220000000000001,1.9400000000000048,0.12952996053103696,0.0,0.0,0.8547008547008547,0.11965811965811966,1.9475756740307637,0.8203384402470711,0.043317608535289764
train,audio_144.wav,5.0,False,True,True,4,1,0,0,0,2.461599054745963,0.850000000000001,1.139999999999997,0.06275378368401631,0.0,0.0,0.0,0.088,2.0805592543275635,0.8554158273339272,0.0673716589808464
train,audio_151.wav,2.5,False,True,True,15,6,1,2,4,2.4217221135029354,1.149333333333333,4.66,0.296627666896077,1.0101010101010102,2.0202020202020203,4.040404040404041,0.1414141414141414,1.6514673975939036,0.7904620800752926,0.0004292648518458009
train,audio_65.wav,1.5,False,True,True,5,0,0,0,1,1.6255385820603214,0.5519999999999996,0.8599999999999994,0.05128205128205125,0.0,0.0,1.2048192771084338,0.0963855421686747,1.381951381951382,0.8235416824379599,0.11577119678258896
train,audio_481.wav,2.0,False,True,True,13,1,0,1,0,2.086677367576244,0.6123076923076931,1.019999999999996,0.1377162629757787,0.0,0.9615384615384616,0.0,0.22115384615384615,1.7145394802596126,0.7333390391312348,0.08396883308887482
train,audio_262.wav,4.0,False,True,True,10,5,0,0,0,2.273625939106366,0.9219999999999994,2.039999999999999,0.15418060200668887,0.0,0.0,0.0,0.017391304347826087,1.9141145139813582,0.9491235832805219,0.12150104343891144
train,audio_229.wav,4.5,False,True,True,11,1,0,1,0,2.7197975964579384,0.6490909090909093,1.3800000000000026,0.18421052631578955,0.0,1.1627906976744187,0.0,0.011627906976744186,1.8466526736202447,0.9275232012881789,0.4541391432285309
train,audio_22.wav,4.0,False,True,True,8,1,0,0,0,2.669133192389006,0.5874999999999997,1.6600000000000001,0.11048425011753638,0.0,0.0,0.0,0.0297029702970297,2.241455836662228,0.9375905108333814,0.29114842414855957
train,audio_434.wav,3.5,False,True,True,7,0,4,0,0,2.3420479302832247,0.4371428571428571,0.5799999999999983,0.05263157894736841,3.10077519379845,0.0,0.0,0.07751937984496124,2.1473270252134062,0.8454436907010485,0.08838538080453873
train,audio_488.wav,3.0,False,True,True,0,0,0,0,1,2.3410202655485675,0.0,0.0,0.0,0.0,0.0,0.746268656716418,0.12686567164179105,2.2305567548728407,0.8180272958023631,0.059060901403427124
train,audio_439.wav,3.0,False,True,True,6,2,0,1,0,1.7655897821187077,1.133333333333333,3.020000000000003,0.11325782811459026,0.0,1.0638297872340425,0.0,0.07446808510638298,1.5647189175973657,0.8827125181754432,0.21951428055763245
train,audio_160.wav,2.0,False,True,True,5,0,1,0,0,1.7801590044936053,0.4000000000000005,0.5800000000000001,0.0334112930170398,0.970873786407767,0.0,0.0,0.08737864077669903,1.714380825565912,0.8608910505054066,0.07442712783813477
train,audio_594.wav,3.0,False,True,True,6,2,0,0,0,1.9181113980081155,0.7966666666666676,1.5,0.08101694915254247,0.0,0.0,0.0,0.10576923076923077,1.7311783769162343,0.8397108830362506,7.54327920731157e-05
train,audio_651.wav,5.0,False,True,True,11,3,0,1,1,2.4975984630163315,1.1618181818181827,4.079999999999998,0.2348401323043001,0.0,0.9615384615384616,0.9615384615384616,0.0,1.703949086328983,0.9506920959609441,0.568759024143219
train,audio_569.wav,3.0,False,True,True,7,1,0,0,0,2.252081756245269,0.8228571428571433,1.4200000000000017,0.09829351535836182,0.0,0.0,0.0,0.04201680672268908,1.9808675658945374,0.8940332701601902,0.07479982823133469
train,audio_440.wav,2.0,False,True,True,5,1,1,0,0,1.3483146067415732,0.7440000000000004,1.120000000000001,0.06512605042016811,1.3888888888888888,0.0,0.0,0.2222222222222222,1.1985081070958545,0.7298510815448093,0.023513467982411385
train,audio_658.wav,5.0,False,True,True,10,2,0,0,0,2.316602316602317,0.6459999999999999,1.1400000000000006,0.11088225197391005,0.0,0.0,0.0,0.041666666666666664,1.9975135118264242,0.9260794997732672,0.018986042588949203
train,audio_274.wav,3.0,False,True,True,5,0,0,1,0,2.6213592233009706,0.5759999999999998,0.9600000000000009,0.12265758091993181,0.0,1.8518518518518519,0.0,0.05555555555555555,1.3824420262375976,0.9291353325049082,0.2334935963153839
train,audio_5065.wav,0.0,True,True,True,11,5,1,0,0,3.37965887555275,1.5800000000000016,4.380000000000003,0.3544045676998372,0.9345794392523364,0.0,0.0,0.4953271028037383,1.781116214711895,0.5378770325042748,0.01269586756825447
train,audio_158.wav,2.5,False,True,True,2,0,0,1,1,1.917151660390277,0.639999999999997,0.6999999999999957,0.021440536013400235,0.0,0.8928571428571429,0.8928571428571429,0.07142857142857142,1.8641810918774968,0.8506691610174519,0.10153476148843765
train,audio_493.wav,4.0,False,True,True,11,3,0,0,0,2.1069059695669137,0.7618181818181818,1.4400000000000048,0.14050972501676728,0.0,0.0,0.0,0.027777777777777776,1.797762160643782,0.891878013809522,0.20517486333847046
train,audio_646.wav,4.5,False,True,True,7,2,0,3,0,2.573932092004381,0.7514285714285717,1.1200000000000045,0.08760826115922721,0.0,2.127659574468085,0.0,0.06382978723404255,2.3470783763960483,0.9013918413126722,0.1844690442085266
train,audio_64.wav,2.5,False,True,True,10,3,0,0,1,1.4298093587521667,1.2520000000000011,4.759999999999998,0.2133605998636675,0.0,0.0,1.5151515151515151,0.16666666666666666,1.0989010989010988,0.7997950515850927,0.0192936509847641
train,audio_451.wav,2.5,False,True,True,11,2,2,0,0,2.0254357041921813,0.770909090909091,1.92,0.16647035728307816,2.3255813953488373,0.0,0.0,0.11627906976744186,1.4433404940923737,0.81981490396483,0.05491573363542557
train,audio_277.wav,3.5,False,True,True,4,2,0,0,0,1.870503597122302,0.9000000000000004,1.2400000000000002,0.060810810810810835,0.0,0.0,0.0,0.028846153846153848,1.7311783769162343,0.8971311887009785,0.1450236290693283
train,audio_491.wav,2.5,False,True,True,6,1,2,0,2,1.891447368421052,0.7433333333333326,1.4599999999999937,0.08399246704331441,2.1739130434782608,0.0,2.1739130434782608,0.08695652173913043,1.531427025733592,0.8183450202366499,0.007669455837458372
train,audio_52.wav,2.0,False,True,True,7,1,0,4,0,2.9250000000000007,0.594285714285715,1.0,0.09420289855072475,0.0,3.4188034188034186,0.0,0.042735042735042736,2.596537949400799,0.8948372724728707,0.3477783799171448
train,audio_743.wav,4.0,False,True,True,1,0,0,0,0,1.9196160767846429,0.6099999999999994,0.6099999999999994,0.03530092592592589,0.0,0.0,0.0,0.0,1.3262599469496021,0.9722515251487494,0.8025173544883728
train,audio_243.wav,3.0,False,True,True,1,0,0,0,0,1.3596809282088471,0.9400000000000013,0.9400000000000013,0.016755793226381484,0.0,0.0,0.0,0.08,1.248335552596538,0.841960003276666,0.12114877253770828
train,audio_661.wav,5.0,False,True,True,8,3,0,0,1,1.8362831858407078,1.0924999999999996,2.539999999999999,0.1620318872821653,0.0,0.0,1.2048192771084338,0.03614457831325301,1.3816135123466102,0.9327863526033111,0.14745430648326874
train,audio_456.wav,3.0,False,True,True,7,1,0,0,0,2.0979020979020984,0.6171428571428577,1.0600000000000023,0.07741935483870975,0.0,0.0,0.0,0.06481481481481481,1.797762160643782,0.8448266646376362,0.1994430422782898
train,audio_90.wav,4.0,False,True,True,9,0,0,0,0,2.4764150943396226,0.44444444444444475,0.6999999999999993,0.10548523206751062,0.0,0.0,0.0,0.05952380952380952,2.1374045801526718,0.8802210656659943,0.22426721453666687
train,audio_735.wav,4.0,False,True,True,8,1,0,1,0,2.097315436241611,0.5899999999999999,1.9800000000000004,0.16526610644257703,0.0,2.0,0.0,0.08,0.8322972965943435,0.851826083958149,0.15598450601100922
train,audio_775.wav,4.5,False,True,True,3,0,0,0,1,1.4223982715160244,0.6733333333333326,0.9000000000000004,0.03509381514940927,0.0,0.0,1.2658227848101267,0.012658227848101266,1.3150297286190626,0.9555710542805588,0.38423478603363037
train,audio_587.wav,2.5,False,True,True,7,2,0,0,1,2.233542319749216,0.7885714285714276,1.619999999999994,0.09759547383309747,0.0,0.0,0.8771929824561403,0.10526315789473684,1.8976378362351032,0.8395469576128546,0.09667730331420898
train,audio_103.wav,2.5,False,True,True,5,0,1,0,0,2.096538274012677,0.40400000000000025,0.6799999999999997,0.04693308550185877,1.1627906976744187,0.0,0.0,0.05813953488372093,1.9085663559698178,0.8815512688354005,0.01653999835252762
train,audio_111.wav,3.5,False,True,True,4,0,0,0,0,2.321603128054741,0.5050000000000003,0.7400000000000002,0.04704238472286915,0.0,0.0,0.0,0.021052631578947368,2.128136200716846,0.9294779537539734,0.2308874875307083
train,audio_421.wav,2.0,False,True,True,3,1,0,1,0,2.0512820512820515,0.8533333333333347,1.1400000000000006,0.0518638573743923,0.0,1.0416666666666667,0.0,0.041666666666666664,1.5980108094611394,0.8771150644558171,0.1594952791929245
train,audio_683.wav,4.0,False,True,True,13,2,3,2,0,2.608530083777609,0.5538461538461547,1.3600000000000065,0.12056262558606849,2.18978102189781,1.4598540145985401,0.0,0.0364963503649635,2.280494592668501,0.9020828188118273,0.1830032914876938
train,audio_152.wav,3.0,False,True,True,3,1,1,1,0,2.1397220190197515,0.6866666666666686,1.0,0.03630595699682774,0.8547008547008547,0.8547008547008547,0.0,0.1111111111111111,1.9475756740307637,0.8554384567565219,0.013319984078407288
train,audio_134.wav,3.0,False,True,True,4,3,0,0,0,1.983143282102132,1.1600000000000006,1.3800000000000008,0.1031569586482882,0.0,0.0,0.0,0.0125,1.7777777777777777,0.8903387838974595,0.47337856888771057
train,audio_12.wav,4.5,False,True,True,6,1,5,1,0,2.503953610964681,0.6833333333333331,1.0399999999999991,0.09752616555661273,5.2631578947368425,1.0526315789473684,0.0,0.07368421052631578,2.108300044385264,0.888611294642875,0.12028609961271286
train,audio_232.wav,3.0,False,True,True,3,1,2,0,1,1.2356733524355301,0.8599999999999999,1.2200000000000006,0.04416295789113316,2.898550724637681,0.0,1.4492753623188406,0.10144927536231885,1.1494252873563218,0.853139462361561,0.00029226441984064877
train,audio_36.wav,3.0,False,True,True,8,1,0,0,2,2.314814814814815,0.6925000000000001,2.3200000000000003,0.13109323237103646,0.0,0.0,2.3529411764705883,0.03529411764705882,1.8863737239236573,0.9127098328488714,0.02864452823996544
train,audio_268.wav,5.0,False,True,True,6,0,0,2,0,1.7259691980881573,0.5200000000000001,0.7999999999999972,0.07650809220205985,0.0,3.076923076923077,0.0,0.03076923076923077,1.081890812250333,0.9158420958198034,0.44562608003616333
train,audio_68.wav,2.0,False,True,True,7,2,4,0,1,1.1748307447232178,0.8285714285714285,2.3200000000000003,0.1035344519814352,6.779661016949152,0.0,1.694915254237288,0.0847457627118644,0.9972954699121028,0.8422788653712151,0.2555437684059143
train,audio_729.wav,3.0,False,True,True,7,2,3,2,2,1.5246449456975775,0.8285714285714294,2.0600000000000023,0.10804769001490325,4.109589041095891,2.73972602739726,2.73972602739726,0.0273972602739726,1.2151540530277414,0.8917821082350326,0.23511843383312225
train,audio_247.wav,4.5,False,True,True,6,1,0,0,1,2.332563510392609,0.8599999999999989,1.459999999999999,0.10647957078002462,0.0,0.0,0.9900990099009901,0.04950495049504951,1.9588828549262993,0.8977153667128912,0.19381266832351685
train,audio_224.wav,5.0,False,True,True,10,2,0,0,0,1.7506631299734747,0.7739999999999995,1.5600000000000023,0.17033450704225342,0.0,0.0,0.0,0.030303030303030304,1.2668918918918919,0.9308120495442188,0.3225841522216797
train,audio_425.wav,3.0,False,True,True,3,0,4,1,4,2.1746817538896743,0.3599999999999999,0.48,0.01873698820263705,3.252032520325203,0.8130081300813008,3.252032520325203,0.11382113821138211,2.0474513496220847,0.8484823033819354,0.026516973972320557
train,audio_392.wav,5.0,False,True,True,5,3,2,0,0,2.834467120181406,1.14,1.540000000000001,0.09723643807574206,1.3333333333333333,0.0,0.0,0.06,2.4942346804625557,0.92390933106731,0.001365081057883799
train,audio_615.wav,4.0,False,True,True,13,3,3,2,1,2.5844525844525847,0.7215384615384616,1.96,0.16028708133971295,2.3622047244094486,1.5748031496062993,0.7874015748031497,0.03937007874015748,2.1140351333496326,0.9068046098198709,0.0003751492768060416
train,audio_245.wav,3.5,False,True,True,2,0,0,2,3,1.6963673749143249,0.33999999999999986,0.41999999999999993,0.011517615176151757,0.0,2.0202020202020203,3.0303030303030303,0.050505050505050504,1.6478029294274301,0.9004216691610789,0.1934310346841812
train,audio_271.wav,3.5,False,True,True,4,3,0,0,0,1.6745468873128446,1.7999999999999998,3.3399999999999963,0.12422360248447203,0.0,0.0,0.0,0.07058823529411765,1.414780292942743,0.8551006583168226,0.03020092472434044
train,audio_321.wav,2.0,False,True,True,10,2,1,0,0,2.7463312368972743,0.8340000000000002,2.9800000000000004,0.14882226980728053,0.7633587786259542,0.0,0.0,0.04580152671755725,2.18061891707718,0.8887394200583906,0.061562176793813705
train,audio_5043.wav,0.0,True,True,True,7,3,0,3,0,2.6011560693641624,1.5971428571428579,5.460000000000001,0.19907407407407418,0.0,2.5641025641025643,0.0,0.49572649572649574,1.9475756740307637,0.5346126505452343,0.04555990546941757
train,audio_187.wav,5.0,False,True,True,10,2,1,1,1,2.7751378065006653,0.6090000000000003,1.2699999999999996,0.10374787052810908,0.684931506849315,0.684931506849315,0.684931506849315,0.06164383561643835,2.43030557763453,0.9290939379126242,0.1197436973452568
train,audio_221.wav,4.0,False,True,True,4,2,0,0,0,2.6745068285280724,1.2249999999999983,2.360000000000001,0.08503991669559169,0.0,0.0,0.0,0.0425531914893617,2.3470759345648546,0.9376694033402361,0.16950726509094238
train,audio_219.wav,5.0,False,True,True,11,4,0,0,0,3.192848020434227,0.9090909090909084,1.8000000000000043,0.17550017550017538,0.0,0.0,0.0,0.03333333333333333,2.496889292090271,0.9194348751505216,0.18300263583660126
train,audio_601.wav,2.0,False,True,True,2,1,0,0,0,2.241615331964408,0.7200000000000024,1.1200000000000045,0.02404809619238485,0.0,0.0,0.0,0.03816793893129771,2.18061891707718,0.8718526900838349,0.04057178646326065
train,audio_100.wav,2.5,False,True,True,3,0,1,4,1,2.44246124941287,0.293333333333333,0.3200000000000003,0.02024850437183615,0.9615384615384616,3.8461538461538463,0.9615384615384616,0.0673076923076923,2.30803373280071,0.8673009662888944,0.03236394003033638
train,audio_227.wav,4.5,False,True,True,11,2,2,1,0,2.743362831858406,0.6309090909090898,1.1599999999999966,0.13310318373609487,1.6129032258064515,0.8064516129032258,0.0,0.07258064516129033,2.243338956756928,0.8821013036424354,0.008229540660977364
train,audio_411.wav,2.0,False,True,True,6,3,0,7,0,1.7849643007139862,1.626666666666667,3.0,0.17009410944579997,0.0,8.235294117647058,0.0,0.07058823529411765,1.414905404210384,0.8282550601690424,0.06671600788831711
train,audio_28.wav,3.0,False,True,True,7,0,2,4,1,2.951303492375799,0.4657142857142858,0.6799999999999997,0.07422586520947178,1.6666666666666667,3.3333333333333335,0.8333333333333334,0.041666666666666664,2.721416270384046,0.9098405663544933,0.11545183509588242
train,audio_653.wav,2.5,False,True,True,8,2,1,0,1,2.57120253164557,0.5675000000000008,1.0600000000000023,0.15224681421864542,1.5384615384615385,0.0,1.5384615384615385,0.16923076923076924,1.0819864855726464,0.8377878620074346,0.15198343992233276
train,audio_29.wav,3.0,False,True,True,5,1,0,5,0,2.9767911200807258,0.6439999999999998,1.3399999999999999,0.07512832477834808,0.0,4.237288135593221,0.0,0.00847457627118644,2.6187305814469597,0.9331351712682826,0.3524625301361084
train,audio_470.wav,2.5,False,True,True,15,2,4,4,1,2.3069679849340874,0.7906666666666673,2.9600000000000044,0.21825542878174475,4.081632653061225,4.081632653061225,1.0204081632653061,0.17346938775510204,1.6313027013249133,0.7463227340533417,0.062189165502786636
train,audio_356.wav,3.5,False,True,True,7,0,0,0,0,1.9542619542619541,0.41142857142857103,0.6000000000000014,0.056492742251863425,0.0,0.0,0.0,0.06382978723404255,1.5901293566002526,0.897751911933012,0.25854701548814774
train,audio_365.wav,2.0,False,True,True,12,2,1,0,3,3.3278553820870997,2.796666666666667,25.740000000000002,0.5796200345423144,1.2345679012345678,0.0,3.7037037037037037,0.2222222222222222,1.3483216204828363,0.7791125011388902,0.07262330502271652
train,audio_58.wav,2.5,False,True,True,9,0,0,1,0,2.1772939346811815,0.5777777777777772,0.879999999999999,0.11877569666514379,0.0,1.1904761904761905,0.0,0.05952380952380952,1.8641810918774966,0.9001162600304399,0.12152661383152008
train,audio_708.wav,3.0,False,True,True,13,6,4,2,2,2.137505509034816,1.010769230769229,1.9800000000000004,0.224538619275461,4.123711340206185,2.0618556701030926,2.0618556701030926,0.10309278350515463,1.6146567553930262,0.8473215383818354,0.003455887781456113
train,audio_319.wav,4.5,False,True,True,2,0,0,0,0,2.1897810218978098,0.5399999999999974,0.7999999999999972,0.01932712956334994,0.0,0.0,0.0,0.05,1.9975135118264242,0.9344561776767174,0.22208648920059204
train,audio_5067.wav,0.0,True,True,True,9,4,1,1,1,2.2348484848484853,1.6044444444444446,7.899999999999999,0.35357492654260536,1.694915254237288,1.694915254237288,1.694915254237288,0.4067796610169492,1.3132506152384371,0.5915991650041887,0.03841228038072586
train,audio_135.wav,4.0,False,True,True,12,0,0,0,0,2.4330900243309013,0.5283333333333342,0.6799999999999997,0.1616522182559921,0.0,0.0,0.0,0.0375,1.7754105636928539,0.9357612900435924,0.28508612513542175
train,audio_612.wav,4.0,False,True,True,8,2,0,1,0,1.8380394246137455,0.76,1.4000000000000021,0.13938560293443375,0.0,1.4492753623188406,0.0,0.014492753623188406,1.3078755670126299,0.9244948394488597,0.40630464255809784
train,audio_373.wav,5.0,False,True,True,11,1,0,0,0,2.270103886110042,0.6272727272727271,1.0199999999999996,0.11718749999999997,0.0,0.0,0.0,0.07627118644067797,1.9663164165549678,0.9013704675865375,0.1637675017118454
train,audio_680.wav,5.0,False,True,True,15,5,0,3,0,2.8266666666666667,1.0573333333333332,2.1999999999999993,0.2972263868065967,0.0,2.830188679245283,0.0,0.02830188679245283,1.7644702687800082,0.954382984799409,0.4081990718841553
train,audio_63.wav,4.0,False,True,True,7,0,0,2,0,2.732379979570991,0.514285714285714,0.7399999999999984,0.08419083255378854,0.0,1.8691588785046729,0.0,0.009345794392523364,2.377143872745046,0.9537498805196115,0.1658898890018463
train,audio_700.wav,2.5,False,True,True,12,3,1,1,0,2.224448897795591,0.8266666666666665,2.4599999999999973,0.1658308258107656,0.9009009009009009,0.9009009009009009,0.0,0.07207207207207207,1.8476999984394424,0.8870350305825578,5.1339666242711246e-05
train,audio_429.wav,4.0,False,True,True,6,1,0,0,2,2.9309596178897097,0.7933333333333339,2.200000000000003,0.0936639118457301,0.0,0.0,1.4814814814814814,0.17777777777777778,2.2472027008047273,0.8019486921161045,0.04514966905117035
train,audio_745.wav,5.0,False,True,True,9,2,0,0,0,2.2815158546017016,0.8288888888888889,2.5199999999999996,0.1260561000337952,0.0,0.0,0.0,0.0423728813559322,1.9333268479501924,0.9015865998584671,0.12782591581344604
train,audio_731.wav,2.0,False,True,True,4,4,0,0,0,1.0670081092616306,1.3800000000000003,1.8200000000000003,0.10538373424971366,0.0,0.0,0.0,0.04,0.8331849222690542,0.8647993436455726,0.15383462607860565
train,audio_461.wav,5.0,False,True,True,12,0,0,0,1,2.417205938332699,0.4916666666666673,0.8399999999999999,0.10095824777549636,0.0,0.0,0.7874015748031497,0.023622047244094488,2.1140351333496326,0.9403498714833748,0.3115999698638916
train,audio_79.wav,2.0,False,True,True,8,1,3,0,0,2.5395778364116093,0.9549999999999997,3.859999999999996,0.20126448893572174,3.896103896103896,0.0,0.0,0.09090909090909091,1.708832667554372,0.8515330570471751,0.03532303869724274
train,audio_5038.wav,0.0,True,True,True,12,1,0,0,0,2.4404761904761907,0.6233333333333338,1.7000000000000028,0.12923289564616458,0.0,0.0,0.0,0.36585365853658536,2.0474513496220847,0.5933711942800177,0.03613785281777382
train,audio_760.wav,4.0,False,True,True,7,0,0,0,0,2.4545454545454546,0.5628571428571424,0.8399999999999963,0.06684764166949435,0.0,0.0,0.0,0.014814814814814815,2.2472027008047273,0.9316971204898975,0.2707304060459137
train,audio_72.wav,2.0,False,True,True,0,0,0,4,0,2.3657870791628755,0.0,0.0,0.0,0.0,3.8461538461538463,0.0,0.04807692307692308,2.30803373280071,0.8865962486284283,0.11980395764112473
train,audio_696.wav,5.0,False,True,True,5,2,3,0,1,2.50400641025641,1.0479999999999994,1.6999999999999993,0.09499637418419139,2.4,0.0,0.8,0.056,2.0807432414858584,0.9253657385632396,0.012092328630387783
train,audio_744.wav,4.0,False,True,True,5,1,0,0,0,1.883297313985798,0.7859999999999993,1.8299999999999983,0.10820484581497787,0.0,0.0,0.0,0.03278688524590164,1.3661603754701426,0.9435882812640706,0.14118045568466187
train,audio_662.wav,5.0,False,True,True,9,1,2,0,2,1.757369614512472,0.74888888888889,1.3000000000000007,0.11297351659403304,2.150537634408602,0.0,2.150537634408602,0.06451612903225806,1.5480729716654789,0.8951205663569938,0.15795351564884186
train,audio_570.wav,3.0,False,True,True,11,6,1,0,0,2.346570397111913,1.1690909090909087,1.7800000000000011,0.22490381252186073,0.9615384615384616,0.0,0.0,0.09615384615384616,1.7311783769162343,0.8506266906535109,0.014441775158047676
train,audio_10.wav,3.0,False,True,True,10,1,0,2,0,2.8265851795263557,0.8059999999999998,3.16,0.23539719626168218,0.0,2.7027027027027026,0.0,0.04054054054054054,2.0487264673311185,0.9180780298806526,0.2957931160926819
train,audio_628.wav,2.5,False,True,True,20,3,3,2,1,2.7191011235955047,0.6389999999999993,1.4800000000000004,0.22311452513966457,2.479338842975207,1.6528925619834711,0.8264462809917356,0.12396694214876033,2.014159457758311,0.8085679586802944,0.0010248030303046107
train,audio_606.wav,3.5,False,True,True,11,1,3,0,0,2.6161573880284634,0.7199999999999994,1.4600000000000009,0.14219030520646309,2.4,0.0,0.0,0.248,2.0807432414858584,0.7253361951708793,0.060205839574337006
train,audio_73.wav,4.0,False,True,True,4,0,0,0,0,2.8992395437262357,0.589999999999999,0.8000000000000007,0.05310531053105302,0.0,0.0,0.0,0.04918032786885246,2.707501109631602,0.9191877587286176,0.08991535753011703
train,audio_605.wav,4.0,False,True,True,6,1,3,0,0,2.223750573131591,1.110000000000001,3.6200000000000045,0.1324582338902149,3.0927835051546393,0.0,0.0,0.20618556701030927,1.6146567553930262,0.7673481377489749,0.00228115520440042
train,audio_106.wav,3.5,False,True,True,3,1,0,0,1,2.222222222222222,0.8666666666666659,1.7200000000000006,0.06161137440758288,0.0,0.0,1.1363636363636365,0.045454545454545456,1.9529516200621393,0.9121779031543569,0.10374485701322556
train,audio_306.wav,5.0,False,True,True,10,3,1,0,2,2.573075339645944,0.7559999999999988,1.4200000000000017,0.13466334164588506,0.8,0.0,1.6,0.008,2.0829623056726354,0.9556053539514542,0.17615588009357452
train,audio_75.wav,2.0,False,True,True,6,0,2,0,0,2.5762881440720355,0.5066666666666665,0.8399999999999999,0.07066480706648068,1.941747572815534,0.0,0.0,0.04854368932038835,2.285841100754549,0.9179561744386806,0.019287845119833946
train,audio_550.wav,3.5,False,True,True,14,0,0,0,0,2.69454623841345,0.5621428571428565,0.740000000000002,0.14504238849981552,0.0,0.0,0.0,0.072,2.0807432414858584,0.8717244559004903,0.08098715543746948
train,audio_340.wav,5.0,False,True,True,4,1,1,0,0,1.6860043509789704,0.8200000000000007,1.3399999999999999,0.05612594113620813,1.075268817204301,0.0,0.0,0.053763440860215055,1.5480729716654789,0.9139627425866301,0.001224064501002431
train,audio_272.wav,3.0,False,True,True,6,0,2,0,1,2.17991169977925,0.6066666666666668,0.8399999999999999,0.09127382146439321,2.5316455696202533,0.0,1.2658227848101267,0.05063291139240506,1.7049378453038675,0.9334162643438653,0.2665547728538513
train,audio_518.wav,3.5,False,True,True,3,1,0,4,0,2.5133689839572195,0.7666666666666669,1.740000000000002,0.03938356164383563,0.0,2.8368794326241136,0.0,0.11347517730496454,2.3470783763960483,0.7915029100584963,0.039947401732206345
train,audio_34.wav,2.0,False,True,True,21,1,1,1,0,3.035143769968051,0.48285714285714254,1.0199999999999996,0.24469111969111954,1.0526315789473684,1.0526315789473684,0.0,0.05263157894736842,2.1719250114311843,0.9010819768827213,0.035240571945905685
train,audio_87.wav,2.0,False,True,True,2,0,0,1,0,2.050326188257223,0.6200000000000001,0.7000000000000011,0.028079710144927543,0.0,1.1363636363636365,0.0,0.011363636363636364,1.9555555555555555,0.9158876301212744,0.33212292194366455
train,audio_211.wav,5.0,False,True,True,12,2,0,2,0,2.8152260111023,0.6799999999999997,2.1600000000000037,0.13924914675767913,0.0,1.408450704225352,0.0,0.02112676056338028,2.3265434854734393,0.9513886461795216,0.3502980172634125
train,audio_431.wav,3.0,False,True,True,11,0,1,1,1,1.9698725376593282,0.423636363636364,0.6799999999999997,0.08256555634301921,0.9803921568627451,0.9803921568627451,0.9803921568627451,0.06862745098039216,1.6978864850524606,0.8602137231067115,0.22418488562107086
train,audio_555.wav,5.0,False,True,True,5,2,3,0,0,2.331130690161527,0.6519999999999999,1.2799999999999994,0.05645999307239348,2.3622047244094486,0.0,0.0,0.06299212598425197,2.1140351333496326,0.8796088541087907,0.01140541397035122
train,audio_648.wav,5.0,False,True,True,16,4,0,0,1,2.669270833333332,0.762499999999999,1.3999999999999968,0.20933424845573068,0.0,0.0,0.8130081300813008,0.016260162601626018,2.0474513496220847,0.9463458923789544,0.1077580451965332
train,audio_5051.wav,0.0,True,True,True,3,3,0,0,0,2.013422818791945,5.9999999999999964,15.699999999999996,0.5471124620060788,0.0,0.0,0.0,0.4666666666666667,0.49937837795660606,0.5709980939786571,0.0017511894693598151
train,audio_422.wav,2.0,False,True,True,9,0,0,0,0,2.244735796583234,0.508888888888889,0.9000000000000021,0.08339402767662053,0.0,0.0,0.0,0.05309734513274336,1.8809918903032161,0.8770317025152983,0.058111343532800674
train,audio_627.wav,2.5,False,True,True,11,1,5,0,0,2.6627218934911245,0.5072727272727273,1.0399999999999991,0.09353000335232987,3.4722222222222223,0.0,0.0,0.09722222222222222,2.397016214191709,0.8139216157842721,0.005214098375290632
train,audio_122.wav,5.0,False,True,True,7,0,0,0,0,2.8137450199203196,0.6771428571428582,0.8200000000000003,0.10556792873051242,0.0,0.0,0.0,0.02654867256637168,2.511111111111111,0.9215029251945802,0.014536741189658642
train,audio_88.wav,3.5,False,True,True,4,1,0,0,0,1.8669219722355193,0.7650000000000003,1.1600000000000001,0.06824264049955399,0.0,0.0,0.0,0.02564102564102564,1.7310252996005326,0.9343321327215586,0.3114365339279175
train,audio_165.wav,2.5,False,True,True,14,4,4,1,1,2.4351508734780305,1.0828571428571425,4.0,0.2863619191537589,4.3478260869565215,1.0869565217391304,1.0869565217391304,0.14130434782608695,1.531427025733592,0.787502107338683,0.012572397477924824
train,audio_276.wav,3.5,False,True,True,5,0,1,0,1,1.984268859492313,0.5799999999999994,0.7400000000000002,0.04928619986403801,0.9009009009009009,0.0,0.9009009009009009,0.12612612612612611,1.8476999984394424,0.8334943011617036,0.002642517676576972
train,audio_746.wav,5.0,False,True,True,4,2,0,1,0,2.3369375653993725,0.9000000000000017,1.6400000000000006,0.05907449950771262,0.0,0.746268656716418,0.0,0.022388059701492536,2.1954728612315746,0.9556074169144702,0.43077561259269714
train,audio_252.wav,3.5,False,True,True,6,4,0,0,0,0.9721692718261532,1.183333333333334,1.7200000000000024,0.11920752182672942,0.0,0.0,0.0,0.0784313725490196,0.8488681757656459,0.8890260344042498,0.22665931284427643
train,audio_266.wav,4.0,False,True,True,5,3,0,0,0,1.1791477037649982,1.4320000000000017,3.1400000000000077,0.12900900900900916,0.0,0.0,0.0,0.07017543859649122,0.9487350199733688,0.8507048837099856,0.13179409503936768
train,audio_611.wav,4.5,False,True,True,7,3,0,2,0,1.5097504717970225,1.4157142857142857,5.210000000000001,0.1720486111111111,0.0,2.7777777777777777,0.0,0.06944444444444445,1.199786288067438,0.8316422073101556,0.06830817461013794
train,audio_5058.wav,0.0,True,True,True,13,6,1,4,1,1.9545454545454546,0.9569230769230764,2.7799999999999976,0.22041105598866043,1.1627906976744187,4.651162790697675,1.1627906976744187,0.5116279069767442,1.4315513501422708,0.5099625865993804,0.024793632328510284
train,audio_81.wav,3.0,False,True,True,10,0,0,0,0,2.4898373983739837,0.46399999999999997,0.8599999999999994,0.10545454545454545,0.0,0.0,0.0,0.02040816326530612,2.1777777777777776,0.9486524154032979,0.1675267517566681
train,audio_3.wav,3.0,False,True,True,6,1,2,0,0,2.1293375394321767,0.7333333333333333,1.1600000000000001,0.10367577756833175,2.4691358024691357,0.0,0.0,0.1111111111111111,1.8048128342245988,0.8397191384933705,0.00779919745400548
train,audio_21.wav,2.0,False,True,True,9,1,0,0,0,2.128225591912743,0.698888888888889,1.0600000000000023,0.14334548769371017,0.0,0.0,0.0,0.0625,1.7754105636928539,0.8696253448724747,0.21254299581050873
train,audio_190.wav,3.0,False,True,True,25,6,1,2,0,3.078758949880669,0.6776000000000003,1.88,0.28789938817131216,0.7751937984496124,1.550387596899225,0.0,0.2713178294573643,2.1304355006523426,0.674411205040623,0.03645865619182587
train,audio_189.wav,5.0,False,True,True,8,3,4,1,0,2.5265957446808516,0.7625,1.5,0.1038474633980252,3.007518796992481,0.7518796992481203,0.0,0.05263157894736842,2.2159280239920025,0.9342717515843871,0.005454761441797018
train,audio_519.wav,3.0,False,True,True,1,0,0,0,2,2.198753462603878,0.3000000000000007,0.3000000000000007,0.005167068549776106,0.0,0.0,1.5748031496062993,0.06299212598425197,2.1140351333496326,0.8779794496344769,0.2279261201620102
train,audio_748.wav,2.5,False,True,True,6,0,3,0,2,1.6520210896309317,0.43000000000000077,0.740000000000002,0.043375924680564976,3.1914893617021276,0.0,2.127659574468085,0.10638297872340426,1.5647189175973657,0.8279502808334346,0.0231342650949955
train,audio_505.wav,3.0,False,True,True,7,3,0,0,1,2.1213503649635026,0.8485714285714268,1.7199999999999989,0.11932503013258311,0.0,0.0,1.075268817204301,0.11827956989247312,1.5480729716654789,0.8385266169745434,0.150216206908226
train,audio_361.wav,4.0,False,True,True,5,2,0,0,2,0.7416563658838073,1.316000000000001,2.700000000000003,0.11937590711175626,0.0,0.0,5.555555555555555,0.1388888888888889,0.5992540535479273,0.8405815679579973,0.2132016271352768
train,audio_5052.wav,0.0,True,True,True,8,2,4,0,1,1.9534883720930232,0.6649999999999998,1.2599999999999998,0.11009933774834434,4.761904761904762,0.0,1.1904761904761905,0.42857142857142855,1.398259458278497,0.5891863071564807,0.002079280326142907
train,audio_16.wav,4.0,False,True,True,12,0,0,1,0,2.6374859708193035,0.5616666666666661,0.8000000000000007,0.15903728173666806,0.0,1.0638297872340425,0.0,0.0425531914893617,2.122854561878952,0.9256610510514137,0.3507677912712097
train,audio_327.wav,5.0,False,True,True,17,4,0,1,0,3.085299455535391,0.6435294117647069,1.3399999999999999,0.19883678662304646,0.0,0.7352941176470589,0.0,0.022058823529411766,2.2638486467366143,0.959395075792118,0.021470431238412857
train,audio_313.wav,3.0,False,True,True,8,2,0,1,1,1.35650699448919,0.704999999999999,1.1599999999999966,0.10677773570617174,0.0,1.5625,1.5625,0.03125,1.0653405396407596,0.8954839741345495,0.3864205777645111
train,audio_589.wav,2.5,False,True,True,8,3,5,6,0,1.814194577352472,0.8324999999999998,1.3999999999999986,0.11721224920802531,5.4945054945054945,6.593406593406593,0.0,0.23076923076923078,1.5147810798017052,0.7559102132793639,0.011988036334514618
train,audio_416.wav,3.5,False,True,True,10,0,0,0,0,2.3567119155354446,0.519999999999999,0.9200000000000017,0.08928571428571412,0.0,0.0,0.0,0.032,2.0807432414858584,0.9056227715015411,0.11543675512075424
train,audio_762.wav,5.0,False,True,True,4,1,0,2,0,2.6658995013425395,0.7499999999999996,1.1600000000000001,0.05440696409140367,0.0,1.4388489208633093,0.0,0.050359712230215826,2.310236508384995,0.9317938386321926,0.08274759352207184
train,audio_714.wav,3.0,False,True,True,3,1,0,0,1,2.76647681041497,6.199999999999998,17.419999999999995,0.43075497915701694,0.0,0.0,1.4705882352941178,0.14705882352941177,1.1319243233683072,0.7946465379175018,0.05946974456310272
train,audio_455.wav,3.0,False,True,True,6,1,2,2,1,1.7864231838030964,0.6933333333333332,1.0599999999999987,0.07627429409607626,2.2222222222222223,2.2222222222222223,1.1111111111111112,0.08888888888888889,1.4981351338698181,0.8563970180814742,0.014891241677105427
train,audio_42.wav,3.0,False,True,True,5,0,1,0,2,2.120467117393977,0.5760000000000002,0.9399999999999977,0.08130999435347264,1.4492753623188406,0.0,2.898550724637681,0.08695652173913043,1.7940717628705147,0.8771315413540688,0.19697396457195282
train,audio_561.wav,4.0,False,True,True,14,3,0,0,0,2.164407520769567,0.9885714285714285,6.440000000000005,0.23229271567640147,0.0,0.0,0.0,0.20202020202020202,1.6479486472568001,0.7527732910794561,0.0006561634945683181
train,audio_226.wav,3.0,False,True,True,3,0,0,0,0,1.1255715793176222,0.5266666666666665,0.6799999999999997,0.027036276522929496,0.0,0.0,0.0,0.09375,1.063328258986889,0.8522444033296779,0.1100926473736763
train,audio_110.wav,3.5,False,True,True,3,1,0,0,0,1.9428838951310863,0.6600000000000001,1.1199999999999992,0.04429530201342283,0.0,0.0,0.0,0.012048192771084338,1.8419884598313359,0.9403587299657156,0.3681752681732178
train,audio_739.wav,5.0,False,True,True,9,4,3,14,0,2.2364838584208475,0.9444444444444439,1.6599999999999966,0.1418558077436581,2.608695652173913,12.173913043478262,0.0,0.13043478260869565,1.8841744704599332,0.8350010740692201,0.0005964748561382294
train,audio_504.wav,3.5,False,True,True,5,2,0,0,0,2.2761194029850746,0.9399999999999997,2.179999999999996,0.08061749571183531,0.0,0.0,0.0,0.04918032786885246,2.030805403690198,0.8827547144266914,0.13800598680973053
train,audio_379.wav,4.0,False,True,True,4,1,0,0,0,2.7204502814258915,0.6400000000000015,1.1200000000000045,0.045828857858933154,0.0,0.0,0.0,0.006896551724137931,2.413662160123596,0.9316641811666817,0.06319627165794373
train,audio_520.wav,2.5,False,True,True,5,0,4,0,2,2.023852547885797,0.7239999999999995,0.9200000000000017,0.061397557666214346,3.5714285714285716,0.0,1.7857142857142858,0.22321428571428573,1.8643459443713293,0.742403791129445,0.0040976363234221935
train,audio_5068.wav,0.0,True,True,True,11,4,3,0,0,2.159187129551228,0.9709090909090912,3.1200000000000045,0.1843922651933702,2.9411764705882355,0.0,0.0,0.2549019607843137,1.6978864850524606,0.680923053043479,0.0007079651695676148
train,audio_30.wav,2.0,False,True,True,2,1,0,0,0,2.15736040609137,2.3999999999999977,4.059999999999995,0.1085972850678732,0.0,0.0,0.0,0.11764705882352941,1.9041218637992832,0.8604740287451184,0.021529071033000946
train,audio_5041.wav,0.0,True,True,True,11,4,3,0,0,1.6725352112676053,0.9472727272727265,1.799999999999999,0.18653777300393826,3.9473684210526314,0.0,0.0,0.27631578947368424,1.2649800266311584,0.6901729693755011,0.0001300582371186465
train,audio_485.wav,3.0,False,True,True,13,1,1,0,1,2.887259395050413,0.6200000000000002,1.3000000000000007,0.155899419729207,0.7936507936507936,0.0,0.7936507936507936,0.1349206349206349,2.0973891874177455,0.8028264354973559,0.03826470673084259
train,audio_475.wav,2.0,False,True,True,11,4,0,1,0,1.6447368421052633,1.0054545454545463,2.980000000000004,0.195199435227674,0.0,1.3333333333333333,0.0,0.22666666666666666,1.2288094372564782,0.7277038145065308,0.06082748994231224
train,audio_145.wav,4.0,False,True,True,10,3,0,0,0,2.637000412031315,0.6540000000000011,1.379999999999999,0.11873638344226599,0.0,0.0,0.0,0.140625,2.130492676431425,0.7706831761752255,0.0705401822924614
train,audio_308.wav,5.0,False,True,True,8,1,6,0,0,2.188990030342436,0.7375000000000003,1.480000000000004,0.11337432744043048,5.9405940594059405,0.0,0.0,0.04950495049504951,1.6812405391205738,0.9051485190739726,0.050811246037483215
train,audio_184.wav,3.0,False,True,True,19,5,1,6,0,2.6005244755244754,0.7515789473684208,1.7399999999999949,0.23784143904063948,0.8403361344537815,5.042016806722689,0.0,0.1092436974789916,1.9808655050582815,0.8248694582505762,0.004459644667804241
train,audio_586.wav,2.5,False,True,True,5,2,1,1,1,2.10546282245827,0.9400000000000011,1.5600000000000023,0.08185301288749575,0.9009009009009009,0.9009009009009009,0.9009009009009009,0.07207207207207207,1.8476999984394424,0.8634069266619983,0.13438943028450012
train,audio_398.wav,3.5,False,True,True,9,2,0,0,0,1.694569211923234,0.7800000000000001,1.4800000000000004,0.1253571428571429,0.0,0.0,0.0,0.060240963855421686,1.3816135123466102,0.930543745138559,0.27349746227264404
train,audio_726.wav,5.0,False,True,True,5,2,0,2,0,2.6305057096247966,0.9080000000000015,1.8200000000000003,0.08473310936916774,0.0,1.550387596899225,0.0,0.06201550387596899,2.2093084243798895,0.9006404003431631,0.22708028554916382
train,audio_466.wav,3.0,False,True,True,7,0,3,3,0,2.006449301325689,0.574285714285713,0.8000000000000007,0.06717914438502658,2.6785714285714284,2.6785714285714284,0.0,0.11607142857142858,1.8643459443713293,0.8480981107069445,0.07700501382350922
train,audio_218.wav,5.0,False,True,True,10,5,2,1,2,2.463970246397024,1.5299999999999994,4.479999999999997,0.2623456790123455,1.8867924528301887,0.9433962264150944,1.8867924528301887,0.0660377358490566,1.7644684330771248,0.8882858214325874,0.1525997817516327
train,audio_644.wav,3.0,False,True,True,9,3,2,2,2,2.056555269922879,0.9044444444444435,1.4399999999999977,0.14848595403137527,2.0833333333333335,2.0833333333333335,2.0833333333333335,0.0625,1.6477486668361616,0.87193733598623,0.02381979674100876
train,audio_351.wav,3.0,False,True,True,9,2,0,0,0,2.623456790123455,0.7911111111111089,2.1799999999999926,0.15478260869565172,0.0,0.0,0.0,0.13725490196078433,1.6936769394261424,0.8255560321404654,0.11647979170084
train,audio_248.wav,5.0,False,True,True,13,1,0,0,0,2.769739561802398,0.7330769230769231,2.009999999999998,0.28262158956109135,0.0,0.0,0.0,0.05970149253731343,1.8447136563876652,0.8914531358883749,0.13198252022266388
train,audio_83.wav,3.0,False,True,True,13,0,0,0,0,3.262642740619903,0.49230769230769283,0.740000000000002,0.1482167670217695,0.0,0.0,0.0,0.058333333333333334,2.6631158455392807,0.8986392211169004,0.08912752568721771
train,audio_71.wav,2.0,False,True,True,2,0,0,0,0,2.5181598062953996,0.5100000000000007,0.6199999999999992,0.0241020793950851,0.0,0.0,0.0,0.08653846153846154,2.30803373280071,0.824336803267495,0.029984232038259506
train,audio_287.wav,5.0,False,True,True,6,3,0,0,0,2.2585669781931466,1.2433333333333334,3.2600000000000007,0.12682760965657938,0.0,0.0,0.0,0.017241379310344827,1.9309297280988769,0.9333109000119669,0.22126954793930054
train,audio_367.wav,2.0,False,True,True,7,6,0,0,1,1.997716894977169,2.885714285714286,6.260000000000005,0.3656770456191166,0.0,0.0,1.4285714285714286,0.18571428571428572,1.162327311370882,0.7781689673130001,0.037983331829309464
train,audio_166.wav,3.0,False,True,True,13,2,0,2,0,2.2011121408711767,0.8430769230769227,2.9200000000000017,0.2025129342202512,0.0,2.1052631578947367,0.0,0.10526315789473684,1.5813648635292525,0.8631449195245902,0.14989718794822693
train,audio_94.wav,2.0,False,True,True,6,0,1,1,0,1.9493177387914227,0.5433333333333322,0.9399999999999995,0.07358916478555291,1.25,1.25,0.0,0.1,1.7754105636928539,0.7998936843825504,0.023902734741568565
train,audio_108.wav,1.0,False,True,True,5,0,0,1,0,3.257251545411318,0.40800000000000214,0.6200000000000045,0.046258503401360784,0.0,0.7299270072992701,0.0,0.072992700729927,3.0403905903240123,0.8527389917785523,0.16714222729206085
train,audio_511.wav,4.0,False,True,True,13,3,0,0,1,2.3199023199023197,0.838461538461538,2.1600000000000006,0.18154563624250492,0.0,0.0,0.8771929824561403,0.09649122807017543,1.8976378362351032,0.8709051347724354,0.059272121638059616
train,audio_5059.wav,0.0,True,True,True,22,0,6,2,0,2.9730902777777786,0.5318181818181823,0.9199999999999982,0.20249221183800642,4.37956204379562,1.4598540145985401,0.0,0.45255474452554745,2.2829266870172082,0.5438927933845642,0.02990960329771042
train,audio_310.wav,5.0,False,True,True,9,2,5,3,1,2.8364849833147936,0.6599999999999997,1.8399999999999963,0.1417661097852028,4.901960784313726,2.9411764705882355,0.9803921568627451,0.0392156862745098,2.30643994211288,0.9152419041915267,0.09695997089147568
train,audio_50.wav,3.0,False,True,True,13,1,5,0,0,2.7019498607242345,0.6246153846153847,1.9800000000000004,0.18446160835983647,5.154639175257732,0.0,0.0,0.041237113402061855,2.149822695035461,0.9061453580501077,0.002180203329771757
train,audio_6.wav,3.0,False,True,True,10,2,0,1,0,2.260232131948687,0.7120000000000001,1.1199999999999974,0.17862518815855497,0.0,1.3513513513513513,0.0,0.013513513513513514,1.64225477141589,0.9365277221879443,0.12522448599338531
train,audio_515.wav,2.5,False,True,True,10,2,4,5,4,2.0225593154414625,0.8559999999999995,2.9800000000000004,0.1427142380793597,3.8461538461538463,4.8076923076923075,3.8461538461538463,0.23076923076923078,1.7311783769162343,0.7270491251803413,0.00023275996500160545
train,audio_742.wav,4.5,False,True,True,5,4,0,0,0,1.5205271160669032,1.2760000000000011,1.700000000000001,0.13917975567190238,0.0,0.0,0.0,0.016666666666666666,1.198849104859335,0.9410231148203214,0.34231796860694885
train,audio_545.wav,2.5,False,True,True,5,2,2,3,0,2.0293122886133035,1.092000000000001,2.3599999999999994,0.09304703476482624,1.8518518518518519,2.7777777777777777,0.0,0.1111111111111111,1.797762160643782,0.80311762113814,0.07275742292404175
train,audio_489.wav,3.0,False,True,True,0,0,0,2,2,1.943402659393113,0.0,0.0,0.0,0.0,1.7543859649122806,1.7543859649122806,0.06140350877192982,1.8976378362351032,0.8484748470221173,0.056742507964372635
train,audio_697.wav,5.0,False,True,True,4,1,0,0,0,2.5823505490036602,1.1250000000000007,2.0000000000000036,0.08383010432190766,0.0,0.0,0.0,0.023622047244094488,2.1140351333496326,0.9539405628452151,0.3723766505718231
train,audio_225.wav,3.0,False,True,True,6,1,1,2,0,1.9789162197151842,0.675000000000001,1.4100000000000001,0.06968341362697877,0.9345794392523364,1.8691588785046729,0.0,0.08411214953271028,1.778383499260392,0.8436159915595411,0.0030758101493120193
train,audio_553.wav,2.0,False,True,True,13,4,1,3,3,2.4639702463970257,0.841538461538463,2.8000000000000043,0.20274277242401814,0.9433962264150944,2.830188679245283,2.830188679245283,0.10377358490566038,1.7644702687800082,0.8549269409498798,0.07939182221889496
train,audio_237.wav,3.0,False,True,True,2,1,0,0,0,1.4321819713563606,1.9300000000000033,3.3600000000000065,0.07518504090377885,0.0,0.0,0.0,0.058823529411764705,1.2781954887218046,0.8842960686751586,0.02955864928662777
train,audio_197.wav,4.5,False,True,True,13,4,0,1,0,2.8206258263552226,0.8015384615384614,1.8400000000000016,0.18673835125448027,0.0,0.78125,0.0,0.09375,2.130678862583698,0.8764686039260899,0.01030103862285614
train,audio_449.wav,4.0,False,True,True,11,1,0,0,0,3.0296784830997527,0.6236363636363641,1.2000000000000028,0.12387143373058875,0.0,0.0,0.0,0.04081632653061224,2.44695405198737,0.9062101611880218,0.15046122670173645
train,audio_567.wav,3.0,False,True,True,10,0,4,0,1,2.383053839364519,0.5599999999999999,0.7800000000000011,0.10997643362136685,3.7037037037037037,0.0,0.9259259259259259,0.1388888888888889,1.797762160643782,0.7979405742797907,0.00010537211346672848
train,audio_477.wav,2.0,False,True,True,8,3,5,1,0,1.824500434404865,0.9974999999999997,2.5,0.14772306553128467,5.9523809523809526,1.1904761904761905,0.0,0.047619047619047616,1.398259458278497,0.9074082158400588,0.0015493950340896845
train,audio_728.wav,3.0,False,True,True,8,3,0,1,0,2.6282457251424955,0.905,2.34,0.1865018031942298,0.0,1.2048192771084338,0.0,0.04819277108433735,1.8248701772515092,0.9061038091958288,0.14994171261787415
train,audio_377.wav,4.0,False,True,True,9,2,4,0,0,1.7253774263120054,0.9711111111111109,3.5800000000000054,0.23905908096280082,8.333333333333334,0.0,0.0,0.10416666666666667,0.8105190171190481,0.8616740348516032,0.012754956260323524
train,audio_633.wav,5.0,False,True,True,7,2,3,0,1,1.939901103081019,0.7685714285714272,1.12,0.09282263630089702,2.9411764705882355,0.0,0.9803921568627451,0.058823529411764705,1.6978864850524606,0.8899940640446456,0.013306121341884136
train,audio_690.wav,4.0,False,True,True,7,3,0,0,0,3.0469897209985315,1.317142857142857,4.32,0.25287986834887544,0.0,0.0,0.0,0.18072289156626506,1.8104359087965647,0.796883589279535,0.0065756975673139095
train,audio_525.wav,4.5,False,True,True,12,1,0,0,0,3.065539112050739,0.5433333333333333,1.42,0.1211445559271646,0.0,0.0,0.0,0.041379310344827586,2.413662160123596,0.9115709401410201,0.2142883539199829
train,audio_31.wav,3.0,False,True,True,5,1,0,0,0,2.371967654986523,0.6480000000000008,1.120000000000001,0.08031730292513643,0.0,0.0,0.0,0.011363636363636364,2.0174232003668044,0.9307284690439701,0.27430081367492676
train,audio_676.wav,4.0,False,True,True,10,1,4,0,0,2.1588594704684314,0.8679999999999989,3.6799999999999997,0.15022499134648648,3.7735849056603774,0.0,0.0,0.03773584905660377,1.7644702687800082,0.9300713773008507,0.022464504465460777
train,audio_263.wav,4.0,False,True,True,13,4,0,0,2,2.0017406440382945,0.9446153846153855,2.4200000000000017,0.21085164835164855,0.0,0.0,2.1739130434782608,0.043478260869565216,1.5328223925358213,0.9139187389417834,0.14065031707286835
train,audio_5070.wav,0.0,True,True,True,6,3,2,0,1,2.3076923076923075,1.2033333333333331,2.16,0.5262390670553936,13.333333333333334,0.0,6.666666666666667,0.7333333333333333,0.24968918897830303,0.41646548062562944,0.09643491357564926
train,audio_510.wav,3.0,False,True,True,10,2,0,0,1,2.6304973284011512,0.6880000000000003,1.9200000000000017,0.12387468491177535,0.0,0.0,0.78125,0.03125,2.130681079281519,0.9350208179093897,0.19958364963531494
train,audio_577.wav,4.0,False,True,True,8,2,0,1,1,2.7343749999999996,0.6599999999999993,1.3999999999999986,0.1466666666666665,0.0,1.1904761904761905,1.1904761904761905,0.09523809523809523,1.398259458278497,0.8112039047751636,0.13956303894519806
train,audio_230.wav,4.5,False,True,True,7,2,0,0,0,3.1979458450046687,0.7057142857142862,1.0799999999999983,0.10339053997488495,0.0,0.0,0.0,0.0364963503649635,2.465209284122118,0.9397248266278392,0.12419597059488297
train,audio_314.wav,3.5,False,True,True,14,4,5,1,2,2.1463414634146334,1.1114285714285708,4.16,0.2751060820367749,5.681818181818182,1.1363636363636365,2.272727272727273,0.14772727272727273,1.4648432420060444,0.8093815699473701,0.045246824622154236
train,audio_641.wav,4.0,False,True,True,5,3,0,1,0,1.7099430018999369,1.2280000000000002,3.240000000000002,0.16277836691410394,0.0,1.8518518518518519,0.0,0.16666666666666666,0.8998397160505784,0.7818189782814847,0.08047319948673248
train,audio_689.wav,4.0,False,True,True,12,2,3,2,0,2.973684210526316,0.8049999999999994,2.34,0.20268569030633643,2.6548672566371683,1.7699115044247788,0.0,0.21238938053097345,2.1942306782090317,0.734649406861415,0.11388279497623444
train,audio_352.wav,4.5,False,True,True,9,2,1,0,0,2.2983702465524445,0.9266666666666669,2.2799999999999994,0.14839857651245553,0.9090909090909091,0.0,0.0,0.07272727272727272,1.8310540525075556,0.9107635517697252,0.0003784821310546249
train,audio_193.wav,4.0,False,True,True,5,0,0,1,0,2.4941995359628772,0.7120000000000004,0.9800000000000004,0.17115384615384627,0.0,2.3255813953488373,0.0,0.0,1.8175093781370528,0.9649205741494201,0.6428043246269226
train,audio_5049.wav,0.0,True,True,True,14,3,0,0,5,3.0651340996168575,3.0028571428571422,31.159999999999997,0.7285961871750433,0.0,0.0,10.416666666666666,0.4791666666666667,0.7990054047305697,0.4515415416559942,0.0016240113181993365
train,audio_300.wav,5.0,False,True,True,13,0,0,6,0,2.3521932612841705,0.5261538461538462,0.8599999999999994,0.1265963353692393,0.0,5.405405405405405,0.0,0.036036036036036036,1.8476999984394424,0.9234761966241373,0.06513412296772003
train,audio_581.wav,1.5,False,True,True,4,2,0,0,0,1.3749338974087781,0.9949999999999986,1.38,0.09521531100478454,0.0,0.0,0.0,0.07692307692307693,0.8655891884581172,0.8225991470882525,0.042985767126083374
train,audio_164.wav,2.5,False,True,True,7,5,1,0,2,1.7114270668773033,2.0599999999999983,7.459999999999994,0.27519083969465624,1.5384615384615385,0.0,3.076923076923077,0.15384615384615385,1.0819864855726464,0.7923069929274229,0.06012365594506264
train,audio_502.wav,3.0,False,True,True,7,1,2,0,1,2.4533138044672285,0.774285714285715,1.980000000000004,0.09027315123251174,1.492537313432836,0.0,0.746268656716418,0.08955223880597014,2.2305567548728407,0.8572289864810656,0.011193533428013325
train,audio_380.wav,4.0,False,True,True,4,2,0,2,0,2.6137270550678373,0.7350000000000008,1.0799999999999983,0.05540897097625335,0.0,1.5267175572519085,0.0,0.04580152671755725,2.2329537525022185,0.891484837609393,0.12779061496257782
train,audio_15.wav,2.0,False,True,True,6,2,0,0,0,2.2558537978298108,0.6799999999999992,1.1799999999999997,0.10434782608695638,0.0,0.0,0.0,0.02531645569620253,1.8236380424746075,0.9393629810855358,0.21242378652095795
train,audio_238.wav,4.0,False,True,True,5,1,0,0,0,1.513622603430878,0.7719999999999996,1.2000000000000002,0.16300675675675666,0.0,0.0,0.0,0.16666666666666666,1.0861694424330195,0.8049952993790309,0.12140683084726334
train,audio_53.wav,3.0,False,True,True,7,0,0,0,0,2.4892440073755377,0.5771428571428574,0.8000000000000007,0.11044286495352658,0.0,0.0,0.0,0.04938271604938271,2.054794520547945,0.9235330788196359,0.3132248520851135
train,audio_283.wav,4.0,False,True,True,6,4,0,1,0,2.571711177052424,0.9300000000000009,1.480000000000004,0.21627906976744207,0.0,1.9230769230769231,0.0,0.0,1.8706844411667494,0.9537028959737375,0.5964567065238953
train,audio_614.wav,4.5,False,True,True,8,2,4,0,0,1.9963369963369964,0.6625,1.3800000000000026,0.08848080133555926,3.669724770642202,0.0,0.0,0.03669724770642202,1.8144081065756688,0.9210196198775954,0.0005621295422315598
train,audio_121.wav,2.5,False,True,True,7,0,1,6,0,2.657973921765296,0.5542857142857144,0.6999999999999993,0.0886654478976234,0.9433962264150944,5.660377358490566,0.0,0.05660377358490566,2.3524189968930314,0.8999616505121285,0.11512671411037445
train,audio_216.wav,4.0,False,True,True,15,1,0,0,0,2.8711186729051463,0.5786666666666661,1.1199999999999974,0.15583482944344687,0.0,0.0,0.0,0.014814814814814815,2.2472003628812436,0.9397471201640588,0.1483575701713562
train,audio_552.wav,2.0,False,True,True,7,1,1,1,0,2.524677296886864,0.817142857142857,2.0,0.09794520547945204,0.7518796992481203,0.7518796992481203,0.0,0.10526315789473684,2.2139108089409536,0.8301278132476136,0.006061135325580835
train,audio_514.wav,2.5,False,True,True,2,0,0,4,0,1.6793893129770994,0.4299999999999988,0.5199999999999978,0.0161472024033045,0.0,4.545454545454546,0.0,0.09090909090909091,1.4648432420060444,0.8332068834446765,0.008141622878611088
train,audio_593.wav,5.0,False,True,True,8,0,0,0,0,3.06930693069307,0.4550000000000023,0.9200000000000053,0.08265213442325199,0.0,0.0,0.0,0.06451612903225806,2.064097295553972,0.8747979358379399,0.03938454017043114
train,audio_565.wav,3.0,False,True,True,12,1,6,0,0,2.3012552301255225,1.9166666666666663,17.839999999999996,0.40736804817569955,7.792207792207792,0.0,0.0,0.07792207792207792,1.281737836755289,0.8366818953087771,0.013754495419561863
train,audio_140.wav,3.0,False,True,True,6,3,1,0,0,2.153243847874721,3.3933333333333344,8.720000000000006,0.3627940128296509,1.2987012987012987,0.0,0.0,0.09090909090909091,1.281624500665779,0.8739480649900232,0.0006126275984570384
train,audio_117.wav,2.5,False,True,True,6,1,3,0,0,1.9007391763463573,0.7000000000000002,1.9000000000000004,0.09980988593155897,4.166666666666667,0.0,0.0,0.08333333333333333,1.5978695073235685,0.8230594272034877,0.0008356692851521075
train,audio_495.wav,4.0,False,True,True,12,4,1,0,2,2.921792618629174,0.9066666666666673,2.780000000000001,0.19290780141843983,0.7518796992481203,0.0,1.5037593984962405,0.09774436090225563,2.2139108089409536,0.850637225252121,0.022240500897169113
train,audio_652.wav,3.0,False,True,True,12,3,0,0,0,2.4651972157772626,0.6416666666666675,1.3000000000000043,0.18255097202465645,0.0,0.0,0.0,0.09411764705882353,1.414905404210384,0.8346880306215847,0.05635932832956314
train,audio_645.wav,3.0,False,True,True,7,3,3,5,0,2.7477919528949957,0.797142857142858,1.1400000000000006,0.12041432887354352,2.6785714285714284,4.464285714285714,0.0,0.0625,2.287581699346405,0.8935069740421439,0.0033047266770154238
train,audio_242.wav,2.0,False,True,True,4,1,0,1,0,1.1676701331873747,0.8175000000000012,1.5699999999999985,0.05630165289256207,0.0,1.5625,0.0,0.140625,1.0652463382157125,0.8056568636675365,0.053756263107061386
train,audio_4.wav,2.5,False,True,True,7,0,1,2,1,2.608695652173913,0.4885714285714287,0.7200000000000006,0.08043273753527753,0.9803921568627451,1.9607843137254901,0.9803921568627451,0.029411764705882353,2.263648468708389,0.9144870966088539,0.16384685039520264
train,audio_93.wav,2.0,False,True,True,6,0,0,0,0,2.533265097236438,0.49999999999999983,0.5999999999999979,0.07129277566539922,0.0,0.0,0.0,0.010101010101010102,2.1970705725699067,0.951150000772693,0.11696455627679825
train,audio_582.wav,2.0,False,True,True,1,0,0,0,1,1.603375527426161,0.6600000000000001,0.6600000000000001,0.027093596059113316,0.0,0.0,2.6315789473684212,0.21052631578947367,0.6325459454117011,0.7622260306226579,0.1260586827993393
train,audio_222.wav,5.0,False,True,True,12,4,1,0,2,2.2916666666666674,0.8500000000000005,1.620000000000001,0.1910112359550563,1.0101010101010102,0.0,2.0202020202020203,0.0707070707070707,1.680165980033179,0.9071981707456136,0.10381833463907242
train,audio_5042.wav,0.0,True,True,True,2,1,0,1,1,2.7800829875518676,5.370000000000003,9.84,0.3082663605051666,0.0,1.492537313432836,1.492537313432836,0.5223880597014925,1.1152783774364203,0.466633058168483,3.457169214016176e-06
train,audio_253.wav,3.5,False,True,True,9,7,1,0,0,1.3976555455365198,1.4377777777777794,2.08,0.22582897033158839,1.6129032258064515,0.0,0.0,0.06451612903225806,1.0319573901464714,0.8985328883413346,0.1212863028049469
train,audio_167.wav,3.0,False,True,True,15,4,0,0,0,2.906178489702517,1.0039999999999993,4.759999999999998,0.25629680054458803,0.0,0.0,0.0,0.047244094488188976,2.1140351333496326,0.9066409464544198,0.08245884627103806
train,audio_583.wav,3.0,False,True,True,5,0,0,3,1,1.9439252336448598,0.6360000000000003,0.9600000000000009,0.05610444601270292,0.0,2.8846153846153846,0.9615384615384616,0.07692307692307693,1.7311783769162343,0.8729812796585835,0.1524214744567871
train,audio_682.wav,5.0,False,True,True,14,4,0,0,0,2.7493606138107416,0.8000000000000004,2.0399999999999956,0.19270474879559538,0.0,0.0,0.0,0.007751937984496124,2.1473270252134062,0.9422639618779338,0.15846018493175507
train,audio_5045.wav,0.0,True,True,True,14,6,0,1,1,3.0169242089771897,1.1471428571428575,2.5600000000000023,0.3714153561517115,0.0,1.2195121951219512,1.2195121951219512,0.15853658536585366,1.3649675664147232,0.7793626720994348,0.1273966133594513
train,audio_173.wav,3.0,False,True,True,3,1,0,2,1,2.380952380952381,1.1066666666666667,2.219999999999999,0.05903271692745377,0.0,1.5873015873015872,0.7936507936507936,0.11904761904761904,2.0973891874177455,0.832292459589779,0.03210603445768356
train,audio_338.wav,5.0,False,True,True,15,0,0,1,1,2.9830638953040802,0.470666666666667,0.96,0.11962046763808887,0.0,0.6451612903225806,0.6451612903225806,0.025806451612903226,2.5828732590340677,0.9369649461680843,0.08425929397344589
train,audio_188.wav,5.0,False,True,True,8,0,1,0,0,2.34375,0.4749999999999994,0.6999999999999993,0.06601806810284913,0.7936507936507936,0.0,0.0,0.023809523809523808,2.0973870053558277,0.943943187121361,0.19439399242401123
train,audio_59.wav,3.0,False,True,True,10,1,0,1,0,2.663934426229509,0.5980000000000008,1.1400000000000006,0.1328298533984897,0.0,0.9615384615384616,0.0,0.057692307692307696,2.30803373280071,0.882106896274938,0.03450421243906021
train,audio_318.wav,5.0,False,True,True,11,2,2,0,0,2.7741371778069026,0.8600000000000001,3.020000000000003,0.1712527154236061,1.5748031496062993,0.0,0.0,0.07874015748031496,2.1140351333496326,0.8953166808786355,0.08617686480283737
train,audio_17.wav,2.0,False,True,True,8,0,0,1,0,2.8637770897832824,0.43500000000000016,0.7199999999999989,0.08238636363636367,0.0,0.9009009009009009,0.0,0.04504504504504504,2.5170068027210886,0.9228603303342969,0.13081876933574677
train,audio_551.wav,2.0,False,True,True,9,1,0,0,0,2.2563897763578273,0.726666666666667,1.9000000000000004,0.11550688802543277,0.0,0.0,0.0,0.061946902654867256,1.8809918903032161,0.8620938278767651,0.023076238110661507
train,audio_275.wav,4.0,False,True,True,2,0,0,0,0,1.8688524590163935,0.5300000000000002,0.7199999999999989,0.03358681875792144,0.0,0.0,0.0,0.03508771929824561,1.4608384764351698,0.9353598079137635,0.46368956565856934
train,audio_368.wav,5.0,False,True,True,10,2,1,0,1,2.95178008111762,0.575999999999999,1.4000000000000021,0.11487834064619044,0.7633587786259542,0.0,0.7633587786259542,0.015267175572519083,2.18061891707718,0.9417591911779702,0.001802430720999837
train,audio_730.wav,3.0,False,True,True,3,2,0,1,0,1.0828821324448148,1.8866666666666685,3.600000000000003,0.10543964232488832,0.0,1.9230769230769231,0.0,0.057692307692307696,0.8655891884581172,0.8972695713432935,0.1372205764055252
train,audio_5060.wav,0.0,True,True,True,2,0,0,0,0,2.080443828016644,0.6100000000000012,0.740000000000002,0.040585495675316115,0.0,0.0,0.0,0.45,0.9987567559132121,0.5453330999240279,0.005441918969154358
train,audio_685.wav,3.0,False,True,True,1,1,0,0,0,2.078062883989881,1.2800000000000011,1.2800000000000011,0.022606852702225382,0.0,0.0,0.0,0.043478260869565216,1.91428378216699,0.9017531918442767,0.11491537094116211
train,audio_7.wav,3.0,False,True,True,7,1,4,0,0,1.9892473118279568,0.5914285714285716,1.0,0.10014513788098696,5.405405405405405,0.0,0.0,0.05405405405405406,1.64225477141589,0.8844606176493028,0.00033897810499183834
train,audio_204.wav,5.0,False,True,True,10,0,0,1,1,2.6506024096385548,0.5780000000000007,0.8399999999999999,0.10399424253328549,0.0,0.7575757575757576,0.7575757575757576,0.015151515151515152,2.1627023949471407,0.945317839356986,0.10442820191383362
train,audio_5064.wav,0.0,True,True,True,6,1,0,0,0,1.388304585612116,1.0966666666666658,2.4800000000000004,0.12158167036215806,0.0,0.0,0.0,0.3484848484848485,1.0986324315045333,0.6242097737079467,0.002636013552546501
train,audio_127.wav,3.5,False,True,True,18,1,1,1,1,2.728983688833124,0.5433333333333333,1.279999999999994,0.23475756120979352,1.1494252873563218,1.1494252873563218,1.1494252873563218,0.13793103448275862,1.9307589880159786,0.8158295055820899,0.0002159974683308974
train,audio_412.wav,2.0,False,True,True,3,0,1,1,1,1.6993957703927491,0.49999999999999883,0.9199999999999999,0.053609721229449486,2.2222222222222223,2.2222222222222223,2.2222222222222223,0.08888888888888889,1.334203036053131,0.7806541909360223,0.004168687388300896
train,audio_132.wav,2.0,False,True,True,14,2,1,1,1,2.2085889570552153,0.7500000000000002,2.0600000000000023,0.24361948955916482,1.3888888888888888,1.3888888888888888,1.3888888888888888,0.08333333333333333,1.5978695073235685,0.8638982363217683,0.060520585626363754
train,audio_156.wav,3.5,False,True,True,12,4,0,0,0,2.7770288487462937,1.5658333333333339,9.079999999999998,0.3362562634216179,0.0,0.0,0.0,0.05825242718446602,1.714380825565912,0.894151521719311,0.0010756042320281267
train,audio_426.wav,2.0,False,True,True,11,2,5,1,0,1.782820097244733,0.7272727272727283,2.700000000000003,0.1394700139470016,5.681818181818182,1.1363636363636365,0.0,0.07954545454545454,1.4648432420060444,0.8424135507719422,0.01737239956855774
train,audio_709.wav,4.0,False,True,True,4,1,0,0,0,2.215320910973085,0.8100000000000005,1.3200000000000003,0.06286379511059376,0.0,0.0,0.0,0.0,1.7830157336557757,0.9610165001075959,0.5880120992660522
train,audio_291.wav,5.0,False,True,True,5,2,0,0,0,1.987208771128369,1.044,2.1400000000000006,0.10653061224489797,0.0,0.0,0.0,0.022988505747126436,1.5406598052703404,0.9429511242899401,0.2690403163433075
train,audio_523.wav,3.5,False,True,True,8,4,1,0,0,2.7308838133068516,1.447499999999999,3.6000000000000014,0.22329348245275726,0.9090909090909091,0.0,0.0,0.1,1.8310540525075556,0.8305349632617876,0.008486532606184483
train,audio_632.wav,4.5,False,True,True,8,2,2,1,0,2.08789023662756,0.9587499999999994,2.289999999999992,0.13233264320220833,1.9047619047619047,0.9523809523809523,0.0,0.06666666666666667,1.7478243228481212,0.8708267119535733,0.006197331007570028
train,audio_684.wav,3.0,False,True,True,7,1,3,0,0,2.287581699346405,0.5799999999999995,1.1399999999999997,0.07657487740475287,2.6785714285714284,0.0,0.0,0.0625,1.937984496124031,0.8846571497436214,0.005299941636621952
train,audio_512.wav,2.5,False,True,True,5,4,2,1,0,2.0087336244541487,2.92,8.12,0.3893333333333333,4.3478260869565215,2.1739130434782608,0.0,0.1956521739130435,0.765713512866796,0.777753896387024,0.0025192410685122013
train,audio_764.wav,5.0,False,True,True,13,1,3,1,0,2.838864454218313,0.6200000000000002,1.740000000000002,0.13877410468319565,2.112676056338028,0.704225352112676,0.0,0.04929577464788732,2.3662451792441135,0.8904389104257423,0.0005284114158712327
train,audio_585.wav,3.0,False,True,True,8,1,0,0,1,2.488855869242199,0.5700000000000003,1.2599999999999998,0.07808219178082196,0.0,0.0,0.746268656716418,0.08208955223880597,2.2305567548728407,0.8572684523976172,0.007517170626670122
train,audio_562.wav,2.0,False,True,True,8,3,0,3,2,2.250296091590999,0.8199999999999995,1.740000000000002,0.11464522894092968,0.0,2.6315789473684212,1.7543859649122806,0.13157894736842105,1.867790344629847,0.7859324946868838,0.0666249468922615
train,audio_465.wav,3.5,False,True,True,10,1,0,1,0,2.2199999999999998,0.8299999999999997,3.6399999999999935,0.1423670668953687,0.0,0.9009009009009009,0.0,0.08108108108108109,1.8476999984394424,0.8450968285670152,0.051847297698259354
train,audio_37.wav,3.0,False,True,True,4,0,0,0,3,2.429052429052429,0.5699999999999994,0.7999999999999989,0.05198358413132689,0.0,0.0,2.9702970297029703,0.0297029702970297,2.241455836662228,0.9047130964475103,0.20054620504379272
train,audio_47.wav,3.0,False,True,True,9,1,3,0,0,2.4428274428274426,0.6955555555555557,1.759999999999998,0.13991953509164062,3.1914893617021276,0.0,0.0,0.07446808510638298,2.0833333333333335,0.9119323595090115,0.2390996664762497
train,audio_233.wav,3.0,False,True,True,7,1,0,1,2,1.7001229004506353,0.9457142857142861,3.099999999999998,0.11940836940836946,0.0,1.2048192771084338,2.4096385542168677,0.04819277108433735,1.381491344873502,0.914848592266979,0.3430505692958832
train,audio_621.wav,5.0,False,True,True,11,1,3,1,0,2.635782747603834,0.5909090909090916,1.0400000000000027,0.11488158359844479,2.272727272727273,0.7575757575757576,0.0,0.06060606060606061,2.1972648630090665,0.9023242045183327,0.0018817989621311426
train,audio_590.wav,3.0,False,True,True,9,1,1,1,0,2.0061728395061724,0.67111111111111,1.5800000000000018,0.11750972762645896,1.098901098901099,1.098901098901099,0.0,0.1978021978021978,1.5147810798017052,0.7830757660443312,0.027368854731321335
train,audio_349.wav,3.5,False,True,True,11,4,1,0,0,2.4602767811378787,1.3090909090909097,4.799999999999999,0.26956196181205555,1.0416666666666667,0.0,0.0,0.09375,1.5980108094611394,0.8656363618386725,0.00035191309871152043
train,audio_387.wav,5.0,False,True,True,9,2,4,0,0,2.235438884331419,0.7044444444444444,1.5399999999999991,0.11506352087114337,3.669724770642202,0.0,0.0,0.045871559633027525,1.816343130546538,0.9265846670220751,0.037455976009368896
train,audio_630.wav,3.5,False,True,True,16,5,1,1,1,3.145282076884674,0.8150000000000006,2.1200000000000045,0.2455743879472695,0.7936507936507936,0.7936507936507936,0.7936507936507936,0.11904761904761904,2.0973891874177455,0.8206955245474264,0.09243953973054886
train,audio_5046.wav,0.0,True,True,True,14,3,0,1,0,2.545691906005222,0.8371428571428575,3.259999999999998,0.20319001386962562,0.0,0.8547008547008547,0.0,0.28205128205128205,1.9475756740307637,0.6965101696656979,0.041366465389728546
train,audio_183.wav,3.0,False,True,True,6,4,1,0,0,1.8187066974595842,3.576666666666666,11.839999999999998,0.3825311942959001,1.5873015873015872,0.0,0.0,0.09523809523809523,1.0486935026779138,0.8502989573670285,0.008175970986485481
train,audio_607.wav,4.0,False,True,True,9,1,4,0,0,2.4577270939834843,0.535555555555556,1.2599999999999998,0.08656609195402305,3.2,0.0,0.0,0.168,2.0807432414858584,0.7800230968197187,0.04629604518413544
train,audio_133.wav,3.0,False,True,True,4,0,0,0,0,2.3506366307541624,0.6899999999999995,0.8800000000000008,0.06330275229357793,0.0,0.0,0.0,0.041666666666666664,2.1333333333333333,0.8900994531189402,0.06780710816383362
train,audio_443.wav,3.0,False,True,True,7,2,0,1,1,1.882845188284519,1.4599999999999997,5.120000000000001,0.1761461564977594,0.0,1.1111111111111112,1.1111111111111112,0.12222222222222222,1.4981351338698181,0.821985299664515,0.11674000322818756
train,audio_55.wav,2.0,False,True,True,9,2,2,2,0,2.436440677966102,0.6733333333333336,2.1199999999999974,0.13829301688726617,2.1739130434782608,2.1739130434782608,0.0,0.043478260869565216,2.041722148246782,0.8874322763927605,0.18367236852645874
train,audio_686.wav,3.0,False,True,True,5,1,0,0,0,1.7563739376770535,0.6360000000000001,1.1600000000000001,0.08264033264033264,0.0,0.0,0.0,0.016129032258064516,1.1505344418052257,0.9071238685038782,0.37805992364883423
train,audio_740.wav,4.0,False,True,True,4,2,0,0,0,2.324665090622537,1.3199999999999994,2.7399999999999984,0.09421841541755885,0.0,0.0,0.0,0.03389830508474576,1.9642216199626505,0.934176889200837,0.05257231742143631
train,audio_699.wav,2.5,False,True,True,17,3,4,1,0,2.182203389830509,0.6517647058823535,1.5200000000000014,0.1901166781056968,3.883495145631068,0.970873786407767,0.0,0.05825242718446602,1.7145324309843475,0.8735885636031049,0.09933096170425415
train,audio_44.wav,4.0,False,True,True,17,1,0,0,0,3.6321989528795817,0.6117647058823534,1.120000000000001,0.25390625000000017,0.0,0.0,0.0,0.009009009009009009,2.4633821571238346,0.9499367348648406,0.4699721932411194
train,audio_500.wav,3.5,False,True,True,4,0,0,0,0,1.7314487632508833,0.5199999999999988,0.8999999999999986,0.035446489434219415,0.0,0.0,0.0,0.11224489795918367,1.6313027013249133,0.8232596405230614,0.05745511129498482
train,audio_265.wav,2.5,False,True,True,2,1,0,0,0,1.583280557314756,2.134999999999998,3.469999999999999,0.08268783888458552,0.0,0.0,0.0,0.10666666666666667,1.248335552596538,0.8201974608500798,0.10137207806110382
train,audio_125.wav,2.0,False,True,True,6,0,0,2,2,2.1271143003587905,0.6599999999999996,0.8399999999999999,0.09213587715216374,0.0,2.4096385542168677,2.4096385542168677,0.0963855421686747,1.8419884598313359,0.8693445748593434,0.2727537751197815
train,audio_413.wav,4.0,False,True,True,5,1,0,0,1,2.3382272974442633,0.664,1.0399999999999991,0.0827930174563591,0.0,0.0,1.1627906976744187,0.09302325581395349,1.8732582850157036,0.884926030628903,0.17432449758052826
train,audio_256.wav,4.5,False,True,True,4,1,0,0,0,1.8867924528301887,0.8250000000000006,1.3400000000000034,0.05648750427935643,0.0,0.0,0.0,0.04807692307692308,1.7310252996005326,0.8970535211265087,0.13567200303077698
train,audio_350.wav,4.5,False,True,True,4,0,0,0,1,2.2769690182904068,0.4450000000000003,0.6400000000000006,0.03215317919075147,0.0,0.0,0.819672131147541,0.05737704918032787,2.030805403690198,0.9152781337173911,0.11776922643184662
train,audio_364.wav,5.0,False,True,True,9,4,0,0,0,3.025328330206379,0.9088888888888889,1.8399999999999963,0.16096025186934276,0.0,0.0,0.0,0.031007751937984496,2.1473270252134062,0.9165015546388404,0.1929084062576294
train,audio_131.wav,2.5,False,True,True,6,1,0,0,0,1.736842105263158,0.6766666666666667,1.3200000000000003,0.09652876842605802,0.0,0.0,0.0,0.06060606060606061,1.4705882352941175,0.8535236742610883,0.08459903299808502
train,audio_168.wav,3.5,False,True,True,18,6,0,3,0,2.536640360766631,0.8633333333333343,2.8200000000000003,0.3045864366914939,0.0,3.3333333333333335,0.0,0.18888888888888888,1.4981351338698181,0.7917702473148153,0.1550842821598053
train,audio_557.wav,3.5,False,True,True,1,0,0,2,0,2.3603082851637764,0.3600000000000012,0.3600000000000012,0.008595988538681976,0.0,2.0408163265306123,0.0,0.061224489795918366,2.2245773232149118,0.8718461227812329,0.08928776532411575
train,audio_670.wav,3.0,False,True,True,12,3,2,2,1,2.8730703259005144,0.9,1.6400000000000006,0.18802228412256267,1.492537313432836,1.492537313432836,0.746268656716418,0.1417910447761194,2.2305567548728407,0.8235462039931497,0.01860637217760086
train,audio_342.wav,4.5,False,True,True,6,2,4,0,0,2.1247563352826515,0.9300000000000009,1.799999999999999,0.09810126582278492,3.669724770642202,0.0,0.0,0.07339449541284404,1.8144081065756688,0.8921043142647517,0.0002459567622281611
train,audio_2.wav,2.5,False,True,True,6,1,0,0,1,2.1361152508693495,0.6433333333333343,1.860000000000003,0.08748866727107901,0.0,0.0,1.1627906976744187,0.05813953488372093,1.9111111111111112,0.8790339685456697,0.13117116689682007
train,audio_5048.wav,0.0,True,True,True,8,1,0,0,0,4.281183932346721,1.4524999999999988,8.579999999999998,0.3804846103470855,0.0,0.0,0.0,0.35802469135802467,1.3483216204828363,0.6055774810367528,0.029509959742426872
train,audio_741.wav,4.0,False,True,True,7,3,0,0,0,1.8041237113402069,2.1228571428571437,8.360000000000003,0.29851345922057065,0.0,0.0,0.0,0.07936507936507936,1.0486945937088727,0.8106277680822781,0.09666169434785843
train,audio_294.wav,4.0,False,True,True,7,0,0,0,0,1.6377649325626207,0.6714285714285724,0.8399999999999999,0.08303886925795063,0.0,0.0,0.0,0.011764705882352941,1.414905404210384,0.956261520876604,0.41112226247787476
train,audio_370.wav,5.0,False,True,True,9,0,3,4,0,2.723658051689861,0.6200000000000008,0.9200000000000017,0.09985683607730864,2.18978102189781,2.9197080291970803,0.0,0.029197080291970802,2.280494592668501,0.9251795549652655,0.01819588802754879
train,audio_417.wav,3.5,False,True,True,8,1,1,2,0,2.4412970555348497,0.617500000000001,1.019999999999996,0.08430034129692848,0.7633587786259542,1.5267175572519085,0.0,0.08396946564885496,2.18061891707718,0.8520052931994275,0.19440163671970367
train,audio_753.wav,4.0,False,True,True,3,0,0,1,2,1.6876122082585276,0.4799999999999989,0.8200000000000003,0.025201260063003095,0.0,1.0638297872340425,2.127659574468085,0.031914893617021274,1.5647189175973657,0.9084309101738828,0.22465378046035767
train,audio_533.wav,3.0,False,True,True,3,0,0,1,0,2.599009900990099,0.49333333333333346,0.6600000000000001,0.025499655410062032,0.0,0.6802721088435374,0.0,0.061224489795918366,2.44695405198737,0.88308975313391,0.07028186321258545
train,audio_239.wav,4.5,False,True,True,15,0,0,0,0,2.924217462932455,0.5053333333333339,0.6400000000000006,0.13501959387246182,0.0,0.0,0.0,0.035211267605633804,2.3635153129161117,0.9255701629707301,0.007582688704133034
train,audio_566.wav,3.0,False,True,True,5,1,0,1,0,1.8717728055077452,0.8240000000000002,1.6600000000000037,0.08142292490118579,0.0,1.1494252873563218,0.0,0.09195402298850575,1.4481972960741576,0.8420849177001537,0.18312087655067444
train,audio_736.wav,4.0,False,True,True,7,1,1,0,0,2.4177566389219183,0.7314285714285713,1.0199999999999996,0.09211946743432889,0.819672131147541,0.0,0.0,0.08196721311475409,2.032971210336492,0.8836431569700343,0.0010690445778891444
train,audio_541.wav,2.0,False,True,True,3,0,0,1,3,1.5315001740341108,0.6466666666666665,0.9000000000000004,0.03265993265993265,0.0,1.1363636363636365,3.409090909090909,0.09090909090909091,1.4648432420060444,0.8588650358671491,0.18778008222579956
train,audio_531.wav,3.5,False,True,True,11,0,8,2,0,2.1698813056379818,0.44545454545454494,0.620000000000001,0.08330499829989789,6.837606837606837,1.7094017094017093,0.0,0.05982905982905983,1.9475756740307637,0.8885100970067618,0.0005755384336225688
train,audio_280.wav,5.0,False,True,True,3,1,0,0,0,2.3969534050179213,0.9333333333333327,1.3600000000000012,0.05902192242833049,0.0,0.0,0.0,0.018691588785046728,1.781116214711895,0.946678674666681,0.37522315979003906
train,audio_33.wav,4.0,False,True,True,7,0,0,0,0,2.522796352583587,0.5085714285714287,0.620000000000001,0.09764125068568295,0.0,0.0,0.0,0.03614457831325301,2.108739837398374,0.9211297559450908,0.24522724747657776
train,audio_307.wav,5.0,False,True,True,11,0,3,3,0,2.836052836052836,0.5890909090909089,0.9000000000000021,0.1118012422360248,2.0547945205479454,2.0547945205479454,0.0,0.06164383561643835,2.427721755650221,0.906415177649525,0.030107693746685982
train,audio_617.wav,4.5,False,True,True,11,6,1,3,0,2.13963963963964,0.8581818181818189,1.2800000000000011,0.17533432392273418,1.0526315789473684,3.1578947368421053,0.0,0.11578947368421053,1.5813648635292525,0.8184229843894412,0.0010879727778956294
train,audio_613.wav,5.0,False,True,True,7,3,0,2,0,2.45594300712411,0.8685714285714301,1.5,0.10232245035341654,0.0,1.5267175572519085,0.0,0.030534351145038167,2.18061891707718,0.950153877716938,0.15752926468849182
train,audio_472.wav,2.5,False,True,True,2,1,0,0,0,2.427821522309711,2.77,5.04,0.26660250240615974,0.0,0.0,0.0,0.16216216216216217,1.5485504573717017,0.8180070377986979,0.015326505526900291
train,audio_568.wav,3.0,False,True,True,7,4,0,2,0,1.900647948164147,1.5599999999999998,3.200000000000003,0.1908423628102062,0.0,2.272727272727273,0.0,0.06818181818181818,1.4648432420060444,0.8737503738904541,0.06388948857784271
train,audio_521.wav,4.0,False,True,True,12,2,0,0,0,3.035217794253939,0.7100000000000007,1.6200000000000045,0.16486068111455124,0.0,0.0,0.0,0.04580152671755725,2.18061891707718,0.8977395051535759,0.05088943988084793
train,audio_401.wav,5.0,False,True,True,5,0,2,1,2,2.4663677130044843,0.5799999999999997,0.6799999999999997,0.05140021269053525,1.5151515151515151,0.7575757575757576,1.5151515151515151,0.06060606060606061,2.1972648630090665,0.922541688666726,0.018626682460308075
train,audio_573.wav,2.5,False,True,True,3,0,0,1,1,1.8698870276587456,0.5666666666666661,0.6999999999999993,0.03205128205128202,0.0,1.0416666666666667,1.0416666666666667,0.10416666666666667,1.5980108094611394,0.8203594969740758,0.05376734584569931
train,audio_180.wav,3.0,False,True,True,8,0,3,0,1,2.4624373956594328,0.6250000000000008,0.9800000000000004,0.09448223733938031,2.542372881355932,0.0,0.847457627118644,0.11864406779661017,1.9642195764443464,0.8512501366394387,0.10352721810340881
train,audio_320.wav,3.5,False,True,True,8,3,0,0,0,2.0152883947185543,1.0324999999999998,1.9199999999999982,0.22300215982721378,0.0,0.0,0.0,0.034482758620689655,1.4913595960472543,0.9336304654335154,0.20821383595466614
train,audio_85.wav,3.0,False,True,True,10,1,0,1,0,2.3982152816508644,0.6939999999999995,1.5999999999999996,0.16214953271028026,0.0,1.1627906976744187,0.0,0.023255813953488372,1.9085663559698178,0.925988624088986,0.21921847760677338
train,audio_296.wav,2.0,False,True,True,7,0,8,0,3,2.3029045643153525,0.5228571428571425,0.8200000000000003,0.07057462398765904,7.207207207207207,0.0,2.7027027027027026,0.09009009009009009,1.8476999984394424,0.8559172881023215,0.027141230180859566
train,audio_250.wav,3.0,False,True,True,1,0,0,0,0,2.9179810725552047,0.40000000000000036,0.40000000000000036,0.030581039755351706,0.0,0.0,0.0,0.0,1.8389662027833,0.9599580756715826,0.794032633304596
train,audio_346.wav,5.0,False,True,True,22,2,0,1,0,3.1413612565445024,0.799090909090909,4.660000000000004,0.31516672642524196,0.0,0.8333333333333334,0.0,0.03333333333333333,1.9975135118264242,0.9162476836755457,0.01897437311708927
train,audio_335.wav,4.0,False,True,True,8,2,4,1,1,2.168525402726146,0.7950000000000004,2.3999999999999986,0.1161007667031764,3.8095238095238093,0.9523809523809523,0.9523809523809523,0.0380952380952381,1.7478243228481212,0.9277100132778286,0.013287198729813099
train,audio_20.wav,2.0,False,True,True,9,1,0,0,0,2.5648414985590775,0.5644444444444441,1.0,0.12770236299648055,0.0,0.0,0.0,0.10112359550561797,2.0688052068805205,0.8548607998684551,0.1480003148317337
train,audio_5071.wav,0.0,True,True,True,10,3,2,0,0,2.4626209322779244,1.0699999999999998,2.0,0.3199760765550239,3.5714285714285716,0.0,0.0,0.39285714285714285,0.9321729721856646,0.6096139169115175,0.0060819764621555805
train,audio_558.wav,4.0,False,True,True,9,2,1,1,0,2.5153374233128827,0.7755555555555552,1.5,0.17635169277412824,1.2195121951219512,1.2195121951219512,0.0,0.10975609756097561,1.3649675664147232,0.8450463812559752,0.004064056556671858
train,audio_289.wav,2.5,False,True,True,2,2,0,0,0,1.7672151127361369,3.210000000000001,4.5,0.16360856269113155,0.0,0.0,0.0,0.08620689655172414,0.9654648640494384,0.8477637129996357,0.059300120919942856
train,audio_620.wav,5.0,False,True,True,18,1,0,0,0,2.9759200363471163,0.5744444444444452,1.1000000000000005,0.19021339220014744,0.0,0.0,0.0,0.022900763358778626,2.1463204837413152,0.9573703890917563,0.03143574297428131
train,audio_665.wav,3.0,False,True,True,8,4,0,0,0,2.118839244587748,1.895000000000001,7.0,0.25879139638101756,0.0,0.0,0.0,0.06521739130434782,1.531427025733592,0.8851851618484311,0.20491357147693634
train,audio_751.wav,4.0,False,True,True,5,0,1,0,0,2.2150768131475527,0.6480000000000002,0.9600000000000009,0.054711246200607924,0.8064516129032258,0.0,0.0,0.03225806451612903,2.064097295553972,0.9395981267375011,0.008974261581897736
train,audio_442.wav,2.0,False,True,True,9,1,2,1,1,1.6453382084095067,0.8333333333333338,2.780000000000001,0.14631291455325798,2.7777777777777777,1.3888888888888888,1.3888888888888888,0.2638888888888889,1.1985081070958545,0.695815687533468,0.03606553375720978
train,audio_362.wav,5.0,False,True,True,6,2,1,0,1,2.7165354330708653,1.129999999999998,2.939999999999994,0.11774921847863819,0.7246376811594203,0.0,0.7246376811594203,0.043478260869565216,2.297140538600388,0.9170488344667398,0.011435506865382195
train,audio_311.wav,3.5,False,True,True,14,9,2,0,2,2.174975562072336,1.2157142857142857,2.34,0.29375215740421123,2.247191011235955,0.0,2.247191011235955,0.056179775280898875,1.4814891879379313,0.8839664927872128,0.00693579250946641
train,audio_724.wav,5.0,False,True,True,8,2,0,0,0,2.5801555682033768,0.8162500000000001,2.0500000000000043,0.11022957461174883,0.0,0.0,0.0,0.014705882352941176,2.2662629885718273,0.9555554258472779,0.47342851758003235
train,audio_39.wav,3.0,False,True,True,6,1,0,0,0,2.286135693215339,0.583333333333333,1.1199999999999974,0.07922136713444994,0.0,0.0,0.0,0.010752688172043012,2.0639147802929427,0.8959439364812707,0.20400509238243103
train,audio_290.wav,2.0,False,True,True,3,2,1,0,0,2.510040160642571,1.2400000000000002,1.6000000000000014,0.2719298245614036,4.0,0.0,0.0,0.04,0.4161482153483785,0.8827907645702362,0.06688693165779114
train,audio_23.wav,2.5,False,True,True,5,1,0,1,0,1.993262212240314,1.032,2.3200000000000003,0.12653261402648358,0.0,1.408450704225352,0.0,0.04225352112676056,1.5756768752774077,0.8774425460838936,0.2990388721227646
train,audio_624.wav,3.0,False,True,True,6,1,0,0,0,1.6553799849510908,0.5399999999999991,1.0799999999999983,0.05744680851063821,0.0,0.0,0.0,0.06818181818181818,1.4648432420060444,0.9220362495292317,0.2671132981777191
train,audio_206.wav,5.0,False,True,True,14,0,0,0,0,2.8548451950140725,0.5985714285714285,0.980000000000004,0.1441844459738472,0.0,0.0,0.0,0.04929577464788732,2.3637218631787897,0.9020175551864463,0.27770745754241943
train,audio_288.wav,4.5,False,True,True,8,3,0,0,1,2.1094927172275244,1.2875,2.580000000000002,0.20550678371907424,0.0,0.0,1.1904761904761905,0.05952380952380952,1.398259458278497,0.8994804176368884,0.11904776841402054
train,audio_60.wav,3.0,False,True,True,9,0,0,1,0,2.108108108108108,0.6822222222222222,0.9399999999999977,0.14232730644413535,0.0,1.2820512820512822,0.0,0.038461538461538464,1.7333333333333334,0.9001082241153106,0.2213788777589798
train,audio_80.wav,2.0,False,True,True,4,0,0,1,0,2.75038920601972,0.5450000000000017,0.9000000000000057,0.053536345776031606,0.0,0.9433962264150944,0.0,0.018867924528301886,2.3524189968930314,0.9287428702667074,0.3884890526533127
train,audio_214.wav,4.0,False,True,True,9,1,0,0,0,2.70935960591133,0.5288888888888896,1.1600000000000037,0.08272506082725072,0.0,0.0,0.0,0.04195804195804196,2.380367791792725,0.9145565056665377,0.057957228273153305
train,audio_599.wav,2.0,False,True,True,10,0,2,3,1,2.437597503900156,0.5520000000000003,0.8400000000000034,0.09718309859154935,1.6,2.4,0.8,0.088,2.0807432414858584,0.8503276297301054,0.02958475984632969
train,audio_5063.wav,0.0,True,True,True,6,2,0,0,1,2.2871664548919948,1.3866666666666665,2.960000000000001,0.2090452261306532,0.0,0.0,1.3888888888888888,0.2361111111111111,1.5538674033149171,0.7480644130975835,0.050532497465610504
train,audio_207.wav,4.0,False,True,True,6,3,0,0,0,2.0681265206812656,1.0566666666666666,2.960000000000001,0.1336424957841484,0.0,0.0,0.0,0.058823529411764705,1.4149039321844867,0.9025181444252238,0.15238988399505615
train,audio_438.wav,3.0,False,True,True,5,3,0,1,0,1.3877874702616972,1.6040000000000005,2.740000000000002,0.1371878207321246,0.0,1.4285714285714286,0.0,0.02857142857142857,1.1652162152320809,0.9147850922175816,0.301644504070282
train,audio_332.wav,5.0,False,True,True,11,0,0,0,0,2.5981996726677576,0.6309090909090908,0.9399999999999977,0.12432819777857394,0.0,0.0,0.0,0.03937007874015748,2.1140351333496326,0.9273609293727424,0.28193560242652893
train,audio_159.wav,5.0,False,True,True,12,2,0,0,1,1.9999999999999998,0.6633333333333328,1.4399999999999995,0.14098476797732898,0.0,0.0,1.0309278350515463,0.15463917525773196,1.614513981358189,0.7926364075840544,0.1412794291973114
train,audio_478.wav,2.0,False,True,True,4,2,1,0,0,1.506629168340699,1.3850000000000005,3.6000000000000014,0.10014461315979757,1.3333333333333333,0.0,0.0,0.08,1.2484459448915153,0.8615708658347527,0.02875249646604061
train,audio_46.wav,3.0,False,True,True,7,3,0,0,0,2.942998760842627,1.1457142857142852,3.7399999999999993,0.1990074441687344,0.0,0.0,0.0,0.08421052631578947,2.108300044385264,0.8573358334993061,0.22008320689201355
train,audio_130.wav,3.0,False,True,True,13,0,3,0,4,2.440347071583514,0.5523076923076922,0.9799999999999969,0.1629596005447117,3.3333333333333335,0.0,4.444444444444445,0.05555555555555555,1.9973368841544605,0.9189754517541991,0.08351482450962067
train,audio_437.wav,2.5,False,True,True,6,6,0,4,0,1.5625000000000002,3.040000000000001,6.800000000000004,0.31491712707182334,0.0,6.451612903225806,0.0,0.06451612903225806,1.032048647776986,0.8979152741877022,0.004636195953935385
train,audio_771.wav,5.0,False,True,True,16,3,2,0,2,2.4390243902439024,0.5625000000000001,1.5,0.15684907633321718,1.694915254237288,0.0,1.694915254237288,0.03389830508474576,1.9642216199626505,0.926959779196403,0.004449944477528334
train,audio_759.wav,4.0,False,True,True,9,3,0,0,0,2.424377224199288,1.0066666666666666,2.8200000000000003,0.16771566086634576,0.0,0.0,0.0,0.06422018348623854,1.8144081065756688,0.9014901196191071,0.2871823012828827
train,audio_25.wav,3.0,False,True,True,9,1,0,2,0,2.2466039707419023,0.5844444444444457,1.1200000000000045,0.12080845199816286,0.0,2.3255813953488373,0.0,0.046511627906976744,1.9085663559698178,0.9081280144841172,0.19883495569229126
train,audio_191.wav,3.0,False,True,True,4,2,0,0,0,2.7390438247011937,6.849999999999998,23.759999999999994,0.577085088458298,0.0,0.0,0.0,0.45454545454545453,0.9102494083378846,0.5715887803161008,0.05627372860908508
train,audio_182.wav,3.0,False,True,True,6,4,2,0,0,2.3148148148148144,2.983333333333333,11.46,0.4793786823781467,4.444444444444445,0.0,0.0,0.13333333333333333,1.1125395569620253,0.828031914970941,0.12214688956737518
train,audio_236.wav,3.0,False,True,True,4,1,1,0,1,1.8060366155368632,0.9350000000000003,1.6799999999999997,0.08469202898550728,1.36986301369863,0.0,1.36986301369863,0.0547945205479452,1.4989733059548254,0.9036203034936565,0.09333795309066772
train,audio_24.wav,3.0,False,True,True,12,0,0,4,0,2.591221575885774,0.5016666666666664,0.7199999999999989,0.1373175182481751,0.0,4.081632653061225,0.0,0.08163265306122448,2.174877940523746,0.8605974091052198,0.138206347823143
train,audio_428.wav,3.0,False,True,True,7,0,0,0,0,3.032407407407407,0.5742857142857137,0.879999999999999,0.08513341804320194,0.0,0.0,0.0,0.08396946564885496,2.18061891707718,0.8231743855672028,0.12146341055631638
train,audio_678.wav,5.0,False,True,True,20,3,2,1,0,3.449183780937335,0.7129999999999999,1.6000000000000014,0.27297090352220515,1.5267175572519085,0.7633587786259542,0.0,0.030534351145038167,2.3699817389288724,0.9279419491138622,0.04546404257416725
train,audio_591.wav,2.0,False,True,True,10,4,1,2,0,1.2574302697759487,1.346,5.84,0.23531468531468533,1.8181818181818181,3.6363636363636362,0.0,0.21818181818181817,0.9155270262537778,0.6919641907242211,0.006100209429860115
train,audio_597.wav,2.0,False,True,True,5,0,1,5,1,2.510076951264199,0.6319999999999999,0.7400000000000002,0.05472809144440594,0.7299270072992701,3.6496350364963503,0.7299270072992701,0.08029197080291971,2.280494592668501,0.8628527033720573,0.052914321422576904
train,audio_580.wav,1.5,False,True,True,8,4,0,0,1,1.63020163020163,1.3424999999999998,3.219999999999999,0.18723849372384935,0.0,0.0,1.3157894736842106,0.13157894736842105,1.2650918908234021,0.7915157170214675,0.08946235477924347
train,audio_19.wav,3.0,False,True,True,8,0,0,1,0,2.567361464158617,0.5524999999999995,0.9799999999999969,0.10100548446069461,0.0,0.9900990099009901,0.0,0.019801980198019802,2.241455836662228,0.9272454107678173,0.052581723779439926
train,audio_476.wav,2.0,False,True,True,6,2,3,0,0,1.979227905153831,0.8116666666666666,1.240000000000002,0.08711985688729876,2.9702970297029703,0.0,0.0,0.04950495049504951,1.6812405391205738,0.8950541657948922,0.007316787261515856
train,audio_375.wav,3.5,False,True,True,4,1,1,1,0,1.3387297633872977,1.7550000000000008,5.0,0.17935615738375071,2.3255813953488373,2.3255813953488373,0.0,0.18604651162790697,0.7157756750711354,0.723661303823424,0.01648918353021145
train,audio_642.wav,3.0,False,True,True,2,2,0,1,0,2.1510516252390057,4.039999999999997,5.399999999999999,0.2786206896551723,0.0,2.2222222222222223,0.0,0.28888888888888886,0.7490675669349091,0.6588435715504197,0.001262999721802771
train,audio_66.wav,2.0,False,True,True,3,0,0,0,1,0.8852821836960532,0.8799999999999996,0.9199999999999999,0.0464298276468519,0.0,0.0,2.0833333333333335,0.14583333333333334,0.800533689126084,0.7607453255396751,0.08313845843076706
train,audio_186.wav,5.0,False,True,True,6,0,0,4,1,2.4411661397962767,0.4333333333333333,0.5800000000000001,0.043668122270742356,0.0,2.8776978417266186,0.7194244604316546,0.050359712230215826,2.3137840773369844,0.9305063347807891,0.13648614287376404
train,audio_713.wav,4.0,False,True,True,11,2,0,0,0,3.3761293390394673,0.6781818181818173,1.259999999999998,0.15064620355411937,0.0,0.0,0.0,0.14788732394366197,2.3637243223279354,0.8024719781788863,0.16336828470230103
train,audio_354.wav,3.5,False,True,True,14,3,2,0,0,2.444630171333055,0.8128571428571434,1.6600000000000037,0.19209993247805549,1.7094017094017093,0.0,0.0,0.05982905982905983,1.9475756740307637,0.8965249123991045,0.13579313457012177
train,audio_768.wav,5.0,False,True,True,9,2,0,1,0,2.9933938893476464,0.8266666666666663,1.7999999999999972,0.13314244810307796,0.0,0.6896551724137931,0.0,0.034482758620689655,2.413662160123596,0.9226381381010187,0.32427018880844116
train,audio_14.wav,3.5,False,True,True,8,2,0,0,0,2.0821917808219177,0.7250000000000003,1.4400000000000048,0.13711583924349885,0.0,0.0,0.0,0.0,1.6866400355082112,0.9555410825108227,0.6294998526573181
train,audio_208.wav,4.0,False,True,True,7,3,0,0,0,2.479338842975206,1.208571428571428,3.4399999999999977,0.14878649314104808,0.0,0.0,0.0,0.058333333333333334,1.9975114336722166,0.8837103438874085,0.28948262333869934
train,audio_418.wav,2.5,False,True,True,6,2,0,1,0,2.016584998115341,0.886666666666665,1.7399999999999984,0.09112709832134276,0.0,0.9345794392523364,0.0,0.14018691588785046,1.7652396271549946,0.8062584499285972,0.042069610208272934
train,audio_212.wav,5.0,False,True,True,9,1,0,0,1,2.773497688751927,0.5533333333333348,1.2200000000000033,0.08752196836555383,0.0,0.0,0.6944444444444444,0.08333333333333333,2.39701372040666,0.869997842737508,0.08860379457473755
train,audio_177.wav,2.0,False,True,True,15,4,0,0,1,2.5519421860885285,0.9320000000000005,1.8400000000000034,0.23995880535530395,0.0,0.0,0.8849557522123894,0.017699115044247787,1.8808255659121171,0.9009584568243111,0.0460958257317543
train,audio_503.wav,2.5,False,True,True,6,2,4,0,0,2.522255192878338,0.9533333333333331,1.3999999999999986,0.0959087860496311,2.9411764705882355,0.0,0.0,0.10294117647058823,2.2638486467366143,0.8274073899494183,0.0038504658732563257
train,audio_564.wav,2.0,False,True,True,2,2,0,2,0,1.9274376417233565,16.380000000000003,27.3,0.5531914893617023,0.0,3.9215686274509802,0.0,0.13725490196078433,0.8489432425262303,0.8103489562430802,0.0352860651910305
train,audio_257.wav,4.5,False,True,True,8,2,0,0,0,1.823993982700263,0.8424999999999996,1.4199999999999946,0.11248331108144187,0.0,0.0,0.0,0.09278350515463918,1.614513981358189,0.8374965434759548,0.021566525101661682
train,audio_408.wav,4.0,False,True,True,3,1,1,3,0,3.4161490683229827,1.0933333333333355,1.9600000000000062,0.10167389956602625,1.0101010101010102,3.0303030303030303,0.0,0.06060606060606061,2.9040188761226946,0.9093143607517986,0.028175847604870796
train,audio_468.wav,2.5,False,True,True,11,2,5,1,0,2.423093131057732,0.9872727272727257,4.079999999999995,0.18621399176954703,4.3478260869565215,0.8695652173913043,0.0,0.17391304347826086,1.91428378216699,0.7639303731124686,0.006714652292430401
train,audio_574.wav,2.5,False,True,True,8,1,1,0,1,2.4009146341463414,0.7199999999999998,2.26,0.09890109890109887,0.7936507936507936,0.0,0.7936507936507936,0.05555555555555555,2.0973891874177455,0.8581850316668688,0.0012668152339756489
train,audio_26.wav,4.0,False,True,True,17,2,2,0,0,3.5077288941736033,0.5729411764705887,1.240000000000002,0.22452743199631187,1.694915254237288,0.0,0.0,0.059322033898305086,2.6187305814469597,0.9152033516931963,0.008408886380493641
train,audio_480.wav,3.0,False,True,True,0,0,0,4,0,1.9643446682073291,0.0,0.0,0.0,0.0,3.361344537815126,0.0,0.09243697478991597,1.9604511920758232,0.8663279511535368,0.04961219057440758
train,audio_706.wav,3.0,False,True,True,3,0,0,0,1,2.42735648476258,0.8066666666666661,0.8799999999999955,0.04111450900441723,0.0,0.0,0.7299270072992701,0.0948905109489051,2.280494592668501,0.8454349563069588,0.0665278434753418
train,audio_57.wav,2.5,False,True,True,9,0,0,0,0,2.9572564612326038,0.46222222222222126,0.8799999999999955,0.0936936936936935,0.0,0.0,0.0,0.07563025210084033,2.64092321349312,0.8767285106875816,0.04733229801058769
train,audio_209.wav,5.0,False,True,True,12,0,5,0,0,2.5794469665703676,0.3966666666666671,0.8400000000000034,0.08944006012777161,4.0,0.0,0.0,0.008,2.082960136308911,0.9567381134033203,0.3852527439594269
train,audio_712.wav,4.0,False,True,True,16,5,0,0,0,3.313981615868408,0.7187499999999998,1.139999999999997,0.2176381529144587,0.0,0.0,0.0,0.10948905109489052,2.280494592668501,0.8651200482880113,0.14967718720436096
train,audio_353.wav,3.0,False,True,True,4,0,0,1,0,1.9699812382739215,0.6600000000000006,0.879999999999999,0.05830388692579511,0.0,1.1904761904761905,0.0,0.03571428571428571,1.5,0.9075256872567392,0.30304522067308426
train,audio_575.wav,2.0,False,True,True,5,2,0,0,0,2.6046304541406955,0.9360000000000024,1.740000000000009,0.09435483870967767,0.0,0.0,0.0,0.13675213675213677,1.9475756740307637,0.8267953333436934,0.06696192920207977
train,audio_383.wav,3.5,False,True,True,4,1,0,0,1,1.4525993883792048,0.839999999999999,1.3399999999999999,0.060344827586206816,0.0,0.0,1.3157894736842106,0.02631578947368421,1.2650918908234021,0.9434166578085799,0.22795644402503967
train,audio_781.wav,5.0,False,True,True,7,2,3,0,0,1.7266715650257167,0.8628571428571435,1.5399999999999991,0.09986772486772495,3.1914893617021276,0.0,0.0,0.031914893617021274,1.5507712612389672,0.9510887864025983,0.016049649566411972
train,audio_118.wav,4.5,False,True,True,14,4,0,0,0,2.675793403858121,0.8385714285714287,1.7199999999999989,0.2675478577939836,0.0,0.0,0.0,0.046511627906976744,1.9085663559698178,0.9067116329489753,0.1829884946346283
train,audio_337.wav,5.0,False,True,True,10,1,2,0,2,2.8239845261121856,0.7039999999999995,1.2999999999999972,0.11985018726591752,1.36986301369863,0.0,1.36986301369863,0.0684931506849315,2.4303081060554828,0.8987505616934875,0.06571228057146072
train,audio_715.wav,3.0,False,True,True,7,0,1,1,0,2.5563103324991063,0.5857142857142864,0.9600000000000009,0.06828780812791481,0.6993006993006993,0.6993006993006993,0.0,0.13286713286713286,2.3803702682598225,0.8104687061265007,0.015673639252781868
train,audio_323.wav,3.5,False,True,True,15,3,3,5,0,2.1663977875086426,0.7706666666666667,2.280000000000001,0.21037306642402184,3.1914893617021276,5.319148936170213,0.0,0.11702127659574468,1.5647189175973657,0.8303872482547311,0.018004154786467552
train,audio_374.wav,4.0,False,True,True,11,0,3,0,0,1.7783857729138166,0.4218181818181819,0.7199999999999998,0.09567010309278354,3.8461538461538463,0.0,0.0,0.0641025641025641,1.2983837826871758,0.9006362132346019,0.08926569670438766
train,audio_348.wav,3.5,False,True,True,3,2,0,2,0,1.8708354689902615,1.0466666666666666,1.2800000000000011,0.07447817836812144,0.0,2.73972602739726,0.0,0.0410958904109589,1.2673611111111112,0.8997559669899614,0.24571695923805237
train,audio_547.wav,3.0,False,True,True,18,4,6,2,0,2.107668867445404,1.0100000000000005,6.660000000000004,0.3158443363446839,7.228915662650603,2.4096385542168677,0.0,0.10843373493975904,1.3816135123466102,0.8144526533692716,0.12525016069412231
train,audio_41.wav,4.0,False,True,True,2,0,0,0,0,2.4670249145090377,0.6400000000000001,0.8399999999999999,0.03031738512553293,0.0,0.0,0.0,0.0297029702970297,2.3059360730593608,0.9357938763528767,0.2824719548225403
train,audio_284.wav,4.5,False,True,True,4,1,0,0,0,2.0683111954459203,0.7450000000000014,1.7800000000000011,0.05352011494252884,0.0,0.0,0.0,0.03669724770642202,1.8144081065756688,0.8993583270533733,0.11645288020372391
train,audio_13.wav,3.0,False,True,True,1,1,0,1,0,2.7580971659919027,1.2599999999999998,1.2599999999999998,0.030897498773908773,0.0,0.9174311926605505,0.0,0.05504587155963303,2.421035242443635,0.9061774447423603,0.22744452953338623
train,audio_548.wav,3.5,False,True,True,11,0,0,1,0,2.86046511627907,0.527272727272727,0.759999999999998,0.1188524590163934,0.0,0.8130081300813008,0.0,0.13008130081300814,2.0474513496220847,0.8159923660985338,0.05765116587281227
train,audio_687.wav,4.5,False,True,True,10,4,1,1,0,2.6441265713047257,0.9180000000000013,2.260000000000005,0.16594360086767918,0.819672131147541,0.819672131147541,0.0,0.040983606557377046,1.9988633512705378,0.9386668367021275,0.009341194294393063
train,audio_104.wav,2.5,False,True,True,8,2,1,0,0,2.748414376321354,0.7375000000000003,1.52,0.1348879743941473,0.9615384615384616,0.0,0.0,0.04807692307692308,2.30803373280071,0.9146673263301357,0.025980228558182716
train,audio_181.wav,3.0,False,True,True,18,3,3,0,0,2.4059075750357324,0.823333333333334,3.8000000000000043,0.26091549295774674,2.9702970297029703,0.0,0.0,0.16831683168316833,1.681238790007449,0.7932422650922643,0.03520758077502251
train,audio_755.wav,4.0,False,True,True,6,0,0,0,0,2.253267237494367,0.5299999999999995,0.879999999999999,0.06686291000841037,0.0,0.0,0.0,0.02,1.9904458598726114,0.9515621876716613,0.27653324604034424
train,audio_733.wav,5.0,False,True,True,9,0,0,5,1,3.0048608042421567,0.6399999999999996,0.8599999999999994,0.11289690317522534,0.0,3.676470588235294,0.7352941176470589,0.022058823529411766,2.2662629885718273,0.9118866442209658,0.05636702477931976
train,audio_5072.wav,0.0,True,True,True,13,0,0,0,0,2.614896988906498,0.5323076923076926,0.8800000000000026,0.12055749128919867,0.0,0.0,0.0,0.2727272727272727,2.1972648630090665,0.7077995595719778,0.06488781422376633
train,audio_776.wav,4.5,False,True,True,4,3,0,0,0,1.3701201201201205,1.5950000000000022,2.2200000000000024,0.10693932282936656,0.0,0.0,0.0,0.0273972602739726,1.2151540530277414,0.9387370072407265,0.26038989424705505
train,audio_70.wav,2.0,False,True,True,7,4,0,0,0,1.6932752781809384,1.3228571428571418,3.6800000000000033,0.18300395256916985,0.0,0.0,0.0,0.07142857142857142,1.1513157894736843,0.8690254676377489,0.052145492285490036
train,audio_49.wav,3.0,False,True,True,5,0,0,1,0,2.3375984251968505,0.5280000000000001,0.7399999999999984,0.06099815157116452,0.0,1.0526315789473684,0.0,0.031578947368421054,2.0805957074025407,0.8961284511967709,0.3103753924369812
train,audio_527.wav,5.0,False,True,True,5,2,0,0,1,2.8648164726947174,1.8880000000000003,6.84,0.17442719881744273,0.0,0.0,0.78125,0.0703125,2.130681079281519,0.8837102097459137,0.12985928356647491
train,audio_273.wav,3.5,False,True,True,12,2,0,0,0,1.9749335358906188,0.6116666666666664,1.0399999999999991,0.12233333333333327,0.0,0.0,0.0,0.08653846153846154,1.7311783769162343,0.8534382488100956,0.10334457457065582
train,audio_139.wav,4.0,False,True,True,3,0,0,3,0,2.739726027397261,0.6066666666666691,0.740000000000002,0.061569688768606474,0.0,3.9473684210526314,0.0,0.17105263157894737,1.2649800266311584,0.7917744112203587,0.0008004537667147815
train,audio_467.wav,3.0,False,True,True,13,2,4,1,3,2.5698097936058266,0.6230769230769224,1.0900000000000034,0.14082058414464518,3.1496062992125986,0.7874015748031497,2.3622047244094486,0.11811023622047244,2.1140351333496326,0.8034066987221478,0.03374499827623367
train,audio_407.wav,4.5,False,True,True,7,3,1,1,3,2.3088863019014356,0.9714285714285716,1.7799999999999976,0.1165581076448406,0.8403361344537815,0.8403361344537815,2.5210084033613445,0.05042016806722689,1.9808675658945374,0.9180685397581894,0.06560710817575455
train,audio_404.wav,4.5,False,True,True,5,2,0,4,1,2.4691358024691357,0.979999999999999,1.7599999999999998,0.08169389796598858,0.0,2.9411764705882355,0.7352941176470589,0.07352941176470588,2.2638486467366143,0.8885700925454205,0.13407260179519653
train,audio_534.wav,3.0,False,True,True,3,1,0,1,0,2.83609576427256,0.8266666666666694,1.0200000000000005,0.0436773511799931,0.0,0.6493506493506493,0.0,0.06493506493506493,2.563475673510578,0.8600936608421275,0.015626169741153717
train,audio_96.wav,3.0,False,True,True,7,1,3,0,1,2.0713162034609334,0.6085714285714288,1.2200000000000006,0.10047169811320757,3.7974683544303796,0.0,1.2658227848101267,0.06329113924050633,1.7532179316466932,0.9027225363858139,0.10624788701534271
train,audio_137.wav,2.5,False,True,True,2,1,0,1,0,2.3237997957099084,2.02,3.76,0.09351851851851853,0.0,1.098901098901099,0.0,0.07692307692307693,2.0195295162006213,0.8697089028882456,0.15194140374660492
train,audio_150.wav,2.5,False,True,True,8,3,0,0,1,2.4945295404814,1.2850000000000004,3.759999999999998,0.18363701321900683,0.0,0.0,0.8771929824561403,0.09649122807017543,1.9445960698689955,0.8195916361976088,0.10160374641418457
train,audio_339.wav,5.0,False,True,True,9,3,3,1,0,2.1060842433697347,0.9444444444444446,2.6400000000000006,0.14218802275008366,2.7777777777777777,0.9259259259259259,0.0,0.05555555555555555,1.797762160643782,0.8955266114186358,0.1785133332014084
train,audio_409.wav,5.0,False,True,True,6,4,0,1,0,2.5839793281653747,1.8433333333333337,3.460000000000001,0.19234782608695655,0.0,0.8333333333333334,0.0,0.008333333333333333,2.0096463022508035,0.9547754170993964,0.4651935398578644
train,audio_78.wav,2.0,False,True,True,4,0,3,0,1,2.608483666504144,0.39999999999999925,0.4800000000000004,0.03754106053496004,2.803738317757009,0.0,0.9345794392523364,0.09345794392523364,2.374611628939192,0.8486319066625889,0.08179371803998947
train,audio_244.wav,3.5,False,True,True,7,0,0,0,0,1.8194791295041026,0.5714285714285717,0.8599999999999999,0.06660006660006662,0.0,0.0,0.0,0.058823529411764705,1.6977363515312918,0.89393049390877,0.23711931705474854
train,audio_752.wav,4.0,False,True,True,4,1,0,0,0,2.2347872913301017,0.75,1.0,0.07473841554559042,0.0,0.0,0.0,0.012048192771084338,1.9317909069089163,0.9521800135991659,0.35677671432495117
train,audio_508.wav,3.0,False,True,True,8,2,0,0,0,2.301170771094065,1.0424999999999998,3.1799999999999997,0.1440912232204561,0.0,0.0,0.0,0.06140350877192982,1.8976378362351032,0.9033014209646928,0.06471473723649979
train,audio_664.wav,2.5,False,True,True,6,1,3,0,1,1.5755883526126844,1.113333333333334,3.78,0.11756423794438582,3.7974683544303796,0.0,1.2658227848101267,0.06329113924050633,1.3150297286190626,0.8743316544620674,0.02773137576878071
train,audio_701.wav,2.5,False,True,True,12,4,1,1,1,1.9742883379247014,1.1066666666666667,3.0,0.23363828289936664,1.1627906976744187,1.1627906976744187,1.1627906976744187,0.1511627906976744,1.4315513501422708,0.7798666601437468,0.020501527935266495
train,audio_5044.wav,0.0,True,True,True,1,0,0,0,0,1.9024970273483948,0.3000000000000007,0.3000000000000007,0.01752336448598135,0.0,0.0,0.0,0.0,1.3262599469496021,0.9356017308309674,0.6276893615722656
train,audio_734.wav,4.5,False,True,True,6,1,0,0,0,2.495908346972177,0.6233333333333334,1.2400000000000002,0.07107563664006082,0.0,0.0,0.0,0.03278688524590164,2.030805403690198,0.9330085541625492,0.15950824320316315
train,audio_51.wav,3.0,False,True,True,12,2,0,0,1,2.4458204334365328,0.7166666666666667,1.259999999999998,0.21026894865525672,0.0,0.0,1.2658227848101267,0.012658227848101266,1.7584203153192632,0.9457809140410605,0.214817076921463
train,audio_704.wav,2.0,False,True,True,14,5,1,0,0,1.5921787709497208,1.2585714285714285,4.5,0.32983901160614,1.7543859649122806,0.0,0.0,0.24561403508771928,0.9488189181175516,0.7459515932898381,0.13996154069900513
train,audio_129.wav,3.5,False,True,True,7,0,0,0,0,2.1705822267620016,0.7228571428571423,0.9000000000000004,0.11442786069651732,0.0,0.0,0.0,0.023529411764705882,1.8863737239236573,0.9405680828234728,0.37137657403945923
train,audio_107.wav,4.0,False,True,True,8,0,0,0,1,2.9189733266230498,0.4274999999999991,0.620000000000001,0.07924003707136221,0.0,0.0,0.8620689655172413,0.034482758620689655,2.5743453173546382,0.9012536133671629,0.23285944759845734
train,audio_143.wav,5.0,False,True,True,11,2,0,1,0,3.1144781144781146,0.6199999999999997,1.2200000000000024,0.16062176165803102,0.0,0.9009009009009009,0.0,0.0990990990990991,2.038941954445261,0.842895106275429,0.034051332622766495
train,audio_458.wav,3.0,False,True,True,8,1,0,1,0,2.9903805938937684,0.6249999999999998,1.740000000000002,0.09466111321469137,0.0,0.6993006993006993,0.0,0.06293706293706294,2.490017619486564,0.8813384576138361,0.06806810200214386
train,audio_424.wav,3.0,False,True,True,2,0,0,0,0,1.8340611353711793,0.6850000000000014,0.9100000000000037,0.023370863186625773,0.0,0.0,0.0,0.08571428571428572,1.7478243228481212,0.8424077695146912,0.021161619573831558
train,audio_563.wav,2.0,False,True,True,4,2,1,1,1,2.0051508462104493,1.1950000000000003,2.2600000000000002,0.08082516063577953,0.9174311926605505,0.9174311926605505,0.9174311926605505,0.05504587155963303,1.816343130546538,0.840519651428822,0.0652960017323494
train,audio_625.wav,2.5,False,True,True,10,4,0,1,3,1.6184721622788087,0.8859999999999996,1.6600000000000037,0.16050724637681152,0.0,1.3333333333333333,4.0,0.12,1.2484459448915153,0.7961021772523721,0.06162871792912483
train,audio_302.wav,5.0,False,True,True,8,4,1,3,1,2.371541501976285,1.2125000000000008,4.160000000000004,0.1933041052212038,1.0416666666666667,3.125,1.0416666666666667,0.03125,1.5980108094611394,0.9084263564188101,0.0006605605012737215
train,audio_154.wav,3.0,False,True,True,10,1,1,1,0,1.7926734216679663,0.5960000000000008,1.2199999999999998,0.10405027932960907,1.0869565217391304,1.0869565217391304,0.0,0.10869565217391304,1.531427025733592,0.8379695694083753,0.04245802015066147
train,audio_754.wav,4.0,False,True,True,7,2,0,0,0,2.173913043478261,0.6742857142857152,1.120000000000001,0.11002331002331017,0.0,0.0,0.0,0.024096385542168676,1.7962257617728532,0.9324480230549732,0.406906396150589
train,audio_749.wav,3.0,False,True,True,14,2,4,0,0,1.7921146953405014,0.6657142857142853,1.4600000000000009,0.1727205337286878,5.0,0.0,0.0,0.1,1.3316756745509495,0.8183514885604382,0.020120617002248764
train,audio_366.wav,5.0,False,True,True,5,3,1,0,0,3.2632030914555608,2.12,6.759999999999998,0.18537950332284017,0.6578947368421053,0.0,0.0,0.07894736842105263,2.5301837816468042,0.9145750540194154,0.00043471207027323544
train,audio_693.wav,3.0,False,True,True,5,1,0,0,0,3.567447045707915,0.6000000000000002,1.3800000000000008,0.1432664756446992,0.0,0.0,0.0,0.25,2.5684952981987923,0.7029096774058416,0.1066480278968811
train,audio_608.wav,5.0,False,True,True,4,2,0,1,0,2.8409090909090904,1.0849999999999977,1.5,0.10078959591267979,0.0,0.9090909090909091,0.0,0.03636363636363636,2.4027270952531126,0.9492049974474039,0.23749764263629913
train,audio_220.wav,4.0,False,True,True,10,3,0,0,0,2.927024859663192,0.8480000000000004,2.1799999999999997,0.14530500342700486,0.0,0.0,0.0,0.03424657534246575,2.43030557763453,0.9328471714094894,0.2547292709350586
train,audio_761.wav,4.0,False,True,True,13,5,0,0,0,2.391304347826088,0.863076923076924,2.220000000000006,0.19608528486543186,0.0,0.0,0.0,0.1,1.8310540525075556,0.888994498567825,0.06756074726581573
train,audio_640.wav,3.0,False,True,True,10,4,2,0,0,2.328623757195186,1.5100000000000005,4.580000000000005,0.2831957989497375,2.247191011235955,0.0,0.0,0.07865168539325842,1.4814891879379313,0.8583043914712086,0.003073235275223851
train,audio_67.wav,4.0,False,True,True,12,1,0,1,1,2.3300970873786406,0.5383333333333329,1.0,0.11145617667356789,0.0,0.8333333333333334,0.8333333333333334,0.03333333333333333,1.9980019980019978,0.9224711403250694,0.2358914017677307
train,audio_299.wav,4.0,False,True,True,9,2,0,5,0,2.2082658022690436,0.7400000000000002,1.6199999999999992,0.11888611210282045,0.0,4.587155963302752,0.0,0.03669724770642202,1.8144081065756688,0.9254148564207445,0.3177682161331177
train,audio_102.wav,2.0,False,True,True,13,2,1,1,0,2.3889825744800453,0.7276923076923076,1.4200000000000017,0.2100355239786856,1.1764705882352942,1.1764705882352942,0.0,0.03529411764705882,1.8863737239236573,0.9003987110712949,0.21700666844844818
train,audio_258.wav,3.5,False,True,True,9,1,0,2,0,1.526341703594288,0.9444444444444431,3.819999999999993,0.17304560260586294,0.0,3.225806451612903,0.0,0.04838709677419355,1.0319573901464714,0.8871407495230758,0.1585945039987564
train,audio_679.wav,4.5,False,True,True,15,2,6,1,1,2.6809067131647772,0.6986666666666663,3.0799999999999983,0.18594748048261167,4.878048780487805,0.8130081300813008,0.8130081300813008,0.08943089430894309,2.0474513496220847,0.8890931634762422,0.1346748024225235
train,audio_82.wav,4.0,False,True,True,10,4,0,0,0,2.434956637758506,0.7899999999999998,1.3999999999999986,0.2085533262935586,0.0,0.0,0.0,0.0684931506849315,1.6200621393697292,0.8871081442865607,0.1306033730506897
train,audio_325.wav,5.0,False,True,True,8,1,1,2,0,2.217821782178218,0.6175,1.5399999999999991,0.08910533910533912,0.8928571428571429,1.7857142857142858,0.0,0.08928571428571429,1.9322775535554662,0.8780257394869945,0.014557413756847382
train,audio_399.wav,3.0,False,True,True,12,1,5,0,3,2.6703866082104426,0.6216666666666665,1.980000000000004,0.12942401110340038,3.7313432835820897,0.0,2.2388059701492535,0.11194029850746269,2.2305567548728407,0.8350168143524163,0.03344952315092087
train,audio_285.wav,4.0,False,True,True,4,1,0,0,0,3.248587570621469,0.6150000000000004,1.0600000000000005,0.1480144404332131,0.0,0.0,0.0,0.0,2.077312138728324,0.9700965563888135,0.5314032435417175
train,audio_784.wav,4.5,False,True,True,9,2,2,0,1,1.5931826602445351,0.7333333333333333,1.5600000000000023,0.10894684714427204,2.3255813953488373,0.0,1.1627906976744187,0.011627906976744186,1.4187907283675658,0.9295545949261317,0.4859018623828888
train,audio_0.wav,3.0,False,True,True,4,0,0,0,1,2.484472049689441,0.5949999999999989,0.7999999999999989,0.06296296296296285,0.0,0.0,1.1363636363636365,0.03409090909090909,1.9529516200621393,0.9379357753152197,0.4434601366519928
train,audio_435.wav,3.5,False,True,True,3,0,3,0,0,2.5114155251141552,0.4133333333333334,0.5600000000000005,0.021313166036438642,2.097902097902098,0.0,0.0,0.09090909090909091,2.3429299937023518,0.8699217356376715,0.01824222505092621
train,audio_91.wav,5.0,False,True,True,10,0,0,0,0,2.1298174442190665,0.5519999999999994,0.7999999999999989,0.12277580071174364,0.0,0.0,0.0,0.03571428571428571,1.8641810918774966,0.9162616358389929,0.18684183061122894
train,audio_109.wav,2.0,False,True,True,11,2,3,1,1,2.7202072538860103,1.1327272727272726,6.52,0.28749423165666815,3.5714285714285716,1.1904761904761905,1.1904761904761905,0.07142857142857142,1.8641810918774966,0.8725411214289212,0.05181474983692169
train,audio_772.wav,3.0,False,True,True,3,3,0,0,0,2.16326530612245,4.440000000000002,7.060000000000002,0.35219460602855657,0.0,0.0,0.0,0.018867924528301886,0.8822351343900041,0.9007534418641677,0.007052750326693058
train,audio_270.wav,3.5,False,True,True,12,7,5,2,3,2.776553547818422,0.935,1.7400000000000002,0.19823321554770318,3.9682539682539684,1.5873015873015872,2.380952380952381,0.14285714285714285,2.097203728362184,0.8094228109019617,0.06140119209885597
train,audio_528.wav,2.5,False,True,True,12,2,0,3,4,2.874527906000839,0.7049999999999996,1.3000000000000007,0.15074839629365638,0.0,2.18978102189781,2.9197080291970803,0.072992700729927,2.280494592668501,0.8486378987630208,0.07111119478940964
train,audio_441.wav,2.0,False,True,True,9,0,7,1,1,2.1091331269349847,0.6133333333333326,0.9399999999999995,0.09650349650349639,6.422018348623853,0.9174311926605505,0.9174311926605505,0.2018348623853211,1.8144081065756688,0.71964203405681,0.040230222046375275
train,audio_381.wav,5.0,False,True,True,6,2,0,3,1,2.410575427682737,1.2299999999999995,3.639999999999997,0.12546752805168304,0.0,2.4193548387096775,0.8064516129032258,0.06451612903225806,2.0619006691823794,0.8747873133704346,0.0071556782349944115
train,audio_86.wav,2.0,False,True,True,3,0,1,1,1,1.7733763242745277,0.5399999999999999,0.9000000000000004,0.035968028419182944,1.2987012987012987,1.2987012987012987,1.2987012987012987,0.06493506493506493,1.708832667554372,0.9232748692685907,0.17049770057201385
train,audio_101.wav,4.0,False,True,True,18,4,0,0,0,3.2083862770012708,0.7433333333333333,1.3399999999999999,0.29826125724476144,0.0,0.0,0.0,0.009900990099009901,2.241455836662228,0.9402222807454591,0.29738640785217285
train,audio_333.wav,4.5,False,True,True,8,2,1,2,1,1.7790956263899185,0.7249999999999994,1.259999999999998,0.09705488621151265,1.0416666666666667,2.0833333333333335,1.0416666666666667,0.052083333333333336,1.5980108094611394,0.8921284011254708,0.2258140742778778
train,audio_149.wav,2.5,False,True,True,9,1,0,3,1,2.22353404171586,0.7377777777777785,2.480000000000004,0.11555864949530117,0.0,2.6548672566371683,0.8849557522123894,0.19469026548672566,1.898521505376344,0.76366002807575,0.030978091061115265
train,audio_719.wav,3.0,False,True,True,6,0,0,2,2,2.350111028867506,0.6733333333333339,0.96,0.0695592286501378,0.0,1.5748031496062993,1.5748031496062993,0.07086614173228346,2.1162897025633973,0.8683002109485348,0.17127744853496552
train,audio_638.wav,3.0,False,True,True,8,2,0,2,0,2.3645546372819104,1.2275000000000011,2.9200000000000017,0.18396403147246176,0.0,1.941747572815534,0.0,0.0970873786407767,1.7145324309843475,0.8373744771318529,0.08297953009605408
train,audio_147.wav,3.0,False,True,True,8,2,0,0,0,2.564102564102564,1.2012499999999995,4.210000000000001,0.19007120253164547,0.0,0.0,0.0,0.08571428571428572,1.7476697736351532,0.8517464094218754,0.19589641690254211
train,audio_62.wav,4.0,False,True,True,4,0,0,0,0,2.0214943705220074,0.6450000000000031,0.8000000000000114,0.06192990878540598,0.0,0.0,0.0,0.05063291139240506,1.7962710322874036,0.9074754671268324,0.2336612194776535
train,audio_763.wav,5.0,False,True,True,8,3,0,2,0,2.3255813953488373,0.7549999999999999,1.0600000000000023,0.10324786324786324,0.0,1.639344262295082,0.0,0.03278688524590164,2.0276895972875497,0.9549102729461232,0.13090747594833374
train,audio_498.wav,2.0,False,True,True,5,4,1,1,1,1.6445287792536376,3.680000000000002,12.739999999999998,0.36785285885645763,1.9230769230769231,1.9230769230769231,1.9230769230769231,0.17307692307692307,0.8655891884581172,0.7499035965078152,0.007566869258880615
train,audio_1.wav,3.5,False,True,True,7,0,2,0,0,2.6611328124999996,0.46857142857142825,0.759999999999998,0.07414104882459308,1.834862385321101,0.0,0.0,0.08256880733944955,2.4189968930315136,0.8744046589650145,0.06534208357334137
train,audio_304.wav,5.0,False,True,True,8,1,0,0,0,2.0912547528517114,0.6600000000000004,1.0600000000000023,0.09122322045611617,0.0,0.0,0.0,0.02727272727272727,1.8310540525075556,0.9286118985577063,0.0761672854423523
train,audio_347.wav,5.0,False,True,True,2,1,0,0,1,1.7586079229914848,1.08,1.480000000000004,0.03844784620861517,0.0,0.0,1.0526315789473684,0.042105263157894736,1.5813648635292525,0.9240972123647991,0.22983711957931519
train,audio_560.wav,4.0,False,True,True,9,1,0,0,0,2.0194174757281553,0.6577777777777779,1.5399999999999991,0.10309996516893069,0.0,0.0,0.0,0.08653846153846154,1.7311783769162343,0.8694798857725871,0.017778785899281502
train,audio_452.wav,3.5,False,True,True,1,0,0,2,0,2.1755162241887906,0.35999999999999943,0.35999999999999943,0.006593406593406584,0.0,1.694915254237288,0.0,0.11864406779661017,1.9333268479501924,0.8100082979742753,0.03558022528886795
train,audio_716.wav,4.5,False,True,True,11,0,0,1,0,2.0608986260675826,0.5309090909090906,0.9400000000000013,0.09782244556113896,0.0,0.9009009009009009,0.0,0.05405405405405406,1.8476999984394424,0.8968693014603477,0.12239440530538559
train,audio_473.wav,2.0,False,True,True,8,4,1,1,0,1.9261006289308173,0.9299999999999988,1.5399999999999956,0.12757201646090519,1.0204081632653061,1.0204081632653061,0.0,0.336734693877551,1.6056443313484647,0.6547756252278175,0.010533267632126808
train,audio_95.wav,4.0,False,True,True,11,1,0,0,0,2.7699265121537597,0.7981818181818184,2.599999999999998,0.19882246376811602,0.0,0.0,0.0,0.02040816326530612,2.174877940523746,0.928860104661815,0.40524664521217346
train,audio_732.wav,4.0,False,True,True,9,3,2,3,2,2.4349979364424272,0.7422222222222227,1.3000000000000007,0.12114617337685898,1.694915254237288,2.542372881355932,1.694915254237288,0.06779661016949153,1.9642216199626505,0.8783512529680284,0.073776975274086
train,audio_292.wav,5.0,False,True,True,5,2,0,2,0,2.935181410517735,0.800000000000006,1.1400000000000148,0.07538635506973294,0.0,1.3888888888888888,0.0,0.020833333333333332,2.399572576134876,0.93968226943441,0.22238686680793762
train,audio_469.wav,2.5,False,True,True,2,0,1,0,1,2.2138228941684663,0.33999999999999986,0.3999999999999986,0.012091038406827875,0.8130081300813008,0.0,0.8130081300813008,0.17073170731707318,2.0474513496220847,0.7893179266393023,0.03608541935682297
train,audio_329.wav,2.0,False,True,True,5,2,0,1,0,2.004581901489118,0.9319999999999997,1.4199999999999982,0.0816970546984572,0.0,0.9523809523809523,0.0,0.08571428571428572,1.7478243228481212,0.8594260212920961,0.08523891866207123
train,audio_169.wav,2.0,False,True,True,13,4,0,0,0,2.086021505376344,0.8138461538461537,2.219999999999999,0.185353889278206,0.0,0.0,0.0,0.15463917525773196,1.614513981358189,0.7805398331628632,0.07055506855249405
train,audio_174.wav,2.5,False,True,True,7,0,0,2,0,2.487749717301169,0.6800000000000018,0.9800000000000004,0.08232445520581136,0.0,1.5151515151515151,0.0,0.07575757575757576,2.1972648630090665,0.8371240009807728,0.02969023957848549
train,audio_513.wav,2.5,False,True,True,4,3,5,0,1,1.5002459419576981,2.2700000000000014,6.480000000000004,0.1825492561318859,8.19672131147541,0.0,1.639344262295082,0.09836065573770492,1.015402701845099,0.8480262626878551,0.02284647524356842
train,audio_584.wav,3.0,False,True,True,4,2,0,0,0,2.1491061240015217,1.2450000000000006,2.200000000000003,0.08651841556636558,0.0,0.0,0.0,0.05309734513274336,1.8809918903032161,0.895168741192438,0.37337881326675415
train,audio_345.wav,5.0,False,True,True,7,2,2,0,0,2.4941995359628772,0.7599999999999996,1.4799999999999969,0.09326788218793823,1.550387596899225,0.0,0.0,0.07751937984496124,2.1473270252134062,0.9015790147740558,0.017517302185297012
train,audio_750.wav,4.0,False,True,True,6,1,0,0,0,1.7804698972099853,0.6333333333333324,1.4399999999999995,0.06520247083047348,0.0,0.0,0.0,0.020618556701030927,1.6146567553930262,0.9377791620406908,0.21207216382026672
train,audio_116.wav,3.0,False,True,True,4,0,2,2,0,2.449078564500485,0.5850000000000004,0.7800000000000002,0.05369435520881142,1.9801980198019802,1.9801980198019802,0.0,0.04950495049504951,2.241455836662228,0.8838489838682189,0.06015726551413536
train,audio_114.wav,2.5,False,True,True,7,1,5,1,0,2.465897166841553,0.6285714285714284,1.5599999999999987,0.10348071495766697,5.319148936170213,1.0638297872340425,0.0,0.05319148936170213,2.088888888888889,0.8913671749978676,0.00012479683209676296
train,audio_157.wav,3.0,False,True,True,7,0,0,3,0,1.7761033369214208,0.6885714285714285,0.9600000000000009,0.0795904887714663,0.0,3.0303030303030303,0.0,0.1111111111111111,1.6218872870249017,0.8266097362896409,0.040675219148397446
train,audio_385.wav,4.5,False,True,True,11,3,2,2,0,2.3424878836833605,0.8218181818181822,1.6199999999999974,0.1543715846994536,1.7241379310344827,1.7241379310344827,0.0,0.08620689655172414,1.9309297280988769,0.8846516446263968,0.24207395315170288
train,audio_264.wav,2.5,False,True,True,4,1,0,0,0,1.6351118760757313,0.9249999999999989,1.8599999999999994,0.09595435684647291,0.0,0.0,0.0,0.15789473684210525,0.9487350199733688,0.7797413931407949,0.03099106438457966
train,audio_390.wav,5.0,False,True,True,14,3,6,1,0,2.7901334411645773,0.6499999999999996,1.8200000000000003,0.1553961748633879,4.3478260869565215,0.7246376811594203,0.0,0.050724637681159424,2.297140538600388,0.9287383480189854,0.0021025531459599733
train,audio_766.wav,4.5,False,True,True,10,2,4,1,0,1.9505600617999228,0.68,1.08,0.11608057357459886,3.9603960396039604,0.9900990099009901,0.0,0.04950495049504951,1.6812405391205738,0.8919864860178884,0.004505906719714403
train,audio_571.wav,2.0,False,True,True,5,3,0,1,0,2.0755721128259714,1.8200000000000007,3.0,0.19494430162810633,0.0,1.2820512820512822,0.0,0.10256410256410256,1.5773289299567372,0.8170404026969376,0.09026452898979187
train,audio_393.wav,4.5,False,True,True,9,5,3,0,1,2.7260638297872344,1.0777777777777782,2.259999999999998,0.17694272163444003,2.4390243902439024,0.0,0.8130081300813008,0.016260162601626018,2.049634908781873,0.923463016172977,0.035001445561647415
train,audio_691.wav,4.0,False,True,True,10,1,0,0,0,3.8160469667318977,0.6539999999999999,1.0399999999999991,0.1758064516129032,0.0,0.0,0.0,0.1794871794871795,2.980640168902943,0.7991190737861599,0.029838623479008675
test,audio_128.wav,,False,False,True,5,1,0,1,0,2.5037556334501754,0.6760000000000002,1.2800000000000011,0.07802400738688829,0.0,1.0,0.0,0.01,2.2192632046160674,0.9239034748077393,0.4385116994380951
test,audio_156.wav,,False,False,True,3,1,0,0,0,2.2208121827411165,0.6866666666666656,1.1999999999999993,0.06134603930911248,0.0,0.0,0.0,0.05714285714285714,1.5566170819267027,0.877260203233787,0.03784751519560814
test,audio_19.wav,,False,False,True,12,0,0,1,0,2.727754237288136,0.5266666666666667,0.9000000000000021,0.14337568058076225,0.0,0.970873786407767,0.0,0.009708737864077669,2.288278681240558,0.9546097988642536,0.4310339093208313
test,audio_108.wav,,False,False,True,7,2,2,0,1,1.4826642335766425,1.3057142857142858,4.219999999999999,0.17251793129482826,3.076923076923077,0.0,1.5384615384615385,0.15384615384615385,1.102068497795863,0.7758073820732534,0.0042741610668599606
test,audio_206.wav,,False,False,True,3,0,0,0,1,2.325581395348837,0.7199999999999994,0.7599999999999998,0.05177372962607858,0.0,0.0,1.0869565217391304,0.06521739130434782,2.0426287744227354,0.891647992817604,0.09834370762109756
test,audio_161.wav,,False,False,True,2,0,0,0,1,2.464788732394366,0.5500000000000007,0.6600000000000001,0.02517162471395884,0.0,0.0,0.9523809523809523,0.1523809523809524,2.3302263648468706,0.7790239562768312,0.0213382039219141
test,audio_215.wav,,False,False,True,11,1,0,0,0,2.9197080291970807,0.665454545454546,1.3399999999999999,0.1704704238472288,0.0,0.0,0.0,0.04807692307692308,2.31935771632471,0.8786366397562699,0.20866437256336212
test,audio_213.wav,,False,False,True,5,1,1,0,0,1.7629024016351558,0.6519999999999996,1.4800000000000004,0.07688679245283014,1.4492753623188406,0.0,0.0,0.10144927536231885,1.5312916111850865,0.8487743920267554,0.0006223466480150819
test,audio_11.wav,,False,False,True,8,1,0,0,0,2.140845070422535,0.6375000000000004,1.1999999999999993,0.1256157635467981,0.0,0.0,0.0,0.02631578947368421,1.6866400355082112,0.9557773023843765,0.31590017676353455
test,audio_155.wav,,False,False,True,11,1,1,0,1,3.1586021505376345,0.5199999999999998,1.2200000000000024,0.16121758737316794,1.0638297872340425,0.0,1.0638297872340425,0.0851063829787234,2.09528241035493,0.8857380180480949,0.015597330406308174
test,audio_39.wav,,False,False,True,0,0,1,0,1,2.097902097902098,0.0,0.0,0.0,0.7936507936507936,0.0,0.7936507936507936,0.07936507936507936,2.097203728362184,0.8704691759049498,0.0013597942888736725
test,audio_168.wav,,False,False,True,3,1,0,1,0,1.911764705882353,0.873333333333334,1.38,0.06034085674804242,0.0,1.2820512820512822,0.0,0.05128205128205128,1.7310252996005326,0.9182872130320623,0.22428327798843384
test,audio_133.wav,,False,False,True,14,0,2,0,1,2.5212314225053074,0.45999999999999985,0.7200000000000006,0.14596554850407972,2.1052631578947367,0.0,1.0526315789473684,0.12631578947368421,2.108300044385264,0.7869664604465166,0.021460838615894318
test,audio_28.wav,,False,False,True,1,0,0,0,0,2.2871664548919948,0.7399999999999993,0.7399999999999993,0.04490291262135918,0.0,0.0,0.0,0.05555555555555555,1.9396551724137931,0.8814346475733651,0.2748901844024658
test,audio_40.wav,,False,False,True,11,0,1,0,0,2.3317036479879647,0.5345454545454537,0.8200000000000003,0.0995597697257025,0.8064516129032258,0.0,0.0,0.056451612903225805,2.0639147802929427,0.8926021156291808,0.07573281228542328
test,audio_181.wav,,False,False,True,12,2,0,1,0,3.3998752339363705,0.6866666666666678,1.8400000000000003,0.20446650124069513,0.0,0.9174311926605505,0.0,0.06422018348623854,2.4384787472035794,0.8550210726712275,0.03865169361233711
test,audio_201.wav,,False,False,True,5,2,0,2,1,2.8115501519756845,0.8520000000000018,1.1600000000000001,0.09739368998628277,0.0,1.8018018018018018,0.9009009009009009,0.05405405405405406,2.4133221907421376,0.8989318845508335,0.3203476071357727
test,audio_182.wav,,False,False,True,7,0,1,3,0,2.4987869966035907,0.4542857142857138,0.6199999999999997,0.07162162162162154,0.970873786407767,2.912621359223301,0.0,0.05825242718446602,2.285841100754549,0.8969944156344655,0.09285060316324234
test,audio_126.wav,,False,False,True,9,2,1,0,0,2.3072429906542054,0.9600000000000003,1.8199999999999967,0.2014925373134329,1.2658227848101267,0.0,0.0,0.05063291139240506,1.7555555555555555,0.9104198471403324,0.13431912660598755
test,audio_10.wav,,False,False,True,9,1,1,0,0,2.7019796682718034,0.697777777777778,1.019999999999996,0.14383875400824558,0.9900990099009901,0.0,0.0,0.04950495049504951,2.241455836662228,0.8590536619945377,0.008932488970458508
test,audio_134.wav,,False,False,True,11,1,4,2,0,2.107873527588345,0.7109090909090913,1.4600000000000009,0.19510978043912186,5.882352941176471,2.9411764705882355,0.0,0.058823529411764705,1.5090989791389258,0.8675569088937825,0.0027847224846482277
test,audio_69.wav,,False,False,True,13,3,5,4,0,2.816584046867959,0.8676923076923082,2.5,0.20265900107797352,4.0,3.2,0.0,0.048,2.0807432414858584,0.8829846178796142,0.0022921476047486067
test,audio_112.wav,,False,False,True,3,1,0,0,0,1.9736842105263157,0.7533333333333339,1.040000000000001,0.05613512170889223,0.0,0.0,0.0,0.013333333333333334,1.7433751743375172,0.9378081234296163,0.487545371055603
test,audio_180.wav,,False,False,True,5,2,2,1,2,2.240437158469945,0.9919999999999998,1.8999999999999986,0.11934552454282961,2.4390243902439024,1.2195121951219512,2.4390243902439024,0.07317073170731707,1.8197958277851751,0.8898388788603792,0.01091328077018261
test,audio_177.wav,,False,False,True,3,0,0,0,1,1.9792648444863337,0.4666666666666662,0.5799999999999983,0.031934306569343034,0.0,0.0,1.1904761904761905,0.07142857142857142,1.8641810918774966,0.8603747909267744,0.2290077805519104
test,audio_77.wav,,False,False,True,10,1,1,1,0,3.193313330475783,0.5560000000000004,1.3000000000000043,0.10647261585599396,0.6711409395973155,0.6711409395973155,0.0,0.040268456375838924,2.4802459438511435,0.9253208893773165,0.0011899846140295267
test,audio_111.wav,,False,False,True,11,1,0,0,0,2.4069198946972548,0.5054545454545462,1.0600000000000023,0.09465440926115096,0.0,0.0,0.0,0.0703125,2.131202131202131,0.8676707077538595,0.15182450413703918
test,audio_18.wav,,False,False,True,2,0,0,0,0,2.1156936261381896,0.6499999999999995,0.7200000000000006,0.033643892339544484,0.0,0.0,0.0,0.06329113924050633,1.7532179316466932,0.8939962924658498,0.21837763488292694
test,audio_175.wav,,False,False,True,9,0,0,0,0,2.371541501976284,0.46222222222222226,0.6799999999999997,0.0931899641577061,0.0,0.0,0.0,0.020833333333333332,2.1304926764314245,0.9110285433190356,0.08591116964817047
test,audio_33.wav,,False,False,True,7,0,0,0,0,2.1569527306103713,0.5685714285714284,0.8799999999999972,0.08368376787216145,0.0,0.0,0.0,0.05319148936170213,1.8380915134923739,0.9023524517233067,0.08132193237543106
test,audio_15.wav,,False,False,True,7,1,0,0,0,2.457795431976167,0.6342857142857142,1.1999999999999993,0.09928443649373882,0.0,0.0,0.0,0.050505050505050504,2.1970705725699067,0.9032652230074107,0.11574442684650421
test,audio_4.wav,,False,False,True,5,0,0,0,0,2.631578947368421,0.4640000000000001,0.5800000000000018,0.05864509605662285,0.0,0.0,0.0,0.04081632653061224,2.366081735448522,0.9005491319967776,0.13579143583774567
test,audio_27.wav,,False,False,True,6,0,6,1,0,1.8511522478277294,0.58,0.8200000000000003,0.06168025522864232,6.122448979591836,1.0204081632653061,0.0,0.061224489795918366,1.6313027013249133,0.865776216129766,0.011082861572504044
test,audio_96.wav,,False,False,True,5,0,0,3,0,2.3138297872340425,0.3799999999999996,0.54,0.04810126582278476,0.0,3.4482758620689653,0.0,0.08045977011494253,2.101449275362319,0.8782443440166013,0.24069593846797943
test,audio_116.wav,,False,False,True,8,0,4,0,2,2.5704399406821556,0.4175,0.6799999999999997,0.07625570776255708,3.8461538461538463,0.0,1.9230769230769231,0.04807692307692308,2.30803373280071,0.8911681746562513,0.008361738175153732
test,audio_1.wav,,False,False,True,11,1,0,1,0,3.102690829214717,0.605454545454545,1.1400000000000006,0.15459610027855142,0.0,0.8849557522123894,0.0,0.05309734513274336,2.507767421216156,0.8998878987665374,0.14047208428382874
test,audio_22.wav,,False,False,True,10,0,3,0,0,2.9801324503311264,0.49399999999999944,0.9000000000000004,0.11996114618746953,2.7777777777777777,0.0,0.0,0.037037037037037035,2.4096385542168672,0.9250555181254944,0.07001524418592453
test,audio_114.wav,,False,False,True,3,0,6,0,0,2.3809523809523805,0.5133333333333341,0.6600000000000037,0.0353697749196142,6.0,0.0,0.0,0.04,2.2192632046160674,0.9061230763010099,0.00015818289830349386
test,audio_146.wav,,False,False,True,6,0,0,0,0,2.437641723356009,0.5033333333333331,0.6799999999999997,0.0788511749347258,0.0,0.0,0.0,0.05813953488372093,2.080309627479439,0.9149044739992119,0.10145775228738785
test,audio_46.wav,,False,False,True,8,1,0,2,1,2.941176470588235,0.5674999999999986,1.8999999999999986,0.07931516422082441,0.0,1.2903225806451613,0.6451612903225806,0.03225806451612903,2.5574181626187964,0.9411158089996665,0.16862672567367554
test,audio_144.wav,,False,False,True,3,0,0,0,0,2.339319470699433,0.6199999999999992,0.9199999999999999,0.042100497962879076,0.0,0.0,0.0,0.030303030303030304,2.1970705725699067,0.935526559148172,0.20251208543777466
test,audio_75.wav,,False,False,True,6,1,3,2,0,1.9586507072905335,0.5900000000000007,1.0600000000000023,0.06032719836400826,2.7777777777777777,1.8518518518518519,0.0,0.05555555555555555,1.797762160643782,0.914018022479636,0.0011555809760466218
test,audio_200.wav,,False,False,True,10,3,0,5,0,2.403577417551704,0.7559999999999997,1.1600000000000001,0.174434702353484,0.0,5.813953488372093,0.0,0.023255813953488372,1.9145146927871772,0.9009922100014465,0.37905800342559814
test,audio_196.wav,,False,False,True,10,0,0,0,1,2.545362903225806,0.535999999999999,0.8200000000000003,0.11900532859680263,0.0,0.0,0.9900990099009901,0.06930693069306931,2.241455836662228,0.8642353675890677,0.10289839655160904
test,audio_190.wav,,False,False,True,7,1,0,1,0,2.9441624365482233,0.6028571428571429,1.259999999999998,0.09674461256304448,0.0,0.8620689655172413,0.0,0.02586206896551724,2.5985663082437274,0.9388171556437838,0.228827103972435
test,audio_158.wav,,False,False,True,11,3,3,0,0,2.4545454545454546,0.8563636363636367,3.240000000000002,0.22206506364922213,3.7037037037037037,0.0,0.0,0.07407407407407407,1.7976031957390146,0.8964031562209129,0.08603045344352722
test,audio_17.wav,,False,False,True,7,1,1,0,0,2.49597423510467,0.6457142857142861,1.0399999999999991,0.10818573480134043,1.075268817204301,0.0,0.0,0.0967741935483871,2.0639147802929427,0.8607638470167595,0.0018689697608351707
test,audio_105.wav,,False,False,True,9,0,0,0,0,2.2246535375638223,0.5622222222222232,0.7200000000000006,0.0844741235392322,0.0,0.0,0.0,0.040983606557377046,2.0313020313020314,0.8961766020196383,0.09829632192850113
test,audio_141.wav,,False,False,True,1,0,0,0,0,1.573508689525599,0.9199999999999982,0.9199999999999982,0.02114942528735628,0.0,0.0,0.0,0.05970149253731343,1.4968722073279714,0.907936597270752,0.33409062027931213
test,audio_129.wav,,False,False,True,5,1,0,0,0,2.3709167544783982,0.7320000000000005,1.0399999999999991,0.0879384911100433,0.0,0.0,0.0,0.05555555555555555,1.9973368841544605,0.9178649382458792,0.3552515506744385
test,audio_6.wav,,False,False,True,12,1,1,1,0,2.944354403025391,0.5383333333333328,1.1799999999999997,0.14857405703771834,0.9174311926605505,0.9174311926605505,0.0,0.045871559633027525,2.4205009770829635,0.916557917781516,0.029295938089489937
test,audio_70.wav,,False,False,True,12,2,0,2,0,3.9200809307030857,0.6966666666666671,1.4000000000000057,0.17453027139874747,0.0,1.2903225806451613,0.0,0.012903225806451613,2.9415497459948075,0.9240403770759542,0.1694738268852234
test,audio_35.wav,,False,False,True,6,2,0,0,0,2.0408163265306123,0.8066666666666675,1.0599999999999996,0.0837950138504156,0.0,0.0,0.0,0.018518518518518517,1.7976031957390146,0.9418806144622741,0.07123065739870071
test,audio_203.wav,,False,False,True,12,3,0,1,0,3.349875930521091,0.8199999999999991,1.6799999999999997,0.23384030418250926,0.0,0.9259259259259259,0.0,0.037037037037037035,2.4,0.8949871075650057,0.11963081359863281
test,audio_90.wav,,False,False,True,2,0,1,0,0,1.7585551330798477,0.29000000000000004,0.3199999999999985,0.013595874355368028,1.3513513513513513,0.0,0.0,0.04054054054054054,1.6446820096236123,0.9018154581253593,0.27885180711746216
test,audio_16.wav,,False,False,True,3,1,0,0,0,1.7464114832535886,0.7533333333333347,1.0200000000000014,0.051293690422151705,0.0,0.0,0.0,0.0273972602739726,1.6200621393697292,0.9164565815909268,0.1875194013118744
test,audio_138.wav,,False,False,True,5,2,0,0,0,2.286902286902287,1.079999999999999,2.520000000000003,0.12306289881494976,0.0,0.0,0.0,0.06818181818181818,1.9529516200621393,0.8549400564057357,0.1716587394475937
test,audio_100.wav,,False,False,True,14,0,2,1,0,2.686796315250768,0.4257142857142859,0.7599999999999998,0.13232682060390769,1.9047619047619047,0.9523809523809523,0.0,0.09523809523809523,2.3302263648468706,0.8365525445250409,0.001328017096966505
test,audio_115.wav,,False,False,True,7,1,1,0,0,2.4181360201511337,0.5314285714285726,1.0200000000000031,0.08567480423767866,1.0416666666666667,0.0,0.0,0.13541666666666666,2.1304926764314245,0.8313856424453357,0.1523415446281433
test,audio_118.wav,,False,False,True,7,2,0,1,0,1.7694641051567241,0.691428571428572,1.1200000000000045,0.10900900900900909,0.0,1.4285714285714286,0.0,0.04285714285714286,1.5534842432312472,0.9049203719411577,0.2528797388076782
test,audio_137.wav,,False,False,True,8,0,0,1,0,2.992957746478873,0.5599999999999992,0.8599999999999994,0.10126582278480997,0.0,0.8403361344537815,0.0,0.058823529411764705,2.64092321349312,0.8985053402285615,0.09901395440101624
test,audio_101.wav,,False,False,True,4,1,0,0,1,3.053652968036529,0.7249999999999994,1.8399999999999999,0.07643647865050072,0.0,0.0,0.9345794392523364,0.08411214953271028,2.515279736718383,0.8982844558831687,0.08255638182163239
test,audio_193.wav,,False,False,True,8,0,0,0,0,2.1282051282051277,0.46999999999999875,0.759999999999998,0.08793264733395674,0.0,0.0,0.0,0.12048192771084337,1.8693693693693694,0.8490807630391006,0.11490451544523239
test,audio_102.wav,,False,False,True,8,0,0,2,0,2.670080468178493,0.5399999999999989,0.6999999999999993,0.0732203389830507,0.0,1.36986301369863,0.0,0.0,2.4357691024357693,0.9771040974006261,0.6067332029342651
test,audio_52.wav,,False,False,True,5,2,3,0,0,2.632547864506628,0.9559999999999998,1.6400000000000006,0.08087986463620982,2.097902097902098,0.0,0.0,0.09090909090909091,2.3803702682598225,0.8820012389467313,0.04443133994936943
test,audio_172.wav,,False,False,True,2,0,0,1,1,2.1929824561403506,0.5599999999999996,0.6399999999999988,0.028084252758274805,0.0,1.1764705882352942,1.1764705882352942,0.03529411764705882,2.0442520442520444,0.8802646361145318,0.34857505559921265
test,audio_191.wav,,False,False,True,4,2,0,0,0,2.0438833784189967,1.4675000000000027,2.7500000000000036,0.14997445068983165,0.0,0.0,0.0,0.04411764705882353,1.5090989791389258,0.929945179644753,0.3414151966571808
test,audio_194.wav,,False,False,True,11,2,2,1,0,2.995927865037812,0.7618181818181811,1.5,0.19597754911131882,1.941747572815534,0.970873786407767,0.0,0.05825242718446602,2.285841100754549,0.8813483497422885,0.0003146762610413134
test,audio_67.wav,,False,False,True,7,3,0,1,0,2.0902317880794703,1.674285714285714,6.899999999999999,0.1952031978680879,0.0,0.9900990099009901,0.0,0.039603960396039604,1.6812405391205738,0.9096899357172522,0.29493650794029236
test,audio_160.wav,,False,False,True,3,0,0,0,0,1.9568489713998998,0.7266666666666671,0.9199999999999999,0.051855375832540476,0.0,0.0,0.0,0.01282051282051282,1.7310252996005326,0.9405727543127842,0.3124888837337494
test,audio_179.wav,,False,False,True,6,2,0,1,1,1.909814323607427,1.0866666666666662,3.4399999999999977,0.1474445952057892,0.0,1.3888888888888888,1.3888888888888888,0.18055555555555555,1.5978695073235685,0.7806751307100057,0.1295957714319229
test,audio_55.wav,,False,False,True,8,2,0,2,0,2.4352531890220344,0.8400000000000022,2.580000000000002,0.11495039343140638,0.0,1.5873015873015872,0.0,0.11904761904761904,2.0973891874177455,0.8230453457624193,0.0681280791759491
test,audio_145.wav,,False,False,True,8,3,0,1,0,2.6683608640406606,1.2774999999999994,2.7399999999999984,0.24508393285371693,0.0,1.1904761904761905,0.0,0.05952380952380952,1.8641810918774966,0.9024510370301349,0.04563130438327789
test,audio_197.wav,,False,False,True,5,0,0,0,0,2.346480279580629,0.41600000000000037,0.480000000000004,0.04935927859515904,0.0,0.0,0.0,0.0425531914893617,2.0861074123391035,0.8908732551949243,0.3214852213859558
test,audio_139.wav,,False,False,True,4,0,0,0,0,2.0239880059970012,0.5549999999999997,0.7399999999999984,0.05255681818181815,0.0,0.0,0.0,0.037037037037037035,1.8907563025210083,0.9133400179966978,0.285473495721817
test,audio_91.wav,,False,False,True,10,1,0,0,1,2.683363148479427,0.662,1.120000000000001,0.1648406374501992,0.0,0.0,1.1111111111111112,0.011111111111111112,2.0775623268698062,0.9356046885251998,0.44915834069252014
test,audio_8.wav,,False,False,True,3,0,0,0,0,1.0498687664041995,0.6000000000000003,0.7000000000000011,0.032644178454842236,0.0,0.0,0.0,0.05357142857142857,0.9735744089012517,0.8834489823452064,0.3038315176963806
test,audio_136.wav,,False,False,True,8,4,0,0,0,2.4630541871921188,1.012500000000001,1.860000000000003,0.2217962760131437,0.0,0.0,0.0,0.0,1.6595542911332386,0.9713437761579241,0.6332119107246399
test,audio_199.wav,,False,False,True,10,0,5,1,0,2.537646402677078,0.5380000000000005,0.7800000000000011,0.1304558680892339,5.4945054945054945,1.098901098901099,0.0,0.12087912087912088,2.0195295162006213,0.8090895366163723,0.0007910018903203309
test,audio_110.wav,,False,False,True,7,0,0,1,0,2.6689063083240017,0.6342857142857147,0.8199999999999998,0.07652533609100315,0.0,0.6993006993006993,0.0,0.013986013986013986,2.380952380952381,0.9460679361453423,0.14170262217521667
test,audio_208.wav,,False,False,True,3,1,1,0,1,2.404862579281184,0.7999999999999993,1.3199999999999994,0.05964214711729617,1.098901098901099,0.0,1.098901098901099,0.054945054945054944,2.0195295162006213,0.8915556835269917,0.0019506672397255898
test,audio_152.wav,,False,False,True,8,1,0,0,0,2.8157463094587207,0.7474999999999994,1.2799999999999976,0.1405075187969924,0.0,0.0,0.0,0.009708737864077669,2.298081213743864,0.9539185736364532,0.269279807806015
test,audio_94.wav,,False,False,True,5,0,0,0,0,2.677651905252317,0.6639999999999995,0.9799999999999969,0.0787476280834914,0.0,0.0,0.0,0.019230769230769232,2.30803373280071,0.9224562503110904,0.19707249104976654
test,audio_174.wav,,False,False,True,9,2,0,1,1,2.0711630377057886,0.7866666666666665,1.6199999999999974,0.15824765310683947,0.0,1.2820512820512822,1.2820512820512822,0.1282051282051282,1.7310252996005326,0.8310399701834745,0.06554840505123138
test,audio_23.wav,,False,False,True,7,0,0,0,0,2.8804608737397976,0.6057142857142844,0.8600000000000012,0.09237472766884514,0.0,0.0,0.0,0.03333333333333333,2.6079905025679198,0.9231638285020988,0.30075961351394653
test,audio_56.wav,,False,False,True,10,0,2,1,1,2.6488785769528223,0.47399999999999914,0.8399999999999999,0.08395324123273099,1.4598540145985401,0.7299270072992701,0.7299270072992701,0.1678832116788321,2.280494592668501,0.7760332874192374,0.01655542477965355
test,audio_97.wav,,False,False,True,10,0,0,0,1,2.1929824561403515,0.534000000000001,0.9200000000000017,0.12769010043041631,0.0,0.0,1.25,0.15,1.7754105636928539,0.8292011165991425,0.1564648449420929
test,audio_148.wav,,False,False,True,11,0,0,0,0,2.8276955602537006,0.518181818181819,0.7800000000000011,0.1309141019751954,0.0,0.0,0.0,0.018691588785046728,2.374611628939192,0.9279591887493,0.05849883705377579
test,audio_59.wav,,False,False,True,13,3,0,1,0,2.7228298813125438,0.7500000000000008,1.4000000000000057,0.18493930197268607,0.0,0.8547008547008547,0.0,0.08547008547008547,1.9475756740307637,0.8686632200375072,0.05046805366873741
test,audio_5.wav,,False,False,True,9,0,0,0,0,2.8774542992552474,0.5733333333333334,0.8000000000000007,0.14870317002881847,0.0,0.0,0.0,0.08235294117647059,2.314814814814815,0.8524484434548546,0.055088162422180176
test,audio_119.wav,,False,False,True,9,1,6,0,0,3.496319663512092,0.5799999999999995,1.4199999999999982,0.12066574202496522,4.511278195488722,0.0,0.0,0.022556390977443608,2.95162006213937,0.9389332573628053,0.0009770187316462398
test,audio_80.wav,,False,False,True,14,2,1,0,2,2.906350914962325,0.6442857142857144,1.2999999999999998,0.19532265049805111,0.9259259259259259,0.0,1.8518518518518519,0.027777777777777776,1.9249042282170017,0.9228929172925375,0.11621802300214767
test,audio_58.wav,,False,False,True,14,0,1,1,0,2.8595817328211686,0.5414285714285709,0.9399999999999977,0.13923585598824378,0.746268656716418,0.746268656716418,0.0,0.08208955223880597,2.2305567548728407,0.8433153100534162,0.014040734618902206
test,audio_123.wav,,False,False,True,7,1,0,1,7,2.4603174603174605,0.7914285714285718,2.400000000000002,0.12782648823257967,0.0,1.075268817204301,7.526881720430108,0.021505376344086023,2.0639147802929427,0.8965908863638463,0.2539671063423157
test,audio_188.wav,,False,False,True,8,0,0,1,0,2.296511627906977,0.5125,0.8800000000000026,0.10649350649350649,0.0,1.2658227848101267,0.0,0.02531645569620253,1.7532179316466932,0.9277228412183025,0.06699124723672867
test,audio_121.wav,,False,False,True,9,0,5,1,0,2.2807906741003547,0.5244444444444445,0.9800000000000004,0.10683567224988684,5.555555555555555,1.1111111111111112,0.0,0.06666666666666667,1.9973368841544605,0.8761597721889202,0.004209484439343214
test,audio_107.wav,,False,False,True,0,0,0,0,0,1.4134275618374559,0.0,0.0,0.0,0.0,0.0,0.0,0.0,1.2345679012345678,0.8831916153430939,0.6346615552902222
test,audio_214.wav,,False,False,True,8,1,1,1,0,2.8540656973613356,0.5324999999999996,1.1400000000000006,0.10289855072463762,0.9433962264150944,0.9433962264150944,0.0,0.03773584905660377,2.3037969181282736,0.923507950426835,0.16552619636058807
test,audio_73.wav,,False,False,True,15,1,6,3,0,2.5615567911040507,0.5813333333333335,1.0,0.1475964793500339,4.651162790697675,2.3255813953488373,0.0,0.046511627906976744,2.1473270252134062,0.9153616023556755,0.0022226921282708645
test,audio_169.wav,,False,False,True,8,0,0,0,0,2.4002021222839818,0.4625000000000007,0.620000000000001,0.08548983364140493,0.0,0.0,0.0,0.05263157894736842,2.108300044385264,0.9042218473396804,0.24117988348007202
test,audio_7.wav,,False,False,True,12,0,2,2,0,3.5976890756302518,0.5333333333333329,0.9600000000000009,0.14388489208633082,1.4598540145985401,1.4598540145985401,0.0,0.08029197080291971,3.0444444444444443,0.8871587822307241,0.001476662582717836
test,audio_42.wav,,False,False,True,7,4,0,0,0,2.244003095176683,1.1071428571428577,2.4400000000000013,0.16659501289767847,0.0,0.0,0.0,0.10344827586206896,1.5930181858132118,0.8740452169458529,0.12120586633682251
test,audio_88.wav,,False,False,True,12,7,1,0,2,2.79816513761468,1.186666666666669,3.5400000000000063,0.24619640387275288,0.819672131147541,0.0,1.639344262295082,0.04918032786885246,2.030805403690198,0.8950246087672402,0.008181118406355381
test,audio_64.wav,,False,False,True,2,0,0,1,0,1.8048505358150029,0.4800000000000004,0.5399999999999991,0.026359143327841866,0.0,1.5625,0.0,0.171875,1.0653405396407596,0.7856745280878386,0.015285800211131573
test,audio_195.wav,,False,False,True,6,0,6,0,0,1.929570670525808,0.35666666666666713,0.54,0.049082568807339515,7.5,0.0,0.0,0.0625,1.7777777777777777,0.8911827871575951,0.15352535247802734
test,audio_57.wav,,False,False,True,4,0,0,2,0,2.6501111934766493,0.4549999999999994,0.6399999999999988,0.03262818214413764,0.0,1.3986013986013985,0.0,0.09090909090909091,2.3803702682598225,0.848771751526144,0.03648623451590538
test,audio_13.wav,,False,False,True,2,0,0,0,4,2.2058823529411766,0.7100000000000006,0.9400000000000013,0.03258375401560352,0.0,0.0,4.301075268817204,0.06451612903225806,2.0639147802929427,0.8842771403411384,0.07236988097429276
test,audio_125.wav,,False,False,True,2,2,0,0,0,1.9089574155653455,1.6300000000000017,1.9200000000000017,0.0738893925657299,0.0,0.0,0.0,0.0,1.7310252996005326,0.9521625693409871,0.6035326272249222
test,audio_209.wav,,False,False,True,3,0,0,0,0,2.575757575757576,0.4733333333333339,0.5999999999999996,0.034617259873232616,0.0,0.0,0.0,0.08823529411764706,2.263648468708389,0.8532295135014197,0.03182867169380188
test,audio_211.wav,,False,False,True,10,3,0,1,0,2.5295109612141644,0.7799999999999987,2.16,0.17980636237897615,0.0,1.1111111111111112,0.0,0.044444444444444446,2.0035618878005343,0.895642978835989,0.2930237054824829
test,audio_63.wav,,False,False,True,7,3,0,0,0,2.2434565849605312,1.2571428571428567,4.82,0.15454864769933258,0.0,0.0,0.0,0.037037037037037035,1.797762160643782,0.8809475851659145,0.027908680960536003
test,audio_86.wav,,False,False,True,14,3,1,0,0,2.317446436379537,0.8757142857142861,2.539999999999999,0.21137931034482768,0.9433962264150944,0.0,0.0,0.08490566037735849,1.7644702687800082,0.879521107607164,0.003713694866746664
test,audio_78.wav,,False,False,True,19,2,1,1,0,2.8321863419798823,0.5410526315789461,1.6199999999999974,0.21389929255097748,0.9345794392523364,0.9345794392523364,0.0,0.056074766355140186,1.781116214711895,0.9136043158403345,0.017859647050499916
test,audio_38.wav,,False,False,True,3,1,2,2,0,2.3737980769230766,6.72,18.880000000000003,0.37724550898203596,2.5316455696202533,2.5316455696202533,0.0,0.08860759493670886,1.31491344873502,0.8662452163009704,0.052615076303482056
test,audio_186.wav,,False,False,True,5,1,0,0,0,2.289094650205761,0.6199999999999999,1.1400000000000006,0.07384468794664124,0.0,0.0,0.0,0.06741573033707865,1.9751442521083,0.8941740220349826,0.0903577134013176
test,audio_154.wav,,False,False,True,8,2,3,0,0,1.9685039370078743,0.7300000000000003,1.5600000000000023,0.13290851160673653,4.0,0.0,0.0,0.05333333333333334,1.6644474034620504,0.8736664923032122,0.18985967338085175
test,audio_21.wav,,False,False,True,11,1,0,0,0,2.4324324324324325,0.6436363636363645,1.3000000000000007,0.16061705989110725,0.0,0.0,0.0,0.05555555555555555,1.9973368841544605,0.832523045528818,0.12911754846572876
test,audio_120.wav,,False,False,True,8,0,5,0,1,2.0623742454728373,0.46999999999999986,0.9799999999999995,0.0863970588235294,6.097560975609756,0.0,1.2195121951219512,0.06097560975609756,1.6666666666666665,0.885356078607246,0.0002124906750395894
test,audio_183.wav,,False,False,True,6,1,2,0,0,2.5711432850723916,0.6333333333333337,1.0200000000000005,0.08663930688554497,1.941747572815534,0.0,0.0,0.038834951456310676,2.285841100754549,0.8950733434854691,0.00018512904352974147
test,audio_25.wav,,False,False,True,5,1,2,0,2,2.648514851485149,0.7520000000000004,1.7199999999999998,0.08514492753623194,1.8691588785046729,0.0,1.8691588785046729,0.08411214953271028,2.325764635879267,0.8492577552238357,0.07340310513973236
test,audio_122.wav,,False,False,True,11,2,0,0,1,2.801047120418848,0.6072727272727275,1.5000000000000018,0.14884135472370774,0.0,0.0,0.9345794392523364,0.06542056074766354,2.374611628939192,0.8804195881516577,0.050286490470170975
test,audio_36.wav,,False,False,True,6,2,2,0,0,2.758077226162332,1.363333333333334,4.340000000000003,0.13878520529351887,1.4285714285714286,0.0,0.0,0.09285714285714286,2.330226364846871,0.8635615269520454,0.04482356458902359
test,audio_76.wav,,False,False,True,14,0,3,0,1,3.1111111111111107,0.5299999999999998,0.7400000000000002,0.13035839775122973,1.948051948051948,0.0,0.6493506493506493,0.045454545454545456,2.563475673510578,0.9072012100126836,0.06539389491081238
test,audio_163.wav,,False,False,True,6,1,4,0,3,1.81924882629108,0.7266666666666667,2.379999999999999,0.113423517169615,6.451612903225806,0.0,4.838709677419355,0.12903225806451613,1.4783023366714354,0.7686667416668159,0.00022408852237276733
test,audio_83.wav,,False,False,True,5,5,1,0,0,2.4008810572687227,2.4160000000000013,6.040000000000006,0.21016005567153803,0.9174311926605505,0.0,0.0,0.045871559633027525,1.8144081065756688,0.9113944339870677,0.002863965928554535
test,audio_103.wav,,False,False,True,9,4,0,0,0,1.3109697320223637,0.9522222222222221,1.6800000000000033,0.1417935142289874,0.0,0.0,0.0,0.04411764705882353,1.1235955056179774,0.8587394372067031,0.435260534286499
test,audio_93.wav,,False,False,True,8,0,3,0,1,2.914915966386555,0.4999999999999998,0.759999999999998,0.09505703422053229,2.7027027027027026,0.0,0.9009009009009009,0.02702702702702703,2.4633821571238346,0.9197890806367044,0.010040347464382648
test,audio_26.wav,,False,False,True,8,3,0,0,1,2.3335081279496594,0.7700000000000007,1.1600000000000001,0.1390519187358918,0.0,0.0,1.1235955056179776,0.0449438202247191,2.0081227436823106,0.9040132796719728,0.3726809620857239
test,audio_72.wav,,False,False,True,9,3,0,1,0,3.3183856502242146,1.5155555555555549,7.18,0.2342032967032966,0.0,0.6756756756756757,0.0,0.04054054054054054,2.4635999979192564,0.9335183714692658,0.04750122129917145
test,audio_210.wav,,False,False,True,8,1,1,0,0,3.490929081913139,0.6850000000000004,1.8399999999999999,0.13091256569517445,0.7874015748031497,0.0,0.0,0.07874015748031496,2.7777777777777777,0.8520198393653737,0.00027831149054691195
test,audio_104.wav,,False,False,True,14,2,8,0,1,1.572528883183569,0.5442857142857144,1.3399999999999999,0.19649303764827236,16.3265306122449,0.0,2.0408163265306123,0.08163265306122448,1.174496644295302,0.8222465590212722,0.006101544015109539
test,audio_81.wav,,False,False,True,18,1,4,2,2,2.508503401360545,0.6077777777777782,1.0600000000000023,0.1886857537081754,3.389830508474576,1.694915254237288,1.694915254237288,0.059322033898305086,1.9663164165549678,0.8910543315617715,0.0929270014166832
test,audio_166.wav,,False,False,True,8,0,0,0,0,2.103960396039604,0.45500000000000007,0.8400000000000007,0.0826521344232516,0.0,0.0,0.0,0.03529411764705882,1.8863737239236573,0.9080048651087519,0.32605597376823425
test,audio_202.wav,,False,False,True,9,0,1,0,1,2.9032258064516134,0.5444444444444445,0.7400000000000073,0.11638954869358673,0.9259259259259259,0.0,0.9259259259259259,0.046296296296296294,2.4,0.9123139383478297,0.03452668339014053
test,audio_185.wav,,False,False,True,7,0,1,2,0,2.3605150214592276,0.4428571428571426,0.7399999999999984,0.06882770870337475,1.0101010101010102,2.0202020202020203,0.0,0.050505050505050504,2.1970705725699067,0.860024690101243,0.036625735461711884
test,audio_9.wav,,False,False,True,12,0,7,1,0,1.7084282460136675,0.4933333333333334,0.9599999999999991,0.10102389078498294,7.777777777777778,1.1111111111111112,0.0,0.08888888888888889,1.5,0.8264121177050078,0.0006356962257996202
test,audio_207.wav,,False,False,True,7,0,0,4,0,2.1806054386865057,0.4742857142857145,0.7799999999999994,0.07848699763593382,0.0,4.705882352941177,0.0,0.08235294117647059,1.877208480565371,0.8672280278860355,0.23489010334014893
test,audio_127.wav,,False,False,True,8,2,0,2,0,2.6663146779303055,0.7199999999999992,1.3000000000000007,0.13198900091659013,0.0,1.9801980198019802,0.0,0.0297029702970297,2.2444444444444445,0.9228651873250999,0.19296808540821075
test,audio_12.wav,,False,False,True,3,0,0,0,0,2.191464821222607,0.42000000000000054,0.6600000000000001,0.03505843071786315,0.0,0.0,0.0,0.02631578947368421,1.9747793395207587,0.909164195390124,0.21593597531318665
test,audio_132.wav,,False,False,True,6,1,1,0,0,2.1994884910485935,0.6433333333333339,1.4000000000000021,0.0898510242085662,1.1627906976744187,0.0,0.0,0.09302325581395349,1.9085663559698178,0.8525803954188906,0.04550905153155327
test,audio_109.wav,,False,False,True,7,0,0,0,0,1.4398998330550918,0.6142857142857139,0.9399999999999977,0.08234392952891607,0.0,0.0,0.0,0.11594202898550725,1.1546184738955825,0.7934022482106651,0.11884398013353348
test,audio_32.wav,,False,False,True,8,0,1,0,2,2.4931381518755718,0.5324999999999993,0.8399999999999999,0.08878699458107533,0.9174311926605505,0.0,1.834862385321101,0.03669724770642202,2.0683111954459203,0.918979534041991,0.25362008810043335
test,audio_178.wav,,False,False,True,4,2,0,1,0,2.0958083832335332,0.9950000000000017,1.1600000000000037,0.09033136631865653,0.0,1.1904761904761905,0.0,0.047619047619047616,1.8600531443755537,0.8927228440131459,0.21052411198616028
test,audio_61.wav,,False,False,True,9,2,0,0,0,2.470187393526406,0.9244444444444456,2.980000000000004,0.15050651230101322,0.0,0.0,0.0,0.0603448275862069,1.9309297280988769,0.8684419122492445,0.19540363550186157
test,audio_34.wav,,False,False,True,7,2,0,0,0,2.3264984227129335,1.0542857142857134,2.34,0.1270223752151462,0.0,0.0,0.0,0.0423728813559322,1.9640479360852197,0.9114382663520716,0.07296407222747803
test,audio_106.wav,,False,False,True,6,2,3,0,2,1.772151898734177,0.8866666666666663,2.1000000000000014,0.1440953412784398,5.357142857142857,0.0,3.5714285714285716,0.14285714285714285,1.4767932489451476,0.8060270800321762,0.03007340244948864
test,audio_49.wav,,False,False,True,15,2,1,1,0,2.174822250104558,0.7013333333333328,1.5199999999999978,0.18032224888584147,0.9615384615384616,0.9615384615384616,0.0,0.057692307692307696,1.7311783769162343,0.9015446462689375,0.004133251029998064
test,audio_149.wav,,False,False,True,2,0,0,3,0,2.5428740390301603,0.46000000000000085,0.46000000000000085,0.026482440990213064,0.0,3.488372093023256,0.0,0.03488372093023256,2.0417853751187085,0.9350469535462153,0.33821138739585876
test,audio_30.wav,,False,False,True,5,2,0,0,0,2.333196889070815,0.7239999999999999,1.0800000000000018,0.06897865853658536,0.0,0.0,0.0,0.07894736842105263,1.8976378362351032,0.8829122158257585,0.21114195883274078
test,audio_131.wav,,False,False,True,5,1,1,0,1,2.3005384238864415,0.5800000000000001,1.2800000000000011,0.06627056672760513,1.0638297872340425,0.0,1.0638297872340425,0.031914893617021274,2.088888888888889,0.9136523453353413,0.00035386861418373883
test,audio_162.wav,,False,False,True,5,1,1,0,0,2.7700055959709005,0.863999999999999,2.58,0.1078382426360458,1.0101010101010102,0.0,0.0,0.1111111111111111,2.2948539638386647,0.7951966905337288,0.00034511490957811475
test,audio_204.wav,,False,False,True,6,1,0,0,0,2.3035887487875852,0.6233333333333332,1.1600000000000001,0.08314806580702533,0.0,0.0,0.0,0.031578947368421054,2.111111111111111,0.9219693548781307,0.005550185218453407
test,audio_198.wav,,False,False,True,3,0,0,0,0,2.79057859703021,0.7066666666666682,0.8200000000000003,0.05148130160271988,0.0,0.0,0.0,0.01834862385321101,2.411504424778761,0.9234490300263833,0.17849324643611908
test,audio_135.wav,,False,False,True,5,0,0,0,0,2.317527970165157,0.6239999999999997,0.8399999999999999,0.07673389080177075,0.0,0.0,0.0,0.0,1.9944979367262725,0.9471079119663129,0.5410703172286352
test,audio_187.wav,,False,False,True,4,2,0,0,1,2.226825479026411,0.9399999999999995,1.7399999999999984,0.08872109485606412,0.0,0.0,1.1627906976744187,0.03488372093023256,1.9085663559698178,0.9068898319504982,0.2660059332847595
test,audio_3.wav,,False,False,True,6,1,0,0,0,2.5654450261780104,0.8666666666666654,1.3199999999999967,0.1198156682027648,0.0,0.0,0.0,0.030612244897959183,2.1777777777777776,0.906752969290377,0.009624993428587914
test,audio_98.wav,,False,False,True,4,0,1,0,1,3.1563845050215207,0.6499999999999999,0.980000000000004,0.058532192705988285,0.7575757575757576,0.0,0.7575757575757576,0.045454545454545456,2.929427430093209,0.9351481348567177,0.0016059019835665822
test,audio_159.wav,,False,False,True,2,0,0,0,0,2.3342175066312993,0.6599999999999997,0.7799999999999994,0.033828805740645805,0.0,0.0,0.0,0.0,1.9529516200621393,0.9301040335135027,0.5001679062843323
test,audio_167.wav,,False,False,True,7,2,0,1,0,2.1270396270396272,0.7457142857142854,1.58,0.1320182094081942,0.0,1.36986301369863,0.0,0.1095890410958904,1.6200621393697292,0.8414261662592627,0.1927955597639084
test,audio_205.wav,,False,False,True,9,1,2,0,0,2.3351648351648353,0.7088888888888891,1.6000000000000014,0.1491351098644227,2.3529411764705883,0.0,0.0,0.09411764705882353,1.8956289027653879,0.8522313593503307,0.03496278449892998
test,audio_95.wav,,False,False,True,7,0,0,0,0,1.9750519750519748,0.5142857142857148,0.8200000000000003,0.08555133079847915,0.0,0.0,0.0,0.039473684210526314,1.6866400355082112,0.9233254104068405,0.30697229504585266
test,audio_68.wav,,False,False,True,12,4,5,2,2,2.910512597741095,0.9883333333333337,3.8000000000000043,0.20483592400690856,3.7313432835820897,1.492537313432836,1.492537313432836,0.05970149253731343,2.2305567548728407,0.8847357671871776,0.0013170266756787896
test,audio_31.wav,,False,False,True,11,3,0,0,0,2.626811594202898,0.6909090909090903,1.4600000000000009,0.14683153013910338,0.0,0.0,0.0,0.0603448275862069,1.9309297280988769,0.8833343264614714,0.015298843383789062
test,audio_157.wav,,False,False,True,7,2,1,1,0,2.023565573770492,0.705714285714285,1.1799999999999997,0.1123237835379717,1.2658227848101267,1.2658227848101267,0.0,0.08860759493670886,1.7584203153192632,0.8459126535991702,0.023379385471343994
test,audio_89.wav,,False,False,True,7,1,1,1,1,2.271887698559291,0.5828571428571429,1.0999999999999996,0.07007901064926142,0.8130081300813008,0.8130081300813008,0.8130081300813008,0.07317073170731707,2.0474513496220847,0.8458214130222312,0.03566465526819229
test,audio_82.wav,,False,False,True,9,7,3,1,0,2.6628895184135972,1.6288888888888886,3.6799999999999997,0.2934347477982385,3.1914893617021276,1.0638297872340425,0.0,0.0425531914893617,1.5647189175973657,0.9042151056012099,0.011574452742934227
test,audio_53.wav,,False,False,True,8,1,0,0,0,2.6208858187728565,0.8800000000000001,3.6799999999999997,0.1251333096338429,0.0,0.0,0.0,0.09302325581395349,2.1473270252134062,0.8693452011649461,0.010526109486818314
test,audio_37.wav,,False,False,True,6,0,1,0,1,3.0383795309168438,0.41999999999999976,0.5199999999999996,0.04285714285714283,0.5847953216374269,0.0,0.5847953216374269,0.05847953216374269,2.8462050599201065,0.8940043305618721,0.11456358432769775
test,audio_113.wav,,False,False,True,5,0,2,0,0,2.658536585365854,0.6320000000000014,0.9200000000000017,0.0715579710144929,1.834862385321101,0.0,0.0,0.06422018348623854,2.4189968930315136,0.8590136413852825,0.00045441227848641574
test,audio_85.wav,,False,False,True,12,2,0,0,1,3.158736505397841,0.6766666666666671,1.139999999999997,0.1396628826969385,0.0,0.0,0.6329113924050633,0.04430379746835443,2.6300594572381253,0.9232072306223184,0.05790631100535393
test,audio_173.wav,,False,False,True,4,2,1,2,0,2.5852878464818763,1.4249999999999985,2.780000000000001,0.13188338732068472,1.0309278350515463,2.0618556701030926,0.0,0.041237113402061855,2.152685308477585,0.9293856705663744,0.008642036467790604
test,audio_41.wav,,False,False,True,6,2,0,0,0,2.589563862928349,0.9133333333333331,1.7800000000000011,0.09641097818437719,0.0,0.0,0.0,0.07518796992481203,2.2139108089409536,0.8666949606171452,0.08498436957597733
test,audio_51.wav,,False,False,True,7,2,3,3,0,2.802419354838709,0.7914285714285706,1.5999999999999943,0.10047152702212539,2.158273381294964,2.158273381294964,0.0,0.05755395683453238,2.3137864845322746,0.8509955035491312,0.017200453206896782
test,audio_143.wav,,False,False,True,8,1,0,0,1,2.497314715359828,0.6974999999999998,1.0,0.13031293787949552,0.0,0.0,1.075268817204301,0.03225806451612903,2.0639147802929427,0.948090107851131,0.45136454701423645
test,audio_92.wav,,False,False,True,10,0,0,0,0,2.9014084507042255,0.45599999999999985,0.5400000000000009,0.11382925611582623,0.0,0.0,0.0,0.1650485436893204,2.285841100754549,0.8070243974864291,0.11267995834350586
test,audio_74.wav,,False,False,True,7,1,3,1,0,2.9686333084391343,0.6571428571428586,1.1600000000000037,0.07909215955983512,1.8867924528301887,0.6289308176100629,0.0,0.050314465408805034,2.6467054031700123,0.9195962099873889,0.003536590375006199
test,audio_0.wav,,False,False,True,11,2,1,0,0,2.128205128205128,0.5545454545454543,1.0399999999999991,0.13525498891352544,1.2048192771084338,0.0,0.0,0.07228915662650602,1.8395390070921986,0.8551493706518268,0.018815094605088234
test,audio_147.wav,,False,False,True,7,0,0,0,0,2.999516207063376,0.5114285714285705,0.8200000000000003,0.07969723953695443,0.0,0.0,0.0,0.04032258064516129,2.7518863737239236,0.9427153645984588,0.2382740080356598
test,audio_130.wav,,False,False,True,8,2,0,0,0,2.9722777936553304,0.9837500000000003,3.1999999999999993,0.1836210919272049,0.0,0.0,0.0,0.04807692307692308,2.30803373280071,0.8920835440930647,0.35323357582092285
test,audio_192.wav,,False,False,True,5,0,1,1,0,2.22117202268431,0.48000000000000026,0.6799999999999997,0.05366726296958858,1.0638297872340425,1.0638297872340425,0.0,0.031914893617021274,2.0861074123391035,0.9187693428644474,0.08080054074525833
test,audio_43.wav,,False,False,True,8,1,2,2,0,3.044112285818447,0.5849999999999999,1.1199999999999974,0.07860262008733622,1.1976047904191616,1.1976047904191616,0.0,0.041916167664670656,2.7583245243128967,0.9155244491413467,0.002447013044729829
test,audio_65.wav,,False,False,True,4,2,0,1,2,1.5406162464985995,1.2850000000000001,2.3999999999999986,0.09325108853410742,0.0,1.2987012987012987,2.5974025974025974,0.05194805194805195,1.281737836755289,0.883955430481341,0.1764981895685196
test,audio_14.wav,,False,False,True,10,2,0,3,0,2.726521619388598,0.6629999999999994,1.0799999999999983,0.15440149045179305,0.0,3.0303030303030303,0.0,0.0707070707070707,2.1970705725699067,0.8784918447435907,0.0947275161743164
test,audio_117.wav,,False,False,True,8,0,0,1,0,2.779181404749873,0.6024999999999994,0.879999999999999,0.10855855855855845,0.0,0.9090909090909091,0.0,0.00909090909090909,2.4411895250776743,0.9492709211327813,0.12125900387763977
test,audio_212.wav,,False,False,True,1,0,0,1,1,2.216867469879518,0.3200000000000003,0.3200000000000003,0.007651841224294602,0.0,1.0869565217391304,1.0869565217391304,0.05434782608695652,2.041722148246782,0.8566760195257224,0.042240750044584274
test,audio_79.wav,,False,False,True,12,3,0,0,3,2.438507209499576,0.7033333333333331,1.1999999999999993,0.1517985611510791,0.0,0.0,2.608695652173913,0.034782608695652174,1.9163253212188245,0.9175232919014018,0.05194764584302902
test,audio_171.wav,,False,False,True,5,1,0,0,0,2.1882352941176473,0.49200000000000055,1.0400000000000027,0.05471530249110326,0.0,0.0,0.0,0.021505376344086023,2.0639147802929427,0.9348005593143484,0.23584169149398804
test,audio_60.wav,,False,False,True,9,2,0,0,0,2.420574886535553,0.6955555555555573,1.8000000000000007,0.10585052417991234,0.0,0.0,0.0,0.109375,2.130681079281519,0.8251292576508907,0.05404288321733475
test,audio_153.wav,,False,False,True,7,0,0,2,0,2.588757396449704,0.4942857142857147,0.7800000000000011,0.07860063607451165,0.0,1.9047619047619047,0.0,0.0380952380952381,2.3302263648468706,0.9250371240434192,0.3819378912448883
test,audio_176.wav,,False,False,True,6,0,0,0,0,1.9432773109243697,0.7466666666666667,0.96,0.10526315789473685,0.0,0.0,0.0,0.04054054054054054,1.6473731077471059,0.9131473568645684,0.29610365629196167
test,audio_2.wav,,False,False,True,5,0,0,1,0,2.9072561268620856,0.6080000000000003,0.9200000000000017,0.06806986117330949,0.0,0.8264462809917356,0.0,0.024793388429752067,2.6853084775854414,0.9529130561046364,0.2389557808637619
test,audio_50.wav,,False,False,True,5,2,0,1,0,2.5777103866565576,0.7919999999999998,1.42,0.1305207646671061,0.0,1.4705882352941178,0.0,0.014705882352941176,2.0631067961165046,0.9456566028735217,0.45855244994163513
test,audio_29.wav,,False,False,True,1,0,0,0,0,2.049622437971952,0.4799999999999969,0.4799999999999969,0.02523659305993674,0.0,0.0,0.0,0.10526315789473684,1.265991471215352,0.8395510196293655,0.13466587662696838
test,audio_142.wav,,False,False,True,7,1,0,1,0,2.156668319286068,0.6600000000000001,1.0,0.10275800711743774,0.0,1.1494252873563218,0.0,0.022988505747126436,1.9307589880159786,0.9292999026419102,0.3409309983253479
test,audio_47.wav,,False,False,True,8,4,0,4,0,2.494403581707707,1.4637499999999997,3.6799999999999997,0.2724523033969288,0.0,5.128205128205129,0.0,0.05128205128205128,1.3622386995859799,0.9057628947954911,0.33193469047546387
test,audio_84.wav,,False,False,True,13,6,0,0,0,2.125714285714286,0.9776923076923081,1.9200000000000017,0.2251151257527454,0.0,0.0,0.0,0.043010752688172046,1.5480729716654789,0.9379117956324932,0.029177125543355942
test,audio_164.wav,,False,False,True,2,0,0,0,0,1.364522417153996,0.35999999999999943,0.46000000000000085,0.0172413793103448,0.0,0.0,0.0,0.10714285714285714,1.2663952962460425,0.8798961857599872,0.2554563581943512
test,audio_48.wav,,False,False,True,3,1,0,0,0,2.658227848101266,0.8266666666666674,1.2599999999999998,0.09472880061115364,0.0,0.0,0.0,0.0,2.2287719422376604,0.9746180512602367,0.6404542326927185
test,audio_189.wav,,False,False,True,8,2,1,2,0,2.0489470688673874,1.0199999999999996,3.5199999999999996,0.18845265588914542,1.3888888888888888,2.7777777777777777,0.0,0.05555555555555555,1.5978695073235685,0.8493890152729162,0.00027927683549933136
test,audio_151.wav,,False,False,True,6,0,1,3,0,2.5258323765786455,0.6600000000000001,0.9400000000000013,0.10206185567010312,1.1363636363636365,3.409090909090909,0.0,0.022727272727272728,2.039870190078813,0.9370709698096934,0.011073647066950798
test,audio_66.wav,,False,False,True,10,4,1,0,0,2.6063829787234045,1.068,3.0700000000000003,0.3622795115332429,2.0408163265306123,0.0,0.0,0.5918367346938775,0.8156513506624566,0.44878748339619867,0.007807634305208921
test,audio_44.wav,,False,False,True,12,3,0,0,1,1.935297515886771,0.8816666666666672,1.8599999999999994,0.2340707964601771,0.0,0.0,1.492537313432836,0.05970149253731343,1.1740649919447312,0.8766394285346145,0.07269426435232162
test,audio_150.wav,,False,False,True,11,0,4,0,0,2.9715762273901807,0.4836363636363632,0.9600000000000009,0.12085415720127204,3.4782608695652173,0.0,0.0,0.043478260869565216,2.5555555555555554,0.9166353120835519,0.00011780954082496464
test,audio_87.wav,,False,False,True,15,0,4,3,0,2.8493894165535947,0.6199999999999996,0.9599999999999991,0.17376681614349762,3.1746031746031744,2.380952380952381,0.0,0.06349206349206349,2.0973891874177455,0.891054649998695,0.006033627782016993
test,audio_99.wav,,False,False,True,5,1,2,2,0,2.035830618892508,0.836,2.4200000000000017,0.10190151145782543,2.6666666666666665,2.6666666666666665,0.0,0.09333333333333334,1.6644474034620504,0.8648365447918575,0.09058760106563568
test,audio_62.wav,,False,False,True,7,1,0,2,0,2.263374485596708,0.5657142857142856,1.0599999999999952,0.0689655172413793,0.0,1.6528925619834711,0.0,0.0743801652892562,1.9824792254404515,0.8715575481668761,0.0035812726709991693
test,audio_20.wav,,False,False,True,14,1,5,0,3,2.5889967637540447,0.46285714285714263,1.0799999999999983,0.14876033057851232,5.208333333333333,0.0,3.125,0.07291666666666667,2.1304926764314245,0.8898698241288608,0.0002703106147237122
test,audio_124.wav,,False,False,True,6,0,2,1,0,2.4455205811138017,0.6133333333333334,0.740000000000002,0.08181413961760785,1.9801980198019802,0.9900990099009901,0.0,0.0594059405940594,2.241455836662228,0.8870770818378666,0.06631987541913986
test,audio_54.wav,,False,False,True,2,1,0,2,0,2.243478260869565,0.8899999999999988,1.4799999999999986,0.0300269905533063,0.0,1.550387596899225,0.0,0.06976744186046512,2.1473270252134062,0.8467971343710748,0.07511050254106522
test,audio_45.wav,,False,False,True,11,1,2,0,0,3.4395647104547216,0.5999999999999998,1.119999999999994,0.11367550809507403,1.1299435028248588,0.0,0.0,0.022598870056497175,2.925556367062285,0.9427847178642359,0.044659003615379333
test,audio_71.wav,,False,False,True,11,1,1,1,0,3.9500509683995935,0.5927272727272735,1.1000000000000014,0.14248251748251767,0.6451612903225806,0.6451612903225806,0.0,0.01935483870967742,3.1049679487179485,0.9452230195124303,0.042413730174303055
test,audio_184.wav,,False,False,True,5,0,3,4,1,2.573701450631727,0.46000000000000085,0.6799999999999997,0.05106571936056848,2.727272727272727,3.6363636363636362,0.9090909090909091,0.06363636363636363,2.4411895250776743,0.8543556542559103,0.038762450218200684
test,audio_24.wav,,False,False,True,7,1,1,6,1,2.3400936037441498,0.7742857142857146,1.579999999999997,0.12351868732907934,1.1111111111111112,6.666666666666667,1.1111111111111112,0.1,1.9973368841544605,0.8182204316473669,0.04961683601140976
test,audio_140.wav,,False,False,True,5,1,0,1,0,2.5415198792148965,0.6200000000000003,1.0800000000000018,0.0723622782446312,0.0,0.9900990099009901,0.0,0.0297029702970297,2.241455836662228,0.9236632014560228,0.18440525233745575
test,audio_165.wav,,False,False,True,11,0,2,0,0,2.072538860103627,0.5345454545454545,0.8599999999999994,0.1447562776957164,2.7777777777777777,0.0,0.0,0.06944444444444445,1.7467248908296944,0.8385905768567076,0.019284667447209358
test,audio_170.wav,,False,False,True,10,3,1,0,0,2.367205542725173,0.8400000000000002,1.6600000000000001,0.19516728624535318,1.2195121951219512,0.0,0.0,0.06097560975609756,1.8197958277851751,0.8926127030536896,0.09073426574468613
