split,filename,gec_verb_form_per_100w,gec_agreement_per_100w,gec_determiner_per_100w,gec_preposition_per_100w,gec_pronoun_per_100w,gec_other_grammar_per_100w,gec_punct_per_100w,gec_orth_per_100w,gec_spell_per_100w,gec_all_per_100w,gec_grammar_per_100w,gec_share_chunks_changed,gec_grammar_edits
train,audio_192.wav,0.0,2.0408163265306123,0.0,0.0,0.0,0.0,0.0,0.0,0.0,2.0408163265306123,2.0408163265306123,0.1111111111111111,2
train,audio_436.wav,0.9090909090909092,0.0,1.818181818181818,0.0,0.9090909090909092,4.545454545454546,0.0,0.0,0.0,8.181818181818182,8.181818181818182,0.6666666666666666,9
train,audio_447.wav,0.0,1.3605442176870748,2.0408163265306123,0.6802721088435374,0.0,0.6802721088435374,0.0,0.0,0.0,4.761904761904762,4.761904761904762,0.5,7
train,audio_126.wav,0.0,0.0,0.9523809523809524,0.9523809523809524,0.0,1.9047619047619049,0.0,0.0,0.0,3.809523809523809,3.809523809523809,0.75,4
train,audio_61.wav,2.5,0.0,0.0,0.0,0.0,3.75,1.25,0.0,0.0,7.5,6.25,1.0,5
train,audio_639.wav,0.0,0.0,0.0,0.0,0.0,0.0,1.0638297872340423,0.0,0.0,1.0638297872340423,0.0,0.1666666666666666,0
train,audio_703.wav,0.0,0.0,0.0,0.0,0.0,4.545454545454546,0.0,0.0,0.0,4.545454545454546,4.545454545454546,0.3333333333333333,2
train,audio_509.wav,0.7692307692307693,0.0,1.5384615384615383,0.0,0.0,0.7692307692307693,0.7692307692307693,0.0,0.0,3.8461538461538463,3.076923076923077,0.4,4
train,audio_672.wav,0.0,0.0,0.0,0.0,0.8547008547008547,1.709401709401709,0.0,0.0,0.0,2.5641025641025643,2.5641025641025643,0.2222222222222222,3
train,audio_344.wav,0.0,0.8695652173913043,0.0,0.0,0.0,0.8695652173913043,0.0,0.0,0.0,1.7391304347826086,1.7391304347826086,0.1666666666666666,2
train,audio_592.wav,0.0,0.0,0.8928571428571429,0.8928571428571429,0.0,1.7857142857142858,0.8928571428571429,0.8928571428571429,0.0,5.357142857142857,3.571428571428572,0.4,4
train,audio_705.wav,0.0,0.0,0.0,0.0,0.0,0.9174311926605504,0.9174311926605504,0.0,0.0,1.834862385321101,0.9174311926605504,0.3333333333333333,1
train,audio_497.wav,1.3157894736842106,5.2631578947368425,2.631578947368421,0.0,1.3157894736842106,2.631578947368421,0.0,0.0,0.0,13.157894736842104,13.157894736842104,1.0,10
train,audio_702.wav,0.0,0.0,0.0,0.0,0.0,0.0,0.0,0.0,0.0,0.0,0.0,0.0,0
train,audio_598.wav,0.7518796992481203,0.0,0.0,0.0,0.0,1.5037593984962403,1.5037593984962403,0.0,0.0,3.7593984962406015,2.255639097744361,1.0,3
train,audio_99.wav,0.0,0.0,2.5641025641025643,0.0,0.0,1.2820512820512822,1.2820512820512822,0.0,0.0,5.128205128205129,3.8461538461538463,1.0,3
train,audio_194.wav,0.0,0.0,0.0,0.0,0.0,0.0,0.0,0.0,0.0,0.0,0.0,0.0,0
train,audio_5055.wav,2.272727272727273,0.0,0.0,0.0,0.0,2.272727272727273,0.0,2.272727272727273,0.0,6.818181818181818,4.545454545454546,0.5,2
train,audio_178.wav,1.0,1.0,1.0,0.0,0.0,1.0,0.0,1.0,1.0,6.0,4.0,0.7142857142857143,4
train,audio_609.wav,0.0,0.99009900990099,0.0,0.0,0.0,0.99009900990099,1.98019801980198,0.0,0.0,3.96039603960396,1.98019801980198,0.75,2
train,audio_77.wav,0.0,0.0,0.0,0.0,0.0,1.0869565217391304,1.0869565217391304,0.0,0.0,2.1739130434782608,1.0869565217391304,0.5,1
train,audio_18.wav,2.0,0.0,0.0,0.0,0.0,1.0,2.0,0.0,0.0,5.0,3.0,0.75,3
train,audio_9.wav,0.0,0.0,0.0,0.0,0.0,1.2820512820512822,0.0,0.0,0.0,1.2820512820512822,1.2820512820512822,0.1428571428571428,1
train,audio_138.wav,0.0,1.4285714285714286,0.0,0.0,0.0,0.0,1.4285714285714286,0.0,0.0,2.857142857142857,1.4285714285714286,0.25,1
train,audio_269.wav,0.0,0.9009009009009008,0.0,0.9009009009009008,0.9009009009009008,1.8018018018018016,0.0,0.0,0.0,4.504504504504505,4.504504504504505,0.5,5
train,audio_717.wav,0.0,0.0,0.0,0.0,0.0,0.99009900990099,0.0,0.99009900990099,0.0,1.98019801980198,0.99009900990099,0.25,1
train,audio_529.wav,0.0,0.0,0.8403361344537815,0.0,0.0,0.8403361344537815,0.0,0.0,0.0,1.680672268907563,1.680672268907563,0.3333333333333333,2
train,audio_578.wav,1.408450704225352,0.0,0.704225352112676,1.408450704225352,0.0,2.112676056338028,0.0,0.0,0.0,5.633802816901408,5.633802816901408,0.5,8
train,audio_171.wav,0.0,0.0,1.075268817204301,1.075268817204301,0.0,4.301075268817204,1.075268817204301,0.0,1.075268817204301,8.602150537634408,6.451612903225806,0.5,6
train,audio_596.wav,0.0,0.0,1.6666666666666667,0.8333333333333334,0.0,0.8333333333333334,0.0,0.0,0.0,3.333333333333333,3.333333333333333,0.4,4
train,audio_5066.wav,1.0526315789473684,0.0,0.0,0.0,0.0,1.0526315789473684,0.0,0.0,0.0,2.1052631578947367,2.1052631578947367,0.2,2
train,audio_501.wav,0.7407407407407407,0.0,0.7407407407407407,0.0,0.0,4.444444444444445,0.0,0.0,0.0,5.925925925925926,5.925925925925926,0.8,8
train,audio_8.wav,0.0,0.0,1.0638297872340423,0.0,0.0,1.0638297872340423,0.0,0.0,0.0,2.127659574468085,2.127659574468085,0.3333333333333333,2
train,audio_84.wav,0.0,0.0,0.0,0.0,0.0,1.1235955056179776,1.1235955056179776,0.0,0.0,2.247191011235955,1.1235955056179776,0.2857142857142857,1
train,audio_11.wav,0.0,0.0,0.0,0.0,1.351351351351351,1.351351351351351,0.0,0.0,0.0,2.702702702702702,2.702702702702702,0.25,2
train,audio_142.wav,0.0,5.128205128205129,0.0,0.0,0.0,0.0,0.0,5.128205128205129,0.0,10.256410256410255,5.128205128205129,1.0,2
train,audio_610.wav,0.0,0.9174311926605504,0.0,0.0,0.0,0.0,0.0,0.0,0.0,0.9174311926605504,0.9174311926605504,0.1428571428571428,1
train,audio_654.wav,0.0,1.020408163265306,1.020408163265306,0.0,0.0,1.020408163265306,1.020408163265306,0.0,0.0,4.081632653061225,3.061224489795918,0.75,3
train,audio_170.wav,0.6535947712418301,0.0,0.0,1.30718954248366,0.0,1.96078431372549,0.6535947712418301,0.6535947712418301,0.0,5.228758169934641,3.92156862745098,0.4545454545454545,6
train,audio_255.wav,0.0,0.0,0.0,1.0526315789473684,0.0,1.0526315789473684,1.0526315789473684,0.0,0.0,3.1578947368421053,2.1052631578947367,0.4,2
train,audio_162.wav,0.0,0.0,1.0309278350515465,1.0309278350515465,0.0,2.061855670103093,1.0309278350515465,0.0,0.0,5.154639175257732,4.123711340206185,1.0,4
train,audio_5069.wav,0.0,0.0,0.0,0.0,0.0,0.0,0.0,0.0,0.0,0.0,0.0,0.0,0
train,audio_769.wav,0.0,0.9615384615384616,0.0,0.0,0.9615384615384616,0.9615384615384616,0.0,0.0,0.0,2.8846153846153846,2.8846153846153846,0.2,3
train,audio_720.wav,0.7633587786259542,0.0,0.0,1.5267175572519085,0.0,0.7633587786259542,1.5267175572519085,0.0,0.0,4.580152671755725,3.053435114503817,0.3333333333333333,4
train,audio_623.wav,0.0,0.0,0.0,0.970873786407767,0.0,1.941747572815534,0.970873786407767,0.0,0.0,3.883495145631068,2.912621359223301,0.6666666666666666,3
train,audio_718.wav,0.0,2.0202020202020203,0.0,0.0,0.0,2.0202020202020203,0.0,0.0,0.0,4.040404040404041,4.040404040404041,0.75,4
train,audio_136.wav,0.0,0.0,0.0,0.0,0.0,5.797101449275362,0.0,0.0,0.0,5.797101449275362,5.797101449275362,0.5,4
train,audio_119.wav,1.351351351351351,1.351351351351351,4.054054054054054,0.0,0.0,1.351351351351351,1.351351351351351,0.0,0.0,9.45945945945946,8.108108108108109,0.6,6
train,audio_542.wav,0.0,0.0,0.8771929824561403,0.8771929824561403,0.0,4.385964912280702,0.0,0.0,0.0,6.140350877192983,6.140350877192983,0.6,7
train,audio_5073.wav,0.0,0.0,0.9009009009009008,0.9009009009009008,0.0,1.8018018018018016,0.0,0.0,0.0,3.603603603603604,3.603603603603604,0.5,4
train,audio_322.wav,0.0,0.0,0.0,1.9230769230769231,0.0,1.9230769230769231,0.9615384615384616,0.0,0.0,4.807692307692308,3.8461538461538463,1.0,4
train,audio_5039.wav,0.0,0.0,0.0,0.0,0.0,6.0606060606060606,0.0,3.0303030303030303,0.0,9.090909090909092,6.0606060606060606,0.5,2
train,audio_707.wav,0.0,0.0,0.0,0.0,0.0,0.99009900990099,0.0,0.0,0.0,0.99009900990099,0.99009900990099,0.25,1
train,audio_148.wav,0.0,0.0,0.7633587786259542,0.7633587786259542,0.0,2.2900763358778624,0.7633587786259542,0.0,0.0,4.580152671755725,3.816793893129771,0.5,5
train,audio_316.wav,0.0,0.0,1.020408163265306,0.0,1.020408163265306,2.0408163265306123,1.020408163265306,0.0,0.0,5.1020408163265305,4.081632653061225,0.75,4
train,audio_647.wav,0.0,0.8130081300813008,0.0,0.0,0.0,3.252032520325203,0.8130081300813008,0.0,0.0,4.878048780487805,4.065040650406504,0.5,5
train,audio_286.wav,0.0,0.0,0.0,0.0,0.8771929824561403,2.631578947368421,0.0,0.0,0.0,3.508771929824561,3.508771929824561,0.25,4
train,audio_92.wav,3.3707865168539324,0.0,0.0,0.0,0.0,1.1235955056179776,1.1235955056179776,0.0,0.0,5.617977528089888,4.49438202247191,0.5,4
train,audio_462.wav,0.0,0.0,0.0,1.098901098901099,1.098901098901099,0.0,2.197802197802198,0.0,0.0,4.395604395604396,2.197802197802198,0.5,2
train,audio_376.wav,0.0,0.0,0.99009900990099,0.0,0.0,0.99009900990099,0.0,0.0,0.0,1.98019801980198,1.98019801980198,0.2857142857142857,2
train,audio_76.wav,0.0,0.0,0.0,0.0,0.0,1.25,0.0,0.0,0.0,1.25,1.25,0.5,1
train,audio_105.wav,0.0,2.5974025974025974,0.0,0.0,0.0,3.896103896103896,2.5974025974025974,0.0,0.0,9.090909090909092,6.493506493506493,1.0,5
train,audio_355.wav,0.0,0.0,0.0,0.0,0.0,1.1764705882352942,1.1764705882352942,0.0,0.0,2.3529411764705883,1.1764705882352942,0.25,1
train,audio_663.wav,0.0,2.4390243902439024,0.0,0.0,0.0,2.4390243902439024,0.0,0.0,0.0,4.878048780487805,4.878048780487805,0.75,4
train,audio_767.wav,0.0,0.0,0.0,0.0,0.0,2.702702702702702,0.0,0.0,0.0,2.702702702702702,2.702702702702702,0.4,3
train,audio_655.wav,0.0,0.0,0.0,1.0,0.0,2.0,0.0,0.0,0.0,3.0,3.0,0.4,3
train,audio_372.wav,0.0,0.0,0.0,0.8403361344537815,0.0,0.8403361344537815,0.8403361344537815,0.8403361344537815,0.0,3.361344537815126,1.680672268907563,0.4285714285714285,2
train,audio_667.wav,0.0,0.78125,0.0,0.0,0.0,0.78125,0.78125,0.0,0.0,2.34375,1.5625,0.375,2
train,audio_517.wav,1.0101010101010102,0.0,0.0,1.0101010101010102,0.0,4.040404040404041,0.0,0.0,0.0,6.0606060606060606,6.0606060606060606,1.0,6
train,audio_765.wav,0.0,0.0,0.0,0.0,0.0,0.0,0.0,0.0,0.0,0.0,0.0,0.0,0
train,audio_38.wav,0.0,0.0,1.1904761904761905,0.0,0.0,1.1904761904761905,1.1904761904761905,0.0,0.0,3.571428571428572,2.380952380952381,0.2,2
train,audio_371.wav,0.0,0.0,0.0,0.0,0.0,1.5625,0.0,0.0,0.0,1.5625,1.5625,0.4,2
train,audio_507.wav,2.1052631578947367,0.0,1.0526315789473684,3.1578947368421053,0.0,2.1052631578947367,1.0526315789473684,0.0,0.0,9.473684210526317,8.421052631578947,0.6,8
train,audio_5056.wav,0.0,0.0,0.0,0.0,0.0,3.8461538461538463,0.0,0.0,0.0,3.8461538461538463,3.8461538461538463,0.5,2
train,audio_282.wav,0.8849557522123894,0.0,0.0,0.0,0.8849557522123894,1.7699115044247788,0.0,0.0,0.0,3.5398230088495577,3.5398230088495577,0.4,4
train,audio_459.wav,0.0,0.8620689655172413,0.0,0.8620689655172413,0.0,0.0,0.0,0.0,0.0,1.7241379310344829,1.7241379310344829,0.2857142857142857,2
train,audio_303.wav,0.0,0.0,0.0,1.0101010101010102,0.0,1.0101010101010102,0.0,0.0,0.0,2.0202020202020203,2.0202020202020203,0.2857142857142857,2
train,audio_297.wav,0.0,1.0869565217391304,0.0,0.0,0.0,0.0,0.0,0.0,0.0,1.0869565217391304,1.0869565217391304,0.1666666666666666,1
train,audio_432.wav,3.191489361702128,0.0,1.0638297872340423,0.0,0.0,2.127659574468085,1.0638297872340423,0.0,0.0,7.446808510638298,6.382978723404255,0.6666666666666666,6
train,audio_454.wav,0.0,0.0,3.3783783783783785,0.0,0.0,3.3783783783783785,0.6756756756756757,0.0,0.0,7.432432432432432,6.756756756756757,0.5714285714285714,10
train,audio_482.wav,0.0,0.0,0.0,1.4814814814814814,0.0,0.7407407407407407,0.0,0.0,0.0,2.2222222222222223,2.2222222222222223,0.3333333333333333,3
train,audio_484.wav,1.0869565217391304,0.0,1.0869565217391304,0.0,1.0869565217391304,2.1739130434782608,2.1739130434782608,0.0,0.0,7.608695652173913,5.434782608695652,0.6,5
train,audio_757.wav,2.0,0.0,1.0,2.0,0.0,4.0,1.0,0.0,0.0,10.0,9.0,1.0,9
train,audio_773.wav,1.2658227848101269,0.0,0.0,2.5316455696202533,0.0,1.2658227848101269,1.2658227848101269,0.0,0.0,6.329113924050633,5.063291139240507,0.5,4
train,audio_668.wav,0.0,0.0,0.0,0.0,0.0,0.7936507936507936,0.0,0.0,0.0,0.7936507936507936,0.7936507936507936,0.125,1
train,audio_240.wav,0.7936507936507936,1.5873015873015872,0.0,0.0,0.0,1.5873015873015872,0.7936507936507936,0.0,0.0,4.761904761904762,3.968253968253968,1.0,5
train,audio_163.wav,0.0,0.0,1.5151515151515151,0.0,0.0,0.0,0.0,0.0,0.0,1.5151515151515151,1.5151515151515151,0.125,1
train,audio_659.wav,0.0,0.0,0.0,0.0,0.0,1.5151515151515151,0.0,0.0,0.0,1.5151515151515151,1.5151515151515151,0.2857142857142857,2
train,audio_532.wav,0.6756756756756757,0.0,1.351351351351351,0.0,0.6756756756756757,1.351351351351351,0.0,0.6756756756756757,0.0,4.72972972972973,4.054054054054054,0.4,6
train,audio_464.wav,2.5641025641025643,0.0,3.8461538461538463,3.8461538461538463,0.0,2.5641025641025643,0.0,0.0,0.0,12.82051282051282,12.82051282051282,0.8571428571428571,10
train,audio_5.wav,0.0,0.0,0.0,0.9090909090909092,0.0,0.0,2.727272727272727,0.0,0.0,3.636363636363636,0.9090909090909092,0.5,1
train,audio_231.wav,0.0,0.7194244604316546,0.0,1.4388489208633093,0.0,3.597122302158273,0.7194244604316546,0.0,0.0,6.474820143884892,5.755395683453237,1.0,8
train,audio_384.wav,0.0,0.0,0.0,0.0,0.8333333333333334,0.8333333333333334,0.0,0.0,0.0,1.6666666666666667,1.6666666666666667,0.125,2
train,audio_54.wav,0.0,0.0,0.0,0.0,0.0,0.0,0.0,0.0,0.0,0.0,0.0,0.0,0
train,audio_656.wav,0.925925925925926,0.0,0.0,0.0,0.0,0.0,1.851851851851852,0.0,0.925925925925926,3.703703703703704,0.925925925925926,0.8,1
train,audio_444.wav,0.9523809523809524,2.857142857142857,0.0,1.9047619047619049,0.0,1.9047619047619049,0.0,0.0,0.0,7.619047619047619,7.619047619047619,1.0,8
train,audio_5062.wav,0.0,0.0,0.0,0.0,0.0,2.272727272727273,0.0,0.0,0.0,2.272727272727273,2.272727272727273,0.25,2
train,audio_312.wav,0.9523809523809524,0.0,0.0,0.0,0.0,1.9047619047619049,0.0,0.0,0.0,2.857142857142857,2.857142857142857,0.25,3
train,audio_120.wav,1.4492753623188406,1.4492753623188406,0.0,0.0,0.0,1.4492753623188406,0.0,0.0,0.0,4.3478260869565215,4.3478260869565215,0.25,3
train,audio_446.wav,0.0,0.9090909090909092,0.9090909090909092,2.727272727272727,0.0,0.9090909090909092,1.818181818181818,0.0,0.0,7.272727272727272,5.454545454545454,0.6,6
train,audio_546.wav,0.0,0.0,0.0,1.0309278350515465,0.0,3.09278350515464,0.0,0.0,0.0,4.123711340206185,4.123711340206185,0.4,4
train,audio_430.wav,0.8264462809917356,0.8264462809917356,0.0,0.0,0.0,0.8264462809917356,0.0,0.0,0.0,2.479338842975207,2.479338842975207,0.4285714285714285,3
train,audio_179.wav,0.0,1.3157894736842106,1.3157894736842106,0.0,0.0,1.3157894736842106,0.0,0.0,0.0,3.947368421052632,3.947368421052632,0.4,3
train,audio_674.wav,0.7633587786259542,0.7633587786259542,0.0,0.7633587786259542,0.7633587786259542,1.5267175572519085,0.0,0.0,0.0,4.580152671755725,4.580152671755725,0.6666666666666666,6
train,audio_737.wav,0.0,0.0,2.150537634408602,0.0,1.075268817204301,5.376344086021505,0.0,1.075268817204301,0.0,9.67741935483871,8.602150537634408,0.4,8
train,audio_669.wav,1.4492753623188406,0.0,0.0,0.0,0.0,0.0,0.0,0.0,0.0,1.4492753623188406,1.4492753623188406,0.1333333333333333,2
train,audio_540.wav,0.0,0.7194244604316546,2.158273381294964,0.7194244604316546,0.0,0.0,0.0,0.0,0.0,3.597122302158273,3.597122302158273,0.4285714285714285,5
train,audio_692.wav,0.0,0.0,0.0,0.6493506493506493,0.0,3.2467532467532467,0.0,0.0,0.0,3.896103896103896,3.896103896103896,0.5,6
train,audio_572.wav,0.0,0.0,0.0,0.8928571428571429,0.0,2.6785714285714284,0.0,0.0,0.0,3.571428571428572,3.571428571428572,0.6,4
train,audio_479.wav,0.0,1.020408163265306,1.020408163265306,0.0,0.0,3.061224489795918,2.0408163265306123,0.0,0.0,7.142857142857143,5.1020408163265305,0.6666666666666666,5
train,audio_419.wav,1.1764705882352942,1.1764705882352942,0.0,0.0,0.0,1.1764705882352942,1.1764705882352942,0.0,0.0,4.705882352941177,3.5294117647058822,1.0,3
train,audio_5037.wav,0.7407407407407407,0.0,0.0,0.0,0.0,0.7407407407407407,0.0,0.0,0.0,1.4814814814814814,1.4814814814814814,0.25,2
train,audio_433.wav,0.8064516129032258,0.0,0.0,0.0,0.0,1.6129032258064515,0.8064516129032258,0.0,0.0,3.225806451612903,2.419354838709677,0.75,3
train,audio_405.wav,0.0,0.7633587786259542,0.7633587786259542,1.5267175572519085,0.0,0.7633587786259542,0.7633587786259542,0.0,0.0,4.580152671755725,3.816793893129771,0.5555555555555556,5
train,audio_267.wav,0.0,0.0,0.0,0.0,0.0,0.0,0.0,0.0,0.0,0.0,0.0,0.0,0
train,audio_358.wav,0.6756756756756757,0.0,0.0,0.0,0.6756756756756757,2.702702702702702,0.0,0.0,0.0,4.054054054054054,4.054054054054054,0.4,6
train,audio_331.wav,0.0,0.7874015748031497,0.0,0.0,0.0,1.5748031496062993,1.5748031496062993,0.0,0.0,3.937007874015748,2.3622047244094486,0.5714285714285714,3
train,audio_487.wav,1.2345679012345678,0.0,0.0,0.0,0.0,4.938271604938271,0.0,0.0,0.0,6.172839506172839,6.172839506172839,1.0,5
train,audio_494.wav,2.127659574468085,0.0,1.4184397163120568,2.127659574468085,0.0,1.4184397163120568,0.0,0.0,0.0,7.092198581560283,7.092198581560283,0.75,10
train,audio_536.wav,0.0,0.0,0.9090909090909092,0.0,0.0,3.636363636363636,0.0,0.0,0.0,4.545454545454546,4.545454545454546,0.4285714285714285,5
train,audio_634.wav,0.0,0.0,1.098901098901099,0.0,0.0,5.494505494505495,0.0,1.098901098901099,0.0,7.6923076923076925,6.593406593406593,0.6,6
train,audio_317.wav,0.0,0.0,0.0,0.0,0.0,4.444444444444445,0.0,0.0,0.0,4.444444444444445,4.444444444444445,0.5,6
train,audio_5054.wav,0.0,0.0,0.0,0.0,0.0,1.6666666666666667,0.0,0.0,0.0,1.6666666666666667,1.6666666666666667,0.1,2
train,audio_723.wav,0.0,1.408450704225352,0.0,0.0,0.0,1.408450704225352,0.0,0.0,0.0,2.816901408450704,2.816901408450704,0.6666666666666666,4
train,audio_155.wav,2.2900763358778624,1.5267175572519085,0.7633587786259542,0.0,0.0,3.053435114503817,0.0,0.0,0.0,7.633587786259542,7.633587786259542,0.4444444444444444,10
train,audio_410.wav,0.0,0.0,2.0,1.0,3.0,0.0,3.0,0.0,0.0,9.0,6.0,1.0,6
train,audio_251.wav,0.0,0.0,0.0,0.0,3.333333333333333,0.0,0.0,0.0,0.0,3.333333333333333,3.333333333333333,0.5,1
train,audio_779.wav,0.0,1.4705882352941178,0.0,0.0,0.0,2.2058823529411766,0.0,0.0,0.0,3.676470588235294,3.676470588235294,0.2857142857142857,5
train,audio_382.wav,0.0,0.0,0.0,0.0,0.0,3.816793893129771,2.2900763358778624,0.0,0.0,6.106870229007634,3.816793893129771,0.8,5
train,audio_559.wav,0.0,0.0,1.5384615384615383,0.0,1.5384615384615383,3.076923076923077,0.0,0.0,0.0,6.153846153846154,6.153846153846154,0.6666666666666666,4
train,audio_161.wav,0.0,0.0,0.0,0.0,0.0,4.651162790697675,0.0,0.0,0.0,4.651162790697675,4.651162790697675,0.3333333333333333,2
train,audio_535.wav,0.0,0.0,0.6578947368421053,0.0,0.0,1.973684210526316,0.0,0.0,0.0,2.631578947368421,2.631578947368421,0.4,4
train,audio_363.wav,1.2820512820512822,1.2820512820512822,0.0,0.0,0.0,1.2820512820512822,0.0,0.0,0.0,3.8461538461538463,3.8461538461538463,0.6,3
train,audio_5057.wav,1.5748031496062993,0.0,0.0,0.0,0.0,0.7874015748031497,0.0,0.0,0.0,2.3622047244094486,2.3622047244094486,0.5,3
train,audio_660.wav,0.0,0.0,0.0,0.819672131147541,0.0,1.639344262295082,0.0,0.0,0.0,2.459016393442623,2.459016393442623,0.25,3
train,audio_293.wav,0.0,0.0,0.0,0.7407407407407407,0.0,1.4814814814814814,0.7407407407407407,0.0,0.0,2.962962962962963,2.2222222222222223,0.5,3
train,audio_74.wav,0.0,0.0,0.0,0.0,0.0,0.0,0.0,0.0,0.0,0.0,0.0,0.0,0
train,audio_215.wav,2.097902097902098,0.0,0.6993006993006993,0.0,0.0,0.6993006993006993,0.6993006993006993,0.0,0.0,4.195804195804196,3.4965034965034967,0.6666666666666666,5
train,audio_228.wav,2.7777777777777777,0.0,2.7777777777777777,0.0,0.0,1.3888888888888888,0.0,0.0,0.0,6.944444444444445,6.944444444444445,0.75,5
train,audio_602.wav,0.0,0.0,0.0,0.8264462809917356,0.0,4.132231404958677,0.8264462809917356,0.0,0.0,5.785123966942149,4.958677685950414,0.75,6
train,audio_396.wav,0.0,0.0,0.0,0.0,0.0,1.8987341772151896,0.0,0.0,0.0,1.8987341772151896,1.8987341772151896,0.6,3
train,audio_576.wav,0.8695652173913043,0.0,1.7391304347826086,0.8695652173913043,0.0,0.0,0.8695652173913043,0.0,0.8695652173913043,5.217391304347826,3.4782608695652173,1.0,4
train,audio_5040.wav,0.0,0.7575757575757576,0.0,0.7575757575757576,0.0,3.787878787878788,0.7575757575757576,0.0,0.0,6.0606060606060606,5.303030303030303,0.8333333333333334,7
train,audio_198.wav,0.0,2.857142857142857,0.0,0.0,0.0,1.4285714285714286,0.0,0.0,0.0,4.285714285714286,4.285714285714286,0.25,3
train,audio_600.wav,0.0,0.0,0.8,1.6,0.0,1.6,0.0,0.0,0.0,4.0,4.0,0.3333333333333333,5
train,audio_710.wav,0.0,0.0,2.5316455696202533,0.0,0.0,1.2658227848101269,1.2658227848101269,1.2658227848101269,0.0,6.329113924050633,3.79746835443038,0.75,3
train,audio_246.wav,0.0,0.0,0.0,0.0,0.0,1.351351351351351,1.351351351351351,0.0,0.0,2.702702702702702,1.351351351351351,0.6666666666666666,1
train,audio_490.wav,0.0,0.0,1.7241379310344829,0.0,0.0,3.4482758620689653,0.0,0.0,0.0,5.172413793103448,5.172413793103448,0.7142857142857143,6
train,audio_657.wav,0.0,2.127659574468085,0.0,0.0,0.0,2.127659574468085,1.0638297872340423,0.0,0.0,5.319148936170213,4.25531914893617,0.8,4
train,audio_688.wav,0.0,0.0,0.0,0.0,0.0,0.0,0.0,0.0,0.0,0.0,0.0,0.0,0
train,audio_698.wav,0.0,0.0,0.0,0.0,0.0,0.970873786407767,1.941747572815534,0.0,0.0,2.912621359223301,0.970873786407767,1.0,1
train,audio_499.wav,1.351351351351351,1.351351351351351,2.702702702702702,0.0,1.351351351351351,1.351351351351351,1.351351351351351,0.0,0.0,9.45945945945946,8.108108108108109,1.0,6
train,audio_463.wav,0.0,0.0,0.0,0.0,0.0,1.2195121951219512,0.0,0.0,0.0,1.2195121951219512,1.2195121951219512,0.1666666666666666,1
train,audio_604.wav,1.709401709401709,0.8547008547008547,0.8547008547008547,0.0,0.0,1.709401709401709,0.0,0.0,0.0,5.128205128205129,5.128205128205129,0.4,6
train,audio_97.wav,0.0,0.0,0.0,0.8928571428571429,0.0,0.8928571428571429,0.8928571428571429,0.0,0.0,2.6785714285714284,1.7857142857142858,0.2857142857142857,2
train,audio_234.wav,0.0,0.0,0.0,1.5151515151515151,0.0,0.0,0.0,0.0,0.0,1.5151515151515151,1.5151515151515151,0.3333333333333333,1
train,audio_782.wav,0.0,0.0,0.0,0.0,0.0,0.0,0.9433962264150944,0.0,0.0,0.9433962264150944,0.0,0.1666666666666666,0
train,audio_758.wav,0.0,0.0,0.0,0.0,0.0,1.3157894736842106,0.0,0.0,0.0,1.3157894736842106,1.3157894736842106,0.5,1
train,audio_727.wav,2.2222222222222223,0.0,0.0,0.0,0.0,0.7407407407407407,0.7407407407407407,0.0,0.0,3.703703703703704,2.962962962962963,0.375,4
train,audio_643.wav,0.0,3.125,0.0,0.0,0.0,6.25,0.0,3.125,0.0,12.5,9.375,1.0,3
train,audio_261.wav,0.0,2.1739130434782608,0.0,0.0,0.0,1.0869565217391304,1.0869565217391304,0.0,1.0869565217391304,5.434782608695652,3.260869565217391,0.5,3
train,audio_205.wav,0.0,0.0,0.0,0.0,0.0,0.0,0.0,0.0,0.0,0.0,0.0,0.0,0
train,audio_128.wav,0.0,1.834862385321101,1.834862385321101,0.0,0.0,2.752293577981652,0.0,0.0,0.0,6.422018348623853,6.422018348623853,0.4285714285714285,7
train,audio_650.wav,0.0,0.0,0.0,0.0,0.0,1.408450704225352,0.0,0.0,0.0,1.408450704225352,1.408450704225352,0.3333333333333333,2
train,audio_35.wav,0.8264462809917356,0.0,0.0,1.6528925619834711,0.0,2.479338842975207,1.6528925619834711,0.0,0.0,6.6115702479338845,4.958677685950414,0.5,6
train,audio_141.wav,1.25,2.5,1.25,1.25,0.0,0.0,2.5,1.25,0.0,10.0,6.25,0.6666666666666666,5
train,audio_260.wav,2.2222222222222223,0.0,1.1111111111111112,0.0,0.0,2.2222222222222223,0.0,0.0,0.0,5.555555555555555,5.555555555555555,0.5714285714285714,5
train,audio_722.wav,2.0689655172413794,0.0,0.0,0.6896551724137931,0.0,0.0,0.6896551724137931,0.0,0.0,3.4482758620689653,2.7586206896551726,0.5714285714285714,4
train,audio_5047.wav,0.8771929824561403,0.0,0.0,0.8771929824561403,0.0,0.0,0.8771929824561403,0.0,0.0,2.631578947368421,1.7543859649122806,0.2857142857142857,2
train,audio_324.wav,0.0,0.0,0.0,0.0,0.0,0.0,0.0,0.0,0.0,0.0,0.0,0.0,0
train,audio_279.wav,0.0,0.0,0.0,0.0,0.0,0.6802721088435374,0.6802721088435374,0.0,0.0,1.3605442176870748,0.6802721088435374,0.2222222222222222,1
train,audio_450.wav,0.0,0.0,0.970873786407767,0.0,0.0,0.0,0.0,0.970873786407767,0.0,1.941747572815534,0.970873786407767,0.3333333333333333,1
train,audio_32.wav,0.0,0.0,0.0,0.8928571428571429,0.0,0.8928571428571429,0.8928571428571429,0.0,0.0,2.6785714285714284,1.7857142857142858,0.75,2
train,audio_254.wav,0.0,1.639344262295082,0.0,0.0,0.0,3.278688524590164,1.639344262295082,0.0,0.0,6.557377049180328,4.918032786885246,1.0,3
train,audio_544.wav,1.36986301369863,2.73972602739726,1.36986301369863,0.0,1.36986301369863,4.109589041095891,0.0,0.0,0.0,10.95890410958904,10.95890410958904,1.0,8
train,audio_176.wav,0.0,0.0,0.6493506493506493,0.6493506493506493,0.0,1.2987012987012987,0.0,0.6493506493506493,0.0,3.2467532467532467,2.5974025974025974,0.25,4
train,audio_301.wav,0.0,0.0,1.1494252873563218,0.0,0.0,2.2988505747126435,0.0,0.0,0.0,3.4482758620689653,3.4482758620689653,0.75,3
train,audio_213.wav,0.0,0.0,0.0,0.6802721088435374,0.6802721088435374,1.3605442176870748,0.0,0.0,0.0,2.7210884353741496,2.7210884353741496,0.5,4
train,audio_295.wav,0.0,0.0,0.0,0.0,0.0,0.0,0.0,0.0,0.0,0.0,0.0,0.0,0
train,audio_40.wav,0.0,0.0,0.0,0.0,0.0,0.0,0.0,0.0,0.0,0.0,0.0,0.0,0
train,audio_496.wav,0.0,0.0,0.0,0.0,0.0,0.0,0.0,0.0,0.0,0.0,0.0,0.0,0
train,audio_45.wav,0.0,0.0,0.0,1.2345679012345678,0.0,2.469135802469136,1.2345679012345678,0.0,0.0,4.938271604938271,3.703703703703704,0.6666666666666666,3
train,audio_146.wav,0.0,0.0,0.0,0.8403361344537815,0.0,0.8403361344537815,0.8403361344537815,0.0,0.0,2.5210084033613445,1.680672268907563,0.5,2
train,audio_415.wav,1.36986301369863,0.0,0.0,0.0,0.0,4.109589041095891,0.0,0.0,0.0,5.47945205479452,5.47945205479452,1.0,4
train,audio_595.wav,0.0,0.0,2.1739130434782608,0.0,0.0,3.260869565217391,1.0869565217391304,0.0,0.0,6.521739130434782,5.434782608695652,0.75,5
train,audio_783.wav,0.0,0.0,0.0,0.7246376811594203,0.0,1.4492753623188406,0.0,0.0,0.0,2.1739130434782608,2.1739130434782608,0.25,3
train,audio_673.wav,0.0,0.0,0.0,0.8928571428571429,0.0,3.571428571428572,0.0,0.0,0.0,4.464285714285714,4.464285714285714,0.75,5
train,audio_48.wav,0.0,0.0,0.0,0.0,0.0,1.3333333333333333,1.3333333333333333,0.0,0.0,2.6666666666666665,1.3333333333333333,1.0,1
train,audio_777.wav,1.5384615384615383,0.0,0.0,0.0,0.0,3.076923076923077,0.0,0.0,0.0,4.615384615384615,4.615384615384615,0.4285714285714285,3
train,audio_330.wav,1.0638297872340423,0.0,1.0638297872340423,0.0,1.0638297872340423,1.0638297872340423,1.0638297872340423,0.0,0.0,5.319148936170213,4.25531914893617,0.375,4
train,audio_200.wav,1.4705882352941178,0.0,0.0,0.0,0.0,1.4705882352941178,2.9411764705882355,0.0,0.0,5.882352941176471,2.9411764705882355,0.6666666666666666,2
train,audio_259.wav,0.0,0.0,0.0,2.380952380952381,0.0,2.380952380952381,1.1904761904761905,0.0,0.0,5.9523809523809526,4.761904761904762,0.6,4
train,audio_721.wav,0.0,0.0,0.0,2.3529411764705883,0.0,3.5294117647058822,1.1764705882352942,0.0,0.0,7.0588235294117645,5.882352941176471,1.0,5
train,audio_223.wav,0.0,0.0,0.0,0.0,0.0,1.96078431372549,0.9803921568627452,0.9803921568627452,0.0,3.92156862745098,1.96078431372549,0.4,2
train,audio_175.wav,0.0,0.0,1.3986013986013983,0.0,0.0,0.6993006993006993,0.6993006993006993,0.0,0.0,2.797202797202797,2.097902097902098,0.2857142857142857,3
train,audio_400.wav,0.0,0.0,0.0,1.96078431372549,0.0,0.0,0.0,0.0,0.0,1.96078431372549,1.96078431372549,0.3333333333333333,1
train,audio_506.wav,1.709401709401709,0.0,0.0,0.8547008547008547,0.0,3.418803418803418,0.8547008547008547,0.0,0.0,6.837606837606837,5.982905982905983,0.8,7
train,audio_153.wav,0.8547008547008547,0.8547008547008547,0.0,3.418803418803418,0.0,3.418803418803418,0.8547008547008547,0.0,0.0,9.401709401709402,8.547008547008547,1.0,10
train,audio_5050.wav,0.0,1.5151515151515151,0.0,0.0,1.5151515151515151,4.545454545454546,1.5151515151515151,0.0,0.0,9.090909090909092,7.575757575757576,1.0,5
train,audio_281.wav,1.7857142857142858,1.7857142857142858,0.0,0.0,0.0,1.7857142857142858,0.0,0.0,0.0,5.357142857142857,5.357142857142857,0.5714285714285714,6
train,audio_543.wav,0.0,0.847457627118644,0.0,0.847457627118644,0.847457627118644,1.694915254237288,0.0,0.0,0.0,4.237288135593221,4.237288135593221,0.5714285714285714,5
train,audio_445.wav,0.0,0.9433962264150944,0.0,0.9433962264150944,0.9433962264150944,5.660377358490566,0.9433962264150944,0.0,0.0,9.433962264150944,8.49056603773585,0.8333333333333334,9
train,audio_124.wav,1.0526315789473684,2.1052631578947367,0.0,0.0,0.0,1.0526315789473684,0.0,0.0,0.0,4.2105263157894735,4.2105263157894735,0.6,4
train,audio_249.wav,0.0,0.0,0.0,0.0,0.0,0.0,0.0,0.0,0.0,0.0,0.0,0.0,0
train,audio_420.wav,0.0,0.0,0.0,0.0,0.0,1.1235955056179776,1.1235955056179776,0.0,0.0,2.247191011235955,1.1235955056179776,0.2,1
train,audio_203.wav,0.0,0.0,0.0,0.0,0.0,1.5151515151515151,0.7575757575757576,0.0,0.0,2.272727272727273,1.5151515151515151,0.4285714285714285,2
train,audio_278.wav,0.0,1.5151515151515151,0.0,0.0,0.0,3.0303030303030303,0.0,0.0,0.0,4.545454545454546,4.545454545454546,0.6,3
train,audio_516.wav,0.0,0.9433962264150944,0.0,0.9433962264150944,0.0,0.9433962264150944,0.0,0.0,0.0,2.830188679245283,2.830188679245283,0.75,3
train,audio_326.wav,0.0,0.0,0.0,0.0,0.0,0.0,0.0,0.0,0.0,0.0,0.0,0.0,0
train,audio_603.wav,0.0,0.8547008547008547,0.8547008547008547,0.8547008547008547,0.8547008547008547,0.8547008547008547,0.8547008547008547,0.0,0.0,5.128205128205129,4.273504273504273,0.5,5
train,audio_199.wav,0.0,0.0,0.0,0.0,0.0,1.162790697674419,0.0,0.0,0.0,1.162790697674419,1.162790697674419,0.2,1
train,audio_406.wav,1.7857142857142858,0.0,0.0,0.0,0.0,1.7857142857142858,0.0,0.0,0.0,3.571428571428572,3.571428571428572,1.0,2
train,audio_538.wav,0.0,0.0,0.0,0.7299270072992701,0.0,0.7299270072992701,0.0,0.0,0.7299270072992701,2.18978102189781,1.45985401459854,0.3333333333333333,2
train,audio_631.wav,2.9197080291970803,0.0,0.0,0.7299270072992701,0.0,2.18978102189781,0.0,0.0,0.0,5.839416058394161,5.839416058394161,1.0,8
train,audio_5061.wav,0.0,0.0,0.0,0.0,0.0,0.0,1.075268817204301,0.0,0.0,1.075268817204301,0.0,0.2,0
train,audio_196.wav,0.0,0.0,0.0,0.0,0.0,1.8867924528301887,0.0,0.0,0.0,1.8867924528301887,1.8867924528301887,0.25,1
train,audio_756.wav,0.0,0.8403361344537815,0.0,0.0,0.0,0.8403361344537815,0.8403361344537815,0.0,0.0,2.5210084033613445,1.680672268907563,0.6,2
train,audio_649.wav,0.0,0.0,0.0,0.0,0.0,1.6,0.8,0.0,0.0,2.4,1.6,0.6,2
train,audio_27.wav,0.0,0.0,0.0,0.0,0.0,1.408450704225352,1.408450704225352,0.0,0.0,2.816901408450704,1.408450704225352,1.0,1
train,audio_681.wav,0.0,0.0,0.0,0.0,0.0,0.9615384615384616,0.0,0.0,0.0,0.9615384615384616,0.9615384615384616,0.0909090909090909,1
train,audio_556.wav,0.0,1.3888888888888888,0.0,0.0,0.0,1.3888888888888888,0.0,0.0,0.0,2.7777777777777777,2.7777777777777777,0.5,2
train,audio_185.wav,0.0,0.0,0.0,0.0,0.0,2.857142857142857,0.0,1.4285714285714286,0.0,4.285714285714286,2.857142857142857,0.5,2
train,audio_369.wav,0.0,0.0,0.0,0.0,0.0,2.3622047244094486,0.0,0.0,0.0,2.3622047244094486,2.3622047244094486,0.4,3
train,audio_241.wav,0.0,0.6993006993006993,0.0,0.0,0.0,1.3986013986013983,0.0,0.0,0.0,2.097902097902098,2.097902097902098,0.4285714285714285,3
train,audio_98.wav,0.0,2.631578947368421,0.0,1.3157894736842106,1.3157894736842106,1.3157894736842106,0.0,0.0,0.0,6.578947368421052,6.578947368421052,0.6666666666666666,5
train,audio_389.wav,0.0,0.0,0.0,0.0,0.0,0.0,0.7633587786259542,0.0,0.0,0.7633587786259542,0.0,0.1666666666666666,0
train,audio_357.wav,0.0,0.0,0.0,0.0,0.0,2.631578947368421,1.3157894736842106,0.0,0.0,3.947368421052632,2.631578947368421,0.4,2
train,audio_112.wav,0.0,0.0,0.0,0.0,0.0,3.061224489795918,0.0,0.0,0.0,3.061224489795918,3.061224489795918,0.6666666666666666,3
train,audio_675.wav,0.0,0.0,0.0,0.0,0.7299270072992701,1.45985401459854,0.0,0.7299270072992701,0.0,2.9197080291970803,2.18978102189781,0.5,3
train,audio_113.wav,1.098901098901099,0.0,0.0,0.0,0.0,1.098901098901099,0.0,0.0,0.0,2.197802197802198,2.197802197802198,0.5,2
train,audio_483.wav,0.7751937984496124,0.0,0.0,0.7751937984496124,0.0,1.550387596899225,0.0,0.0,0.0,3.10077519379845,3.10077519379845,0.4285714285714285,4
train,audio_474.wav,1.2658227848101269,1.2658227848101269,0.0,0.0,1.2658227848101269,2.5316455696202533,0.0,0.0,0.0,6.329113924050633,6.329113924050633,0.75,5
train,audio_725.wav,0.0,0.0,0.0,0.0,0.0,0.9803921568627452,0.9803921568627452,0.9803921568627452,0.0,2.9411764705882355,0.9803921568627452,0.6,1
train,audio_774.wav,0.0,0.0,0.0,0.0,0.0,1.0638297872340423,0.0,0.0,0.0,1.0638297872340423,1.0638297872340423,0.1666666666666666,1
train,audio_588.wav,2.0408163265306123,0.0,1.020408163265306,0.0,0.0,4.081632653061225,0.0,0.0,0.0,7.142857142857143,7.142857142857143,1.0,7
train,audio_395.wav,0.0,0.0,0.0,0.0,0.0,3.6496350364963503,0.0,0.0,0.0,3.6496350364963503,3.6496350364963503,0.75,5
train,audio_210.wav,0.0,0.0,0.6896551724137931,0.0,0.0,1.3793103448275863,0.0,0.6896551724137931,0.0,2.7586206896551726,2.0689655172413794,0.4285714285714285,3
train,audio_309.wav,0.0,0.9523809523809524,0.0,0.9523809523809524,0.0,0.0,0.0,0.0,0.0,1.9047619047619049,1.9047619047619049,0.1428571428571428,2
train,audio_457.wav,1.6528925619834711,2.479338842975207,0.8264462809917356,2.479338842975207,0.8264462809917356,1.6528925619834711,0.0,0.0,0.0,9.917355371900827,9.917355371900827,0.8,12
train,audio_492.wav,0.0,0.0,0.8403361344537815,0.0,0.8403361344537815,0.8403361344537815,0.8403361344537815,0.0,0.0,3.361344537815126,2.5210084033613445,0.4,3
train,audio_738.wav,0.0,0.0,0.0,0.0,1.2820512820512822,1.2820512820512822,0.0,0.0,0.0,2.5641025641025643,2.5641025641025643,0.25,2
train,audio_305.wav,0.0,1.3986013986013983,0.0,0.0,0.0,0.6993006993006993,0.0,0.0,0.0,2.097902097902098,2.097902097902098,0.2222222222222222,3
train,audio_123.wav,0.0,0.0,1.0416666666666667,0.0,0.0,4.166666666666667,2.083333333333333,0.0,2.083333333333333,9.375,5.208333333333333,0.5,5
train,audio_5053.wav,1.2048192771084338,1.2048192771084338,0.0,0.0,0.0,2.409638554216868,2.409638554216868,0.0,0.0,7.228915662650603,4.819277108433735,0.75,4
train,audio_89.wav,1.162790697674419,0.0,0.0,1.162790697674419,1.162790697674419,1.162790697674419,2.3255813953488373,0.0,0.0,6.976744186046512,4.651162790697675,1.0,4
train,audio_747.wav,2.5974025974025974,0.0,0.0,0.0,0.0,1.2987012987012987,0.0,1.2987012987012987,0.0,5.194805194805195,3.896103896103896,0.6666666666666666,3
train,audio_115.wav,2.5974025974025974,1.2987012987012987,0.0,0.0,0.0,6.493506493506493,0.0,0.0,1.2987012987012987,11.688311688311687,10.38961038961039,1.0,8
train,audio_235.wav,1.1235955056179776,0.0,0.0,2.247191011235955,1.1235955056179776,2.247191011235955,2.247191011235955,2.247191011235955,0.0,11.235955056179776,6.741573033707865,1.0,6
train,audio_414.wav,2.857142857142857,0.0,0.9523809523809524,1.9047619047619049,0.0,0.0,0.9523809523809524,0.0,0.0,6.666666666666667,5.714285714285714,1.0,6
train,audio_56.wav,0.0,1.0416666666666667,0.0,0.0,0.0,2.083333333333333,1.0416666666666667,0.0,0.0,4.166666666666667,3.125,0.5,3
train,audio_43.wav,0.9803921568627452,0.0,0.0,0.9803921568627452,0.0,2.9411764705882355,0.0,0.0,0.0,4.901960784313726,4.901960784313726,0.2857142857142857,5
train,audio_394.wav,0.0,0.0,0.0,0.7633587786259542,0.0,1.5267175572519085,0.7633587786259542,0.0,0.0,3.053435114503817,2.2900763358778624,0.5,3
train,audio_423.wav,1.5748031496062993,0.7874015748031497,0.0,0.0,0.0,2.3622047244094486,0.7874015748031497,0.0,0.0,5.511811023622047,4.724409448818897,0.6666666666666666,6
train,audio_579.wav,0.925925925925926,1.851851851851852,0.0,0.925925925925926,0.0,5.555555555555555,0.0,0.0,1.851851851851852,11.11111111111111,9.25925925925926,0.8,10
train,audio_172.wav,0.0,0.0,0.0,0.0,0.0,3.418803418803418,0.8547008547008547,0.0,0.0,4.273504273504273,3.418803418803418,0.75,4
train,audio_144.wav,0.0,0.8,0.0,0.0,0.0,4.0,0.0,0.0,0.0,4.8,4.8,0.6666666666666666,6
train,audio_151.wav,0.0,0.0,0.0,2.127659574468085,0.0,4.25531914893617,0.0,0.0,0.0,6.382978723404255,6.382978723404255,0.75,6
train,audio_65.wav,1.2048192771084338,0.0,0.0,0.0,0.0,4.819277108433735,1.2048192771084338,0.0,0.0,7.228915662650603,6.024096385542169,0.5,5
train,audio_481.wav,0.0,0.9615384615384616,0.0,0.9615384615384616,0.0,4.807692307692308,0.0,0.0,0.0,6.730769230769231,6.730769230769231,0.8,7
train,audio_262.wav,0.8695652173913043,0.0,1.7391304347826086,0.0,0.0,0.0,0.8695652173913043,0.0,0.0,3.4782608695652173,2.608695652173913,0.375,3
train,audio_229.wav,0.0,0.0,1.162790697674419,0.0,0.0,0.0,0.0,0.0,0.0,1.162790697674419,1.162790697674419,0.2,1
train,audio_22.wav,0.0,0.0,0.0,0.99009900990099,0.0,0.0,0.0,0.0,0.0,0.99009900990099,0.99009900990099,0.2,1
train,audio_434.wav,0.8130081300813008,0.0,0.8130081300813008,0.0,0.0,3.252032520325203,0.8130081300813008,0.0,0.0,5.691056910569106,4.878048780487805,0.8,6
train,audio_488.wav,0.746268656716418,0.0,0.0,1.492537313432836,0.0,2.238805970149253,1.492537313432836,0.0,0.0,5.970149253731344,4.477611940298507,0.75,6
train,audio_439.wav,0.0,0.0,1.0638297872340423,2.127659574468085,0.0,1.0638297872340423,2.127659574468085,0.0,0.0,6.382978723404255,4.25531914893617,0.75,4
train,audio_160.wav,0.9803921568627452,1.96078431372549,0.9803921568627452,1.96078431372549,0.0,3.92156862745098,0.0,0.0,0.0,9.803921568627452,9.803921568627452,0.75,10
train,audio_594.wav,0.0,0.0,1.9230769230769231,0.9615384615384616,0.0,3.8461538461538463,0.9615384615384616,0.0,0.0,7.6923076923076925,6.730769230769231,0.75,7
train,audio_651.wav,0.0,0.0,0.0,3.8461538461538463,0.0,1.9230769230769231,0.0,0.0,0.0,5.769230769230769,5.769230769230769,0.6666666666666666,6
train,audio_569.wav,0.0,0.0,0.0,0.8695652173913043,0.0,1.7391304347826086,0.8695652173913043,0.0,0.0,3.4782608695652173,2.608695652173913,0.5,3
train,audio_440.wav,0.0,0.0,1.408450704225352,0.0,0.0,1.408450704225352,0.0,0.0,0.0,2.816901408450704,2.816901408450704,0.3333333333333333,2
train,audio_658.wav,0.8333333333333334,0.0,0.0,0.8333333333333334,0.0,2.5,0.0,0.0,0.0,4.166666666666667,4.166666666666667,0.5,5
train,audio_274.wav,1.851851851851852,0.0,1.851851851851852,1.851851851851852,0.0,0.0,0.0,0.0,0.0,5.555555555555555,5.555555555555555,0.5,3
train,audio_5065.wav,0.0,0.0,0.0,0.9433962264150944,0.0,2.830188679245283,0.0,0.0,0.0,3.7735849056603774,3.7735849056603774,0.4444444444444444,4
train,audio_158.wav,0.0,0.0,0.8928571428571429,0.8928571428571429,0.0,4.464285714285714,0.8928571428571429,0.0,0.0,7.142857142857143,6.25,1.0,7
train,audio_493.wav,0.0,0.0,1.851851851851852,0.0,0.0,1.851851851851852,0.0,0.0,0.0,3.703703703703704,3.703703703703704,0.5,4
train,audio_646.wav,0.0,0.7092198581560284,0.0,0.0,0.0,0.7092198581560284,0.0,0.0,0.0,1.4184397163120568,1.4184397163120568,0.3333333333333333,2
train,audio_64.wav,0.0,0.0,0.0,0.0,0.0,1.5151515151515151,0.0,1.5151515151515151,0.0,3.0303030303030303,1.5151515151515151,0.5,1
train,audio_451.wav,0.0,1.1904761904761905,1.1904761904761905,3.571428571428572,0.0,3.571428571428572,0.0,0.0,0.0,9.523809523809524,9.523809523809524,0.75,8
train,audio_277.wav,0.0,0.9615384615384616,0.0,0.0,0.0,5.769230769230769,0.0,0.0,0.0,6.730769230769231,6.730769230769231,0.75,7
train,audio_491.wav,1.1111111111111112,1.1111111111111112,1.1111111111111112,0.0,0.0,3.333333333333333,2.2222222222222223,0.0,0.0,8.88888888888889,6.666666666666667,0.75,6
train,audio_52.wav,1.709401709401709,0.0,0.0,1.709401709401709,0.0,4.273504273504273,0.0,0.0,0.0,7.6923076923076925,7.6923076923076925,1.0,9
train,audio_743.wav,0.0,0.0,0.0,0.0,0.0,0.0,0.0,0.0,0.0,0.0,0.0,0.0,0
train,audio_243.wav,0.0,1.3333333333333333,0.0,0.0,0.0,1.3333333333333333,1.3333333333333333,0.0,1.3333333333333333,5.333333333333333,2.6666666666666665,1.0,2
train,audio_661.wav,0.0,1.2048192771084338,2.409638554216868,0.0,0.0,1.2048192771084338,1.2048192771084338,0.0,0.0,6.024096385542169,4.819277108433735,0.6666666666666666,4
train,audio_456.wav,0.925925925925926,0.925925925925926,0.925925925925926,0.0,0.0,0.925925925925926,0.0,0.0,0.0,3.703703703703704,3.703703703703704,0.5,4
train,audio_90.wav,1.1904761904761905,0.0,0.0,0.0,0.0,0.0,0.0,0.0,0.0,1.1904761904761905,1.1904761904761905,0.1666666666666666,1
train,audio_735.wav,0.0,0.0,0.0,0.0,2.0,4.0,2.0,0.0,0.0,8.0,6.0,1.0,3
train,audio_775.wav,0.0,0.0,0.0,0.0,0.0,0.0,0.0,0.0,0.0,0.0,0.0,0.0,0
train,audio_587.wav,0.0,0.0,1.7543859649122806,0.8771929824561403,0.0,2.631578947368421,0.0,0.0,0.0,5.2631578947368425,5.2631578947368425,0.75,6
train,audio_103.wav,0.0,3.5294117647058822,0.0,0.0,0.0,2.3529411764705883,1.1764705882352942,0.0,0.0,7.0588235294117645,5.882352941176471,0.6666666666666666,5
train,audio_111.wav,0.0,0.0,0.0,0.0,0.0,3.1578947368421053,0.0,0.0,0.0,3.1578947368421053,3.1578947368421053,0.6666666666666666,3
train,audio_421.wav,1.0416666666666667,0.0,0.0,0.0,0.0,0.0,1.0416666666666667,0.0,0.0,2.083333333333333,1.0416666666666667,0.5,1
train,audio_683.wav,0.0,1.5037593984962403,1.5037593984962403,0.0,0.0,3.007518796992481,2.255639097744361,0.7518796992481203,0.0,9.022556390977444,6.015037593984962,0.5,8
train,audio_152.wav,0.0,0.0,0.0,0.8620689655172413,0.0,0.8620689655172413,0.8620689655172413,0.8620689655172413,0.0,3.4482758620689653,1.7241379310344829,0.5,2
train,audio_134.wav,0.0,1.25,1.25,0.0,1.25,3.75,0.0,0.0,0.0,7.5,7.5,0.6,6
train,audio_12.wav,0.0,0.0,1.1111111111111112,0.0,0.0,1.1111111111111112,0.0,0.0,0.0,2.2222222222222223,2.2222222222222223,0.4,2
train,audio_232.wav,0.0,0.0,0.0,0.0,0.0,5.970149253731344,0.0,0.0,0.0,5.970149253731344,5.970149253731344,0.6666666666666666,4
train,audio_36.wav,1.1764705882352942,0.0,0.0,0.0,0.0,1.1764705882352942,1.1764705882352942,0.0,0.0,3.5294117647058822,2.3529411764705883,0.4,2
train,audio_268.wav,0.0,0.0,0.0,0.0,0.0,0.0,0.0,0.0,0.0,0.0,0.0,0.0,0
train,audio_68.wav,0.0,0.0,0.0,0.0,0.0,1.818181818181818,0.0,0.0,0.0,1.818181818181818,1.818181818181818,0.25,1
train,audio_729.wav,0.0,0.0,0.0,0.0,0.0,1.4285714285714286,0.0,0.0,0.0,1.4285714285714286,1.4285714285714286,0.2,1
train,audio_247.wav,0.0,0.0,2.9702970297029703,0.99009900990099,0.0,0.0,0.0,0.99009900990099,0.0,4.950495049504951,3.96039603960396,0.6,4
train,audio_224.wav,0.0,0.0,0.0,0.0,0.0,3.0303030303030303,0.0,0.0,0.0,3.0303030303030303,3.0303030303030303,0.5,2
train,audio_425.wav,0.0,0.0,0.0,0.0,0.0,2.5210084033613445,0.8403361344537815,0.0,0.0,3.361344537815126,2.5210084033613445,1.0,3
train,audio_392.wav,0.0,0.0,0.0,0.6756756756756757,0.0,0.6756756756756757,0.0,0.0,0.0,1.351351351351351,1.351351351351351,0.4,2
train,audio_615.wav,0.0,0.0,0.0,0.0,0.0,1.6129032258064515,0.0,0.0,0.0,1.6129032258064515,1.6129032258064515,0.1111111111111111,2
train,audio_245.wav,1.0101010101010102,0.0,0.0,1.0101010101010102,0.0,2.0202020202020203,1.0101010101010102,0.0,0.0,5.05050505050505,4.040404040404041,1.0,4
train,audio_271.wav,0.0,0.0,0.0,0.0,0.0,2.3529411764705883,4.705882352941177,0.0,0.0,7.0588235294117645,2.3529411764705883,0.6,2
train,audio_321.wav,0.0,0.7692307692307693,0.0,0.0,0.7692307692307693,0.7692307692307693,3.076923076923077,0.0,0.0,5.384615384615385,2.3076923076923075,0.8,3
train,audio_5043.wav,0.0,0.0,0.0,0.0,0.0,1.709401709401709,0.0,0.0,0.0,1.709401709401709,1.709401709401709,0.4,2
train,audio_187.wav,0.0,0.0,0.0,0.0,0.0,3.4482758620689653,0.6896551724137931,0.0,0.0,4.137931034482759,3.4482758620689653,0.4285714285714285,5
train,audio_221.wav,0.0,0.0,0.0,0.0,0.0,1.4184397163120568,0.0,0.0,0.0,1.4184397163120568,1.4184397163120568,0.4,2
train,audio_219.wav,0.6666666666666666,0.0,0.0,0.0,0.0,1.3333333333333333,0.6666666666666666,0.0,0.0,2.6666666666666665,2.0,0.25,3
train,audio_601.wav,0.7633587786259542,0.0,0.0,0.7633587786259542,0.0,1.5267175572519085,0.7633587786259542,0.0,0.0,3.816793893129771,3.053435114503817,0.75,4
train,audio_100.wav,0.0,0.970873786407767,0.0,0.0,0.0,1.941747572815534,2.912621359223301,0.0,0.0,5.825242718446602,2.912621359223301,1.0,3
train,audio_227.wav,0.819672131147541,0.0,0.0,0.0,0.0,1.639344262295082,0.0,0.0,0.0,2.459016393442623,2.459016393442623,0.4,3
train,audio_411.wav,1.1764705882352942,0.0,0.0,0.0,0.0,5.882352941176471,1.1764705882352942,0.0,0.0,8.235294117647058,7.0588235294117645,0.6,6
train,audio_28.wav,0.8620689655172413,0.0,0.8620689655172413,0.0,0.0,1.7241379310344829,0.0,0.0,0.0,3.4482758620689653,3.4482758620689653,0.6666666666666666,4
train,audio_653.wav,0.0,0.0,1.5625,0.0,0.0,1.5625,0.0,1.5625,0.0,4.6875,3.125,1.0,2
train,audio_29.wav,0.847457627118644,0.0,0.0,0.0,0.0,0.847457627118644,0.847457627118644,0.0,0.0,2.542372881355932,1.694915254237288,0.5,2
train,audio_470.wav,1.0638297872340423,0.0,2.127659574468085,0.0,0.0,6.382978723404255,0.0,0.0,0.0,9.574468085106384,9.574468085106384,1.0,9
train,audio_356.wav,0.0,0.0,0.0,0.0,0.0,0.0,0.0,0.0,0.0,0.0,0.0,0.0,0
train,audio_365.wav,0.0,0.0,0.0,0.0,0.0,3.75,0.0,0.0,0.0,3.75,3.75,0.2,3
train,audio_58.wav,0.0,0.0,0.0,0.0,1.1904761904761905,2.380952380952381,1.1904761904761905,0.0,0.0,4.761904761904762,3.571428571428572,0.2857142857142857,3
train,audio_708.wav,0.0,0.0,0.0,0.0,0.0,2.150537634408602,1.075268817204301,0.0,0.0,3.225806451612903,2.150537634408602,0.5,2
train,audio_319.wav,0.0,0.0,0.8333333333333334,0.0,0.0,0.8333333333333334,0.8333333333333334,0.0,0.0,2.5,1.6666666666666667,0.4,2
train,audio_5067.wav,0.0,0.0,0.0,0.0,0.0,1.7241379310344829,0.0,0.0,0.0,1.7241379310344829,1.7241379310344829,0.1666666666666666,1
train,audio_135.wav,0.0,0.0,0.0,0.0,0.0,1.25,0.0,0.0,0.0,1.25,1.25,0.25,1
train,audio_612.wav,0.0,0.0,2.898550724637681,0.0,0.0,1.4492753623188406,0.0,0.0,0.0,4.3478260869565215,4.3478260869565215,0.3333333333333333,3
train,audio_373.wav,0.0,0.0,0.0,0.0,0.0,0.847457627118644,0.847457627118644,0.0,0.0,1.694915254237288,0.847457627118644,0.2,1
train,audio_680.wav,0.0,0.9433962264150944,0.9433962264150944,0.0,0.0,0.9433962264150944,0.0,0.0,0.0,2.830188679245283,2.830188679245283,0.25,3
train,audio_63.wav,0.0,0.0,0.9345794392523364,0.9345794392523364,0.0,0.9345794392523364,0.9345794392523364,0.0,0.0,3.7383177570093458,2.803738317757009,0.5,3
train,audio_700.wav,0.0,0.0,0.0,0.0,0.0,2.727272727272727,0.0,0.9090909090909092,0.0,3.636363636363636,2.727272727272727,0.5,3
train,audio_429.wav,0.0,0.0,0.0,0.0,0.7407407407407407,1.4814814814814814,0.0,0.7407407407407407,0.0,2.962962962962963,2.2222222222222223,0.6,3
train,audio_745.wav,0.0,0.0,0.0,0.0,0.0,0.8547008547008547,0.0,0.0,0.0,0.8547008547008547,0.8547008547008547,0.125,1
train,audio_731.wav,0.0,0.0,0.0,2.0,0.0,2.0,0.0,0.0,0.0,4.0,4.0,0.25,2
train,audio_461.wav,0.0,0.7874015748031497,0.0,0.7874015748031497,0.0,2.3622047244094486,0.0,0.0,0.0,3.937007874015748,3.937007874015748,0.5714285714285714,5
train,audio_79.wav,1.351351351351351,0.0,0.0,0.0,0.0,0.0,1.351351351351351,0.0,0.0,2.702702702702702,1.351351351351351,0.5,1
train,audio_5038.wav,0.0,0.0,0.0,0.0,0.0,0.8130081300813008,0.0,0.0,0.0,0.8130081300813008,0.8130081300813008,0.125,1
train,audio_760.wav,0.0,0.0,0.0,2.238805970149253,0.746268656716418,0.0,0.0,0.0,0.0,2.985074626865672,2.985074626865672,0.5,4
train,audio_72.wav,0.0,0.0,0.0,0.0,0.0,1.9230769230769231,1.9230769230769231,0.0,0.0,3.8461538461538463,1.9230769230769231,1.0,2
train,audio_696.wav,0.0,0.0,0.0,2.459016393442623,0.0,0.0,0.819672131147541,0.0,0.0,3.278688524590164,2.459016393442623,0.375,3
train,audio_744.wav,0.0,0.0,0.0,1.639344262295082,0.0,0.0,0.0,0.0,0.0,1.639344262295082,1.639344262295082,0.3333333333333333,1
train,audio_662.wav,1.098901098901099,0.0,0.0,0.0,0.0,1.098901098901099,0.0,0.0,0.0,2.197802197802198,2.197802197802198,0.1666666666666666,2
train,audio_570.wav,0.970873786407767,0.0,0.970873786407767,0.0,0.970873786407767,0.970873786407767,0.0,0.0,0.0,3.883495145631068,3.883495145631068,0.5,4
train,audio_10.wav,5.405405405405405,0.0,0.0,1.351351351351351,0.0,0.0,0.0,0.0,0.0,6.756756756756757,6.756756756756757,0.5,5
train,audio_628.wav,0.0,0.0,0.0,0.847457627118644,0.0,3.389830508474576,1.694915254237288,0.0,0.0,5.932203389830509,4.237288135593221,0.3333333333333333,5
train,audio_606.wav,0.0,0.0,0.819672131147541,0.819672131147541,0.0,1.639344262295082,0.0,0.0,0.0,3.278688524590164,3.278688524590164,0.5,4
train,audio_73.wav,0.0,0.819672131147541,0.819672131147541,0.0,0.0,1.639344262295082,0.0,0.0,0.0,3.278688524590164,3.278688524590164,0.75,4
train,audio_605.wav,0.0,0.0,0.0,0.0,0.0,1.0638297872340423,1.0638297872340423,0.0,0.0,2.127659574468085,1.0638297872340423,0.3333333333333333,1
train,audio_106.wav,1.1363636363636365,1.1363636363636365,0.0,0.0,0.0,2.272727272727273,2.272727272727273,0.0,0.0,6.818181818181818,4.545454545454546,0.4,4
train,audio_306.wav,0.0,0.0,0.0,0.0,0.0,0.8064516129032258,0.0,0.0,0.0,0.8064516129032258,0.8064516129032258,0.1428571428571428,1
train,audio_75.wav,1.98019801980198,0.0,0.0,0.99009900990099,0.0,1.98019801980198,0.99009900990099,0.0,0.0,5.9405940594059405,4.950495049504951,0.75,5
train,audio_550.wav,0.8,0.0,0.8,0.8,0.0,0.0,0.0,0.0,0.0,2.4,2.4,0.375,3
train,audio_340.wav,0.0,1.0869565217391304,0.0,1.0869565217391304,0.0,1.0869565217391304,0.0,0.0,0.0,3.260869565217391,3.260869565217391,0.4,3
train,audio_272.wav,2.5974025974025974,0.0,0.0,0.0,0.0,0.0,1.2987012987012987,0.0,0.0,3.896103896103896,2.5974025974025974,0.75,2
train,audio_518.wav,0.7092198581560284,2.127659574468085,1.4184397163120568,1.4184397163120568,0.7092198581560284,2.8368794326241136,2.127659574468085,0.0,0.0,11.347517730496454,9.21985815602837,1.0,13
train,audio_34.wav,1.1111111111111112,0.0,0.0,1.1111111111111112,0.0,2.2222222222222223,0.0,0.0,0.0,4.444444444444445,4.444444444444445,0.2307692307692307,4
train,audio_87.wav,0.0,0.0,0.0,1.1363636363636365,0.0,3.409090909090909,1.1363636363636365,0.0,0.0,5.681818181818182,4.545454545454546,0.5,4
train,audio_211.wav,0.0,0.0,0.0,1.408450704225352,0.0,0.704225352112676,0.0,0.0,0.0,2.112676056338028,2.112676056338028,0.1,3
train,audio_431.wav,0.0,0.0,0.99009900990099,0.99009900990099,0.0,1.98019801980198,0.0,0.0,0.0,3.96039603960396,3.96039603960396,1.0,4
train,audio_555.wav,0.0,0.0,0.0,0.8064516129032258,0.0,3.225806451612903,0.0,0.0,0.0,4.032258064516129,4.032258064516129,0.75,5
train,audio_648.wav,0.0,0.0,0.0,0.0,0.0,0.0,0.0,0.0,0.0,0.0,0.0,0.0,0
train,audio_5051.wav,0.0,0.0,0.0,0.0,0.0,0.0,0.0,0.0,0.0,0.0,0.0,0.0,0
train,audio_422.wav,0.0,1.7699115044247788,0.0,1.7699115044247788,0.0,7.079646017699115,0.0,0.8849557522123894,0.0,11.50442477876106,10.619469026548671,1.0,12
train,audio_627.wav,0.7194244604316546,1.4388489208633093,0.0,0.7194244604316546,0.0,2.158273381294964,0.7194244604316546,0.0,0.0,5.755395683453237,5.035971223021583,0.6,7
train,audio_122.wav,0.0,0.8928571428571429,0.0,0.0,0.0,0.8928571428571429,0.0,0.0,0.0,1.7857142857142858,1.7857142857142858,0.3333333333333333,2
train,audio_88.wav,0.0,0.0,0.0,0.0,0.0,5.128205128205129,1.2820512820512822,0.0,0.0,6.410256410256411,5.128205128205129,1.0,4
train,audio_165.wav,0.0,0.0,1.1363636363636365,1.1363636363636365,1.1363636363636365,5.681818181818182,0.0,0.0,0.0,9.090909090909092,9.090909090909092,0.5,8
train,audio_276.wav,0.0,1.818181818181818,0.0,0.0,0.0,0.9090909090909092,1.818181818181818,0.0,0.9090909090909092,5.454545454545454,2.727272727272727,0.6666666666666666,3
train,audio_746.wav,0.0,0.746268656716418,0.746268656716418,0.0,0.0,1.492537313432836,0.0,0.0,0.0,2.985074626865672,2.985074626865672,0.3333333333333333,4
train,audio_252.wav,0.0,0.0,3.92156862745098,1.96078431372549,0.0,0.0,0.0,0.0,0.0,5.882352941176471,5.882352941176471,1.0,3
train,audio_266.wav,0.0,0.0,0.0,1.7543859649122806,0.0,3.508771929824561,1.7543859649122806,0.0,0.0,7.017543859649122,5.2631578947368425,1.0,3
train,audio_611.wav,0.0,0.0,0.0,1.3888888888888888,0.0,1.3888888888888888,0.0,0.0,0.0,2.7777777777777777,2.7777777777777777,0.4,2
train,audio_5058.wav,0.0,0.0,0.0,1.1764705882352942,0.0,1.1764705882352942,1.1764705882352942,0.0,0.0,3.5294117647058822,2.3529411764705883,0.75,2
train,audio_81.wav,0.0,1.020408163265306,0.0,0.0,0.0,1.020408163265306,0.0,0.0,0.0,2.0408163265306123,2.0408163265306123,0.3333333333333333,2
train,audio_3.wav,0.0,0.0,1.2658227848101269,2.5316455696202533,0.0,2.5316455696202533,1.2658227848101269,0.0,0.0,7.594936708860759,6.329113924050633,1.0,5
train,audio_21.wav,1.25,0.0,0.0,1.25,0.0,2.5,0.0,0.0,0.0,5.0,5.0,0.75,4
train,audio_190.wav,0.0,0.0,0.0,0.0,0.0,2.34375,0.0,0.78125,0.0,3.125,2.34375,0.5,3
train,audio_189.wav,0.0,0.0,0.0,1.550387596899225,0.0,0.7751937984496124,0.0,0.0,0.0,2.3255813953488373,2.3255813953488373,0.3333333333333333,3
train,audio_519.wav,1.5748031496062993,0.0,0.0,0.0,0.0,1.5748031496062993,2.3622047244094486,0.0,0.0,5.511811023622047,3.1496062992125986,1.0,4
train,audio_748.wav,2.197802197802198,1.098901098901099,0.0,1.098901098901099,0.0,3.2967032967032965,1.098901098901099,0.0,0.0,8.791208791208792,7.6923076923076925,1.0,7
train,audio_505.wav,2.150537634408602,0.0,0.0,3.225806451612903,0.0,0.0,0.0,0.0,0.0,5.376344086021505,5.376344086021505,0.6666666666666666,5
train,audio_361.wav,0.0,0.0,0.0,0.0,0.0,0.0,0.0,0.0,0.0,0.0,0.0,0.0,0
train,audio_5052.wav,1.25,0.0,0.0,0.0,1.25,2.5,0.0,0.0,0.0,5.0,5.0,0.25,4
train,audio_16.wav,1.0638297872340423,0.0,0.0,0.0,0.0,0.0,0.0,0.0,0.0,1.0638297872340423,1.0638297872340423,0.25,1
train,audio_327.wav,0.0,0.0,0.0,0.0,0.0,0.0,0.0,0.0,0.0,0.0,0.0,0.0,0
train,audio_313.wav,0.0,0.0,0.0,0.0,0.0,1.5625,0.0,0.0,0.0,1.5625,1.5625,0.25,1
train,audio_589.wav,0.0,0.0,0.0,1.162790697674419,0.0,3.488372093023256,1.162790697674419,0.0,0.0,5.813953488372093,4.651162790697675,1.0,4
train,audio_416.wav,0.0,0.8,0.0,0.8,0.0,1.6,0.0,0.0,0.0,3.2,3.2,0.4285714285714285,4
train,audio_762.wav,0.0,0.0,0.0,0.0,0.0,2.158273381294964,0.7194244604316546,0.0,0.0,2.8776978417266186,2.158273381294964,0.4,3
train,audio_714.wav,1.4705882352941178,0.0,0.0,1.4705882352941178,0.0,0.0,0.0,0.0,0.0,2.9411764705882355,2.9411764705882355,0.5,2
train,audio_455.wav,0.0,0.0,0.0,1.1363636363636365,0.0,4.545454545454546,0.0,0.0,0.0,5.681818181818182,5.681818181818182,0.5,5
train,audio_42.wav,0.0,0.0,0.0,0.0,0.0,0.0,2.9411764705882355,0.0,0.0,2.9411764705882355,0.0,0.5,0
train,audio_561.wav,1.0101010101010102,0.0,1.0101010101010102,1.0101010101010102,0.0,3.0303030303030303,0.0,0.0,1.0101010101010102,7.070707070707071,6.0606060606060606,0.8333333333333334,6
train,audio_226.wav,1.5625,0.0,0.0,0.0,0.0,6.25,1.5625,0.0,0.0,9.375,7.8125,1.0,5
train,audio_110.wav,0.0,0.0,0.0,1.2048192771084338,0.0,1.2048192771084338,2.409638554216868,0.0,0.0,4.819277108433735,2.409638554216868,0.25,2
train,audio_739.wav,0.0,0.0,0.0,1.7857142857142858,0.8928571428571429,2.6785714285714284,0.8928571428571429,0.0,0.0,6.25,5.357142857142857,0.3333333333333333,6
train,audio_504.wav,0.0,0.0,0.0,4.098360655737705,0.0,0.819672131147541,0.819672131147541,0.0,0.0,5.737704918032787,4.918032786885246,0.625,6
train,audio_379.wav,0.6896551724137931,0.6896551724137931,0.6896551724137931,0.0,0.6896551724137931,1.3793103448275863,0.0,0.0,0.0,4.137931034482759,4.137931034482759,0.6,6
train,audio_520.wav,1.8691588785046729,0.9345794392523364,0.9345794392523364,0.9345794392523364,0.0,2.803738317757009,0.9345794392523364,0.9345794392523364,0.0,9.345794392523365,7.4766355140186915,0.8,8
train,audio_5068.wav,0.0,0.0,0.0,0.0,0.0,1.0101010101010102,0.0,1.0101010101010102,0.0,2.0202020202020203,1.0101010101010102,0.4,1
train,audio_30.wav,0.0,2.3529411764705883,0.0,0.0,0.0,3.5294117647058822,1.1764705882352942,1.1764705882352942,0.0,8.235294117647058,5.882352941176471,0.6666666666666666,5
train,audio_5041.wav,0.0,0.0,0.0,0.0,0.0,0.0,0.0,1.36986301369863,0.0,1.36986301369863,0.0,0.25,0
train,audio_485.wav,0.8,0.0,0.0,8.0,0.0,2.4,0.0,0.0,0.0,11.2,11.2,0.875,14
train,audio_475.wav,0.0,0.0,0.0,0.0,0.0,1.36986301369863,0.0,0.0,0.0,1.36986301369863,1.36986301369863,0.25,1
train,audio_145.wav,0.0,0.0,0.0,0.78125,0.0,2.34375,0.78125,0.0,0.0,3.90625,3.125,0.6666666666666666,4
train,audio_308.wav,0.0,0.0,1.0526315789473684,0.0,0.0,2.1052631578947367,1.0526315789473684,0.0,0.0,4.2105263157894735,3.1578947368421053,0.6666666666666666,3
train,audio_184.wav,0.0,0.0,0.0,0.0,0.0,0.847457627118644,0.847457627118644,0.0,0.0,1.694915254237288,0.847457627118644,0.1111111111111111,1
train,audio_586.wav,2.727272727272727,0.0,2.727272727272727,1.818181818181818,0.0,0.9090909090909092,0.9090909090909092,0.0,0.0,9.090909090909092,8.181818181818182,0.8,9
train,audio_398.wav,0.0,2.409638554216868,0.0,2.409638554216868,1.2048192771084338,1.2048192771084338,1.2048192771084338,0.0,0.0,8.433734939759036,7.228915662650603,0.6666666666666666,6
train,audio_726.wav,0.0,0.0,0.0,0.0,0.0,0.7751937984496124,0.0,0.0,0.0,0.7751937984496124,0.7751937984496124,0.1666666666666666,1
train,audio_466.wav,0.0,0.9174311926605504,0.9174311926605504,0.0,0.0,0.9174311926605504,1.834862385321101,0.0,0.0,4.587155963302752,2.752293577981652,0.6666666666666666,3
train,audio_218.wav,0.0,0.0,0.0,0.0,0.0,3.8461538461538463,0.9615384615384616,0.0,0.0,4.807692307692308,3.8461538461538463,0.6666666666666666,4
train,audio_644.wav,1.0638297872340423,0.0,1.0638297872340423,0.0,0.0,2.127659574468085,1.0638297872340423,0.0,0.0,5.319148936170213,4.25531914893617,0.4,4
train,audio_351.wav,0.0,0.0,0.0,0.0,0.0,2.9411764705882355,0.9803921568627452,0.0,0.0,3.92156862745098,2.9411764705882355,0.75,3
train,audio_248.wav,0.0,1.492537313432836,0.0,0.0,0.0,0.0,0.0,0.0,0.0,1.492537313432836,1.492537313432836,0.2,1
train,audio_83.wav,0.8333333333333334,0.0,0.8333333333333334,1.6666666666666667,0.0,0.8333333333333334,0.0,0.0,0.0,4.166666666666667,4.166666666666667,0.3333333333333333,5
train,audio_71.wav,0.0,0.0,1.9230769230769231,0.0,0.0,3.8461538461538463,0.0,0.0,0.0,5.769230769230769,5.769230769230769,1.0,6
train,audio_287.wav,0.0,0.0,0.0,0.8620689655172413,0.0,1.7241379310344829,0.0,0.0,0.0,2.586206896551724,2.586206896551724,0.4,3
train,audio_367.wav,1.4285714285714286,0.0,0.0,0.0,0.0,0.0,1.4285714285714286,0.0,0.0,2.857142857142857,1.4285714285714286,0.5,1
train,audio_166.wav,0.0,0.0,1.0526315789473684,0.0,0.0,3.1578947368421053,3.1578947368421053,0.0,0.0,7.368421052631579,4.2105263157894735,0.4,4
train,audio_94.wav,1.2658227848101269,2.5316455696202533,1.2658227848101269,0.0,0.0,0.0,0.0,0.0,0.0,5.063291139240507,5.063291139240507,0.6,4
train,audio_108.wav,0.7299270072992701,0.7299270072992701,0.0,1.45985401459854,0.7299270072992701,1.45985401459854,0.0,0.0,0.0,5.109489051094891,5.109489051094891,0.625,7
train,audio_511.wav,0.8771929824561403,1.7543859649122806,0.8771929824561403,1.7543859649122806,0.0,3.508771929824561,0.0,0.0,0.0,8.771929824561404,8.771929824561404,0.6363636363636364,10
train,audio_5059.wav,0.0,0.0,0.7633587786259542,0.0,0.0,0.7633587786259542,0.0,0.0,0.0,1.5267175572519085,1.5267175572519085,0.25,2
train,audio_310.wav,0.0,1.0309278350515465,0.0,0.0,0.0,2.061855670103093,3.09278350515464,0.0,0.0,6.185567010309279,3.09278350515464,1.0,3
train,audio_50.wav,0.0,0.0,0.0,1.0869565217391304,0.0,3.260869565217391,0.0,0.0,0.0,4.3478260869565215,4.3478260869565215,0.6666666666666666,4
train,audio_6.wav,0.0,0.0,0.0,2.702702702702702,0.0,1.351351351351351,0.0,0.0,0.0,4.054054054054054,4.054054054054054,0.75,3
train,audio_515.wav,0.0,0.0,0.0,0.0,0.0,3.0,1.0,0.0,0.0,4.0,3.0,0.6,3
train,audio_742.wav,0.0,0.0,0.0,0.0,0.0,1.6666666666666667,0.0,0.0,0.0,1.6666666666666667,1.6666666666666667,0.3333333333333333,1
train,audio_545.wav,1.8867924528301887,2.830188679245283,0.0,0.0,0.0,0.9433962264150944,0.0,0.0,0.0,5.660377358490566,5.660377358490566,0.6,6
train,audio_489.wav,0.0,0.0,0.0,0.0,0.0,3.508771929824561,0.8771929824561403,0.0,0.0,4.385964912280702,3.508771929824561,1.0,4
train,audio_697.wav,0.0,1.5748031496062993,0.0,0.7874015748031497,0.0,0.7874015748031497,0.0,0.0,0.0,3.1496062992125986,3.1496062992125986,0.2,4
train,audio_225.wav,0.9433962264150944,0.0,0.9433962264150944,0.9433962264150944,0.0,0.9433962264150944,1.8867924528301887,0.0,0.0,5.660377358490566,3.7735849056603774,0.5,4
train,audio_553.wav,0.9523809523809524,0.9523809523809524,0.9523809523809524,0.0,0.0,1.9047619047619049,0.9523809523809524,1.9047619047619049,0.0,7.619047619047619,4.761904761904762,1.0,5
train,audio_237.wav,1.4705882352941178,2.9411764705882355,1.4705882352941178,0.0,0.0,1.4705882352941178,0.0,0.0,0.0,7.352941176470588,7.352941176470588,0.75,5
train,audio_197.wav,0.0,0.0,0.7936507936507936,0.7936507936507936,0.0,0.7936507936507936,0.0,0.0,0.0,2.380952380952381,2.380952380952381,0.2857142857142857,3
train,audio_449.wav,0.0,0.6802721088435374,0.0,0.6802721088435374,0.0,3.401360544217687,1.3605442176870748,0.0,0.0,6.122448979591836,4.761904761904762,0.625,7
train,audio_567.wav,0.0,0.0,0.9615384615384616,0.9615384615384616,0.0,3.8461538461538463,0.0,0.0,0.0,5.769230769230769,5.769230769230769,0.6666666666666666,6
train,audio_477.wav,0.0,0.0,0.0,2.5316455696202533,0.0,0.0,1.2658227848101269,0.0,0.0,3.79746835443038,2.5316455696202533,0.3333333333333333,2
train,audio_728.wav,0.0,0.0,0.0,0.0,0.0,0.0,1.2048192771084338,0.0,0.0,1.2048192771084338,0.0,0.3333333333333333,0
train,audio_377.wav,0.0,2.272727272727273,2.272727272727273,0.0,0.0,4.545454545454546,0.0,0.0,0.0,9.090909090909092,9.090909090909092,1.0,4
train,audio_633.wav,0.0,0.0,0.0,0.0,1.0101010101010102,1.0101010101010102,1.0101010101010102,0.0,0.0,3.0303030303030303,2.0202020202020203,0.6666666666666666,2
train,audio_690.wav,0.0,0.0,0.0,1.2048192771084338,0.0,1.2048192771084338,0.0,0.0,0.0,2.409638554216868,2.409638554216868,0.4,2
train,audio_525.wav,0.0,1.3793103448275863,0.0,0.0,0.0,0.6896551724137931,2.0689655172413794,0.0,0.0,4.137931034482759,2.0689655172413794,0.25,3
train,audio_31.wav,0.0,0.0,1.1363636363636365,0.0,0.0,1.1363636363636365,0.0,0.0,0.0,2.272727272727273,2.272727272727273,0.5,2
train,audio_676.wav,0.0,0.0,0.0,0.0,0.0,1.96078431372549,0.9803921568627452,0.0,0.0,2.9411764705882355,1.96078431372549,0.1428571428571428,2
train,audio_263.wav,0.0,2.1739130434782608,1.0869565217391304,0.0,0.0,0.0,0.0,0.0,0.0,3.260869565217391,3.260869565217391,0.1428571428571428,3
train,audio_5070.wav,0.0,0.0,0.0,0.0,0.0,0.0,7.6923076923076925,0.0,0.0,7.6923076923076925,0.0,1.0,0
train,audio_510.wav,0.78125,0.0,0.0,0.0,0.0,1.5625,0.0,0.0,0.0,2.34375,2.34375,0.3333333333333333,3
train,audio_577.wav,0.0,0.0,1.1904761904761905,1.1904761904761905,0.0,4.761904761904762,0.0,0.0,0.0,7.142857142857143,7.142857142857143,0.4,6
train,audio_230.wav,0.0,0.0,0.7299270072992701,0.0,0.0,0.7299270072992701,0.7299270072992701,0.7299270072992701,0.0,2.9197080291970803,1.45985401459854,0.5,2
train,audio_314.wav,0.0,1.2048192771084338,0.0,1.2048192771084338,0.0,1.2048192771084338,0.0,0.0,0.0,3.614457831325301,3.614457831325301,0.5,3
train,audio_641.wav,0.0,0.0,0.0,1.851851851851852,0.0,0.0,0.0,0.0,0.0,1.851851851851852,1.851851851851852,0.25,1
train,audio_689.wav,0.0,0.0,0.0,0.9090909090909092,0.0,1.818181818181818,1.818181818181818,0.0,0.0,4.545454545454546,2.727272727272727,0.6,3
train,audio_352.wav,0.0,0.9174311926605504,0.0,0.0,0.0,0.9174311926605504,0.0,0.0,0.0,1.834862385321101,1.834862385321101,0.1666666666666666,2
train,audio_193.wav,2.3255813953488373,0.0,0.0,0.0,0.0,0.0,0.0,0.0,0.0,2.3255813953488373,2.3255813953488373,0.5,1
train,audio_5049.wav,0.0,0.0,0.0,0.0,0.0,2.083333333333333,0.0,0.0,0.0,2.083333333333333,2.083333333333333,0.0588235294117647,1
train,audio_300.wav,0.0,0.9009009009009008,0.0,1.8018018018018016,0.0,0.9009009009009008,4.504504504504505,0.0,0.0,8.108108108108109,3.603603603603604,1.0,4
train,audio_581.wav,0.0,0.0,0.0,0.0,0.0,1.9230769230769231,1.9230769230769231,0.0,0.0,3.8461538461538463,1.9230769230769231,0.5,1
train,audio_164.wav,0.0,0.0,0.0,0.0,0.0,1.5625,0.0,0.0,0.0,1.5625,1.5625,0.2,1
train,audio_502.wav,3.787878787878788,0.7575757575757576,0.0,0.7575757575757576,0.0,4.545454545454546,1.5151515151515151,0.7575757575757576,0.0,12.12121212121212,9.848484848484848,1.0,13
train,audio_380.wav,0.0,0.0,0.0,0.0,0.0,2.2900763358778624,0.7633587786259542,0.0,0.0,3.053435114503817,2.2900763358778624,0.6,3
train,audio_15.wav,2.5316455696202533,0.0,0.0,0.0,0.0,1.2658227848101269,5.063291139240507,0.0,0.0,8.860759493670885,3.79746835443038,1.0,3
train,audio_238.wav,0.0,3.333333333333333,0.0,0.0,0.0,0.0,0.0,0.0,0.0,3.333333333333333,3.333333333333333,0.3333333333333333,1
train,audio_53.wav,0.0,0.0,0.0,0.0,0.0,1.2345679012345678,0.0,0.0,0.0,1.2345679012345678,1.2345679012345678,0.1428571428571428,1
train,audio_283.wav,0.0,0.0,0.0,0.0,0.0,0.0,0.0,0.0,0.0,0.0,0.0,0.0,0
train,audio_614.wav,0.0,0.0,0.0,0.0,0.0,3.8461538461538463,1.9230769230769231,0.9615384615384616,0.0,6.730769230769231,3.8461538461538463,0.8,4
train,audio_121.wav,0.0,0.0,1.9047619047619049,0.0,0.0,1.9047619047619049,0.0,0.0,0.0,3.809523809523809,3.809523809523809,0.6,4
train,audio_216.wav,0.0,0.0,0.0,0.7407407407407407,0.0,1.4814814814814814,0.0,0.7407407407407407,0.0,2.962962962962963,2.2222222222222223,0.4285714285714285,3
train,audio_552.wav,1.550387596899225,0.0,0.0,0.0,0.0,0.7751937984496124,0.7751937984496124,0.0,0.0,3.10077519379845,2.3255813953488373,0.4,3
train,audio_514.wav,0.0,0.0,1.1363636363636365,0.0,1.1363636363636365,4.545454545454546,1.1363636363636365,0.0,0.0,7.954545454545454,6.818181818181818,1.0,6
train,audio_593.wav,0.0,0.0,0.8064516129032258,0.0,0.0,0.0,0.8064516129032258,0.0,0.0,1.6129032258064515,0.8064516129032258,0.4,1
train,audio_565.wav,2.816901408450704,0.0,1.408450704225352,8.450704225352112,0.0,1.408450704225352,1.408450704225352,0.0,0.0,15.492957746478874,14.084507042253522,0.5,10
train,audio_140.wav,0.0,1.3157894736842106,2.631578947368421,0.0,0.0,1.3157894736842106,0.0,1.3157894736842106,0.0,6.578947368421052,5.2631578947368425,0.4,4
train,audio_117.wav,2.898550724637681,1.4492753623188406,0.0,1.4492753623188406,0.0,2.898550724637681,0.0,0.0,0.0,8.695652173913043,8.695652173913043,0.75,6
train,audio_495.wav,0.7575757575757576,0.0,0.7575757575757576,0.7575757575757576,0.0,1.5151515151515151,0.0,0.0,0.0,3.787878787878788,3.787878787878788,0.7142857142857143,5
train,audio_652.wav,0.0,0.0,0.0,0.0,0.0,0.0,0.0,0.0,0.0,0.0,0.0,0.0,0
train,audio_645.wav,1.834862385321101,0.0,0.0,0.0,0.0,1.834862385321101,1.834862385321101,0.0,0.0,5.504587155963303,3.669724770642202,0.75,4
train,audio_242.wav,1.5625,0.0,0.0,0.0,0.0,1.5625,1.5625,0.0,0.0,4.6875,3.125,0.5,2
train,audio_4.wav,0.0,0.0,0.99009900990099,0.0,0.0,0.0,1.98019801980198,0.0,0.0,2.9702970297029703,0.99009900990099,0.4,1
train,audio_93.wav,1.0101010101010102,0.0,0.0,2.0202020202020203,0.0,2.0202020202020203,1.0101010101010102,0.0,0.0,6.0606060606060606,5.05050505050505,0.75,5
train,audio_582.wav,7.894736842105263,0.0,0.0,0.0,2.631578947368421,0.0,0.0,0.0,0.0,10.526315789473683,10.526315789473683,1.0,4
train,audio_222.wav,0.0,0.0,0.0,2.061855670103093,0.0,0.0,0.0,1.0309278350515465,0.0,3.09278350515464,2.061855670103093,0.375,2
train,audio_5042.wav,0.0,1.492537313432836,0.0,0.0,0.0,0.0,1.492537313432836,0.0,0.0,2.985074626865672,1.492537313432836,0.25,1
train,audio_253.wav,1.639344262295082,3.278688524590164,0.0,0.0,0.0,3.278688524590164,0.0,1.639344262295082,0.0,9.836065573770492,8.19672131147541,1.0,5
train,audio_167.wav,0.7874015748031497,0.7874015748031497,2.3622047244094486,1.5748031496062993,0.0,0.7874015748031497,0.0,0.0,0.0,6.299212598425197,6.299212598425197,0.4545454545454545,8
train,audio_583.wav,0.0,0.0,0.9615384615384616,3.8461538461538463,0.0,0.9615384615384616,0.9615384615384616,0.0,0.0,6.730769230769231,5.769230769230769,0.7142857142857143,6
train,audio_682.wav,1.550387596899225,0.7751937984496124,0.7751937984496124,0.7751937984496124,0.7751937984496124,0.7751937984496124,0.0,0.0,0.0,5.426356589147287,5.426356589147287,0.4285714285714285,7
train,audio_5045.wav,0.0,0.0,1.2195121951219512,0.0,0.0,1.2195121951219512,0.0,1.2195121951219512,0.0,3.658536585365854,2.4390243902439024,0.375,2
train,audio_173.wav,1.5873015873015872,0.0,2.380952380952381,0.0,0.0,2.380952380952381,1.5873015873015872,0.0,0.0,7.936507936507937,6.349206349206349,1.0,8
train,audio_338.wav,1.2903225806451613,0.0,0.0,0.0,0.0,1.935483870967742,0.6451612903225806,0.0,0.0,3.870967741935484,3.225806451612903,0.5,5
train,audio_188.wav,0.0,0.0,0.0,0.0,0.0,0.8,0.8,0.0,0.0,1.6,0.8,0.2222222222222222,1
train,audio_59.wav,0.9615384615384616,0.0,0.0,0.0,0.0,0.0,0.0,0.0,0.0,0.9615384615384616,0.9615384615384616,0.25,1
train,audio_318.wav,0.0,0.0,0.0,0.0,0.0,0.8,1.6,0.0,0.0,2.4,0.8,0.75,1
train,audio_17.wav,0.0,0.0,0.9090909090909092,0.9090909090909092,0.9090909090909092,0.9090909090909092,0.0,0.0,0.0,3.636363636363636,3.636363636363636,0.6,4
train,audio_551.wav,0.0,0.0,0.8849557522123894,2.6548672566371683,0.0,2.6548672566371683,1.7699115044247788,0.8849557522123894,0.0,8.849557522123893,6.1946902654867255,0.6,7
train,audio_275.wav,0.0,0.0,0.0,0.0,0.0,3.508771929824561,0.0,0.0,0.0,3.508771929824561,3.508771929824561,0.5,2
train,audio_368.wav,0.7751937984496124,0.0,0.0,0.0,0.0,0.7751937984496124,0.0,0.0,0.0,1.550387596899225,1.550387596899225,0.2,2
train,audio_730.wav,0.0,0.0,0.0,0.0,0.0,3.8461538461538463,0.0,0.0,0.0,3.8461538461538463,3.8461538461538463,0.3333333333333333,2
train,audio_5060.wav,0.0,0.0,0.0,0.0,0.0,0.0,2.0,0.0,0.0,2.0,0.0,0.3333333333333333,0
train,audio_685.wav,0.0,0.8695652173913043,0.0,0.0,0.0,2.608695652173913,1.7391304347826086,0.0,0.0,5.217391304347826,3.4782608695652173,0.75,4
train,audio_7.wav,0.0,0.0,0.0,1.4285714285714286,0.0,1.4285714285714286,2.857142857142857,0.0,0.0,5.714285714285714,2.857142857142857,1.0,2
train,audio_204.wav,0.0,0.0,0.7575757575757576,0.0,0.0,0.0,0.0,0.0,0.0,0.7575757575757576,0.7575757575757576,0.1111111111111111,1
train,audio_5064.wav,0.0,1.5384615384615383,1.5384615384615383,0.0,1.5384615384615383,0.0,0.0,0.0,0.0,4.615384615384615,4.615384615384615,0.5,3
train,audio_127.wav,0.0,2.3255813953488373,1.162790697674419,0.0,1.162790697674419,3.488372093023256,0.0,1.162790697674419,1.162790697674419,10.465116279069768,8.13953488372093,0.8333333333333334,7
train,audio_412.wav,2.272727272727273,2.272727272727273,2.272727272727273,2.272727272727273,2.272727272727273,11.363636363636363,0.0,0.0,0.0,22.727272727272727,22.727272727272727,1.0,10
train,audio_132.wav,2.816901408450704,1.408450704225352,0.0,0.0,0.0,2.816901408450704,0.0,0.0,0.0,7.042253521126761,7.042253521126761,1.0,5
train,audio_156.wav,0.0,1.941747572815534,0.0,0.0,0.0,0.0,0.970873786407767,0.970873786407767,0.0,3.883495145631068,1.941747572815534,0.375,2
train,audio_426.wav,0.0,0.0,0.0,0.0,0.0,6.024096385542169,0.0,0.0,0.0,6.024096385542169,6.024096385542169,1.0,5
train,audio_709.wav,0.0,0.0,0.0,0.9345794392523364,0.0,0.0,0.0,0.0,0.0,0.9345794392523364,0.9345794392523364,0.25,1
train,audio_291.wav,0.0,0.0,0.0,0.0,0.0,1.1494252873563218,0.0,0.0,0.0,1.1494252873563218,1.1494252873563218,0.1428571428571428,1
train,audio_523.wav,0.0,0.9174311926605504,0.0,0.0,0.0,0.9174311926605504,0.0,0.9174311926605504,0.0,2.752293577981652,1.834862385321101,0.25,2
train,audio_632.wav,0.0,1.941747572815534,0.0,0.0,0.0,0.0,0.970873786407767,0.0,0.0,2.912621359223301,1.941747572815534,0.5,2
train,audio_684.wav,0.0,1.834862385321101,0.0,0.9174311926605504,0.0,1.834862385321101,1.834862385321101,0.0,0.0,6.422018348623853,4.587155963302752,0.75,5
train,audio_512.wav,0.0,0.0,4.545454545454546,4.545454545454546,0.0,0.0,0.0,0.0,0.0,9.090909090909092,9.090909090909092,1.0,4
train,audio_764.wav,0.7194244604316546,0.7194244604316546,0.0,0.7194244604316546,0.0,1.4388489208633093,0.0,0.0,0.0,3.597122302158273,3.597122302158273,0.5555555555555556,5
train,audio_585.wav,0.746268656716418,0.0,0.746268656716418,0.0,0.0,7.462686567164179,0.0,0.0,0.0,8.955223880597014,8.955223880597014,0.8333333333333334,12
train,audio_562.wav,0.0,0.0,0.0,0.8771929824561403,0.0,0.8771929824561403,0.8771929824561403,0.0,0.0,2.631578947368421,1.7543859649122806,0.2857142857142857,2
train,audio_465.wav,0.0,0.0,3.603603603603604,1.8018018018018016,0.0,1.8018018018018016,0.0,0.0,0.0,7.207207207207207,7.207207207207207,0.6,8
train,audio_37.wav,0.0,0.0,0.99009900990099,0.0,0.0,1.98019801980198,0.99009900990099,0.0,0.0,3.96039603960396,2.9702970297029703,0.3333333333333333,3
train,audio_47.wav,1.098901098901099,0.0,0.0,1.098901098901099,0.0,2.197802197802198,0.0,0.0,0.0,4.395604395604396,4.395604395604396,1.0,4
train,audio_233.wav,0.0,1.2048192771084338,1.2048192771084338,0.0,1.2048192771084338,2.409638554216868,0.0,0.0,0.0,6.024096385542169,6.024096385542169,0.6666666666666666,5
train,audio_621.wav,0.0,0.0,0.0,0.0,0.0,0.7751937984496124,0.0,0.0,0.0,0.7751937984496124,0.7751937984496124,0.25,1
train,audio_590.wav,0.0,1.1111111111111112,1.1111111111111112,0.0,0.0,1.1111111111111112,0.0,0.0,0.0,3.333333333333333,3.333333333333333,0.75,3
train,audio_349.wav,1.0526315789473684,0.0,0.0,1.0526315789473684,0.0,0.0,1.0526315789473684,0.0,0.0,3.1578947368421053,2.1052631578947367,0.1666666666666666,2
train,audio_387.wav,0.9523809523809524,0.0,0.0,0.9523809523809524,0.0,0.0,0.9523809523809524,0.0,0.0,2.857142857142857,1.9047619047619049,0.2857142857142857,2
train,audio_630.wav,0.0,0.0,0.0,0.0,0.0,3.2,0.8,0.0,0.0,4.0,3.2,0.5,4
train,audio_5046.wav,1.709401709401709,0.0,0.0,0.0,0.0,2.5641025641025643,0.0,0.0,0.0,4.273504273504273,4.273504273504273,0.375,5
train,audio_183.wav,0.0,0.0,0.0,0.0,0.0,0.0,3.225806451612903,0.0,0.0,3.225806451612903,0.0,0.3333333333333333,0
train,audio_607.wav,0.0,0.0,0.0,0.0,0.0,4.132231404958677,0.0,0.0,0.0,4.132231404958677,4.132231404958677,0.75,5
train,audio_133.wav,3.225806451612903,0.0,0.0,0.0,0.0,1.075268817204301,1.075268817204301,0.0,0.0,5.376344086021505,4.301075268817204,0.5,4
train,audio_443.wav,1.1111111111111112,0.0,0.0,0.0,0.0,0.0,1.1111111111111112,0.0,0.0,2.2222222222222223,1.1111111111111112,0.6666666666666666,1
train,audio_55.wav,1.1111111111111112,0.0,1.1111111111111112,0.0,0.0,2.2222222222222223,0.0,0.0,0.0,4.444444444444445,4.444444444444445,0.6666666666666666,4
train,audio_686.wav,0.0,0.0,0.0,0.0,0.0,3.225806451612903,1.6129032258064515,1.6129032258064515,0.0,6.451612903225806,3.225806451612903,1.0,2
train,audio_740.wav,0.0,0.0,0.0,0.0,0.0,0.0,1.694915254237288,0.0,0.0,1.694915254237288,0.0,0.3333333333333333,0
train,audio_699.wav,0.0,0.0,0.0,0.0,0.0,0.0,0.0,0.0,0.0,0.0,0.0,0.0,0
train,audio_44.wav,0.0,0.0,0.0,0.0,0.0,0.0,0.0,0.0,0.0,0.0,0.0,0.0,0
train,audio_500.wav,0.0,0.0,1.0309278350515465,1.0309278350515465,0.0,3.09278350515464,1.0309278350515465,0.0,0.0,6.185567010309279,5.154639175257732,1.0,5
train,audio_265.wav,2.6666666666666665,0.0,0.0,0.0,0.0,5.333333333333333,1.3333333333333333,0.0,0.0,9.333333333333334,8.0,1.0,6
train,audio_125.wav,1.2048192771084338,1.2048192771084338,3.614457831325301,0.0,0.0,2.409638554216868,0.0,0.0,0.0,8.433734939759036,8.433734939759036,0.6666666666666666,7
train,audio_413.wav,1.162790697674419,0.0,0.0,0.0,0.0,1.162790697674419,1.162790697674419,0.0,0.0,3.488372093023256,2.3255813953488373,0.5,2
train,audio_256.wav,0.0,0.0,1.9230769230769231,0.0,0.0,0.0,0.9615384615384616,0.0,0.0,2.8846153846153846,1.9230769230769231,0.4,2
train,audio_350.wav,0.819672131147541,0.0,0.0,0.0,0.0,2.459016393442623,0.0,1.639344262295082,0.0,4.918032786885246,3.278688524590164,0.6666666666666666,4
train,audio_364.wav,0.0,0.0,0.0,0.7751937984496124,0.0,0.7751937984496124,0.0,0.0,0.0,1.550387596899225,1.550387596899225,0.25,2
train,audio_131.wav,0.0,0.0,0.0,4.545454545454546,0.0,0.0,0.0,0.0,0.0,4.545454545454546,4.545454545454546,0.6,3
train,audio_168.wav,0.0,0.0,0.0,1.1111111111111112,0.0,4.444444444444445,0.0,0.0,0.0,5.555555555555555,5.555555555555555,0.5,5
train,audio_557.wav,0.0,0.0,0.0,0.0,1.020408163265306,3.061224489795918,1.020408163265306,0.0,0.0,5.1020408163265305,4.081632653061225,1.0,4
train,audio_670.wav,0.7575757575757576,0.0,0.0,0.7575757575757576,0.0,5.303030303030303,2.272727272727273,0.0,0.0,9.090909090909092,6.818181818181818,0.6,9
train,audio_342.wav,0.0,0.0,0.0,0.0,0.0,0.9523809523809524,0.0,0.9523809523809524,0.0,1.9047619047619049,0.9523809523809524,0.4,1
train,audio_2.wav,2.3255813953488373,0.0,0.0,1.162790697674419,0.0,1.162790697674419,0.0,0.0,0.0,4.651162790697675,4.651162790697675,0.4285714285714285,4
train,audio_5048.wav,1.2345679012345678,0.0,0.0,0.0,0.0,1.2345679012345678,0.0,0.0,0.0,2.469135802469136,2.469135802469136,0.2222222222222222,2
train,audio_741.wav,0.0,0.0,0.0,0.0,0.0,0.0,0.0,0.0,0.0,0.0,0.0,0.0,0
train,audio_294.wav,1.1764705882352942,0.0,0.0,0.0,0.0,0.0,1.1764705882352942,0.0,0.0,2.3529411764705883,1.1764705882352942,0.5,1
train,audio_370.wav,0.0,0.0,0.746268656716418,0.746268656716418,0.0,0.746268656716418,0.0,0.0,0.0,2.238805970149253,2.238805970149253,0.4285714285714285,3
train,audio_417.wav,0.0,0.0,0.0,0.7692307692307693,0.0,3.076923076923077,0.7692307692307693,0.0,0.0,4.615384615384615,3.8461538461538463,0.8,5
train,audio_753.wav,1.0638297872340423,0.0,0.0,0.0,0.0,2.127659574468085,3.191489361702128,0.0,0.0,6.382978723404255,3.191489361702128,0.4,3
train,audio_533.wav,1.3605442176870748,0.0,0.0,1.3605442176870748,0.0,3.401360544217687,0.6802721088435374,0.0,0.0,6.802721088435374,6.122448979591836,0.5714285714285714,9
train,audio_239.wav,0.0,0.0,0.0,0.0,0.0,0.704225352112676,0.0,0.0,0.0,0.704225352112676,0.704225352112676,0.125,1
train,audio_566.wav,1.1494252873563218,0.0,1.1494252873563218,4.597701149425287,0.0,2.2988505747126435,0.0,1.1494252873563218,0.0,10.344827586206897,9.195402298850574,0.8571428571428571,8
train,audio_736.wav,0.0,0.8264462809917356,0.0,0.0,0.0,1.6528925619834711,0.0,0.0,0.0,2.479338842975207,2.479338842975207,0.3333333333333333,3
train,audio_541.wav,0.0,0.0,0.0,0.0,1.1363636363636365,4.545454545454546,2.272727272727273,0.0,0.0,7.954545454545454,5.681818181818182,0.75,5
train,audio_531.wav,0.0,1.834862385321101,0.0,0.9174311926605504,0.0,0.9174311926605504,1.834862385321101,0.0,0.0,5.504587155963303,3.669724770642202,0.6666666666666666,4
train,audio_280.wav,0.0,0.0,0.0,0.9345794392523364,0.0,0.9345794392523364,0.0,0.0,0.0,1.8691588785046729,1.8691588785046729,0.25,2
train,audio_33.wav,2.409638554216868,0.0,0.0,0.0,0.0,0.0,0.0,0.0,0.0,2.409638554216868,2.409638554216868,0.5,2
train,audio_307.wav,0.0,0.0,0.6993006993006993,0.0,0.0,0.6993006993006993,1.3986013986013983,0.0,0.0,2.797202797202797,1.3986013986013983,0.3333333333333333,2
train,audio_617.wav,0.0,1.0638297872340423,0.0,0.0,0.0,2.127659574468085,0.0,0.0,0.0,3.191489361702128,3.191489361702128,0.3333333333333333,3
train,audio_613.wav,0.7633587786259542,0.0,0.0,0.0,0.0,0.7633587786259542,0.0,0.0,0.0,1.5267175572519085,1.5267175572519085,0.1666666666666666,2
train,audio_472.wav,0.0,0.0,0.0,0.0,0.0,0.0,0.0,0.0,0.0,0.0,0.0,0.0,0
train,audio_568.wav,0.0,0.0,0.0,1.1363636363636365,0.0,2.272727272727273,0.0,0.0,0.0,3.409090909090909,3.409090909090909,0.2857142857142857,3
train,audio_521.wav,0.0,0.0,0.7633587786259542,0.7633587786259542,0.0,1.5267175572519085,0.0,0.0,0.0,3.053435114503817,3.053435114503817,0.3,4
train,audio_401.wav,0.0,0.0,0.7692307692307693,0.7692307692307693,0.0,1.5384615384615383,2.3076923076923075,0.0,0.0,5.384615384615385,3.076923076923077,0.5,4
train,audio_573.wav,0.0,0.0,0.0,1.0638297872340423,0.0,5.319148936170213,0.0,0.0,0.0,6.382978723404255,6.382978723404255,1.0,6
train,audio_180.wav,0.8695652173913043,0.0,0.0,0.0,0.0,1.7391304347826086,0.8695652173913043,0.0,0.0,3.4782608695652173,2.608695652173913,1.0,3
train,audio_320.wav,0.0,1.7241379310344829,0.0,0.0,0.0,0.0,0.0,0.0,0.0,1.7241379310344829,1.7241379310344829,0.2,1
train,audio_85.wav,0.0,0.0,0.0,0.0,0.0,2.3255813953488373,0.0,0.0,0.0,2.3255813953488373,2.3255813953488373,0.5,2
train,audio_296.wav,0.0,0.0,0.0,0.0,0.0,0.970873786407767,0.970873786407767,0.0,0.0,1.941747572815534,0.970873786407767,0.5,1
train,audio_250.wav,0.0,0.0,2.702702702702702,0.0,0.0,0.0,0.0,0.0,0.0,2.702702702702702,2.702702702702702,0.5,1
train,audio_346.wav,0.0,0.0,0.0,0.8333333333333334,0.0,0.0,0.0,0.0,0.8333333333333334,1.6666666666666667,0.8333333333333334,0.25,1
train,audio_335.wav,0.0,0.0,0.0,0.0,0.0,0.0,0.99009900990099,0.0,0.0,0.99009900990099,0.0,0.25,0
train,audio_20.wav,0.0,1.1235955056179776,0.0,0.0,1.1235955056179776,4.49438202247191,1.1235955056179776,0.0,0.0,7.865168539325842,6.741573033707865,1.0,6
train,audio_5071.wav,1.851851851851852,0.0,0.0,1.851851851851852,1.851851851851852,0.0,0.0,1.851851851851852,0.0,7.407407407407407,5.555555555555555,0.6666666666666666,3
train,audio_558.wav,0.0,0.0,1.2345679012345678,1.2345679012345678,0.0,3.703703703703704,0.0,0.0,0.0,6.172839506172839,6.172839506172839,0.3333333333333333,5
train,audio_289.wav,1.7241379310344829,3.4482758620689653,1.7241379310344829,0.0,0.0,1.7241379310344829,0.0,1.7241379310344829,0.0,10.344827586206897,8.620689655172415,1.0,5
train,audio_620.wav,0.0,0.0,0.0,0.0,0.0,0.0,0.0,0.0,0.0,0.0,0.0,0.0,0
train,audio_665.wav,0.0,2.1739130434782608,1.0869565217391304,1.0869565217391304,0.0,1.0869565217391304,0.0,1.0869565217391304,0.0,6.521739130434782,5.434782608695652,0.4,5
train,audio_751.wav,0.8264462809917356,0.0,0.0,0.8264462809917356,0.0,0.8264462809917356,0.0,0.0,0.0,2.479338842975207,2.479338842975207,0.4,3
train,audio_442.wav,1.4285714285714286,0.0,1.4285714285714286,1.4285714285714286,0.0,4.285714285714286,0.0,0.0,0.0,8.571428571428571,8.571428571428571,1.0,6
train,audio_362.wav,0.0,0.7299270072992701,0.0,0.0,0.0,0.0,0.0,0.0,0.0,0.7299270072992701,0.7299270072992701,0.1666666666666666,1
train,audio_311.wav,1.1494252873563218,0.0,0.0,1.1494252873563218,0.0,1.1494252873563218,0.0,0.0,0.0,3.4482758620689653,3.4482758620689653,0.4,3
train,audio_724.wav,0.0,0.0,0.0,0.746268656716418,0.0,0.746268656716418,0.0,0.0,0.0,1.492537313432836,1.492537313432836,0.25,2
train,audio_39.wav,1.075268817204301,0.0,0.0,1.075268817204301,0.0,1.075268817204301,2.150537634408602,0.0,0.0,5.376344086021505,3.225806451612903,0.4,3
train,audio_290.wav,0.0,0.0,0.0,0.0,0.0,0.0,0.0,0.0,0.0,0.0,0.0,0.0,0
train,audio_23.wav,0.0,0.0,1.408450704225352,0.0,0.0,0.0,0.0,0.0,0.0,1.408450704225352,1.408450704225352,0.3333333333333333,1
train,audio_624.wav,0.0,0.0,0.0,0.0,1.1363636363636365,5.681818181818182,0.0,0.0,0.0,6.818181818181818,6.818181818181818,0.5,6
train,audio_206.wav,0.0,0.704225352112676,0.0,0.0,0.0,0.704225352112676,0.0,0.0,0.0,1.408450704225352,1.408450704225352,0.2,2
train,audio_288.wav,1.2195121951219512,0.0,0.0,0.0,0.0,0.0,0.0,0.0,0.0,1.2195121951219512,1.2195121951219512,0.1666666666666666,1
train,audio_60.wav,0.0,1.2820512820512822,0.0,1.2820512820512822,0.0,3.8461538461538463,0.0,0.0,0.0,6.410256410256411,6.410256410256411,1.0,5
train,audio_80.wav,1.8867924528301887,2.830188679245283,0.9433962264150944,1.8867924528301887,0.0,1.8867924528301887,0.9433962264150944,0.0,0.0,10.37735849056604,9.433962264150944,0.8,10
train,audio_214.wav,0.0,0.7194244604316546,0.0,0.0,0.0,1.4388489208633093,0.0,0.0,0.0,2.158273381294964,2.158273381294964,0.25,3
train,audio_599.wav,0.0,0.0,0.0,0.0,0.0,1.6260162601626016,0.8130081300813008,0.0,0.0,2.4390243902439024,1.6260162601626016,0.75,2
train,audio_5063.wav,1.3888888888888888,0.0,0.0,0.0,0.0,1.3888888888888888,0.0,1.3888888888888888,0.0,4.166666666666667,2.7777777777777777,0.5,2
train,audio_207.wav,0.0,0.0,0.0,0.0,0.0,0.0,0.0,0.0,0.0,0.0,0.0,0.0,0
train,audio_438.wav,0.0,1.4285714285714286,0.0,1.4285714285714286,0.0,1.4285714285714286,0.0,0.0,0.0,4.285714285714286,4.285714285714286,0.5,3
train,audio_332.wav,0.0,0.0,0.0,0.0,0.0,1.6,0.0,0.0,0.0,1.6,1.6,0.2857142857142857,2
train,audio_159.wav,0.0,0.0,2.061855670103093,0.0,0.0,4.123711340206185,1.0309278350515465,0.0,0.0,7.216494845360825,6.185567010309279,1.0,6
train,audio_478.wav,0.0,0.0,2.702702702702702,0.0,0.0,2.702702702702702,1.351351351351351,0.0,0.0,6.756756756756757,5.405405405405405,0.6666666666666666,4
train,audio_46.wav,1.0526315789473684,0.0,0.0,0.0,0.0,0.0,0.0,0.0,0.0,1.0526315789473684,1.0526315789473684,0.1428571428571428,1
train,audio_130.wav,1.1494252873563218,0.0,0.0,0.0,1.1494252873563218,2.2988505747126435,0.0,0.0,0.0,4.597701149425287,4.597701149425287,0.5,4
train,audio_437.wav,0.0,0.0,1.6129032258064515,0.0,0.0,0.0,0.0,0.0,0.0,1.6129032258064515,1.6129032258064515,0.1666666666666666,1
train,audio_771.wav,0.0,0.0,0.0,0.8620689655172413,0.0,1.7241379310344829,0.0,0.0,0.0,2.586206896551724,2.586206896551724,0.4,3
train,audio_759.wav,0.9174311926605504,0.0,0.0,0.9174311926605504,0.0,2.752293577981652,0.9174311926605504,0.0,0.0,5.504587155963303,4.587155963302752,0.5,5
train,audio_25.wav,1.162790697674419,1.162790697674419,0.0,1.162790697674419,1.162790697674419,1.162790697674419,0.0,0.0,0.0,5.813953488372093,5.813953488372093,0.6666666666666666,5
train,audio_191.wav,0.0,0.0,0.0,1.818181818181818,0.0,0.0,0.0,0.0,1.818181818181818,3.636363636363636,1.818181818181818,0.5,1
train,audio_182.wav,0.0,0.0,0.0,0.0,0.0,2.3255813953488373,0.0,0.0,0.0,2.3255813953488373,2.3255813953488373,0.5,1
train,audio_236.wav,1.3888888888888888,0.0,0.0,1.3888888888888888,1.3888888888888888,1.3888888888888888,1.3888888888888888,0.0,0.0,6.944444444444445,5.555555555555555,0.2,4
train,audio_24.wav,1.020408163265306,0.0,0.0,1.020408163265306,0.0,1.020408163265306,2.0408163265306123,0.0,0.0,5.1020408163265305,3.061224489795918,0.6666666666666666,3
train,audio_428.wav,0.7633587786259542,0.7633587786259542,1.5267175572519085,0.7633587786259542,1.5267175572519085,4.580152671755725,0.0,0.0,0.0,9.923664122137405,9.923664122137405,0.75,13
train,audio_678.wav,0.0,0.0,0.0,0.7751937984496124,0.0,1.550387596899225,0.7751937984496124,0.0,0.0,3.10077519379845,2.3255813953488373,0.2307692307692307,3
train,audio_591.wav,0.0,0.0,0.0,1.851851851851852,0.0,1.851851851851852,0.0,0.0,0.0,3.703703703703704,3.703703703703704,0.3333333333333333,2
train,audio_597.wav,0.0,0.0,0.0,0.7352941176470589,0.0,1.4705882352941178,1.4705882352941178,0.0,0.0,3.676470588235294,2.2058823529411766,0.6,3
train,audio_580.wav,1.3157894736842106,1.3157894736842106,0.0,2.631578947368421,0.0,1.3157894736842106,0.0,0.0,0.0,6.578947368421052,6.578947368421052,0.6,5
train,audio_19.wav,0.99009900990099,0.99009900990099,0.0,0.0,0.0,0.0,0.0,0.0,0.0,1.98019801980198,1.98019801980198,0.3333333333333333,2
train,audio_476.wav,0.0,1.020408163265306,0.0,1.020408163265306,0.0,3.061224489795918,0.0,0.0,0.0,5.1020408163265305,5.1020408163265305,0.75,5
train,audio_375.wav,0.0,0.0,0.0,0.0,2.380952380952381,0.0,0.0,0.0,0.0,2.380952380952381,2.380952380952381,0.5,1
train,audio_642.wav,0.0,0.0,0.0,0.0,0.0,0.0,0.0,0.0,0.0,0.0,0.0,0.0,0
train,audio_66.wav,0.0,4.166666666666667,0.0,0.0,0.0,4.166666666666667,0.0,0.0,0.0,8.333333333333334,8.333333333333334,1.0,4
train,audio_186.wav,0.0,0.0,0.0,0.0,0.7194244604316546,2.158273381294964,2.158273381294964,0.0,0.0,5.035971223021583,2.8776978417266186,0.5714285714285714,4
train,audio_713.wav,2.112676056338028,0.0,0.0,0.0,0.0,1.408450704225352,0.0,0.0,0.0,3.5211267605633805,3.5211267605633805,0.75,5
train,audio_354.wav,0.8695652173913043,0.0,0.0,0.0,0.0,3.4782608695652173,0.0,0.0,0.0,4.3478260869565215,4.3478260869565215,0.3333333333333333,5
train,audio_768.wav,0.0,0.0,0.6896551724137931,0.0,0.0,0.0,0.6896551724137931,0.0,0.0,1.3793103448275863,0.6896551724137931,0.0909090909090909,1
train,audio_14.wav,1.3157894736842106,0.0,0.0,1.3157894736842106,0.0,0.0,0.0,0.0,0.0,2.631578947368421,2.631578947368421,0.25,2
train,audio_208.wav,0.0,0.0,0.0,0.8333333333333334,0.0,1.6666666666666667,0.0,0.0,0.0,2.5,2.5,0.2857142857142857,3
train,audio_418.wav,0.9345794392523364,0.0,0.9345794392523364,0.9345794392523364,0.0,0.9345794392523364,0.0,0.0,0.0,3.7383177570093458,3.7383177570093458,0.4285714285714285,4
train,audio_212.wav,0.6944444444444444,0.0,0.0,0.6944444444444444,0.0,1.3888888888888888,0.0,0.0,0.0,2.7777777777777777,2.7777777777777777,0.1818181818181818,4
train,audio_177.wav,0.9009009009009008,0.0,0.0,1.8018018018018016,0.0,4.504504504504505,0.0,0.0,0.0,7.207207207207207,7.207207207207207,0.3636363636363636,8
train,audio_503.wav,1.5267175572519085,0.0,0.7633587786259542,3.053435114503817,0.0,1.5267175572519085,0.0,0.0,0.0,6.870229007633588,6.870229007633588,0.5714285714285714,9
train,audio_564.wav,3.92156862745098,0.0,0.0,0.0,0.0,3.92156862745098,1.96078431372549,0.0,0.0,9.803921568627452,7.84313725490196,1.0,4
train,audio_257.wav,2.061855670103093,0.0,1.0309278350515465,1.0309278350515465,0.0,3.09278350515464,1.0309278350515465,0.0,0.0,8.24742268041237,7.216494845360825,1.0,7
train,audio_408.wav,0.0,0.0,0.0,0.0,0.0,0.0,0.0,0.0,0.0,0.0,0.0,0.0,0
train,audio_468.wav,0.0,0.9090909090909092,0.0,0.9090909090909092,0.0,3.636363636363636,0.9090909090909092,0.0,0.0,6.363636363636363,5.454545454545454,0.8333333333333334,6
train,audio_574.wav,0.8,0.0,0.0,0.0,0.0,1.6,0.0,0.0,0.0,2.4,2.4,0.3333333333333333,3
train,audio_26.wav,0.8620689655172413,0.0,0.0,0.8620689655172413,0.0,0.8620689655172413,0.0,0.0,0.0,2.586206896551724,2.586206896551724,0.5,3
train,audio_480.wav,0.0,0.0,0.0,0.8403361344537815,0.8403361344537815,0.8403361344537815,1.680672268907563,0.0,0.0,4.201680672268908,2.5210084033613445,1.0,3
train,audio_706.wav,0.0,0.0,0.7299270072992701,0.7299270072992701,0.7299270072992701,2.18978102189781,0.0,0.0,0.0,4.37956204379562,4.37956204379562,0.4,6
train,audio_57.wav,0.8403361344537815,0.0,0.8403361344537815,0.8403361344537815,0.0,4.201680672268908,0.8403361344537815,0.0,0.0,7.563025210084033,6.722689075630252,1.0,8
train,audio_209.wav,0.0,0.0,0.0,0.0,0.0,1.6666666666666667,0.8333333333333334,0.0,0.0,2.5,1.6666666666666667,0.6,2
train,audio_712.wav,0.7299270072992701,0.0,0.0,0.7299270072992701,0.0,2.18978102189781,0.0,0.0,0.0,3.6496350364963503,3.6496350364963503,0.2857142857142857,5
train,audio_353.wav,0.0,0.0,0.0,0.0,0.0,2.380952380952381,1.1904761904761905,0.0,0.0,3.571428571428572,2.380952380952381,1.0,2
train,audio_575.wav,0.0,0.0,0.0,0.0,0.0,0.8547008547008547,0.8547008547008547,0.0,0.0,1.709401709401709,0.8547008547008547,0.5,1
train,audio_383.wav,0.0,0.0,0.0,1.3157894736842106,0.0,2.631578947368421,0.0,0.0,0.0,3.947368421052632,3.947368421052632,0.5,3
train,audio_781.wav,0.0,0.0,0.0,0.0,1.098901098901099,2.197802197802198,1.098901098901099,0.0,0.0,4.395604395604396,3.2967032967032965,0.4,3
train,audio_118.wav,0.0,0.0,0.0,0.0,0.0,0.0,0.0,0.0,0.0,0.0,0.0,0.0,0
train,audio_337.wav,0.6944444444444444,0.6944444444444444,0.0,0.0,0.0,4.166666666666667,0.6944444444444444,0.0,0.0,6.25,5.555555555555555,0.5,8
train,audio_715.wav,0.0,0.704225352112676,0.704225352112676,0.0,0.0,1.408450704225352,0.0,0.0,0.0,2.816901408450704,2.816901408450704,0.3333333333333333,4
train,audio_323.wav,0.0,0.0,0.0,0.0,0.0,1.098901098901099,0.0,0.0,0.0,1.098901098901099,1.098901098901099,0.2,1
train,audio_374.wav,0.0,0.0,0.0,0.0,0.0,2.6666666666666665,1.3333333333333333,0.0,0.0,4.0,2.6666666666666665,1.0,2
train,audio_348.wav,0.0,0.0,0.0,0.0,0.0,1.36986301369863,1.36986301369863,0.0,0.0,2.73972602739726,1.36986301369863,0.6666666666666666,1
train,audio_547.wav,0.0,0.0,1.2987012987012987,1.2987012987012987,0.0,1.2987012987012987,0.0,0.0,0.0,3.896103896103896,3.896103896103896,0.25,3
train,audio_41.wav,0.0,0.0,0.0,0.0,0.0,0.99009900990099,0.0,0.0,0.0,0.99009900990099,0.99009900990099,0.3333333333333333,1
train,audio_284.wav,0.0,0.0,0.0,0.0,0.0,1.834862385321101,1.834862385321101,0.0,0.0,3.669724770642202,1.834862385321101,0.6666666666666666,2
train,audio_13.wav,0.0,0.0,0.0,0.0,0.0,1.834862385321101,2.752293577981652,0.0,0.0,4.587155963302752,1.834862385321101,1.0,2
train,audio_548.wav,0.819672131147541,0.819672131147541,0.0,1.639344262295082,0.0,4.918032786885246,0.819672131147541,0.0,0.0,9.01639344262295,8.19672131147541,0.75,10
train,audio_687.wav,0.8333333333333334,0.0,0.0,0.0,0.0,2.5,0.0,0.0,0.0,3.333333333333333,3.333333333333333,0.4285714285714285,4
train,audio_104.wav,0.0,0.970873786407767,0.0,0.0,0.0,0.0,0.0,0.0,0.0,0.970873786407767,0.970873786407767,0.1666666666666666,1
train,audio_181.wav,0.0,1.020408163265306,0.0,1.020408163265306,0.0,1.020408163265306,0.0,0.0,0.0,3.061224489795918,3.061224489795918,0.75,3
train,audio_755.wav,0.0,0.0,0.0,1.0,0.0,1.0,1.0,0.0,0.0,3.0,2.0,0.4,2
train,audio_733.wav,0.0,0.0,0.0,0.0,0.0,0.7352941176470589,0.7352941176470589,0.7352941176470589,0.0,2.2058823529411766,0.7352941176470589,0.3333333333333333,1
train,audio_5072.wav,0.7575757575757576,0.0,0.0,0.7575757575757576,0.7575757575757576,2.272727272727273,0.0,0.0,0.0,4.545454545454546,4.545454545454546,0.7142857142857143,6
train,audio_776.wav,0.0,0.0,0.0,1.36986301369863,0.0,1.36986301369863,0.0,0.0,0.0,2.73972602739726,2.73972602739726,0.4,2
train,audio_70.wav,0.0,0.0,0.0,0.0,0.0,4.285714285714286,0.0,0.0,0.0,4.285714285714286,4.285714285714286,0.6666666666666666,3
train,audio_49.wav,0.0,0.0,0.0,1.0526315789473684,0.0,2.1052631578947367,1.0526315789473684,0.0,0.0,4.2105263157894735,3.1578947368421053,1.0,3
train,audio_527.wav,1.5625,0.0,0.0,0.78125,0.78125,0.0,0.0,0.0,0.0,3.125,3.125,0.3333333333333333,4
train,audio_273.wav,0.0,0.0,0.9615384615384616,0.0,0.0,0.0,0.0,0.0,0.0,0.9615384615384616,0.9615384615384616,0.125,1
train,audio_139.wav,0.0,0.0,1.639344262295082,1.639344262295082,0.0,1.639344262295082,3.278688524590164,0.0,0.0,8.19672131147541,4.918032786885246,0.5,3
train,audio_467.wav,0.0,0.8333333333333334,0.0,1.6666666666666667,0.0,3.333333333333333,0.8333333333333334,0.8333333333333334,0.0,7.5,5.833333333333333,0.8333333333333334,7
train,audio_407.wav,0.0,0.0,0.847457627118644,0.0,0.0,0.847457627118644,1.694915254237288,0.0,0.0,3.389830508474576,1.694915254237288,0.2,2
train,audio_404.wav,0.0,0.0,0.0,1.4814814814814814,0.0,2.2222222222222223,0.7407407407407407,0.0,0.0,4.444444444444445,3.703703703703704,0.5714285714285714,5
train,audio_534.wav,0.0,0.0,0.6493506493506493,0.6493506493506493,0.0,1.948051948051948,0.6493506493506493,0.0,0.0,3.896103896103896,3.2467532467532467,0.6,5
train,audio_96.wav,0.0,0.0,0.0,1.3157894736842106,0.0,3.947368421052632,0.0,0.0,0.0,5.2631578947368425,5.2631578947368425,0.5,4
train,audio_137.wav,2.197802197802198,0.0,1.098901098901099,2.197802197802198,0.0,2.197802197802198,0.0,0.0,0.0,7.6923076923076925,7.6923076923076925,0.5,7
train,audio_150.wav,0.8771929824561403,0.0,1.7543859649122806,0.0,0.0,2.631578947368421,0.8771929824561403,0.0,0.0,6.140350877192983,5.2631578947368425,0.6666666666666666,6
train,audio_339.wav,0.0,0.0,0.0,0.0,0.0,0.9523809523809524,0.0,0.0,0.0,0.9523809523809524,0.9523809523809524,0.2,1
train,audio_409.wav,0.0,0.0,0.0,0.8333333333333334,0.0,0.0,0.8333333333333334,0.0,0.0,1.6666666666666667,0.8333333333333334,0.1666666666666666,1
train,audio_78.wav,0.0,0.0,0.9615384615384616,0.9615384615384616,0.9615384615384616,4.807692307692308,0.9615384615384616,0.0,0.0,8.653846153846153,7.6923076923076925,1.0,8
train,audio_244.wav,0.0,0.0,1.96078431372549,3.92156862745098,0.0,0.9803921568627452,0.9803921568627452,0.0,0.0,7.84313725490196,6.862745098039215,1.0,7
train,audio_752.wav,1.2048192771084338,0.0,0.0,1.2048192771084338,0.0,2.409638554216868,0.0,0.0,0.0,4.819277108433735,4.819277108433735,0.75,4
train,audio_508.wav,0.8771929824561403,0.0,0.0,0.0,0.0,1.7543859649122806,0.0,0.0,0.0,2.631578947368421,2.631578947368421,0.375,3
train,audio_664.wav,2.6666666666666665,0.0,1.3333333333333333,0.0,0.0,1.3333333333333333,1.3333333333333333,0.0,0.0,6.666666666666667,5.333333333333333,1.0,4
train,audio_701.wav,0.0,0.0,1.1764705882352942,1.1764705882352942,0.0,0.0,1.1764705882352942,0.0,0.0,3.5294117647058822,2.3529411764705883,0.75,2
train,audio_5044.wav,0.0,0.0,0.0,0.0,0.0,0.0,0.0,0.0,0.0,0.0,0.0,0.0,0
train,audio_734.wav,0.0,0.0,0.0,0.0,0.0,1.639344262295082,0.819672131147541,0.0,0.0,2.459016393442623,1.639344262295082,0.3333333333333333,2
train,audio_51.wav,1.2658227848101269,0.0,0.0,0.0,0.0,0.0,0.0,0.0,0.0,1.2658227848101269,1.2658227848101269,0.1428571428571428,1
train,audio_704.wav,0.0,1.7857142857142858,0.0,1.7857142857142858,0.0,7.142857142857143,0.0,0.0,0.0,10.714285714285714,10.714285714285714,0.3333333333333333,6
train,audio_129.wav,0.0,0.0,1.1764705882352942,0.0,0.0,2.3529411764705883,0.0,0.0,0.0,3.5294117647058822,3.5294117647058822,0.4,3
train,audio_107.wav,0.0,0.0,0.0,0.0,0.0,1.7699115044247788,0.0,0.8849557522123894,0.0,2.6548672566371683,1.7699115044247788,0.3333333333333333,2
train,audio_143.wav,0.0,0.0,0.9009009009009008,0.9009009009009008,0.0,1.8018018018018016,0.0,0.9009009009009008,0.0,4.504504504504505,3.603603603603604,0.25,4
train,audio_458.wav,0.0,0.0,1.3986013986013983,0.0,0.0,1.3986013986013983,0.0,0.0,0.0,2.797202797202797,2.797202797202797,0.4,4
train,audio_424.wav,0.9615384615384616,0.9615384615384616,0.0,0.0,0.0,3.8461538461538463,0.0,0.0,0.0,5.769230769230769,5.769230769230769,1.0,6
train,audio_563.wav,1.851851851851852,0.925925925925926,0.0,0.0,1.851851851851852,2.7777777777777777,2.7777777777777777,0.0,0.0,10.185185185185183,7.407407407407407,1.0,8
train,audio_625.wav,1.3333333333333333,0.0,2.6666666666666665,1.3333333333333333,0.0,1.3333333333333333,0.0,0.0,0.0,6.666666666666667,6.666666666666667,1.0,5
train,audio_302.wav,0.0,0.0,0.0,0.0,0.0,0.0,0.0,0.0,0.0,0.0,0.0,0.0,0
train,audio_154.wav,0.0,0.0,0.0,1.098901098901099,0.0,4.395604395604396,1.098901098901099,1.098901098901099,0.0,7.6923076923076925,5.494505494505495,0.75,5
train,audio_754.wav,0.0,1.2048192771084338,0.0,0.0,0.0,1.2048192771084338,0.0,0.0,0.0,2.409638554216868,2.409638554216868,0.3333333333333333,2
train,audio_749.wav,0.0,0.0,0.0,1.3157894736842106,0.0,1.3157894736842106,1.3157894736842106,0.0,0.0,3.947368421052632,2.631578947368421,0.6666666666666666,2
train,audio_366.wav,0.0,0.6622516556291391,0.0,0.6622516556291391,0.0,2.6490066225165565,0.0,0.0,0.0,3.9735099337748334,3.9735099337748334,0.5714285714285714,6
train,audio_693.wav,0.0,0.0,0.0,0.0,0.0,3.125,0.0,0.0,0.0,3.125,3.125,0.6666666666666666,2
train,audio_608.wav,0.0,0.0,0.0,0.0,0.0,0.0,0.9090909090909092,1.818181818181818,0.0,2.727272727272727,0.0,0.4,0
train,audio_220.wav,0.0,0.0,0.0,0.684931506849315,0.0,0.684931506849315,0.684931506849315,0.0,0.0,2.054794520547945,1.36986301369863,0.5,2
train,audio_761.wav,0.0,0.0,0.0,0.0,0.0,1.818181818181818,0.0,0.0,0.0,1.818181818181818,1.818181818181818,0.1666666666666666,2
train,audio_640.wav,0.0,0.0,1.1494252873563218,2.2988505747126435,0.0,1.1494252873563218,0.0,0.0,0.0,4.597701149425287,4.597701149425287,0.4,4
train,audio_67.wav,0.0,0.0,0.8333333333333334,0.8333333333333334,0.0,0.8333333333333334,0.0,0.0,0.0,2.5,2.5,0.25,3
train,audio_299.wav,0.0,0.0,2.752293577981652,0.0,0.0,0.9174311926605504,0.0,0.0,0.0,3.669724770642202,3.669724770642202,0.3076923076923077,4
train,audio_102.wav,2.380952380952381,1.1904761904761905,0.0,0.0,0.0,2.380952380952381,0.0,0.0,0.0,5.9523809523809526,5.9523809523809526,0.5714285714285714,5
train,audio_258.wav,1.6129032258064515,0.0,0.0,0.0,0.0,3.225806451612903,0.0,0.0,0.0,4.838709677419355,4.838709677419355,0.4,3
train,audio_679.wav,0.0,0.0,0.0,0.8547008547008547,0.0,2.5641025641025643,0.8547008547008547,0.8547008547008547,0.0,5.128205128205129,3.418803418803418,0.4444444444444444,4
train,audio_82.wav,0.0,1.36986301369863,0.0,0.0,0.0,1.36986301369863,0.0,0.0,0.0,2.73972602739726,2.73972602739726,0.4,2
train,audio_325.wav,0.0,0.0,0.0,0.9009009009009008,0.0,2.702702702702702,0.0,0.0,0.0,3.603603603603604,3.603603603603604,1.0,4
train,audio_399.wav,0.0,0.0,0.0,0.0,0.7751937984496124,1.550387596899225,0.0,0.0,0.0,2.3255813953488373,2.3255813953488373,0.4285714285714285,3
train,audio_285.wav,0.0,0.0,0.0,2.1739130434782608,0.0,0.0,0.0,0.0,0.0,2.1739130434782608,2.1739130434782608,0.3333333333333333,1
train,audio_784.wav,0.0,0.0,0.0,1.1904761904761905,0.0,1.1904761904761905,1.1904761904761905,0.0,0.0,3.571428571428572,2.380952380952381,0.2857142857142857,2
train,audio_0.wav,1.1363636363636365,1.1363636363636365,0.0,2.272727272727273,1.1363636363636365,1.1363636363636365,1.1363636363636365,0.0,0.0,7.954545454545454,6.818181818181818,0.75,6
train,audio_435.wav,0.0,0.7142857142857143,0.0,1.4285714285714286,0.0,4.285714285714286,0.0,0.7142857142857143,0.0,7.142857142857143,6.428571428571429,0.8,9
train,audio_91.wav,1.1904761904761905,1.1904761904761905,0.0,0.0,0.0,0.0,0.0,0.0,0.0,2.380952380952381,2.380952380952381,0.5,2
train,audio_109.wav,0.0,0.0,1.2345679012345678,2.469135802469136,0.0,3.703703703703704,1.2345679012345678,0.0,0.0,8.641975308641975,7.407407407407407,0.75,6
train,audio_772.wav,1.8867924528301887,0.0,0.0,0.0,0.0,0.0,0.0,0.0,0.0,1.8867924528301887,1.8867924528301887,0.25,1
train,audio_270.wav,0.0,0.0,0.8264462809917356,0.0,0.0,2.479338842975207,4.132231404958677,0.0,0.0,7.43801652892562,3.3057851239669422,1.0,4
train,audio_528.wav,0.0,0.0,0.7575757575757576,0.7575757575757576,0.7575757575757576,3.787878787878788,0.7575757575757576,0.0,0.0,6.818181818181818,6.0606060606060606,0.7142857142857143,8
train,audio_441.wav,0.9803921568627452,0.9803921568627452,0.9803921568627452,0.0,1.96078431372549,1.96078431372549,0.9803921568627452,0.0,0.0,7.84313725490196,6.862745098039215,1.0,7
train,audio_381.wav,0.8064516129032258,0.0,0.0,0.0,0.0,1.6129032258064515,0.8064516129032258,0.8064516129032258,0.0,4.032258064516129,2.419354838709677,0.5,3
train,audio_86.wav,0.0,0.0,1.3157894736842106,0.0,0.0,3.947368421052632,0.0,0.0,0.0,5.2631578947368425,5.2631578947368425,0.6666666666666666,4
train,audio_101.wav,0.99009900990099,2.9702970297029703,0.99009900990099,0.0,0.0,0.99009900990099,0.99009900990099,0.99009900990099,0.0,7.920792079207921,5.9405940594059405,0.4615384615384615,6
train,audio_333.wav,0.0,0.0,0.0,1.0526315789473684,0.0,0.0,0.0,0.0,0.0,1.0526315789473684,1.0526315789473684,0.2,1
train,audio_149.wav,0.8849557522123894,0.0,1.7699115044247788,0.0,0.8849557522123894,1.7699115044247788,0.0,0.0,0.0,5.3097345132743365,5.3097345132743365,0.625,6
train,audio_719.wav,0.0,0.0,0.7874015748031497,0.7874015748031497,0.0,4.724409448818897,0.7874015748031497,0.7874015748031497,0.0,7.874015748031496,6.299212598425197,1.0,8
train,audio_638.wav,0.0,0.0,0.970873786407767,0.0,0.0,0.970873786407767,0.0,0.0,0.0,1.941747572815534,1.941747572815534,0.5,2
train,audio_147.wav,0.0,1.9047619047619049,0.0,1.9047619047619049,0.0,0.9523809523809524,0.0,0.0,0.0,4.761904761904762,4.761904761904762,0.5555555555555556,5
train,audio_62.wav,0.0,0.0,0.0,0.0,0.0,0.0,1.2658227848101269,0.0,0.0,1.2658227848101269,0.0,0.3333333333333333,0
train,audio_763.wav,0.0,0.0,0.0,0.0,0.0,0.819672131147541,0.819672131147541,0.0,0.0,1.639344262295082,0.819672131147541,0.3333333333333333,1
train,audio_498.wav,0.0,1.96078431372549,0.0,3.92156862745098,0.0,3.92156862745098,0.0,0.0,0.0,9.803921568627452,9.803921568627452,0.6666666666666666,5
train,audio_1.wav,0.0,0.9345794392523364,0.9345794392523364,0.0,0.0,0.9345794392523364,0.0,0.0,0.0,2.803738317757009,2.803738317757009,0.6,3
train,audio_304.wav,1.818181818181818,0.0,0.0,0.0,0.0,0.9090909090909092,0.0,0.0,0.0,2.727272727272727,2.727272727272727,0.4,3
train,audio_347.wav,0.0,0.0,0.0,1.0526315789473684,0.0,0.0,1.0526315789473684,0.0,0.0,2.1052631578947367,1.0526315789473684,0.6666666666666666,1
train,audio_560.wav,0.0,0.0,0.0,0.0,0.0,0.9615384615384616,0.0,0.0,0.0,0.9615384615384616,0.9615384615384616,0.1666666666666666,1
train,audio_452.wav,2.542372881355932,0.0,2.542372881355932,0.847457627118644,0.0,4.237288135593221,1.694915254237288,0.0,0.0,11.864406779661016,10.169491525423728,1.0,12
train,audio_716.wav,0.0,0.9090909090909092,0.0,0.0,0.0,0.9090909090909092,0.9090909090909092,0.0,0.0,2.727272727272727,1.818181818181818,0.2857142857142857,2
train,audio_473.wav,3.225806451612903,0.0,0.0,1.075268817204301,1.075268817204301,2.150537634408602,0.0,0.0,0.0,7.526881720430108,7.526881720430108,0.5,7
train,audio_95.wav,2.0408163265306123,1.020408163265306,0.0,1.020408163265306,0.0,0.0,0.0,0.0,0.0,4.081632653061225,4.081632653061225,0.5,4
train,audio_732.wav,0.0,0.0,0.0,0.0,0.0,3.4482758620689653,0.0,0.0,0.0,3.4482758620689653,3.4482758620689653,0.5,4
train,audio_292.wav,0.0,0.0,0.0,1.3888888888888888,0.0,2.083333333333333,0.6944444444444444,2.7777777777777777,0.0,6.944444444444445,3.4722222222222223,0.6,5
train,audio_469.wav,0.0,0.819672131147541,0.0,0.819672131147541,0.0,2.459016393442623,0.819672131147541,1.639344262295082,0.0,6.557377049180328,4.098360655737705,0.8,5
train,audio_329.wav,0.0,0.9523809523809524,0.0,0.9523809523809524,0.9523809523809524,3.809523809523809,0.9523809523809524,0.0,0.0,7.619047619047619,6.666666666666667,0.6666666666666666,7
train,audio_169.wav,0.0,2.061855670103093,0.0,0.0,0.0,2.061855670103093,1.0309278350515465,1.0309278350515465,0.0,6.185567010309279,4.123711340206185,0.4,4
train,audio_174.wav,0.0,0.7575757575757576,0.0,0.0,0.7575757575757576,2.272727272727273,0.7575757575757576,0.0,0.7575757575757576,5.303030303030303,3.787878787878788,0.8333333333333334,5
train,audio_513.wav,3.571428571428572,1.7857142857142858,0.0,0.0,0.0,3.571428571428572,1.7857142857142858,0.0,0.0,10.714285714285714,8.928571428571429,0.3333333333333333,5
train,audio_584.wav,0.0,0.0,0.0,0.0,0.0,4.424778761061947,0.0,0.0,0.0,4.424778761061947,4.424778761061947,0.3333333333333333,5
train,audio_345.wav,0.0,0.0,0.0,0.0,0.7874015748031497,0.7874015748031497,0.7874015748031497,0.0,0.0,2.3622047244094486,1.5748031496062993,0.2,2
train,audio_750.wav,0.0,0.0,0.0,0.0,0.0,1.0309278350515465,0.0,0.0,0.0,1.0309278350515465,1.0309278350515465,0.2,1
train,audio_116.wav,0.0,2.0202020202020203,0.0,0.0,0.0,2.0202020202020203,0.0,0.0,0.0,4.040404040404041,4.040404040404041,0.75,4
train,audio_114.wav,1.1235955056179776,2.247191011235955,0.0,0.0,0.0,6.741573033707865,2.247191011235955,2.247191011235955,0.0,14.606741573033707,10.112359550561798,0.7142857142857143,9
train,audio_157.wav,0.0,0.0,2.0202020202020203,1.0101010101010102,0.0,6.0606060606060606,1.0101010101010102,0.0,1.0101010101010102,11.11111111111111,9.090909090909092,1.0,9
train,audio_385.wav,1.7543859649122806,0.0,0.8771929824561403,0.0,0.0,0.0,0.0,0.0,0.0,2.631578947368421,2.631578947368421,0.375,3
train,audio_264.wav,1.7543859649122806,1.7543859649122806,0.0,1.7543859649122806,0.0,3.508771929824561,1.7543859649122806,0.0,0.0,10.526315789473683,8.771929824561404,1.0,5
train,audio_390.wav,0.0,0.0,0.0,0.0,0.0,0.0,1.5151515151515151,0.0,0.0,1.5151515151515151,0.0,0.1428571428571428,0
train,audio_766.wav,0.0,0.0,0.0,0.0,0.0,3.09278350515464,0.0,0.0,0.0,3.09278350515464,3.09278350515464,0.5,3
train,audio_571.wav,0.0,0.0,0.0,0.0,0.0,0.0,1.2820512820512822,1.2820512820512822,0.0,2.5641025641025643,0.0,0.4,0
train,audio_393.wav,0.0,0.0,0.0,0.0,0.0,2.5,0.0,0.0,0.0,2.5,2.5,0.25,3
train,audio_691.wav,0.0,0.0,0.8547008547008547,0.8547008547008547,0.0,2.5641025641025643,0.0,0.0,0.0,4.273504273504273,4.273504273504273,0.4285714285714285,5
test,audio_128.wav,1.020408163265306,0.0,0.0,0.0,1.020408163265306,0.0,1.020408163265306,1.020408163265306,0.0,4.081632653061225,2.0408163265306123,0.5,2
test,audio_156.wav,0.0,0.0,1.4285714285714286,0.0,0.0,1.4285714285714286,1.4285714285714286,0.0,0.0,4.285714285714286,2.857142857142857,0.5,2
test,audio_19.wav,0.0,0.0,0.970873786407767,0.0,0.0,0.0,0.0,0.0,0.0,0.970873786407767,0.970873786407767,0.1428571428571428,1
test,audio_108.wav,1.639344262295082,1.639344262295082,0.0,3.278688524590164,0.0,8.19672131147541,0.0,0.0,0.0,14.754098360655735,14.754098360655735,0.5,9
test,audio_206.wav,1.0869565217391304,0.0,0.0,0.0,1.0869565217391304,2.1739130434782608,1.0869565217391304,0.0,0.0,5.434782608695652,4.3478260869565215,0.75,4
test,audio_161.wav,0.0,3.809523809523809,1.9047619047619049,0.0,0.9523809523809524,0.9523809523809524,1.9047619047619049,0.0,0.0,9.523809523809524,7.619047619047619,1.0,8
test,audio_215.wav,1.9230769230769231,0.0,0.9615384615384616,0.9615384615384616,0.0,1.9230769230769231,0.0,0.0,0.0,5.769230769230769,5.769230769230769,0.4444444444444444,6
test,audio_213.wav,0.0,1.4705882352941178,0.0,1.4705882352941178,0.0,1.4705882352941178,0.0,0.0,0.0,4.411764705882353,4.411764705882353,0.5,3
test,audio_11.wav,0.0,0.0,0.0,0.0,1.3157894736842106,0.0,0.0,0.0,0.0,1.3157894736842106,1.3157894736842106,0.1666666666666666,1
test,audio_155.wav,1.075268817204301,0.0,0.0,2.150537634408602,0.0,1.075268817204301,0.0,0.0,0.0,4.301075268817204,4.301075268817204,0.6,4
test,audio_39.wav,1.6,0.0,0.0,0.8,0.8,4.8,0.8,0.0,0.0,8.8,8.0,0.8,10
test,audio_168.wav,0.0,1.2820512820512822,0.0,0.0,0.0,1.2820512820512822,1.2820512820512822,0.0,0.0,3.8461538461538463,2.5641025641025643,0.6666666666666666,2
test,audio_133.wav,0.0,0.0,1.075268817204301,0.0,0.0,0.0,1.075268817204301,0.0,0.0,2.150537634408602,1.075268817204301,0.5,1
test,audio_28.wav,0.0,0.0,0.0,0.0,0.0,2.7777777777777777,0.0,0.0,0.0,2.7777777777777777,2.7777777777777777,0.5,1
test,audio_40.wav,2.542372881355932,0.0,0.0,1.694915254237288,0.0,1.694915254237288,0.847457627118644,0.0,0.0,6.779661016949152,5.932203389830509,0.75,7
test,audio_181.wav,0.0,0.925925925925926,0.0,2.7777777777777777,0.0,1.851851851851852,0.0,0.0,0.925925925925926,6.481481481481482,5.555555555555555,0.7777777777777778,6
test,audio_201.wav,0.0,0.0,0.0,0.9009009009009008,0.0,1.8018018018018016,0.0,0.0,0.0,2.702702702702702,2.702702702702702,0.2857142857142857,3
test,audio_182.wav,0.0,0.0,0.0,0.0,0.0,0.9803921568627452,2.9411764705882355,0.0,0.0,3.92156862745098,0.9803921568627452,1.0,1
test,audio_126.wav,0.0,0.0,0.0,0.0,0.0,0.0,1.2820512820512822,0.0,0.0,1.2820512820512822,0.0,0.2,0
test,audio_10.wav,1.0,0.0,5.0,0.0,0.0,3.0,0.0,0.0,0.0,9.0,9.0,0.7142857142857143,9
test,audio_134.wav,1.5873015873015872,0.0,0.0,0.0,0.0,1.5873015873015872,0.0,0.0,0.0,3.1746031746031744,3.1746031746031744,0.3333333333333333,2
test,audio_69.wav,0.0,0.0,0.0,0.0,1.6666666666666667,1.6666666666666667,0.8333333333333334,0.0,0.0,4.166666666666667,3.333333333333333,0.6666666666666666,4
test,audio_112.wav,0.0,1.3333333333333333,0.0,0.0,0.0,1.3333333333333333,0.0,0.0,0.0,2.6666666666666665,2.6666666666666665,0.25,2
test,audio_180.wav,0.0,2.5,1.25,0.0,0.0,3.75,0.0,0.0,0.0,7.5,7.5,0.8,6
test,audio_177.wav,0.0,2.380952380952381,0.0,2.380952380952381,0.0,4.761904761904762,0.0,0.0,0.0,9.523809523809524,9.523809523809524,0.75,8
test,audio_77.wav,0.0,0.6756756756756757,0.0,0.0,0.6756756756756757,1.351351351351351,0.0,0.0,0.0,2.702702702702702,2.702702702702702,0.3333333333333333,4
test,audio_111.wav,0.0,0.78125,1.5625,1.5625,0.0,0.78125,0.0,0.0,0.0,4.6875,4.6875,0.4444444444444444,6
test,audio_18.wav,1.3157894736842106,0.0,0.0,0.0,0.0,0.0,1.3157894736842106,0.0,0.0,2.631578947368421,1.3157894736842106,0.25,1
test,audio_175.wav,0.0,0.0,0.0,0.0,0.0,1.0416666666666667,0.0,0.0,0.0,1.0416666666666667,1.0416666666666667,0.2,1
test,audio_33.wav,1.0638297872340423,0.0,0.0,0.0,0.0,2.127659574468085,1.0638297872340423,0.0,0.0,4.25531914893617,3.191489361702128,0.6666666666666666,3
test,audio_15.wav,0.0,0.0,0.0,0.0,0.0,1.0101010101010102,2.0202020202020203,0.0,0.0,3.0303030303030303,1.0101010101010102,0.5,1
test,audio_4.wav,0.0,2.0408163265306123,0.0,0.0,0.0,1.020408163265306,1.020408163265306,0.0,0.0,4.081632653061225,3.061224489795918,1.0,3
test,audio_27.wav,0.0,0.0,0.0,0.0,0.0,2.1739130434782608,1.0869565217391304,0.0,0.0,3.260869565217391,2.1739130434782608,0.3333333333333333,2
test,audio_96.wav,0.0,0.0,2.3255813953488373,2.3255813953488373,0.0,0.0,1.162790697674419,0.0,0.0,5.813953488372093,4.651162790697675,0.6,4
test,audio_116.wav,4.0,0.0,0.0,0.0,0.0,4.0,1.0,0.0,0.0,9.0,8.0,0.8,8
test,audio_1.wav,1.7699115044247788,0.0,0.8849557522123894,2.6548672566371683,0.8849557522123894,0.8849557522123894,0.0,0.0,0.0,7.079646017699115,7.079646017699115,0.8571428571428571,8
test,audio_22.wav,0.0,0.0,0.0,0.0,0.0,1.9047619047619049,0.0,0.0,0.0,1.9047619047619049,1.9047619047619049,0.2857142857142857,2
test,audio_114.wav,3.191489361702128,1.0638297872340423,0.0,1.0638297872340423,0.0,1.0638297872340423,0.0,0.0,0.0,6.382978723404255,6.382978723404255,1.0,6
test,audio_146.wav,0.0,0.0,0.0,1.162790697674419,0.0,2.3255813953488373,0.0,0.0,0.0,3.488372093023256,3.488372093023256,0.6,3
test,audio_46.wav,0.0,0.0,0.0,0.0,0.0,0.6451612903225806,0.0,0.0,0.0,0.6451612903225806,0.6451612903225806,0.1428571428571428,1
test,audio_144.wav,0.0,0.0,0.0,1.0101010101010102,0.0,0.0,1.0101010101010102,0.0,0.0,2.0202020202020203,1.0101010101010102,0.25,1
test,audio_75.wav,0.0,0.0,0.0,0.0,0.0,0.9523809523809524,0.9523809523809524,0.0,0.0,1.9047619047619049,0.9523809523809524,0.1666666666666666,1
test,audio_200.wav,0.0,1.162790697674419,3.488372093023256,0.0,0.0,2.3255813953488373,1.162790697674419,0.0,0.0,8.13953488372093,6.976744186046512,0.5714285714285714,6
test,audio_196.wav,0.99009900990099,0.0,0.0,1.98019801980198,0.0,2.9702970297029703,0.0,0.0,0.0,5.9405940594059405,5.9405940594059405,0.5555555555555556,6
test,audio_190.wav,0.0,0.0,0.0,1.7241379310344829,0.8620689655172413,0.8620689655172413,0.0,0.0,0.0,3.4482758620689653,3.4482758620689653,0.6,4
test,audio_158.wav,1.2820512820512822,0.0,0.0,0.0,0.0,3.8461538461538463,0.0,2.5641025641025643,0.0,7.6923076923076925,5.128205128205129,0.4,4
test,audio_17.wav,1.0869565217391304,1.0869565217391304,2.1739130434782608,1.0869565217391304,0.0,5.434782608695652,0.0,0.0,0.0,10.869565217391305,10.869565217391305,0.7142857142857143,10
test,audio_105.wav,0.0,0.0,0.0,0.0,0.0,2.459016393442623,0.819672131147541,0.0,0.0,3.278688524590164,2.459016393442623,0.5,3
test,audio_141.wav,0.0,0.0,0.0,1.492537313432836,0.0,0.0,0.0,0.0,0.0,1.492537313432836,1.492537313432836,0.5,1
test,audio_129.wav,1.1111111111111112,0.0,0.0,0.0,0.0,0.0,1.1111111111111112,0.0,0.0,2.2222222222222223,1.1111111111111112,0.1666666666666666,1
test,audio_6.wav,0.0,0.0,0.0,0.0,0.925925925925926,0.925925925925926,0.0,0.0,0.0,1.851851851851852,1.851851851851852,0.3333333333333333,2
test,audio_70.wav,0.0,0.0,0.0,0.0,0.0,1.2903225806451613,0.0,0.0,0.0,1.2903225806451613,1.2903225806451613,0.0909090909090909,2
test,audio_35.wav,0.925925925925926,0.0,0.0,0.0,0.0,1.851851851851852,0.0,0.0,0.0,2.7777777777777777,2.7777777777777777,0.125,3
test,audio_203.wav,0.9345794392523364,0.0,0.0,0.0,0.9345794392523364,0.0,0.9345794392523364,0.0,0.0,2.803738317757009,1.8691588785046729,0.25,2
test,audio_90.wav,0.0,0.0,0.0,0.0,0.0,0.0,0.0,0.0,0.0,0.0,0.0,0.0,0
test,audio_16.wav,0.0,0.0,1.36986301369863,1.36986301369863,0.0,1.36986301369863,0.0,0.0,0.0,4.109589041095891,4.109589041095891,0.75,3
test,audio_138.wav,1.1494252873563218,0.0,0.0,1.1494252873563218,0.0,2.2988505747126435,4.597701149425287,0.0,1.1494252873563218,10.344827586206897,4.597701149425287,0.8333333333333334,4
test,audio_100.wav,0.970873786407767,0.0,0.0,0.0,0.0,0.970873786407767,0.970873786407767,0.0,0.0,2.912621359223301,1.941747572815534,0.5,2
test,audio_115.wav,1.0638297872340423,1.0638297872340423,0.0,2.127659574468085,0.0,2.127659574468085,0.0,0.0,0.0,6.382978723404255,6.382978723404255,0.5714285714285714,6
test,audio_118.wav,4.285714285714286,2.857142857142857,1.4285714285714286,0.0,0.0,1.4285714285714286,0.0,0.0,0.0,10.0,10.0,1.0,7
test,audio_137.wav,0.0,0.0,0.8403361344537815,1.680672268907563,0.0,2.5210084033613445,0.8403361344537815,0.0,0.0,5.882352941176471,5.042016806722689,0.8,6
test,audio_101.wav,0.0,0.0,0.0,0.9345794392523364,0.0,2.803738317757009,1.8691588785046729,0.0,0.0,5.607476635514018,3.7383177570093458,1.0,4
test,audio_193.wav,1.2048192771084338,1.2048192771084338,1.2048192771084338,1.2048192771084338,0.0,7.228915662650603,0.0,0.0,0.0,12.048192771084338,12.048192771084338,1.0,10
test,audio_102.wav,0.0,0.0,0.0,0.0,0.0,0.6896551724137931,0.0,0.0,0.0,0.6896551724137931,0.6896551724137931,0.1,1
test,audio_52.wav,0.0,0.0,2.142857142857143,0.0,0.0,2.142857142857143,0.0,0.0,0.0,4.285714285714286,4.285714285714286,0.25,6
test,audio_172.wav,0.0,0.0,1.1764705882352942,0.0,0.0,2.3529411764705883,1.1764705882352942,0.0,0.0,4.705882352941177,3.5294117647058822,0.5,3
test,audio_191.wav,0.0,0.0,0.0,0.0,0.0,1.4705882352941178,0.0,0.0,0.0,1.4705882352941178,1.4705882352941178,0.2,1
test,audio_194.wav,0.0,0.99009900990099,0.0,0.0,0.99009900990099,1.98019801980198,0.0,0.0,0.0,3.96039603960396,3.96039603960396,0.5,4
test,audio_67.wav,1.98019801980198,0.0,0.0,0.0,0.0,3.96039603960396,0.0,0.0,0.0,5.9405940594059405,5.9405940594059405,0.8,6
test,audio_160.wav,0.0,0.0,0.0,0.0,0.0,2.5641025641025643,0.0,0.0,0.0,2.5641025641025643,2.5641025641025643,0.3333333333333333,2
test,audio_179.wav,0.0,0.0,0.0,0.0,0.0,2.7777777777777777,1.3888888888888888,0.0,0.0,4.166666666666667,2.7777777777777777,1.0,2
test,audio_55.wav,1.5873015873015872,1.5873015873015872,0.7936507936507936,0.7936507936507936,0.0,3.1746031746031744,0.0,0.0,0.0,7.936507936507937,7.936507936507937,0.6666666666666666,10
test,audio_145.wav,0.0,0.0,1.1904761904761905,0.0,0.0,1.1904761904761905,1.1904761904761905,0.0,0.0,3.571428571428572,2.380952380952381,0.5,2
test,audio_197.wav,0.0,4.25531914893617,0.0,1.0638297872340423,0.0,0.0,0.0,0.0,0.0,5.319148936170213,5.319148936170213,0.4,5
test,audio_139.wav,1.2345679012345678,0.0,0.0,0.0,0.0,2.469135802469136,1.2345679012345678,0.0,0.0,4.938271604938271,3.703703703703704,0.5,3
test,audio_91.wav,0.0,3.333333333333333,0.0,1.1111111111111112,0.0,1.1111111111111112,0.0,0.0,0.0,5.555555555555555,5.555555555555555,0.6,5
test,audio_8.wav,3.571428571428572,0.0,0.0,0.0,0.0,0.0,0.0,0.0,0.0,3.571428571428572,3.571428571428572,0.5,2
test,audio_136.wav,0.0,0.0,0.0,0.0,0.0,1.4285714285714286,0.0,0.0,0.0,1.4285714285714286,1.4285714285714286,0.1666666666666666,1
test,audio_199.wav,1.162790697674419,3.488372093023256,1.162790697674419,2.3255813953488373,1.162790697674419,4.651162790697675,0.0,0.0,0.0,13.953488372093023,13.953488372093023,0.75,12
test,audio_110.wav,0.0,1.3986013986013983,0.0,0.6993006993006993,0.0,1.3986013986013983,0.0,0.0,0.0,3.4965034965034967,3.4965034965034967,0.5555555555555556,5
test,audio_208.wav,0.0,2.2222222222222223,0.0,1.1111111111111112,0.0,4.444444444444445,0.0,0.0,0.0,7.777777777777778,7.777777777777778,1.0,7
test,audio_152.wav,0.970873786407767,0.0,0.0,0.0,0.0,0.0,0.970873786407767,0.0,0.0,1.941747572815534,0.970873786407767,0.2857142857142857,1
test,audio_94.wav,0.0,0.0,0.0,0.9615384615384616,1.9230769230769231,3.8461538461538463,0.0,0.0,0.0,6.730769230769231,6.730769230769231,0.5,7
test,audio_174.wav,0.0,1.2820512820512822,0.0,0.0,0.0,6.410256410256411,0.0,0.0,0.0,7.6923076923076925,7.6923076923076925,0.5,6
test,audio_23.wav,0.8333333333333334,0.0,0.8333333333333334,0.8333333333333334,0.0,0.8333333333333334,0.0,0.0,0.0,3.333333333333333,3.333333333333333,0.2857142857142857,4
test,audio_56.wav,1.4814814814814814,0.0,0.7407407407407407,2.2222222222222223,0.7407407407407407,2.962962962962963,0.0,0.0,0.0,8.148148148148149,8.148148148148149,0.8333333333333334,11
test,audio_97.wav,0.0,1.25,1.25,1.25,0.0,0.0,0.0,0.0,0.0,3.75,3.75,0.3333333333333333,3
test,audio_148.wav,0.0,0.0,0.9345794392523364,0.0,0.9345794392523364,0.9345794392523364,1.8691588785046729,0.0,0.0,4.672897196261682,2.803738317757009,0.5,3
test,audio_59.wav,0.8547008547008547,0.0,0.0,3.418803418803418,0.0,1.709401709401709,0.0,0.0,0.0,5.982905982905983,5.982905982905983,0.75,7
test,audio_5.wav,0.0,0.0,0.0,0.0,0.0,0.0,1.1764705882352942,0.0,1.1764705882352942,2.3529411764705883,0.0,0.25,0
test,audio_119.wav,0.0,0.0,0.0,0.0,0.0,2.3622047244094486,0.0,0.0,0.0,2.3622047244094486,2.3622047244094486,0.75,3
test,audio_80.wav,0.9345794392523364,0.0,0.0,0.0,0.0,3.7383177570093458,0.0,0.0,0.0,4.672897196261682,4.672897196261682,0.5,5
test,audio_58.wav,0.7518796992481203,1.5037593984962403,1.5037593984962403,0.7518796992481203,0.0,2.255639097744361,0.7518796992481203,0.0,0.0,7.518796992481203,6.7669172932330826,0.6666666666666666,9
test,audio_123.wav,0.0,2.150537634408602,0.0,1.075268817204301,0.0,2.150537634408602,2.150537634408602,1.075268817204301,1.075268817204301,9.67741935483871,5.376344086021505,0.8571428571428571,5
test,audio_188.wav,0.0,0.0,2.5316455696202533,0.0,0.0,0.0,0.0,0.0,0.0,2.5316455696202533,2.5316455696202533,0.2,2
test,audio_121.wav,1.1764705882352942,3.5294117647058822,0.0,1.1764705882352942,0.0,1.1764705882352942,2.3529411764705883,0.0,0.0,9.411764705882351,7.0588235294117645,0.6666666666666666,6
test,audio_107.wav,0.0,0.0,0.0,0.0,0.0,0.0,0.0,0.0,0.0,0.0,0.0,0.0,0
test,audio_214.wav,0.0,0.0,0.0,0.0,0.0,1.9047619047619049,0.0,0.0,0.0,1.9047619047619049,1.9047619047619049,0.25,2
test,audio_73.wav,0.0,0.8130081300813008,0.0,0.0,0.0,0.0,0.0,0.0,0.0,0.8130081300813008,0.8130081300813008,0.1111111111111111,1
test,audio_169.wav,0.0,0.0,1.0526315789473684,0.0,0.0,2.1052631578947367,0.0,0.0,0.0,3.1578947368421053,3.1578947368421053,0.75,3
test,audio_7.wav,0.0,0.0,0.0,1.4814814814814814,0.0,2.2222222222222223,0.7407407407407407,0.0,0.0,4.444444444444445,3.703703703703704,0.6666666666666666,5
test,audio_42.wav,1.1494252873563218,0.0,0.0,0.0,0.0,1.1494252873563218,0.0,0.0,0.0,2.2988505747126435,2.2988505747126435,0.25,2
test,audio_88.wav,0.0,0.0,0.0,0.0,0.0,2.5,0.0,0.0,0.0,2.5,2.5,0.5,3
test,audio_64.wav,0.0,0.0,1.5625,3.125,0.0,3.125,1.5625,0.0,0.0,9.375,7.8125,1.0,5
test,audio_195.wav,0.0,1.351351351351351,0.0,0.0,0.0,1.351351351351351,0.0,0.0,0.0,2.702702702702702,2.702702702702702,0.3333333333333333,2
test,audio_57.wav,0.0,0.0,0.0,0.6993006993006993,0.6993006993006993,4.195804195804196,1.3986013986013983,0.0,0.0,6.993006993006993,5.594405594405594,0.5,8
test,audio_13.wav,1.075268817204301,0.0,1.075268817204301,0.0,0.0,6.451612903225806,0.0,0.0,0.0,8.602150537634408,8.602150537634408,0.8,8
test,audio_125.wav,0.0,0.0,0.0,0.0,0.0,1.2820512820512822,0.0,1.2820512820512822,0.0,2.5641025641025643,1.2820512820512822,0.5,1
test,audio_209.wav,0.0,1.0101010101010102,1.0101010101010102,0.0,0.0,2.0202020202020203,1.0101010101010102,0.0,0.0,5.05050505050505,4.040404040404041,0.75,4
test,audio_211.wav,1.1111111111111112,1.1111111111111112,1.1111111111111112,2.2222222222222223,1.1111111111111112,2.2222222222222223,0.0,0.0,0.0,8.88888888888889,8.88888888888889,0.7142857142857143,8
test,audio_63.wav,0.0,0.925925925925926,0.925925925925926,1.851851851851852,0.0,3.703703703703704,0.0,0.0,0.0,7.407407407407407,7.407407407407407,0.6,8
test,audio_86.wav,0.0,0.0,0.9523809523809524,0.0,0.0,2.857142857142857,0.0,0.0,0.0,3.809523809523809,3.809523809523809,0.5,4
test,audio_78.wav,0.0,0.0,0.0,0.0,0.9433962264150944,0.9433962264150944,0.0,0.0,0.0,1.8867924528301887,1.8867924528301887,0.2857142857142857,2
test,audio_38.wav,0.0,2.5974025974025974,2.5974025974025974,0.0,0.0,3.896103896103896,1.2987012987012987,0.0,0.0,10.38961038961039,9.090909090909092,1.0,7
test,audio_186.wav,2.247191011235955,0.0,0.0,1.1235955056179776,0.0,3.3707865168539324,1.1235955056179776,0.0,0.0,7.865168539325842,6.741573033707865,0.6666666666666666,6
test,audio_154.wav,0.0,0.0,0.0,2.857142857142857,0.0,2.857142857142857,0.0,0.0,0.0,5.714285714285714,5.714285714285714,0.5,4
test,audio_21.wav,1.1111111111111112,0.0,0.0,1.1111111111111112,0.0,3.333333333333333,0.0,0.0,0.0,5.555555555555555,5.555555555555555,0.6666666666666666,5
test,audio_120.wav,0.0,0.0,1.2987012987012987,0.0,0.0,2.5974025974025974,1.2987012987012987,0.0,0.0,5.194805194805195,3.896103896103896,1.0,3
test,audio_183.wav,1.0,0.0,1.0,2.0,0.0,1.0,3.0,1.0,0.0,9.0,5.0,1.0,5
test,audio_25.wav,0.0,0.0,0.9523809523809524,0.0,0.0,5.714285714285714,0.0,0.0,0.0,6.666666666666667,6.666666666666667,1.0,7
test,audio_122.wav,0.0,0.0,2.803738317757009,0.0,0.0,0.9345794392523364,0.9345794392523364,0.0,0.0,4.672897196261682,3.7383177570093458,0.5714285714285714,4
test,audio_36.wav,1.45985401459854,0.7299270072992701,0.7299270072992701,0.0,0.0,3.6496350364963503,1.45985401459854,0.7299270072992701,0.0,8.75912408759124,6.569343065693431,0.8,9
test,audio_76.wav,0.0,0.684931506849315,0.0,0.684931506849315,0.0,0.684931506849315,0.0,0.0,0.0,2.054794520547945,2.054794520547945,0.2,3
test,audio_163.wav,0.0,0.0,0.0,0.0,0.0,0.0,1.7241379310344829,1.7241379310344829,0.0,3.4482758620689653,0.0,0.5,0
test,audio_83.wav,0.925925925925926,0.0,0.0,0.0,0.0,1.851851851851852,0.0,0.0,0.0,2.7777777777777777,2.7777777777777777,0.4,3
test,audio_103.wav,0.0,0.0,1.4705882352941178,0.0,0.0,5.882352941176471,0.0,0.0,0.0,7.352941176470588,7.352941176470588,0.5,5
test,audio_93.wav,1.851851851851852,0.0,0.925925925925926,2.7777777777777777,0.925925925925926,0.925925925925926,0.925925925925926,0.0,0.0,8.333333333333334,7.407407407407407,0.7142857142857143,8
test,audio_26.wav,0.0,0.0,0.0,1.1235955056179776,0.0,0.0,0.0,0.0,0.0,1.1235955056179776,1.1235955056179776,0.1111111111111111,1
test,audio_72.wav,0.0,0.0,0.0,0.0,0.0,2.027027027027027,0.6756756756756757,0.0,0.0,2.702702702702702,2.027027027027027,0.3636363636363636,3
test,audio_210.wav,1.5873015873015872,0.7936507936507936,0.7936507936507936,0.0,0.0,2.380952380952381,0.0,0.7936507936507936,0.0,6.349206349206349,5.555555555555555,0.4285714285714285,7
test,audio_104.wav,0.0,0.0,0.0,0.0,0.0,0.0,2.4390243902439024,0.0,0.0,2.4390243902439024,0.0,0.5,0
test,audio_81.wav,0.0,2.631578947368421,0.0,0.0,0.0,0.8771929824561403,2.631578947368421,0.0,0.0,6.140350877192983,3.508771929824561,0.5,4
test,audio_166.wav,0.0,0.0,1.1764705882352942,1.1764705882352942,0.0,1.1764705882352942,0.0,0.0,0.0,3.5294117647058822,3.5294117647058822,0.75,3
test,audio_202.wav,0.0,0.0,0.0,1.8691588785046729,0.0,2.803738317757009,0.0,0.0,0.0,4.672897196261682,4.672897196261682,0.1666666666666666,5
test,audio_185.wav,1.020408163265306,0.0,2.0408163265306123,3.061224489795918,0.0,4.081632653061225,0.0,0.0,0.0,10.20408163265306,10.20408163265306,0.6,10
test,audio_9.wav,2.409638554216868,1.2048192771084338,1.2048192771084338,0.0,0.0,1.2048192771084338,1.2048192771084338,0.0,0.0,7.228915662650603,6.024096385542169,1.0,5
test,audio_207.wav,0.0,1.1764705882352942,1.1764705882352942,0.0,0.0,3.5294117647058822,2.3529411764705883,0.0,0.0,8.235294117647058,5.882352941176471,1.0,5
test,audio_127.wav,0.0,0.0,0.99009900990099,0.0,0.99009900990099,0.99009900990099,0.0,0.0,0.0,2.9702970297029703,2.9702970297029703,0.4285714285714285,3
test,audio_12.wav,1.351351351351351,2.702702702702702,1.351351351351351,0.0,0.0,1.351351351351351,1.351351351351351,0.0,0.0,8.108108108108109,6.756756756756757,1.0,5
test,audio_132.wav,0.0,0.0,1.1764705882352942,0.0,0.0,1.1764705882352942,0.0,0.0,0.0,2.3529411764705883,2.3529411764705883,0.25,2
test,audio_109.wav,4.3478260869565215,0.0,0.0,1.4492753623188406,0.0,1.4492753623188406,1.4492753623188406,0.0,0.0,8.695652173913043,7.246376811594203,1.0,5
test,audio_32.wav,0.0,0.925925925925926,0.0,0.0,0.0,0.0,0.925925925925926,0.0,0.0,1.851851851851852,0.925925925925926,0.4,1
test,audio_178.wav,1.1904761904761905,0.0,0.0,1.1904761904761905,0.0,2.380952380952381,0.0,0.0,0.0,4.761904761904762,4.761904761904762,0.5,4
test,audio_61.wav,0.0,0.8695652173913043,0.0,0.8695652173913043,0.8695652173913043,0.8695652173913043,0.0,0.0,0.0,3.4782608695652173,3.4782608695652173,0.3333333333333333,4
test,audio_34.wav,0.8620689655172413,0.0,1.7241379310344829,0.0,0.0,0.8620689655172413,0.0,0.0,0.0,3.4482758620689653,3.4482758620689653,0.3333333333333333,4
test,audio_106.wav,0.0,0.0,0.0,1.8867924528301887,0.0,3.7735849056603774,0.0,0.0,0.0,5.660377358490566,5.660377358490566,0.3333333333333333,3
test,audio_49.wav,0.0,0.0,0.0,0.0,0.0,0.970873786407767,0.0,0.0,0.0,0.970873786407767,0.970873786407767,0.1428571428571428,1
test,audio_149.wav,0.0,0.0,1.162790697674419,1.162790697674419,0.0,0.0,0.0,0.0,0.0,2.3255813953488373,2.3255813953488373,0.5,2
test,audio_30.wav,0.0,0.0,0.0,0.0,0.0,3.508771929824561,0.0,0.0,0.0,3.508771929824561,3.508771929824561,0.3333333333333333,4
test,audio_131.wav,0.0,0.0,0.0,2.150537634408602,0.0,0.0,0.0,0.0,0.0,2.150537634408602,2.150537634408602,0.4,2
test,audio_162.wav,1.020408163265306,0.0,1.020408163265306,3.061224489795918,0.0,3.061224489795918,2.0408163265306123,0.0,0.0,10.20408163265306,8.16326530612245,0.8,8
test,audio_204.wav,0.0,1.0638297872340423,1.0638297872340423,0.0,0.0,2.127659574468085,0.0,0.0,0.0,4.25531914893617,4.25531914893617,0.6,4
test,audio_198.wav,1.834862385321101,0.0,0.0,0.9174311926605504,0.9174311926605504,1.834862385321101,0.0,0.0,0.0,5.504587155963303,5.504587155963303,0.25,6
test,audio_135.wav,0.0,0.0,1.1494252873563218,1.1494252873563218,0.0,0.0,1.1494252873563218,0.0,0.0,3.4482758620689653,2.2988505747126435,0.4,2
test,audio_187.wav,0.0,1.162790697674419,0.0,1.162790697674419,0.0,1.162790697674419,1.162790697674419,0.0,0.0,4.651162790697675,3.488372093023256,0.6666666666666666,3
test,audio_3.wav,1.0526315789473684,2.1052631578947367,0.0,0.0,0.0,3.1578947368421053,0.0,0.0,0.0,6.315789473684211,6.315789473684211,0.5,6
test,audio_98.wav,1.5267175572519085,0.7633587786259542,0.0,1.5267175572519085,0.0,0.0,0.0,0.0,0.0,3.816793893129771,3.816793893129771,0.6,5
test,audio_159.wav,1.1363636363636365,0.0,0.0,0.0,0.0,0.0,0.0,0.0,0.0,1.1363636363636365,1.1363636363636365,0.25,1
test,audio_167.wav,1.36986301369863,0.0,0.0,2.73972602739726,0.0,5.47945205479452,0.0,0.0,0.0,9.58904109589041,9.58904109589041,1.0,7
test,audio_205.wav,1.2048192771084338,2.409638554216868,0.0,0.0,1.2048192771084338,0.0,2.409638554216868,0.0,0.0,7.228915662650603,4.819277108433735,0.5,4
test,audio_95.wav,0.0,0.0,0.0,1.3157894736842106,0.0,0.0,1.3157894736842106,0.0,0.0,2.631578947368421,1.3157894736842106,0.25,1
test,audio_68.wav,0.0,0.0,0.7751937984496124,0.0,0.0,0.0,0.0,0.0,0.0,0.7751937984496124,0.7751937984496124,0.1111111111111111,1
test,audio_31.wav,0.0,1.7241379310344829,0.0,0.0,0.0,1.7241379310344829,0.0,0.0,0.0,3.4482758620689653,3.4482758620689653,0.6,4
test,audio_157.wav,1.2820512820512822,1.2820512820512822,0.0,0.0,0.0,0.0,2.5641025641025643,0.0,0.0,5.128205128205129,2.5641025641025643,1.0,2
test,audio_89.wav,0.0,0.0,0.0,0.819672131147541,0.0,4.098360655737705,0.0,0.0,0.0,4.918032786885246,4.918032786885246,0.5714285714285714,6
test,audio_82.wav,0.0,1.098901098901099,0.0,1.098901098901099,0.0,2.197802197802198,1.098901098901099,1.098901098901099,0.0,6.593406593406593,4.395604395604396,0.5,4
test,audio_53.wav,1.550387596899225,0.0,0.0,0.0,0.0,1.550387596899225,0.7751937984496124,0.0,0.0,3.875968992248062,3.10077519379845,0.4285714285714285,4
test,audio_37.wav,1.7647058823529411,0.5882352941176471,0.0,0.0,0.0,3.5294117647058822,0.5882352941176471,0.0,0.0,6.470588235294118,5.882352941176471,1.0,10
test,audio_113.wav,0.0,1.8691588785046729,0.9345794392523364,0.0,0.0,1.8691588785046729,0.0,0.0,0.0,4.672897196261682,4.672897196261682,0.75,5
test,audio_85.wav,0.0,0.0,0.0,2.5477707006369426,0.0,1.910828025477707,0.0,0.0,0.0,4.45859872611465,4.45859872611465,0.6666666666666666,7
test,audio_173.wav,0.0,0.0,0.0,0.0,0.0,0.0,2.083333333333333,0.0,0.0,2.083333333333333,0.0,0.5,0
test,audio_41.wav,0.0,0.0,0.0,0.7518796992481203,0.0,0.0,0.7518796992481203,0.0,0.0,1.5037593984962403,0.7518796992481203,0.25,1
test,audio_51.wav,0.0,0.7407407407407407,0.0,1.4814814814814814,0.0,2.2222222222222223,0.0,0.0,0.0,4.444444444444445,4.444444444444445,0.5714285714285714,6
test,audio_143.wav,0.0,1.0869565217391304,0.0,0.0,0.0,1.0869565217391304,0.0,1.0869565217391304,0.0,3.260869565217391,2.1739130434782608,0.375,2
test,audio_92.wav,0.0,0.970873786407767,0.0,0.0,0.0,1.941747572815534,0.0,0.0,0.0,2.912621359223301,2.912621359223301,0.4285714285714285,3
test,audio_74.wav,0.0,0.0,0.0,0.6451612903225806,0.0,0.6451612903225806,0.6451612903225806,0.0,0.0,1.935483870967742,1.2903225806451613,0.2857142857142857,2
test,audio_0.wav,0.0,0.0,0.0,1.2195121951219512,0.0,2.4390243902439024,0.0,1.2195121951219512,0.0,4.878048780487805,3.658536585365854,0.6666666666666666,3
test,audio_147.wav,0.0,1.6129032258064515,0.0,0.0,0.0,2.419354838709677,0.0,0.0,0.0,4.032258064516129,4.032258064516129,0.6,5
test,audio_130.wav,0.0,0.0,1.0,1.0,0.0,3.0,0.0,0.0,0.0,5.0,5.0,1.0,5
test,audio_192.wav,1.075268817204301,0.0,0.0,1.075268817204301,0.0,3.225806451612903,2.150537634408602,0.0,0.0,7.526881720430108,5.376344086021505,0.75,5
test,audio_43.wav,0.0,0.0,0.0,0.0,0.0,2.4242424242424243,0.6060606060606061,0.0,0.6060606060606061,3.636363636363636,2.4242424242424243,0.6666666666666666,4
test,audio_65.wav,1.2987012987012987,0.0,0.0,0.0,0.0,2.5974025974025974,1.2987012987012987,0.0,0.0,5.194805194805195,3.896103896103896,1.0,3
test,audio_14.wav,1.0101010101010102,0.0,0.0,1.0101010101010102,0.0,2.0202020202020203,1.0101010101010102,2.0202020202020203,0.0,7.070707070707071,4.040404040404041,0.6666666666666666,4
test,audio_117.wav,0.0,0.0,0.0,1.818181818181818,0.0,0.9090909090909092,0.0,0.0,0.0,2.727272727272727,2.727272727272727,0.4,3
test,audio_212.wav,1.0869565217391304,1.0869565217391304,1.0869565217391304,0.0,0.0,4.3478260869565215,1.0869565217391304,0.0,0.0,8.695652173913043,7.608695652173913,1.0,7
test,audio_79.wav,0.0,0.0,0.8695652173913043,0.0,0.0,2.608695652173913,0.0,0.0,0.0,3.4782608695652173,3.4782608695652173,0.4285714285714285,4
test,audio_171.wav,2.150537634408602,0.0,2.150537634408602,0.0,0.0,3.225806451612903,1.075268817204301,0.0,0.0,8.602150537634408,7.526881720430108,0.75,7
test,audio_60.wav,1.5625,0.0,0.0,1.5625,0.0,0.78125,0.0,0.0,0.0,3.90625,3.90625,0.4444444444444444,5
test,audio_153.wav,0.0,0.0,0.9523809523809524,0.9523809523809524,0.0,0.9523809523809524,0.9523809523809524,0.0,0.0,3.809523809523809,2.857142857142857,0.5,3
test,audio_176.wav,0.0,0.0,0.0,1.36986301369863,1.36986301369863,1.36986301369863,2.73972602739726,0.0,0.0,6.849315068493151,4.109589041095891,0.5,3
test,audio_2.wav,0.0,0.8333333333333334,0.0,0.8333333333333334,0.0,1.6666666666666667,0.8333333333333334,0.8333333333333334,0.0,5.0,3.333333333333333,0.8,4
test,audio_50.wav,0.0,0.0,0.0,1.4705882352941178,0.0,0.0,0.0,0.0,0.0,1.4705882352941178,1.4705882352941178,0.25,1
test,audio_29.wav,0.0,0.0,2.631578947368421,0.0,0.0,0.0,0.0,0.0,0.0,2.631578947368421,2.631578947368421,0.5,1
test,audio_142.wav,1.1494252873563218,0.0,0.0,0.0,0.0,1.1494252873563218,0.0,0.0,0.0,2.2988505747126435,2.2988505747126435,0.4,2
test,audio_47.wav,1.2820512820512822,0.0,1.2820512820512822,0.0,0.0,0.0,0.0,0.0,0.0,2.5641025641025643,2.5641025641025643,0.4,2
test,audio_84.wav,0.0,0.0,0.0,0.0,0.0,1.075268817204301,0.0,0.0,0.0,1.075268817204301,1.075268817204301,0.1111111111111111,1
test,audio_164.wav,0.0,0.0,0.0,1.7857142857142858,0.0,0.0,1.7857142857142858,0.0,0.0,3.571428571428572,1.7857142857142858,0.5,1
test,audio_48.wav,0.0,0.0,0.0,0.0,0.0,0.0,0.0,0.0,0.0,0.0,0.0,0.0,0
test,audio_189.wav,0.0,1.408450704225352,0.0,0.0,1.408450704225352,1.408450704225352,2.816901408450704,1.408450704225352,0.0,8.450704225352112,4.225352112676056,1.0,3
test,audio_151.wav,0.0,0.0,0.0,0.0,0.0,0.0,0.0,0.0,0.0,0.0,0.0,0.0,0
test,audio_66.wav,0.0,0.0,0.0,0.0,0.0,2.083333333333333,0.0,2.083333333333333,0.0,4.166666666666667,2.083333333333333,0.2,1
test,audio_44.wav,0.0,0.0,1.5873015873015872,0.0,0.0,0.0,0.0,0.0,0.0,1.5873015873015872,1.5873015873015872,0.1428571428571428,1
test,audio_150.wav,0.9009009009009008,0.0,0.0,0.0,0.9009009009009008,1.8018018018018016,0.9009009009009008,0.0,0.0,4.504504504504505,3.603603603603604,0.75,4
test,audio_87.wav,0.819672131147541,0.0,0.0,0.0,0.0,0.819672131147541,0.819672131147541,0.0,0.0,2.459016393442623,1.639344262295082,0.3,2
test,audio_99.wav,0.0,0.0,0.0,0.0,0.0,4.166666666666667,2.7777777777777777,0.0,0.0,6.944444444444445,4.166666666666667,0.6666666666666666,3
test,audio_62.wav,0.0,0.0,0.0,2.479338842975207,0.0,1.6528925619834711,0.0,0.0,0.0,4.132231404958677,4.132231404958677,0.5714285714285714,5
test,audio_20.wav,0.0,0.0,0.0,0.0,0.0,1.098901098901099,2.197802197802198,1.098901098901099,0.0,4.395604395604396,1.098901098901099,1.0,1
test,audio_124.wav,0.0,2.0202020202020203,1.0101010101010102,1.0101010101010102,0.0,1.0101010101010102,1.0101010101010102,0.0,0.0,6.0606060606060606,5.05050505050505,1.0,5
test,audio_54.wav,0.7751937984496124,0.0,0.0,0.7751937984496124,0.0,2.3255813953488373,0.0,0.0,0.0,3.875968992248062,3.875968992248062,0.5714285714285714,5
test,audio_45.wav,0.0,0.0,0.0,0.5714285714285714,0.5714285714285714,1.1428571428571428,0.0,0.0,0.0,2.2857142857142856,2.2857142857142856,0.8,4
test,audio_71.wav,0.0,0.0,0.0,0.0,0.0,1.2987012987012987,0.0,0.0,0.0,1.2987012987012987,1.2987012987012987,0.2,2
test,audio_184.wav,0.9345794392523364,0.9345794392523364,0.0,2.803738317757009,0.0,2.803738317757009,0.9345794392523364,0.0,0.0,8.411214953271028,7.4766355140186915,1.0,8
test,audio_24.wav,1.1494252873563218,0.0,0.0,1.1494252873563218,0.0,0.0,0.0,0.0,0.0,2.2988505747126435,2.2988505747126435,0.2857142857142857,2
test,audio_140.wav,0.99009900990099,1.98019801980198,0.99009900990099,0.99009900990099,0.0,0.0,1.98019801980198,0.0,0.0,6.930693069306931,4.950495049504951,0.6666666666666666,5
test,audio_165.wav,0.0,0.0,0.0,1.4492753623188406,0.0,1.4492753623188406,0.0,0.0,0.0,2.898550724637681,2.898550724637681,0.25,2
test,audio_170.wav,1.2345679012345678,0.0,0.0,0.0,0.0,0.0,0.0,0.0,0.0,1.2345679012345678,1.2345679012345678,0.1666666666666666,1
