split,filename,n_sentences,mean_sentence_len,share_sentences_without_verb,noun_share,verb_share,adj_share,adv_share,aux_share,pron_share,conj_share,tense_past_share,tense_present_share,future_marker_count,tense_variety,mean_parse_depth,max_parse_depth,subordinate_clauses_per_sentence,mean_word_len
train,audio_192.wav,9,11.22222222222222,0.1111111111111111,0.1881188118811881,0.1584158415841584,0.0594059405940594,0.0693069306930693,0.0594059405940594,0.1386138613861386,0.099009900990099,0.0,1.0,1,3,3.333333333333333,6,0.5555555555555556,4.040816326530612
train,audio_436.wav,5,22.0,0.2,0.2909090909090909,0.1181818181818181,0.0909090909090909,0.0454545454545454,0.0454545454545454,0.0909090909090909,0.0545454545454545,0.0,1.0,3,2,6.6,10,1.2,4.390909090909091
train,audio_447.wav,12,12.25,0.0833333333333333,0.2517006802721088,0.1564625850340136,0.0544217687074829,0.0340136054421768,0.0544217687074829,0.0952380952380952,0.0476190476190476,0.0,1.0,0,3,5.333333333333333,8,0.8333333333333334,3.986394557823129
train,audio_126.wav,3,35.0,0.0,0.2095238095238095,0.1333333333333333,0.019047619047619,0.0380952380952381,0.0,0.1904761904761904,0.0666666666666666,0.9166666666666666,0.0833333333333333,0,2,6.333333333333333,8,1.3333333333333333,3.619047619047619
train,audio_61.wav,5,16.2,0.0,0.2345679012345679,0.1358024691358024,0.037037037037037,0.037037037037037,0.074074074074074,0.1481481481481481,0.074074074074074,0.5454545454545454,0.4545454545454545,0,2,4.4,8,1.0,3.75
train,audio_639.wav,6,16.0,0.1666666666666666,0.1458333333333333,0.125,0.0520833333333333,0.09375,0.0833333333333333,0.1979166666666666,0.09375,0.5333333333333333,0.4666666666666667,1,3,4.333333333333333,7,1.6666666666666667,3.797872340425532
train,audio_703.wav,2,22.0,0.0,0.1363636363636363,0.1363636363636363,0.1136363636363636,0.1136363636363636,0.0681818181818181,0.1136363636363636,0.0454545454545454,0.75,0.25,0,2,4.5,8,2.0,3.4318181818181817
train,audio_509.wav,10,13.1,0.0,0.2137404580152671,0.2061068702290076,0.0610687022900763,0.0534351145038167,0.0381679389312977,0.1603053435114503,0.1068702290076335,0.0,1.0,0,2,3.9,9,0.7,4.892307692307693
train,audio_672.wav,9,13.11111111111111,0.0,0.2627118644067797,0.1016949152542373,0.059322033898305,0.0677966101694915,0.0847457627118644,0.1186440677966101,0.0677966101694915,0.0,1.0,0,1,3.7777777777777777,9,0.6666666666666666,4.128205128205129
train,audio_344.wav,6,19.33333333333333,0.0,0.2327586206896551,0.1379310344827586,0.0603448275862069,0.043103448275862,0.0948275862068965,0.1206896551724138,0.0603448275862069,0.0,1.0,0,2,5.5,8,2.0,4.28695652173913
train,audio_592.wav,5,22.6,0.0,0.2831858407079646,0.1238938053097345,0.0530973451327433,0.0176991150442477,0.0530973451327433,0.1061946902654867,0.0884955752212389,0.0,1.0,1,2,5.2,6,1.8,5.089285714285714
train,audio_705.wav,6,18.5,0.0,0.2522522522522522,0.1441441441441441,0.045045045045045,0.027027027027027,0.036036036036036,0.1531531531531531,0.063063063063063,0.0,1.0,0,2,5.0,9,1.0,3.844036697247706
train,audio_497.wav,3,25.666666666666668,0.0,0.3116883116883117,0.1688311688311688,0.0649350649350649,0.0259740259740259,0.0389610389610389,0.0909090909090909,0.0519480519480519,0.0,1.0,0,1,7.0,7,2.0,5.131578947368421
train,audio_702.wav,4,24.25,0.0,0.1546391752577319,0.2061855670103092,0.0309278350515463,0.0824742268041237,0.0618556701030927,0.2061855670103092,0.1030927835051546,0.0714285714285714,0.9285714285714286,0,2,5.5,6,3.25,3.9072164948453607
train,audio_598.wav,2,66.5,0.0,0.1804511278195488,0.1278195488721804,0.0601503759398496,0.075187969924812,0.1203007518796992,0.1729323308270676,0.0676691729323308,0.3529411764705882,0.6470588235294118,1,5,8.0,9,8.0,4.0
train,audio_99.wav,2,40.0,0.0,0.1,0.1625,0.1,0.05,0.1125,0.175,0.025,0.25,0.75,2,3,10.0,14,3.0,3.5128205128205128
train,audio_194.wav,3,17.333333333333332,0.0,0.1923076923076923,0.1346153846153846,0.1153846153846153,0.0192307692307692,0.0384615384615384,0.1538461538461538,0.1153846153846153,0.625,0.375,0,3,5.333333333333333,7,1.0,3.9038461538461537
train,audio_5055.wav,4,11.5,0.0,0.1304347826086956,0.2391304347826087,0.0434782608695652,0.0869565217391304,0.0434782608695652,0.2391304347826087,0.0652173913043478,0.0,1.0,1,3,3.5,5,1.0,3.636363636363636
train,audio_178.wav,8,12.75,0.0,0.2352941176470588,0.0980392156862745,0.1078431372549019,0.1078431372549019,0.088235294117647,0.1176470588235294,0.0392156862745098,0.0,1.0,2,2,4.0,5,0.875,4.04
train,audio_609.wav,5,21.0,0.0,0.1333333333333333,0.1523809523809524,0.0666666666666666,0.0571428571428571,0.0761904761904762,0.1904761904761904,0.0857142857142857,0.0,1.0,0,2,5.0,6,2.0,3.603960396039604
train,audio_77.wav,4,24.0,0.0,0.1875,0.125,0.0520833333333333,0.03125,0.1458333333333333,0.125,0.0625,0.0,1.0,1,2,8.5,13,2.0,4.108695652173913
train,audio_18.wav,3,33.666666666666664,0.0,0.1485148514851485,0.1584158415841584,0.0693069306930693,0.0495049504950495,0.0495049504950495,0.198019801980198,0.0891089108910891,0.8823529411764706,0.1176470588235294,0,2,8.0,15,5.0,4.09
train,audio_9.wav,7,11.428571428571429,0.1428571428571428,0.3125,0.0375,0.1,0.025,0.1,0.0875,0.025,0.3333333333333333,0.6666666666666666,0,3,4.571428571428571,6,0.4285714285714285,4.294871794871795
train,audio_138.wav,4,18.5,0.0,0.1081081081081081,0.1216216216216216,0.054054054054054,0.1351351351351351,0.1216216216216216,0.1891891891891892,0.0945945945945946,0.4615384615384615,0.5384615384615384,0,4,4.0,5,1.75,3.8857142857142857
train,audio_269.wav,8,14.375,0.0,0.217391304347826,0.1913043478260869,0.0695652173913043,0.017391304347826,0.0695652173913043,0.2782608695652174,0.0434782608695652,0.0,1.0,0,3,3.75,8,1.75,4.117117117117117
train,audio_717.wav,4,26.25,0.0,0.219047619047619,0.0857142857142857,0.0476190476190476,0.0857142857142857,0.1047619047619047,0.1619047619047619,0.0666666666666666,0.625,0.375,0,4,5.5,7,1.75,4.099009900990099
train,audio_529.wav,9,13.444444444444445,0.0,0.1322314049586777,0.0909090909090909,0.0909090909090909,0.0661157024793388,0.1074380165289256,0.2148760330578512,0.0991735537190082,0.0714285714285714,0.9285714285714286,0,3,3.555555555555556,6,0.6666666666666666,3.84873949579832
train,audio_578.wav,10,14.2,0.2,0.2887323943661972,0.1338028169014084,0.0845070422535211,0.0140845070422535,0.0352112676056338,0.1056338028169014,0.056338028169014,0.0,1.0,0,2,5.0,11,0.3,4.746478873239437
train,audio_171.wav,9,10.666666666666666,0.3333333333333333,0.1666666666666666,0.1354166666666666,0.0625,0.0833333333333333,0.09375,0.1875,0.0729166666666666,0.0,1.0,1,3,2.7777777777777777,10,0.5555555555555556,4.075268817204301
train,audio_596.wav,5,24.2,0.0,0.3057851239669421,0.1487603305785124,0.0909090909090909,0.024793388429752,0.0082644628099173,0.0330578512396694,0.0991735537190082,0.0,1.0,0,1,6.4,8,2.2,5.066666666666666
train,audio_5066.wav,5,20.6,0.0,0.0970873786407767,0.145631067961165,0.0776699029126213,0.058252427184466,0.1359223300970873,0.203883495145631,0.0776699029126213,0.2307692307692307,0.7692307692307693,2,5,4.6,7,1.2,3.557894736842105
train,audio_501.wav,4,33.75,0.0,0.2,0.1777777777777777,0.0888888888888888,0.0666666666666666,0.074074074074074,0.2074074074074074,0.0444444444444444,0.1875,0.8125,0,3,5.75,9,2.0,3.948148148148148
train,audio_8.wav,3,31.33333333333333,0.0,0.202127659574468,0.1063829787234042,0.0957446808510638,0.0957446808510638,0.0638297872340425,0.0851063829787234,0.0851063829787234,0.0,1.0,0,1,4.0,6,1.6666666666666667,3.9468085106382977
train,audio_84.wav,6,14.833333333333334,0.0,0.1685393258426966,0.1235955056179775,0.0898876404494382,0.0449438202247191,0.1235955056179775,0.2022471910112359,0.0449438202247191,0.0,1.0,2,2,4.5,7,1.3333333333333333,3.6741573033707855
train,audio_11.wav,4,18.5,0.0,0.2567567567567567,0.1351351351351351,0.027027027027027,0.054054054054054,0.081081081081081,0.1351351351351351,0.0945945945945946,0.0,1.0,1,2,4.0,5,1.25,4.175675675675675
train,audio_142.wav,3,13.0,0.3333333333333333,0.358974358974359,0.1025641025641025,0.0512820512820512,0.0512820512820512,0.0,0.1025641025641025,0.1025641025641025,0.0,1.0,0,1,4.333333333333333,6,0.3333333333333333,4.589743589743589
train,audio_610.wav,7,16.285714285714285,0.0,0.219298245614035,0.131578947368421,0.0789473684210526,0.0350877192982456,0.0964912280701754,0.1140350877192982,0.0526315789473684,0.0,1.0,0,2,4.571428571428571,7,0.8571428571428571,4.08256880733945
train,audio_654.wav,3,33.333333333333336,0.0,0.24,0.19,0.03,0.09,0.07,0.1,0.05,0.0,1.0,0,2,6.333333333333333,9,2.333333333333333,4.479591836734694
train,audio_170.wav,11,14.363636363636363,0.0909090909090909,0.1139240506329113,0.1772151898734177,0.0822784810126582,0.0569620253164556,0.0886075949367088,0.2025316455696202,0.0569620253164556,0.0,1.0,0,2,5.727272727272728,14,1.4545454545454546,3.941176470588236
train,audio_255.wav,5,19.0,0.0,0.2736842105263158,0.1473684210526315,0.0947368421052631,0.0105263157894736,0.0210526315789473,0.0736842105263157,0.0842105263157894,0.0,1.0,0,1,5.6,7,1.0,4.684210526315789
train,audio_162.wav,5,20.4,0.2,0.2058823529411764,0.0980392156862745,0.0294117647058823,0.0588235294117647,0.1372549019607843,0.1862745098039215,0.1078431372549019,0.0,1.0,1,2,4.2,10,1.8,4.072164948453608
train,audio_5069.wav,1,3.0,0.0,0.3333333333333333,0.3333333333333333,0.0,0.0,0.0,0.0,0.0,,,0,0,2.0,2,0.0,5.666666666666667
train,audio_769.wav,4,26.5,0.0,0.2264150943396226,0.1792452830188679,0.0094339622641509,0.0471698113207547,0.0377358490566037,0.1415094339622641,0.0754716981132075,0.0,1.0,0,2,5.75,12,2.75,4.163461538461538
train,audio_720.wav,6,22.5,0.0,0.1851851851851851,0.1703703703703703,0.0296296296296296,0.0666666666666666,0.074074074074074,0.1777777777777777,0.0444444444444444,0.0833333333333333,0.9166666666666666,0,4,5.833333333333333,9,2.0,3.954198473282443
train,audio_623.wav,4,26.75,0.0,0.1682242990654205,0.1401869158878504,0.0654205607476635,0.0560747663551401,0.1214953271028037,0.1775700934579439,0.0373831775700934,0.0,1.0,0,1,6.5,11,3.25,4.135922330097087
train,audio_718.wav,3,35.666666666666664,0.0,0.2429906542056074,0.102803738317757,0.0654205607476635,0.0747663551401869,0.0654205607476635,0.1214953271028037,0.0747663551401869,0.0,1.0,0,2,6.0,6,3.333333333333333,4.17
train,audio_136.wav,6,11.666666666666666,0.0,0.2714285714285714,0.1428571428571428,0.0857142857142857,0.0857142857142857,0.0428571428571428,0.0857142857142857,0.0857142857142857,0.0,1.0,0,1,4.333333333333333,8,0.8333333333333334,4.159420289855072
train,audio_119.wav,5,14.8,0.0,0.2837837837837837,0.1486486486486486,0.081081081081081,0.0405405405405405,0.081081081081081,0.0675675675675675,0.081081081081081,0.3333333333333333,0.6666666666666666,0,3,5.8,8,0.8,4.324324324324325
train,audio_542.wav,5,22.8,0.0,0.175438596491228,0.1140350877192982,0.0614035087719298,0.0526315789473684,0.0614035087719298,0.1842105263157894,0.1403508771929824,0.8461538461538461,0.1538461538461538,0,3,4.8,8,1.6,3.8157894736842106
train,audio_5073.wav,6,18.666666666666668,0.0,0.2678571428571428,0.0803571428571428,0.0446428571428571,0.0357142857142857,0.0714285714285714,0.0892857142857142,0.0803571428571428,0.0,1.0,1,3,5.166666666666667,8,0.8333333333333334,4.144144144144144
train,audio_322.wav,2,52.5,0.0,0.2095238095238095,0.1523809523809524,0.019047619047619,0.0476190476190476,0.0476190476190476,0.0952380952380952,0.1142857142857142,0.0,1.0,0,2,9.0,12,5.5,3.951923076923077
train,audio_5039.wav,2,16.5,0.0,0.3333333333333333,0.1212121212121212,0.1212121212121212,0.0303030303030303,0.0909090909090909,0.0303030303030303,0.0909090909090909,0.3333333333333333,0.6666666666666666,0,2,5.0,7,1.0,5.2727272727272725
train,audio_707.wav,3,34.0,0.0,0.2254901960784313,0.1568627450980392,0.0490196078431372,0.0588235294117647,0.1078431372549019,0.1078431372549019,0.0686274509803921,0.1666666666666666,0.8333333333333334,1,3,4.333333333333333,6,2.6666666666666665,4.247524752475248
train,audio_148.wav,5,26.4,0.0,0.2575757575757575,0.0984848484848484,0.0681818181818181,0.0606060606060606,0.0833333333333333,0.0984848484848484,0.0757575757575757,0.0,1.0,1,3,5.4,9,1.6,4.793893129770993
train,audio_316.wav,3,33.0,0.0,0.2525252525252525,0.1212121212121212,0.0404040404040404,0.101010101010101,0.0606060606060606,0.1616161616161616,0.0606060606060606,0.25,0.75,0,3,5.333333333333333,7,3.0,4.63265306122449
train,audio_647.wav,2,61.5,0.0,0.1951219512195122,0.1382113821138211,0.089430894308943,0.048780487804878,0.056910569105691,0.1463414634146341,0.073170731707317,0.0,1.0,0,1,9.0,10,5.0,4.211382113821138
train,audio_286.wav,12,10.166666666666666,0.0,0.1639344262295081,0.1147540983606557,0.0655737704918032,0.1311475409836065,0.1311475409836065,0.2049180327868852,0.0737704918032786,0.0,1.0,1,3,3.0,6,0.5833333333333334,4.280701754385965
train,audio_92.wav,4,22.25,0.0,0.1797752808988764,0.1685393258426966,0.0786516853932584,0.0786516853932584,0.0337078651685393,0.1685393258426966,0.1011235955056179,0.5,0.5,0,3,5.75,8,1.25,4.50561797752809
train,audio_462.wav,4,22.0,0.0,0.3295454545454545,0.1704545454545454,0.0454545454545454,0.0227272727272727,0.0,0.034090909090909,0.0568181818181818,0.0,1.0,0,1,5.5,7,1.25,4.666666666666667
train,audio_376.wav,6,16.833333333333332,0.0,0.2178217821782178,0.1584158415841584,0.1188118811881188,0.0396039603960396,0.0693069306930693,0.1386138613861386,0.0792079207920792,0.9333333333333332,0.0666666666666666,0,2,4.833333333333333,9,1.3333333333333333,4.1683168316831685
train,audio_76.wav,1,80.0,0.0,0.225,0.0875,0.15,0.05,0.075,0.0875,0.0875,1.0,0.0,1,3,9.0,9,1.0,4.3
train,audio_105.wav,2,39.5,0.0,0.2151898734177215,0.0886075949367088,0.1012658227848101,0.050632911392405,0.0759493670886076,0.1139240506329113,0.0379746835443038,0.1666666666666666,0.8333333333333334,0,3,7.0,8,2.0,4.051948051948052
train,audio_355.wav,6,14.166666666666666,0.0,0.2470588235294117,0.1411764705882353,0.0705882352941176,0.0588235294117647,0.0823529411764705,0.1294117647058823,0.0352941176470588,0.2222222222222222,0.7777777777777778,1,4,4.0,7,1.0,4.352941176470588
train,audio_663.wav,4,20.5,0.0,0.2073170731707317,0.1707317073170731,0.0365853658536585,0.0853658536585365,0.0609756097560975,0.1951219512195122,0.0975609756097561,0.0,1.0,1,2,4.25,6,1.5,4.146341463414634
train,audio_767.wav,3,37.66666666666666,0.0,0.1592920353982301,0.1327433628318584,0.0973451327433628,0.0353982300884955,0.0530973451327433,0.2123893805309734,0.0884955752212389,0.7058823529411765,0.2941176470588235,0,3,6.0,7,3.0,3.981981981981982
train,audio_655.wav,5,20.2,0.0,0.2178217821782178,0.1287128712871287,0.099009900990099,0.0495049504950495,0.099009900990099,0.1881188118811881,0.0792079207920792,0.4444444444444444,0.5555555555555556,0,3,4.0,5,1.8,4.181818181818182
train,audio_372.wav,6,20.0,0.0,0.1583333333333333,0.1666666666666666,0.0916666666666666,0.075,0.0416666666666666,0.1666666666666666,0.0833333333333333,0.0,1.0,0,2,5.666666666666667,11,1.3333333333333333,4.159663865546219
train,audio_667.wav,8,16.875,0.0,0.1629629629629629,0.1185185185185185,0.1185185185185185,0.0814814814814814,0.1037037037037037,0.1703703703703703,0.0518518518518518,0.2,0.8,0,3,4.75,8,1.375,4.328125
train,audio_517.wav,3,34.0,0.0,0.1764705882352941,0.1470588235294117,0.0784313725490196,0.0392156862745098,0.1078431372549019,0.1372549019607843,0.1568627450980392,0.0,1.0,1,3,7.333333333333333,10,2.333333333333333,4.090909090909091
train,audio_765.wav,5,19.8,0.0,0.2222222222222222,0.1313131313131313,0.0909090909090909,0.0707070707070707,0.0909090909090909,0.1414141414141414,0.0707070707070707,0.0769230769230769,0.9230769230769232,0,3,5.4,8,1.4,4.552083333333333
train,audio_38.wav,4,22.25,0.0,0.247191011235955,0.1348314606741573,0.0337078651685393,0.0898876404494382,0.0786516853932584,0.1235955056179775,0.0561797752808988,0.0,1.0,0,2,5.25,8,1.75,4.238095238095238
train,audio_371.wav,5,25.6,0.0,0.1796875,0.125,0.0703125,0.078125,0.09375,0.125,0.109375,0.0,1.0,0,2,3.0,6,2.2,4.140625
train,audio_507.wav,3,32.0,0.0,0.1875,0.1458333333333333,0.0625,0.0208333333333333,0.1041666666666666,0.1979166666666666,0.1041666666666666,0.2222222222222222,0.7777777777777778,4,4,6.666666666666667,11,2.6666666666666665,4.3578947368421055
train,audio_5056.wav,1,56.0,0.0,0.1428571428571428,0.1964285714285714,0.0178571428571428,0.0535714285714285,0.0892857142857142,0.2678571428571428,0.0357142857142857,0.0,1.0,0,2,7.0,7,8.0,3.8461538461538463
train,audio_282.wav,4,29.5,0.0,0.1101694915254237,0.1610169491525423,0.0762711864406779,0.0677966101694915,0.1271186440677966,0.2033898305084746,0.0677966101694915,0.5333333333333333,0.4666666666666667,0,4,5.25,8,3.25,4.123893805309734
train,audio_459.wav,7,16.571428571428573,0.0,0.2672413793103448,0.1724137931034483,0.0948275862068965,0.0258620689655172,0.0258620689655172,0.1896551724137931,0.0689655172413793,0.0,1.0,0,2,4.285714285714286,7,0.8571428571428571,4.568965517241379
train,audio_303.wav,6,16.5,0.0,0.2525252525252525,0.1717171717171717,0.0808080808080808,0.0606060606060606,0.0606060606060606,0.1111111111111111,0.0303030303030303,0.0,1.0,0,2,4.5,11,1.3333333333333333,4.727272727272728
train,audio_297.wav,6,16.0,0.0,0.1875,0.15625,0.0625,0.0625,0.0833333333333333,0.1770833333333333,0.0520833333333333,0.0909090909090909,0.9090909090909092,0,4,5.0,7,1.3333333333333333,3.934782608695652
train,audio_432.wav,3,32.333333333333336,0.0,0.134020618556701,0.1134020618556701,0.0515463917525773,0.0309278350515463,0.0618556701030927,0.268041237113402,0.1134020618556701,0.4285714285714285,0.5714285714285714,0,3,5.666666666666667,7,2.0,3.393617021276596
train,audio_454.wav,5,29.8,0.0,0.2550335570469799,0.0604026845637583,0.046979865771812,0.0536912751677852,0.1140939597315436,0.0671140939597315,0.087248322147651,0.0,1.0,9,2,4.2,7,0.8,4.027027027027027
train,audio_482.wav,9,15.22222222222222,0.0,0.1605839416058394,0.1605839416058394,0.1313868613138686,0.0583941605839416,0.0583941605839416,0.1751824817518248,0.1240875912408759,0.0,1.0,0,2,3.7777777777777777,5,1.1111111111111112,3.91851851851852
train,audio_484.wav,4,23.0,0.0,0.2826086956521739,0.1195652173913043,0.0652173913043478,0.0652173913043478,0.0434782608695652,0.0978260869565217,0.0978260869565217,0.125,0.875,1,3,5.0,8,1.0,4.217391304347826
train,audio_757.wav,6,17.166666666666668,0.0,0.174757281553398,0.145631067961165,0.0485436893203883,0.0388349514563106,0.1262135922330097,0.1650485436893204,0.0388349514563106,0.125,0.875,5,4,6.5,11,0.8333333333333334,3.83
train,audio_773.wav,5,16.8,0.0,0.1428571428571428,0.119047619047619,0.0119047619047619,0.1071428571428571,0.119047619047619,0.238095238095238,0.0714285714285714,0.3,0.7,1,5,5.0,8,0.8,3.65
train,audio_668.wav,8,17.375,0.125,0.237410071942446,0.1726618705035971,0.0503597122302158,0.0431654676258992,0.0863309352517985,0.1654676258992805,0.0359712230215827,0.0526315789473684,0.9473684210526316,0,4,3.875,5,1.625,4.2936507936507935
train,audio_240.wav,2,63.0,0.0,0.2698412698412698,0.1507936507936507,0.0793650793650793,0.0158730158730158,0.0555555555555555,0.1269841269841269,0.0873015873015873,0.125,0.875,1,3,11.0,11,6.0,4.301587301587301
train,audio_163.wav,8,8.375,0.0,0.2537313432835821,0.1194029850746268,0.0597014925373134,0.0895522388059701,0.044776119402985,0.1641791044776119,0.0298507462686567,0.0,1.0,0,1,3.375,5,0.375,4.090909090909091
train,audio_659.wav,7,18.857142857142858,0.0,0.1742424242424242,0.106060606060606,0.0833333333333333,0.0681818181818181,0.1212121212121212,0.1893939393939394,0.0681818181818181,0.8421052631578947,0.1578947368421052,0,3,4.857142857142857,8,1.7142857142857142,3.984848484848485
train,audio_532.wav,9,16.77777777777778,0.1111111111111111,0.1125827814569536,0.0927152317880794,0.0596026490066225,0.086092715231788,0.119205298013245,0.2450331125827814,0.1125827814569536,0.1875,0.8125,1,4,3.4444444444444446,6,0.8888888888888888,3.641891891891892
train,audio_464.wav,7,11.428571428571429,0.0,0.2375,0.0875,0.0875,0.05,0.075,0.1875,0.075,0.5,0.5,0,2,3.4285714285714284,7,0.7142857142857143,3.8461538461538463
train,audio_5.wav,4,27.75,0.0,0.2252252252252252,0.1351351351351351,0.054054054054054,0.072072072072072,0.072072072072072,0.0990990990990991,0.081081081081081,0.0,1.0,0,2,6.75,9,1.5,3.963636363636364
train,audio_231.wav,2,69.5,0.0,0.158273381294964,0.1079136690647482,0.0431654676258992,0.0719424460431654,0.1007194244604316,0.1942446043165467,0.0863309352517985,0.0,1.0,0,1,10.0,12,7.0,3.741007194244604
train,audio_384.wav,7,17.714285714285715,0.0,0.1612903225806451,0.1370967741935483,0.064516129032258,0.1209677419354838,0.0564516129032258,0.1693548387096774,0.0725806451612903,0.1,0.9,1,4,4.714285714285714,8,1.0,4.383333333333334
train,audio_54.wav,4,24.5,0.0,0.1938775510204081,0.173469387755102,0.0408163265306122,0.0306122448979591,0.0612244897959183,0.1428571428571428,0.1122448979591836,0.0,1.0,0,2,5.5,7,2.25,3.875
train,audio_656.wav,5,21.8,0.0,0.1651376146788991,0.1192660550458715,0.128440366972477,0.0825688073394495,0.0825688073394495,0.1376146788990825,0.1009174311926605,0.8333333333333334,0.1666666666666666,0,3,5.2,7,1.6,3.871559633027523
train,audio_444.wav,3,35.0,0.0,0.1619047619047619,0.1523809523809524,0.0571428571428571,0.0761904761904762,0.0285714285714285,0.1619047619047619,0.0476190476190476,0.0,1.0,0,1,7.666666666666667,13,2.0,4.3619047619047615
train,audio_5062.wav,4,22.25,0.0,0.1011235955056179,0.1123595505617977,0.0786516853932584,0.0786516853932584,0.1011235955056179,0.2359550561797752,0.0786516853932584,0.6666666666666666,0.3333333333333333,0,4,6.0,9,1.25,3.4545454545454546
train,audio_312.wav,4,26.5,0.0,0.2075471698113207,0.1792452830188679,0.0566037735849056,0.0283018867924528,0.0754716981132075,0.1226415094339622,0.0754716981132075,0.2727272727272727,0.7272727272727273,0,3,5.5,7,2.5,4.6415094339622645
train,audio_120.wav,8,8.625,0.0,0.1304347826086956,0.1159420289855072,0.1159420289855072,0.1304347826086956,0.1304347826086956,0.1739130434782608,0.072463768115942,0.3,0.7,0,2,2.75,5,0.625,4.086956521739131
train,audio_446.wav,5,22.6,0.0,0.1769911504424778,0.0973451327433628,0.1061946902654867,0.0265486725663716,0.1061946902654867,0.168141592920354,0.0884955752212389,0.1111111111111111,0.8888888888888888,1,3,4.4,6,1.8,4.1909090909090905
train,audio_546.wav,4,25.0,0.0,0.21,0.14,0.06,0.06,0.08,0.15,0.09,0.2,0.8,0,3,5.5,12,2.0,4.494845360824742
train,audio_430.wav,8,15.625,0.0,0.2,0.136,0.112,0.048,0.088,0.176,0.072,0.0666666666666666,0.9333333333333332,0,3,4.25,7,1.25,3.826446280991736
train,audio_179.wav,4,19.25,0.0,0.2987012987012987,0.1168831168831168,0.0649350649350649,0.0649350649350649,0.0909090909090909,0.0649350649350649,0.0519480519480519,0.2222222222222222,0.7777777777777778,2,3,5.75,13,1.0,4.868421052631579
train,audio_674.wav,6,21.83333333333333,0.0,0.2290076335877862,0.0916030534351145,0.1297709923664122,0.0687022900763358,0.0687022900763358,0.0763358778625954,0.1145038167938931,0.0,1.0,0,1,4.333333333333333,8,1.1666666666666667,4.122137404580153
train,audio_737.wav,4,23.25,0.25,0.1827956989247312,0.1827956989247312,0.043010752688172,0.075268817204301,0.075268817204301,0.1720430107526881,0.064516129032258,0.1,0.9,0,2,4.75,9,1.75,4.591397849462366
train,audio_669.wav,16,8.875,0.0,0.2676056338028169,0.1901408450704225,0.0211267605633802,0.028169014084507,0.0774647887323943,0.204225352112676,0.0845070422535211,0.0555555555555555,0.9444444444444444,1,4,2.9375,6,0.5625,4.151079136690647
train,audio_540.wav,7,19.857142857142858,0.0,0.4028776978417266,0.1223021582733813,0.1007194244604316,0.0719424460431654,0.0431654676258992,0.0431654676258992,0.0503597122302158,0.0,1.0,0,1,7.285714285714286,16,1.0,5.589928057553957
train,audio_692.wav,4,39.5,0.0,0.2025316455696202,0.0759493670886076,0.0822784810126582,0.0253164556962025,0.1075949367088607,0.1962025316455696,0.0696202531645569,0.4782608695652174,0.5217391304347826,0,4,7.75,9,4.25,3.51948051948052
train,audio_572.wav,4,28.5,0.0,0.219298245614035,0.131578947368421,0.0350877192982456,0.0263157894736842,0.0614035087719298,0.1491228070175438,0.131578947368421,0.1,0.9,1,5,5.25,6,1.5,4.285714285714286
train,audio_479.wav,2,49.0,0.0,0.2346938775510204,0.1326530612244898,0.0816326530612244,0.0714285714285714,0.0408163265306122,0.0714285714285714,0.1326530612244898,0.0,1.0,0,1,9.5,11,2.5,4.948979591836735
train,audio_419.wav,2,42.5,0.0,0.2705882352941176,0.1176470588235294,0.0117647058823529,0.0941176470588235,0.1764705882352941,0.0823529411764705,0.0705882352941176,0.0,1.0,5,3,7.5,8,2.5,4.6
train,audio_5037.wav,8,17.375,0.0,0.1438848920863309,0.158273381294964,0.079136690647482,0.0935251798561151,0.0935251798561151,0.1366906474820144,0.0719424460431654,0.0,1.0,0,2,5.25,7,1.375,3.729323308270677
train,audio_433.wav,2,62.5,0.0,0.264,0.104,0.056,0.016,0.072,0.096,0.08,0.0714285714285714,0.9285714285714286,2,4,9.5,10,4.5,4.387096774193548
train,audio_405.wav,9,14.77777777777778,0.0,0.1804511278195488,0.1428571428571428,0.0451127819548872,0.0451127819548872,0.1203007518796992,0.1578947368421052,0.0827067669172932,0.4285714285714285,0.5714285714285714,0,3,5.222222222222222,9,1.2222222222222223,4.022900763358779
train,audio_267.wav,4,18.0,0.0,0.25,0.1527777777777778,0.0833333333333333,0.0416666666666666,0.0555555555555555,0.125,0.1111111111111111,0.0,1.0,0,2,4.75,6,1.25,4.166666666666667
train,audio_358.wav,9,16.77777777777778,0.1111111111111111,0.2119205298013245,0.1324503311258278,0.0662251655629139,0.0596026490066225,0.0662251655629139,0.1721854304635761,0.0794701986754966,0.1666666666666666,0.8333333333333334,1,4,4.333333333333333,8,1.2222222222222223,4.236486486486487
train,audio_331.wav,7,18.714285714285715,0.0,0.2519083969465648,0.1526717557251908,0.0916030534351145,0.0610687022900763,0.0458015267175572,0.0763358778625954,0.0458015267175572,0.1,0.9,0,2,6.285714285714286,13,1.2857142857142858,4.456692913385827
train,audio_487.wav,3,28.33333333333333,0.0,0.1647058823529411,0.2,0.0352941176470588,0.0117647058823529,0.0941176470588235,0.1647058823529411,0.1529411764705882,0.1111111111111111,0.8888888888888888,3,4,4.666666666666667,7,1.3333333333333333,3.864197530864197
train,audio_494.wav,3,47.0,0.0,0.1631205673758865,0.1418439716312056,0.0212765957446808,0.0780141843971631,0.0780141843971631,0.1205673758865248,0.0780141843971631,0.2352941176470588,0.7647058823529411,0,3,6.666666666666667,11,4.333333333333333,3.8652482269503534
train,audio_536.wav,7,15.857142857142858,0.0,0.2972972972972973,0.1261261261261261,0.0990990990990991,0.09009009009009,0.036036036036036,0.09009009009009,0.045045045045045,0.0,1.0,1,2,6.0,12,0.8571428571428571,4.4363636363636365
train,audio_634.wav,4,23.5,0.25,0.2340425531914893,0.0425531914893617,0.1063829787234042,0.0744680851063829,0.0851063829787234,0.0957446808510638,0.1170212765957446,0.0,1.0,0,2,5.25,8,1.25,4.032967032967033
train,audio_317.wav,5,27.4,0.0,0.1897810218978102,0.1313868613138686,0.0948905109489051,0.0583941605839416,0.0656934306569343,0.1605839416058394,0.1021897810218978,0.0,1.0,0,1,6.8,9,2.4,4.333333333333333
train,audio_5054.wav,10,12.7,0.0,0.1889763779527559,0.1181102362204724,0.0944881889763779,0.0472440944881889,0.0944881889763779,0.1574803149606299,0.0551181102362204,0.0625,0.9375,0,3,3.8,7,0.7,3.591666666666667
train,audio_723.wav,6,24.33333333333333,0.0,0.184931506849315,0.1301369863013698,0.0547945205479452,0.0547945205479452,0.0753424657534246,0.1643835616438356,0.0821917808219178,0.0,1.0,0,3,6.5,8,1.1666666666666667,4.422535211267606
train,audio_155.wav,9,14.555555555555555,0.1111111111111111,0.2671755725190839,0.1297709923664122,0.099236641221374,0.0305343511450381,0.0610687022900763,0.1374045801526717,0.0763358778625954,0.0714285714285714,0.9285714285714286,0,4,4.555555555555555,7,0.4444444444444444,4.488549618320611
train,audio_410.wav,3,35.666666666666664,0.0,0.102803738317757,0.1682242990654205,0.0654205607476635,0.0934579439252336,0.0841121495327102,0.2149532710280373,0.102803738317757,0.0,1.0,1,4,7.666666666666667,10,4.0,3.48
train,audio_251.wav,2,15.0,0.0,0.2,0.2,0.0666666666666666,0.0,0.0,0.1666666666666666,0.0666666666666666,0.6,0.4,0,2,5.0,8,1.0,4.266666666666667
train,audio_779.wav,6,23.83333333333333,0.0,0.2587412587412587,0.1048951048951049,0.0419580419580419,0.0559440559440559,0.0489510489510489,0.1258741258741259,0.0909090909090909,0.0,1.0,0,2,5.833333333333333,14,2.0,4.272058823529412
train,audio_382.wav,2,67.0,0.0,0.1716417910447761,0.1716417910447761,0.0522388059701492,0.0373134328358208,0.0895522388059701,0.1492537313432835,0.0895522388059701,0.3333333333333333,0.6666666666666666,2,4,10.5,13,7.0,4.099236641221374
train,audio_559.wav,3,21.666666666666668,0.0,0.3538461538461538,0.123076923076923,0.1076923076923077,0.0,0.0153846153846153,0.123076923076923,0.0615384615384615,0.0,1.0,0,1,4.333333333333333,8,1.3333333333333333,4.830769230769231
train,audio_161.wav,2,22.0,0.0,0.2272727272727272,0.1818181818181818,0.0454545454545454,0.0227272727272727,0.0909090909090909,0.1590909090909091,0.0909090909090909,0.0,1.0,0,2,5.0,9,0.5,4.325581395348837
train,audio_535.wav,11,13.818181818181818,0.0,0.25,0.1710526315789473,0.0657894736842105,0.0460526315789473,0.0394736842105263,0.1907894736842105,0.0789473684210526,0.0,1.0,0,3,4.2727272727272725,10,0.6363636363636364,4.552631578947368
train,audio_363.wav,5,16.2,0.0,0.2592592592592592,0.1975308641975308,0.0493827160493827,0.0617283950617283,0.1234567901234567,0.0864197530864197,0.037037037037037,0.0,1.0,0,2,3.6,6,1.8,4.884615384615385
train,audio_5057.wav,6,21.166666666666668,0.0,0.2047244094488189,0.0866141732283464,0.1023622047244094,0.0472440944881889,0.0629921259842519,0.1574803149606299,0.0629921259842519,0.6666666666666666,0.3333333333333333,0,3,5.5,8,1.3333333333333333,3.677165354330709
train,audio_660.wav,8,16.125,0.0,0.2248062015503876,0.1627906976744186,0.0697674418604651,0.0387596899224806,0.0620155038759689,0.1240310077519379,0.0310077519379844,0.0,1.0,1,4,4.625,8,1.375,4.139344262295082
train,audio_293.wav,5,27.2,0.0,0.1544117647058823,0.1617647058823529,0.0808823529411764,0.0588235294117647,0.0661764705882353,0.1911764705882352,0.0808823529411764,0.0,1.0,0,2,6.8,9,2.0,4.355555555555555
train,audio_74.wav,6,15.166666666666666,0.3333333333333333,0.2637362637362637,0.1098901098901098,0.0439560439560439,0.0549450549450549,0.0329670329670329,0.1428571428571428,0.0769230769230769,0.7142857142857143,0.2857142857142857,0,2,3.333333333333333,7,0.6666666666666666,3.8777777777777778
train,audio_215.wav,5,28.8,0.0,0.2013888888888889,0.1597222222222222,0.0694444444444444,0.0833333333333333,0.0625,0.1180555555555555,0.0902777777777777,0.2222222222222222,0.7777777777777778,1,5,8.6,15,2.0,4.216783216783217
train,audio_228.wav,4,19.0,0.0,0.1973684210526315,0.1184210526315789,0.0394736842105263,0.0921052631578947,0.0526315789473684,0.1052631578947368,0.0789473684210526,0.2857142857142857,0.7142857142857143,0,3,5.5,7,1.5,4.277777777777778
train,audio_602.wav,1,122.0,0.0,0.1967213114754098,0.1065573770491803,0.0573770491803278,0.0573770491803278,0.0901639344262295,0.0901639344262295,0.1311475409836065,0.0,1.0,2,3,10.0,10,7.0,4.1570247933884295
train,audio_396.wav,3,53.0,0.0,0.2075471698113207,0.2012578616352201,0.050314465408805,0.0377358490566037,0.050314465408805,0.1446540880503144,0.050314465408805,0.0454545454545454,0.9545454545454546,2,4,7.333333333333333,9,9.0,4.170886075949367
train,audio_576.wav,4,28.75,0.0,0.2,0.1391304347826087,0.0521739130434782,0.0608695652173913,0.1304347826086956,0.1478260869565217,0.0434782608695652,0.125,0.875,1,3,6.5,10,2.0,4.269565217391304
train,audio_5040.wav,5,27.4,0.0,0.1897810218978102,0.1094890510948905,0.0802919708029197,0.0656934306569343,0.072992700729927,0.145985401459854,0.1094890510948905,0.1666666666666666,0.8333333333333334,0,2,5.4,8,1.6,3.909090909090909
train,audio_198.wav,4,17.5,0.0,0.2714285714285714,0.1142857142857142,0.0714285714285714,0.0714285714285714,0.0428571428571428,0.1285714285714285,0.0857142857142857,0.0,1.0,0,1,3.5,4,1.0,3.8857142857142857
train,audio_600.wav,6,21.166666666666668,0.0,0.2125984251968504,0.0944881889763779,0.0472440944881889,0.0629921259842519,0.0551181102362204,0.2204724409448819,0.1023622047244094,0.0,1.0,0,2,5.333333333333333,8,0.1666666666666666,3.76
train,audio_710.wav,3,26.33333333333333,0.0,0.2278481012658227,0.1645569620253164,0.0253164556962025,0.0632911392405063,0.1392405063291139,0.0759493670886076,0.1012658227848101,0.0,1.0,0,2,5.333333333333333,7,1.6666666666666667,4.69620253164557
train,audio_246.wav,2,37.0,0.0,0.2297297297297297,0.1216216216216216,0.054054054054054,0.0945945945945946,0.0945945945945946,0.0675675675675675,0.1081081081081081,0.0,1.0,0,2,10.5,12,2.0,4.662162162162162
train,audio_490.wav,7,16.857142857142858,0.0,0.1525423728813559,0.1271186440677966,0.0847457627118644,0.0508474576271186,0.0677966101694915,0.2627118644067797,0.1186440677966101,0.1052631578947368,0.8947368421052632,0,2,4.571428571428571,7,1.2857142857142858,3.715517241379312
train,audio_657.wav,4,25.25,0.0,0.2277227722772277,0.1287128712871287,0.099009900990099,0.1188118811881188,0.0297029702970297,0.0891089108910891,0.1089108910891089,0.0,1.0,0,1,6.5,8,1.75,4.75531914893617
train,audio_688.wav,4,17.75,0.0,0.2816901408450704,0.1267605633802817,0.028169014084507,0.0140845070422535,0.0704225352112676,0.0845070422535211,0.0845070422535211,0.0,1.0,0,2,5.5,8,1.0,4.228571428571429
train,audio_698.wav,1,110.0,0.0,0.2909090909090909,0.1454545454545454,0.009090909090909,0.0909090909090909,0.0727272727272727,0.109090909090909,0.0727272727272727,0.0,1.0,5,2,13.0,13,14.0,4.281553398058253
train,audio_499.wav,2,37.0,0.0,0.2972972972972973,0.1216216216216216,0.0135135135135135,0.0405405405405405,0.054054054054054,0.0945945945945946,0.0945945945945946,0.125,0.875,0,3,7.5,9,3.0,4.1891891891891895
train,audio_463.wav,6,13.666666666666666,0.0,0.3658536585365853,0.1707317073170731,0.1097560975609756,0.024390243902439,0.024390243902439,0.073170731707317,0.048780487804878,0.0,1.0,0,1,5.333333333333333,9,0.6666666666666666,5.646341463414634
train,audio_604.wav,5,23.4,0.0,0.2564102564102564,0.1025641025641025,0.094017094017094,0.0769230769230769,0.0598290598290598,0.0769230769230769,0.0427350427350427,0.0833333333333333,0.9166666666666666,0,2,5.8,9,1.2,4.05982905982906
train,audio_97.wav,9,12.77777777777778,0.1111111111111111,0.1565217391304348,0.1565217391304348,0.0608695652173913,0.0782608695652174,0.0695652173913043,0.2347826086956521,0.0869565217391304,0.5909090909090909,0.4090909090909091,0,2,3.2222222222222223,7,1.3333333333333333,3.8392857142857135
train,audio_234.wav,3,22.0,0.0,0.2727272727272727,0.1212121212121212,0.106060606060606,0.0454545454545454,0.0757575757575757,0.0909090909090909,0.0909090909090909,0.0,1.0,0,2,7.0,9,0.6666666666666666,5.242424242424242
train,audio_782.wav,6,18.5,0.0,0.1621621621621621,0.1441441441441441,0.045045045045045,0.1171171171171171,0.063063063063063,0.1711711711711711,0.081081081081081,0.0625,0.9375,0,3,5.666666666666667,11,1.5,3.80188679245283
train,audio_758.wav,2,41.0,0.0,0.2317073170731707,0.1585365853658536,0.073170731707317,0.048780487804878,0.0365853658536585,0.1219512195121951,0.1097560975609756,0.0,1.0,0,1,7.5,11,4.5,4.302631578947368
train,audio_727.wav,7,19.714285714285715,0.0,0.1666666666666666,0.0942028985507246,0.0869565217391304,0.072463768115942,0.1014492753623188,0.1884057971014492,0.0797101449275362,0.75,0.25,4,4,5.285714285714286,10,1.2857142857142858,3.896296296296296
train,audio_643.wav,2,16.0,0.0,0.34375,0.15625,0.03125,0.0625,0.09375,0.0625,0.0625,0.0,1.0,0,1,5.0,5,0.5,5.4375
train,audio_261.wav,7,13.285714285714286,0.1428571428571428,0.1827956989247312,0.1720430107526881,0.075268817204301,0.086021505376344,0.032258064516129,0.1505376344086021,0.0967741935483871,0.1111111111111111,0.8888888888888888,0,3,4.142857142857143,9,0.7142857142857143,4.619565217391305
train,audio_205.wav,9,12.0,0.0,0.1944444444444444,0.1759259259259259,0.037037037037037,0.0555555555555555,0.037037037037037,0.1481481481481481,0.0462962962962962,0.0,1.0,0,1,3.555555555555556,5,0.6666666666666666,3.308411214953271
train,audio_128.wav,7,15.714285714285714,0.0,0.2636363636363636,0.1272727272727272,0.1272727272727272,0.0272727272727272,0.0636363636363636,0.0909090909090909,0.1,0.0,1.0,0,1,4.571428571428571,6,0.8571428571428571,4.678899082568807
train,audio_650.wav,4,36.0,0.0,0.1111111111111111,0.125,0.0763888888888889,0.0763888888888889,0.1180555555555555,0.2222222222222222,0.0902777777777777,0.6842105263157895,0.3157894736842105,0,3,6.0,8,4.0,3.676056338028169
train,audio_35.wav,4,31.0,0.0,0.1370967741935483,0.1774193548387097,0.032258064516129,0.0725806451612903,0.0483870967741935,0.2016129032258064,0.1048387096774193,0.6470588235294118,0.3529411764705882,0,2,5.75,9,2.75,3.672131147540984
train,audio_141.wav,3,26.666666666666668,0.0,0.2,0.125,0.1,0.05,0.05,0.2,0.1,0.2727272727272727,0.7272727272727273,0,2,5.0,7,3.0,3.7125
train,audio_260.wav,6,15.166666666666666,0.1666666666666666,0.2857142857142857,0.1098901098901098,0.0879120879120879,0.0769230769230769,0.0769230769230769,0.0549450549450549,0.0989010989010989,0.2,0.8,0,2,4.0,8,0.6666666666666666,4.533333333333333
train,audio_722.wav,7,21.142857142857142,0.0,0.2702702702702703,0.1216216216216216,0.081081081081081,0.0472972972972973,0.054054054054054,0.1081081081081081,0.0405405405405405,0.1818181818181818,0.8181818181818182,0,2,6.142857142857143,11,1.7142857142857142,4.4206896551724135
train,audio_5047.wav,8,14.75,0.0,0.1525423728813559,0.1949152542372881,0.0677966101694915,0.0508474576271186,0.0677966101694915,0.1694915254237288,0.0677966101694915,0.0,1.0,1,3,3.875,5,1.25,3.842105263157895
train,audio_324.wav,8,14.5,0.0,0.2413793103448276,0.1551724137931034,0.0775862068965517,0.1293103448275862,0.0344827586206896,0.0948275862068965,0.0517241379310344,0.0,1.0,0,1,3.875,5,1.125,4.572727272727272
train,audio_279.wav,7,21.428571428571427,0.0,0.16,0.1066666666666666,0.1133333333333333,0.1066666666666666,0.0933333333333333,0.1466666666666666,0.0666666666666666,0.0625,0.9375,0,3,4.428571428571429,8,1.7142857142857142,4.0479452054794525
train,audio_450.wav,6,17.666666666666668,0.0,0.2641509433962264,0.0754716981132075,0.1226415094339622,0.0471698113207547,0.0754716981132075,0.1037735849056603,0.0849056603773584,0.9166666666666666,0.0833333333333333,0,3,4.5,7,0.5,4.09375
train,audio_32.wav,3,37.333333333333336,0.0,0.2142857142857142,0.1517857142857142,0.0535714285714285,0.0625,0.0446428571428571,0.1428571428571428,0.0446428571428571,0.6153846153846154,0.3846153846153846,0,2,9.666666666666666,11,4.333333333333333,3.866071428571429
train,audio_254.wav,2,30.5,0.0,0.2622950819672131,0.1639344262295081,0.0,0.0163934426229508,0.0655737704918032,0.1147540983606557,0.0983606557377049,0.25,0.75,0,2,8.0,10,2.0,4.721311475409836
train,audio_544.wav,6,12.333333333333334,0.0,0.2432432432432432,0.1486486486486486,0.027027027027027,0.0,0.0675675675675675,0.1351351351351351,0.0945945945945946,0.2222222222222222,0.7777777777777778,0,2,4.666666666666667,6,0.8333333333333334,4.013698630136986
train,audio_176.wav,14,11.714285714285714,0.0,0.1463414634146341,0.0914634146341463,0.073170731707317,0.1097560975609756,0.1341463414634146,0.2012195121951219,0.0975609756097561,0.375,0.625,0,3,3.142857142857143,6,0.5,3.688311688311688
train,audio_301.wav,3,29.0,0.0,0.2413793103448276,0.1379310344827586,0.1149425287356321,0.0919540229885057,0.0459770114942528,0.1379310344827586,0.0459770114942528,0.0,1.0,0,1,5.333333333333333,10,2.6666666666666665,4.367816091954023
train,audio_213.wav,7,21.571428571428573,0.0,0.152317880794702,0.1788079470198675,0.0463576158940397,0.0728476821192053,0.0728476821192053,0.2185430463576159,0.0993377483443708,0.0,1.0,0,2,6.285714285714286,13,1.5714285714285714,4.183673469387755
train,audio_295.wav,5,25.0,0.0,0.256,0.136,0.064,0.088,0.04,0.096,0.064,0.0909090909090909,0.9090909090909092,0,2,7.6,10,1.6,4.411290322580645
train,audio_40.wav,8,12.5,0.0,0.26,0.11,0.09,0.12,0.05,0.11,0.06,0.0769230769230769,0.9230769230769232,0,3,4.75,8,0.375,4.313131313131313
train,audio_496.wav,5,16.8,0.0,0.2619047619047619,0.1071428571428571,0.0833333333333333,0.0119047619047619,0.0952380952380952,0.1309523809523809,0.0714285714285714,0.1,0.9,0,2,5.2,7,1.8,4.487804878048781
train,audio_45.wav,1,82.0,0.0,0.1829268292682926,0.1463414634146341,0.024390243902439,0.0121951219512195,0.0609756097560975,0.1951219512195122,0.0853658536585365,0.5,0.5,1,3,15.0,15,7.0,3.7625
train,audio_146.wav,5,24.6,0.0,0.2601626016260163,0.0975609756097561,0.08130081300813,0.048780487804878,0.065040650406504,0.0975609756097561,0.089430894308943,0.0,1.0,0,1,5.6,11,1.6,4.420168067226891
train,audio_415.wav,2,36.5,0.0,0.2328767123287671,0.1232876712328767,0.0821917808219178,0.0136986301369863,0.0684931506849315,0.2191780821917808,0.0958904109589041,0.6153846153846154,0.3846153846153846,0,3,6.5,10,3.5,4.219178082191781
train,audio_595.wav,4,23.25,0.25,0.2903225806451613,0.2043010752688172,0.0967741935483871,0.032258064516129,0.043010752688172,0.075268817204301,0.043010752688172,0.0,1.0,1,2,5.25,12,1.0,5.456521739130435
train,audio_783.wav,7,20.714285714285715,0.0,0.2413793103448276,0.0896551724137931,0.0827586206896551,0.1034482758620689,0.0689655172413793,0.0896551724137931,0.096551724137931,0.0,1.0,0,2,4.714285714285714,7,1.2857142857142858,4.094202898550725
train,audio_673.wav,3,37.66666666666666,0.0,0.2123893805309734,0.1238938053097345,0.0973451327433628,0.1592920353982301,0.0530973451327433,0.1238938053097345,0.0265486725663716,0.0,1.0,1,2,5.333333333333333,10,1.6666666666666667,4.035714285714286
train,audio_48.wav,1,76.0,0.0,0.2236842105263158,0.1447368421052631,0.0131578947368421,0.0394736842105263,0.0526315789473684,0.131578947368421,0.1184210526315789,0.5,0.5,0,2,9.0,9,6.0,3.693333333333333
train,audio_777.wav,7,9.571428571428571,0.0,0.3134328358208955,0.1492537313432835,0.0895522388059701,0.0597014925373134,0.0746268656716417,0.0895522388059701,0.0597014925373134,0.0,1.0,0,2,3.142857142857143,5,0.4285714285714285,5.107692307692307
train,audio_330.wav,8,12.125,0.125,0.2886597938144329,0.1443298969072164,0.0515463917525773,0.0206185567010309,0.0515463917525773,0.1030927835051546,0.0618556701030927,0.0,1.0,0,2,4.375,9,0.375,3.9680851063829774
train,audio_200.wav,3,23.33333333333333,0.3333333333333333,0.2142857142857142,0.1285714285714285,0.0571428571428571,0.0285714285714285,0.1,0.1428571428571428,0.0857142857142857,0.25,0.75,0,3,5.666666666666667,7,1.3333333333333333,4.441176470588236
train,audio_259.wav,5,16.8,0.0,0.1309523809523809,0.1309523809523809,0.0595238095238095,0.0595238095238095,0.119047619047619,0.2023809523809523,0.0952380952380952,0.2307692307692307,0.7692307692307693,0,2,4.0,6,1.8,3.892857142857143
train,audio_721.wav,3,29.666666666666668,0.3333333333333333,0.2584269662921348,0.1235955056179775,0.1235955056179775,0.0561797752808988,0.0786516853932584,0.0898876404494382,0.0224719101123595,0.1,0.9,0,3,4.666666666666667,7,2.6666666666666665,4.294117647058823
train,audio_223.wav,3,34.666666666666664,0.0,0.173076923076923,0.1538461538461538,0.0865384615384615,0.0384615384615384,0.0673076923076923,0.1346153846153846,0.1153846153846153,0.2307692307692307,0.7692307692307693,0,2,6.666666666666667,9,3.333333333333333,4.127450980392157
train,audio_175.wav,5,28.6,0.0,0.2167832167832167,0.1398601398601398,0.0979020979020979,0.0419580419580419,0.0559440559440559,0.1608391608391608,0.0839160839160839,0.0,1.0,0,2,4.8,8,2.4,4.104895104895105
train,audio_400.wav,3,17.0,0.0,0.196078431372549,0.1176470588235294,0.1176470588235294,0.0392156862745098,0.0980392156862745,0.1568627450980392,0.0980392156862745,0.4,0.6,0,3,4.333333333333333,5,2.0,3.941176470588236
train,audio_506.wav,5,23.6,0.0,0.3135593220338983,0.1016949152542373,0.0338983050847457,0.0338983050847457,0.059322033898305,0.1186440677966101,0.0762711864406779,0.0714285714285714,0.9285714285714286,1,4,5.2,7,1.8,4.307692307692308
train,audio_153.wav,1,118.0,0.0,0.1949152542372881,0.1694915254237288,0.059322033898305,0.0254237288135593,0.0508474576271186,0.1864406779661017,0.0847457627118644,0.0,1.0,0,1,14.0,14,9.0,3.940170940170941
train,audio_5050.wav,2,33.5,0.0,0.2388059701492537,0.0895522388059701,0.044776119402985,0.0597014925373134,0.0746268656716417,0.1194029850746268,0.044776119402985,0.0,1.0,0,1,8.5,11,3.0,3.636363636363636
train,audio_281.wav,6,18.666666666666668,0.0,0.2321428571428571,0.2053571428571428,0.0267857142857142,0.0267857142857142,0.0357142857142857,0.1428571428571428,0.0803571428571428,0.9333333333333332,0.0666666666666666,0,3,5.333333333333333,11,2.1666666666666665,4.303571428571429
train,audio_543.wav,7,16.857142857142858,0.0,0.2542372881355932,0.1525423728813559,0.059322033898305,0.0508474576271186,0.0423728813559322,0.1101694915254237,0.0677966101694915,0.0,1.0,0,1,5.714285714285714,10,1.4285714285714286,4.296610169491525
train,audio_445.wav,6,17.666666666666668,0.0,0.1792452830188679,0.1415094339622641,0.1415094339622641,0.0188679245283018,0.0754716981132075,0.160377358490566,0.0566037735849056,0.0769230769230769,0.9230769230769232,0,3,5.666666666666667,9,1.1666666666666667,4.79245283018868
train,audio_124.wav,5,19.0,0.0,0.2,0.1578947368421052,0.0947368421052631,0.0736842105263157,0.0947368421052631,0.1368421052631579,0.0842105263157894,0.4,0.6,0,4,4.4,5,1.6,4.073684210526316
train,audio_249.wav,2,19.0,0.0,0.2631578947368421,0.1578947368421052,0.0,0.0,0.0263157894736842,0.2631578947368421,0.131578947368421,0.6,0.4,0,2,4.5,5,1.5,4.368421052631579
train,audio_420.wav,5,17.8,0.0,0.2584269662921348,0.1910112359550561,0.0786516853932584,0.0337078651685393,0.0337078651685393,0.0898876404494382,0.1011235955056179,0.0,1.0,1,3,5.8,9,1.0,5.112359550561798
train,audio_203.wav,5,26.6,0.0,0.2406015037593984,0.1804511278195488,0.037593984962406,0.0075187969924812,0.0676691729323308,0.112781954887218,0.0676691729323308,0.0714285714285714,0.9285714285714286,0,3,4.6,8,2.4,4.424242424242424
train,audio_278.wav,5,13.4,0.0,0.3134328358208955,0.1641791044776119,0.0597014925373134,0.0149253731343283,0.044776119402985,0.0746268656716417,0.044776119402985,1.0,0.0,0,1,4.2,7,1.2,4.227272727272728
train,audio_516.wav,5,21.4,0.2,0.2429906542056074,0.0934579439252336,0.0841121495327102,0.0186915887850467,0.0841121495327102,0.1495327102803738,0.0747663551401869,0.0666666666666666,0.9333333333333332,0,2,4.6,9,1.2,4.29245283018868
train,audio_326.wav,5,15.2,0.0,0.1447368421052631,0.1052631578947368,0.1052631578947368,0.0526315789473684,0.0921052631578947,0.1973684210526315,0.0921052631578947,0.6666666666666666,0.3333333333333333,0,3,3.8,6,1.2,3.7466666666666666
train,audio_603.wav,10,11.8,0.1,0.1864406779661017,0.1101694915254237,0.1101694915254237,0.135593220338983,0.0677966101694915,0.1440677966101695,0.0508474576271186,0.5,0.5,0,2,3.3,7,0.6,4.162393162393163
train,audio_199.wav,4,21.5,0.25,0.1511627906976744,0.1744186046511628,0.0116279069767441,0.0813953488372093,0.0697674418604651,0.1976744186046511,0.0581395348837209,0.0,1.0,1,2,4.5,6,1.25,3.883720930232558
train,audio_406.wav,1,56.0,0.0,0.2321428571428571,0.1607142857142857,0.0714285714285714,0.0357142857142857,0.0535714285714285,0.1071428571428571,0.1071428571428571,0.6,0.4,0,3,8.0,8,4.0,3.9107142857142856
train,audio_538.wav,5,27.4,0.2,0.2116788321167883,0.0875912408759124,0.1094890510948905,0.0583941605839416,0.0656934306569343,0.1240875912408759,0.0802919708029197,0.0,1.0,0,2,7.0,9,2.0,4.357664233576642
train,audio_631.wav,4,34.5,0.0,0.2028985507246377,0.1376811594202898,0.0797101449275362,0.0579710144927536,0.0797101449275362,0.0797101449275362,0.0942028985507246,0.2,0.8,1,3,6.75,9,1.0,4.072992700729927
train,audio_5061.wav,4,25.5,0.0,0.0980392156862745,0.088235294117647,0.0784313725490196,0.0588235294117647,0.1666666666666666,0.2352941176470588,0.0784313725490196,0.0,1.0,0,3,5.5,8,2.5,3.4946236559139785
train,audio_196.wav,4,14.0,0.0,0.1607142857142857,0.1607142857142857,0.0892857142857142,0.0535714285714285,0.0535714285714285,0.1428571428571428,0.1071428571428571,0.0,1.0,0,2,3.0,5,0.5,4.264150943396227
train,audio_756.wav,4,30.25,0.0,0.1570247933884297,0.1322314049586777,0.0495867768595041,0.1239669421487603,0.0413223140495867,0.1818181818181818,0.0909090909090909,0.0,1.0,0,1,6.75,10,2.75,4.008403361344538
train,audio_649.wav,4,31.75,0.0,0.1732283464566929,0.1417322834645669,0.0314960629921259,0.1102362204724409,0.0472440944881889,0.1889763779527559,0.0866141732283464,0.0,1.0,0,2,7.75,15,3.0,3.8
train,audio_27.wav,1,76.0,0.0,0.25,0.0921052631578947,0.1447368421052631,0.0657894736842105,0.0526315789473684,0.0921052631578947,0.0394736842105263,0.0,1.0,0,1,7.0,7,7.0,3.859154929577465
train,audio_681.wav,11,10.0,0.1818181818181818,0.1454545454545454,0.109090909090909,0.109090909090909,0.0909090909090909,0.0909090909090909,0.2272727272727272,0.0545454545454545,0.3846153846153846,0.6153846153846154,1,3,3.272727272727273,5,0.6363636363636364,3.807692307692308
train,audio_556.wav,1,73.0,0.0,0.2054794520547945,0.1232876712328767,0.0684931506849315,0.0821917808219178,0.1232876712328767,0.1095890410958904,0.0684931506849315,0.1,0.9,0,3,15.0,15,7.0,4.5
train,audio_185.wav,4,17.75,0.0,0.2957746478873239,0.1408450704225352,0.0422535211267605,0.0704225352112676,0.056338028169014,0.1126760563380281,0.0985915492957746,0.0,1.0,0,1,4.75,6,1.5,4.828571428571428
train,audio_369.wav,5,25.6,0.0,0.3046875,0.1328125,0.0703125,0.03125,0.0703125,0.0390625,0.0625,0.1,0.9,0,3,6.8,11,1.6,4.732283464566929
train,audio_241.wav,7,20.428571428571427,0.0,0.3076923076923077,0.1188811188811188,0.0559440559440559,0.0279720279720279,0.0419580419580419,0.0349650349650349,0.0629370629370629,0.0,1.0,0,2,7.0,13,1.5714285714285714,4.811188811188811
train,audio_98.wav,6,13.166666666666666,0.3333333333333333,0.1265822784810126,0.1392405063291139,0.050632911392405,0.0886075949367088,0.0759493670886076,0.1772151898734177,0.1139240506329113,0.5,0.5,5,4,3.0,8,0.3333333333333333,3.381578947368421
train,audio_389.wav,7,19.714285714285715,0.0,0.2391304347826087,0.0869565217391304,0.0942028985507246,0.072463768115942,0.0797101449275362,0.144927536231884,0.0797101449275362,0.0526315789473684,0.9473684210526316,0,3,5.142857142857143,8,1.1428571428571428,4.038167938931298
train,audio_357.wav,5,15.6,0.0,0.2948717948717949,0.1666666666666666,0.0641025641025641,0.0128205128205128,0.0512820512820512,0.1025641025641025,0.0256410256410256,0.625,0.375,0,3,4.4,10,1.6,4.039473684210527
train,audio_112.wav,1,99.0,0.0,0.1818181818181818,0.1313131313131313,0.0202020202020202,0.101010101010101,0.1111111111111111,0.2121212121212121,0.0909090909090909,0.0,1.0,6,4,9.0,9,10.0,3.86734693877551
train,audio_675.wav,6,23.0,0.0,0.181159420289855,0.108695652173913,0.0942028985507246,0.036231884057971,0.1304347826086956,0.1304347826086956,0.1159420289855072,0.0,1.0,2,3,6.0,13,1.1666666666666667,4.043795620437956
train,audio_113.wav,4,22.75,0.0,0.2087912087912088,0.1208791208791208,0.0219780219780219,0.0769230769230769,0.2087912087912088,0.1648351648351648,0.0769230769230769,0.0,1.0,3,3,4.75,6,2.25,4.56043956043956
train,audio_483.wav,7,18.428571428571427,0.0,0.2093023255813953,0.1007751937984496,0.0852713178294573,0.0232558139534883,0.0697674418604651,0.2480620155038759,0.1162790697674418,0.3,0.7,0,2,4.714285714285714,7,1.1428571428571428,3.875
train,audio_474.wav,4,19.75,0.0,0.1518987341772152,0.1772151898734177,0.050632911392405,0.1012658227848101,0.050632911392405,0.1645569620253164,0.0759493670886076,0.0,1.0,0,1,5.5,8,0.5,4.215189873417722
train,audio_725.wav,5,21.0,0.0,0.1904761904761904,0.1428571428571428,0.0666666666666666,0.019047619047619,0.1523809523809524,0.1619047619047619,0.0476190476190476,0.0,1.0,0,2,5.2,7,1.6,4.2745098039215685
train,audio_774.wav,6,16.166666666666668,0.0,0.2577319587628865,0.1752577319587628,0.0412371134020618,0.0515463917525773,0.0515463917525773,0.1030927835051546,0.1030927835051546,0.1111111111111111,0.8888888888888888,0,3,5.666666666666667,8,1.3333333333333333,4.457446808510638
train,audio_588.wav,1,98.0,0.0,0.1938775510204081,0.0612244897959183,0.0408163265306122,0.1020408163265306,0.1938775510204081,0.1224489795918367,0.0918367346938775,0.1666666666666666,0.8333333333333334,8,4,8.0,8,5.0,4.061224489795919
train,audio_395.wav,3,46.66666666666666,0.0,0.2785714285714286,0.1071428571428571,0.0642857142857142,0.0357142857142857,0.0714285714285714,0.1285714285714285,0.0642857142857142,0.0666666666666666,0.9333333333333332,0,2,8.333333333333334,10,4.333333333333333,3.824817518248176
train,audio_210.wav,7,21.714285714285715,0.0,0.2171052631578947,0.1184210526315789,0.0394736842105263,0.0921052631578947,0.0855263157894736,0.1644736842105263,0.0986842105263157,0.0,1.0,0,2,5.285714285714286,7,1.2857142857142858,4.186206896551724
train,audio_309.wav,14,7.571428571428571,0.0,0.1886792452830188,0.1981132075471698,0.0566037735849056,0.0471698113207547,0.0471698113207547,0.2924528301886792,0.0471698113207547,0.0,1.0,0,1,2.7142857142857144,5,0.3571428571428571,3.980952380952381
train,audio_457.wav,4,30.25,0.0,0.3140495867768595,0.1157024793388429,0.0578512396694214,0.0165289256198347,0.0578512396694214,0.0991735537190082,0.0495867768595041,0.1,0.9,0,3,8.0,10,1.75,4.322314049586777
train,audio_492.wav,10,12.7,0.0,0.1968503937007874,0.0787401574803149,0.0866141732283464,0.0944881889763779,0.0787401574803149,0.2598425196850393,0.0551181102362204,0.4210526315789473,0.5789473684210527,0,2,3.9,5,0.8,3.907563025210084
train,audio_738.wav,3,26.33333333333333,0.0,0.1265822784810126,0.1645569620253164,0.0379746835443038,0.0759493670886076,0.0886075949367088,0.1772151898734177,0.0126582278481012,0.0,1.0,0,1,6.333333333333333,12,2.333333333333333,3.7948717948717934
train,audio_305.wav,9,16.11111111111111,0.0,0.2275862068965517,0.1379310344827586,0.1103448275862069,0.0482758620689655,0.0551724137931034,0.0827586206896551,0.0620689655172413,0.0,1.0,0,1,5.111111111111111,7,1.0,4.258741258741258
train,audio_123.wav,3,32.333333333333336,0.0,0.2989690721649484,0.1237113402061855,0.1443298969072164,0.0309278350515463,0.0309278350515463,0.0412371134020618,0.0412371134020618,1.0,0.0,0,1,10.333333333333334,17,1.3333333333333333,5.5
train,audio_5053.wav,3,28.0,0.0,0.1785714285714285,0.1428571428571428,0.0595238095238095,0.0952380952380952,0.0595238095238095,0.1547619047619047,0.119047619047619,0.2,0.8,0,3,5.333333333333333,8,1.3333333333333333,4.144578313253012
train,audio_89.wav,2,44.0,0.0,0.2045454545454545,0.1022727272727272,0.034090909090909,0.0454545454545454,0.1022727272727272,0.1704545454545454,0.0681818181818181,0.2222222222222222,0.7777777777777778,0,3,5.0,8,5.5,3.5930232558139537
train,audio_747.wav,4,20.25,0.0,0.2098765432098765,0.1481481481481481,0.0617283950617283,0.074074074074074,0.0987654320987654,0.1851851851851851,0.0987654320987654,0.1,0.9,0,2,4.0,6,1.25,3.675324675324675
train,audio_115.wav,2,39.0,0.0,0.358974358974359,0.0897435897435897,0.0512820512820512,0.0256410256410256,0.0256410256410256,0.0384615384615384,0.0641025641025641,0.75,0.25,0,3,6.5,9,1.5,5.155844155844156
train,audio_235.wav,1,89.0,0.0,0.2022471910112359,0.1235955056179775,0.1123595505617977,0.0337078651685393,0.0449438202247191,0.146067415730337,0.1235955056179775,0.3333333333333333,0.6666666666666666,0,2,14.0,14,9.0,4.258426966292135
train,audio_414.wav,5,22.4,0.0,0.1607142857142857,0.0982142857142857,0.0803571428571428,0.0178571428571428,0.1071428571428571,0.2321428571428571,0.0714285714285714,0.2,0.8,0,3,5.0,6,2.0,3.5142857142857142
train,audio_56.wav,4,24.0,0.0,0.25,0.1145833333333333,0.03125,0.09375,0.03125,0.09375,0.0625,0.0,1.0,0,2,5.0,6,1.0,3.7291666666666665
train,audio_43.wav,7,14.571428571428571,0.1428571428571428,0.2352941176470588,0.1274509803921568,0.0588235294117647,0.0490196078431372,0.088235294117647,0.088235294117647,0.0686274509803921,0.0,1.0,0,1,5.0,9,0.8571428571428571,4.352941176470588
train,audio_394.wav,5,26.6,0.2,0.1428571428571428,0.1578947368421052,0.0601503759398496,0.1203007518796992,0.0601503759398496,0.1804511278195488,0.1052631578947368,0.0714285714285714,0.9285714285714286,0,3,5.0,8,2.4,4.358778625954199
train,audio_423.wav,5,25.4,0.0,0.2913385826771653,0.0944881889763779,0.0708661417322834,0.0708661417322834,0.0866141732283464,0.0787401574803149,0.0708661417322834,0.0,1.0,2,3,5.0,12,1.2,4.480314960629921
train,audio_579.wav,4,27.0,0.0,0.3148148148148148,0.0833333333333333,0.1388888888888889,0.0185185185185185,0.0092592592592592,0.0185185185185185,0.0555555555555555,0.0,1.0,0,1,6.5,8,1.0,4.62962962962963
train,audio_172.wav,3,39.66666666666666,0.0,0.2521008403361344,0.1008403361344537,0.0504201680672268,0.0168067226890756,0.1092436974789916,0.1512605042016806,0.1092436974789916,0.4375,0.5625,0,2,6.333333333333333,8,4.333333333333333,4.128205128205129
train,audio_144.wav,6,20.83333333333333,0.0,0.264,0.16,0.128,0.024,0.048,0.04,0.096,0.0,1.0,0,1,6.666666666666667,10,1.5,5.632
train,audio_151.wav,4,24.5,0.0,0.2448979591836734,0.1326530612244898,0.0510204081632653,0.0714285714285714,0.1020408163265306,0.1224489795918367,0.0714285714285714,0.0,1.0,0,1,5.0,8,1.25,4.48936170212766
train,audio_65.wav,5,16.6,0.0,0.2289156626506024,0.1566265060240964,0.1204819277108433,0.0240963855421686,0.0602409638554216,0.1204819277108433,0.0481927710843373,0.0714285714285714,0.9285714285714286,0,2,4.2,6,2.0,3.879518072289157
train,audio_481.wav,5,20.8,0.0,0.3461538461538461,0.1538461538461538,0.0673076923076923,0.0192307692307692,0.0384615384615384,0.0288461538461538,0.1057692307692307,0.375,0.625,0,2,7.4,13,1.2,4.932692307692308
train,audio_262.wav,8,14.625,0.0,0.1965811965811965,0.1196581196581196,0.0769230769230769,0.0598290598290598,0.094017094017094,0.188034188034188,0.0512820512820512,0.6153846153846154,0.3846153846153846,2,4,4.5,8,1.25,4.3826086956521735
train,audio_229.wav,5,17.4,0.0,0.3563218390804598,0.160919540229885,0.0689655172413793,0.0114942528735632,0.0804597701149425,0.0459770114942528,0.0804597701149425,0.25,0.75,0,2,6.0,9,0.6,4.895348837209302
train,audio_22.wav,5,20.2,0.0,0.2079207920792079,0.0891089108910891,0.1089108910891089,0.1188118811881188,0.0495049504950495,0.1485148514851485,0.0792079207920792,0.9285714285714286,0.0714285714285714,0,2,5.8,10,1.4,4.564356435643564
train,audio_434.wav,4,31.5,0.0,0.2619047619047619,0.1111111111111111,0.0634920634920634,0.0555555555555555,0.0952380952380952,0.0873015873015873,0.0952380952380952,0.1111111111111111,0.8888888888888888,5,4,4.5,9,1.75,4.024390243902439
train,audio_488.wav,5,27.4,0.0,0.1532846715328467,0.1386861313868613,0.0656934306569343,0.0510948905109489,0.072992700729927,0.1751824817518248,0.1532846715328467,0.4444444444444444,0.5555555555555556,0,3,5.4,9,2.4,3.529850746268657
train,audio_439.wav,3,31.33333333333333,0.0,0.202127659574468,0.1063829787234042,0.0744680851063829,0.0319148936170212,0.0744680851063829,0.1914893617021276,0.0851063829787234,0.5,0.5,6,3,6.0,7,0.6666666666666666,4.074468085106383
train,audio_160.wav,4,26.25,0.0,0.1809523809523809,0.1714285714285714,0.0761904761904762,0.0380952380952381,0.0666666666666666,0.2285714285714285,0.1142857142857142,0.0769230769230769,0.9230769230769232,0,3,5.75,10,2.5,3.852941176470588
train,audio_594.wav,3,34.666666666666664,0.0,0.2884615384615384,0.1346153846153846,0.0576923076923076,0.0673076923076923,0.0673076923076923,0.0769230769230769,0.0288461538461538,0.0,1.0,0,2,8.666666666666666,11,3.6666666666666665,4.298076923076923
train,audio_651.wav,5,21.4,0.0,0.2336448598130841,0.1214953271028037,0.0654205607476635,0.102803738317757,0.0467289719626168,0.102803738317757,0.0654205607476635,0.0,1.0,0,2,6.0,11,1.8,4.105769230769231
train,audio_569.wav,4,29.75,0.0,0.2605042016806723,0.0924369747899159,0.0924369747899159,0.0252100840336134,0.0588235294117647,0.1512605042016806,0.0672268907563025,0.5,0.5,0,2,8.5,12,1.75,3.565217391304348
train,audio_440.wav,3,23.666666666666668,0.0,0.2112676056338028,0.0704225352112676,0.0845070422535211,0.1126760563380281,0.1408450704225352,0.1408450704225352,0.1549295774647887,0.0,1.0,1,2,4.333333333333333,5,2.0,4.140845070422535
train,audio_658.wav,5,24.2,0.0,0.1983471074380165,0.1818181818181818,0.0413223140495867,0.0495867768595041,0.0661157024793388,0.1570247933884297,0.0991735537190082,0.0,1.0,0,2,5.6,9,1.4,4.225
train,audio_274.wav,4,13.5,0.0,0.1481481481481481,0.1851851851851851,0.074074074074074,0.1111111111111111,0.074074074074074,0.1666666666666666,0.0555555555555555,0.0,1.0,0,1,3.75,5,0.75,3.6296296296296298
train,audio_5065.wav,9,11.88888888888889,0.1111111111111111,0.1308411214953271,0.1308411214953271,0.0747663551401869,0.1308411214953271,0.1121495327102803,0.1121495327102803,0.0467289719626168,0.0,1.0,3,4,4.0,8,0.5555555555555556,3.7735849056603774
train,audio_158.wav,2,57.0,0.0,0.2280701754385964,0.1140350877192982,0.043859649122807,0.0526315789473684,0.0789473684210526,0.175438596491228,0.1228070175438596,0.0625,0.9375,0,2,7.0,7,5.0,3.607142857142857
train,audio_493.wav,6,18.166666666666668,0.0,0.2568807339449541,0.1743119266055046,0.1009174311926605,0.036697247706422,0.0275229357798165,0.1376146788990825,0.0825688073394495,0.0,1.0,0,2,5.666666666666667,8,1.8333333333333333,4.925925925925926
train,audio_646.wav,6,24.5,0.0,0.1428571428571428,0.0952380952380952,0.1088435374149659,0.1156462585034013,0.1156462585034013,0.1428571428571428,0.0952380952380952,0.0,1.0,1,3,4.5,7,2.1666666666666665,4.127659574468085
train,audio_64.wav,4,16.5,0.25,0.4090909090909091,0.0454545454545454,0.106060606060606,0.0151515151515151,0.0303030303030303,0.0454545454545454,0.0757575757575757,0.0,1.0,0,1,5.25,7,0.25,4.666666666666667
train,audio_451.wav,4,21.0,0.0,0.2738095238095238,0.0833333333333333,0.0833333333333333,0.0357142857142857,0.0476190476190476,0.119047619047619,0.0595238095238095,0.0,1.0,0,2,5.0,7,0.0,4.154761904761905
train,audio_277.wav,3,35.333333333333336,0.0,0.2358490566037736,0.1792452830188679,0.0566037735849056,0.0754716981132075,0.0471698113207547,0.1037735849056603,0.0849056603773584,0.2,0.8,0,3,9.333333333333334,13,3.0,4.509615384615385
train,audio_491.wav,3,31.0,0.0,0.1827956989247312,0.1612903225806451,0.043010752688172,0.064516129032258,0.1182795698924731,0.1397849462365591,0.1290322580645161,0.0,1.0,0,2,5.666666666666667,7,3.6666666666666665,4.533333333333333
train,audio_52.wav,6,20.166666666666668,0.0,0.1487603305785124,0.0826446280991735,0.1074380165289256,0.0991735537190082,0.0826446280991735,0.1157024793388429,0.0661157024793388,0.5384615384615384,0.4615384615384615,0,3,5.166666666666667,7,1.0,3.948717948717949
train,audio_743.wav,1,35.0,0.0,0.1142857142857142,0.1142857142857142,0.0857142857142857,0.0857142857142857,0.0857142857142857,0.2571428571428571,0.0571428571428571,0.3333333333333333,0.6666666666666666,0,3,7.0,7,3.0,3.636363636363636
train,audio_243.wav,3,25.33333333333333,0.0,0.1447368421052631,0.2105263157894736,0.0394736842105263,0.0263157894736842,0.1052631578947368,0.1710526315789473,0.0921052631578947,0.0,1.0,3,2,5.333333333333333,6,2.6666666666666665,3.8933333333333335
train,audio_661.wav,6,13.833333333333334,0.0,0.2650602409638554,0.0963855421686747,0.072289156626506,0.0963855421686747,0.0843373493975903,0.108433734939759,0.036144578313253,0.0,1.0,0,1,4.166666666666667,9,1.0,4.144578313253012
train,audio_456.wav,6,18.166666666666668,0.0,0.2385321100917431,0.1192660550458715,0.0825688073394495,0.0642201834862385,0.0458715596330275,0.1834862385321101,0.036697247706422,0.1666666666666666,0.8333333333333334,0,3,5.5,7,1.0,4.111111111111111
train,audio_90.wav,6,14.0,0.0,0.3333333333333333,0.1309523809523809,0.1309523809523809,0.0357142857142857,0.0595238095238095,0.0476190476190476,0.0357142857142857,0.0,1.0,0,1,5.0,7,0.5,5.107142857142857
train,audio_735.wav,3,16.666666666666668,0.0,0.16,0.08,0.14,0.06,0.18,0.16,0.04,0.1,0.9,0,3,4.666666666666667,7,1.3333333333333333,4.4
train,audio_775.wav,4,20.0,0.0,0.1625,0.0875,0.15,0.05,0.0875,0.2,0.1,0.5555555555555556,0.4444444444444444,0,2,6.25,12,1.0,3.772151898734177
train,audio_587.wav,3,38.66666666666666,0.0,0.2068965517241379,0.0948275862068965,0.0517241379310344,0.1810344827586207,0.0775862068965517,0.1034482758620689,0.0862068965517241,0.2,0.8,1,5,5.0,6,0.6666666666666666,3.763157894736842
train,audio_103.wav,2,43.0,0.0,0.1627906976744186,0.1511627906976744,0.0348837209302325,0.0348837209302325,0.0697674418604651,0.1860465116279069,0.0930232558139534,0.0,1.0,1,2,6.5,7,4.5,4.117647058823529
train,audio_111.wav,1,95.0,0.0,0.231578947368421,0.1052631578947368,0.031578947368421,0.0842105263157894,0.0631578947368421,0.1157894736842105,0.0842105263157894,0.2,0.8,1,3,11.0,11,3.0,4.347368421052631
train,audio_421.wav,4,24.0,0.0,0.2083333333333333,0.1354166666666666,0.0833333333333333,0.1041666666666666,0.0208333333333333,0.15625,0.0625,0.5714285714285714,0.4285714285714285,1,4,5.0,7,0.75,3.8958333333333335
train,audio_683.wav,10,13.6,0.0,0.1911764705882352,0.1764705882352941,0.1102941176470588,0.0808823529411764,0.0514705882352941,0.125,0.0808823529411764,0.0,1.0,0,1,4.1,10,1.2,4.368421052631579
train,audio_152.wav,2,58.0,0.0,0.1896551724137931,0.1034482758620689,0.0862068965517241,0.0344827586206896,0.0775862068965517,0.1551724137931034,0.1120689655172413,0.0769230769230769,0.9230769230769232,0,2,7.0,10,4.5,3.5
train,audio_134.wav,5,16.0,0.0,0.2375,0.1,0.1,0.125,0.05,0.1,0.025,0.8571428571428571,0.1428571428571428,0,4,5.2,10,0.6,4.5375
train,audio_12.wav,4,22.75,0.0,0.2637362637362637,0.1098901098901098,0.0329670329670329,0.0549450549450549,0.1318681318681318,0.0549450549450549,0.0659340659340659,0.0,1.0,1,3,4.5,6,1.5,4.477777777777778
train,audio_232.wav,5,13.8,0.2,0.1739130434782608,0.1304347826086956,0.0869565217391304,0.0869565217391304,0.1014492753623188,0.144927536231884,0.1159420289855072,0.0,1.0,0,2,3.8,6,1.4,4.358208955223881
train,audio_36.wav,5,17.0,0.0,0.2,0.0705882352941176,0.1176470588235294,0.1058823529411764,0.0823529411764705,0.1294117647058823,0.0588235294117647,0.8,0.2,0,2,5.6,7,1.2,4.494117647058824
train,audio_268.wav,4,16.5,0.0,0.303030303030303,0.1818181818181818,0.0757575757575757,0.0303030303030303,0.0303030303030303,0.0909090909090909,0.0909090909090909,0.0,1.0,0,2,6.0,8,0.5,4.461538461538462
train,audio_68.wav,4,13.75,0.25,0.2545454545454545,0.0727272727272727,0.0909090909090909,0.109090909090909,0.0181818181818181,0.0727272727272727,0.0727272727272727,0.2,0.8,0,2,4.0,6,0.5,3.963636363636364
train,audio_729.wav,4,17.75,0.0,0.2816901408450704,0.1126760563380281,0.0704225352112676,0.0704225352112676,0.056338028169014,0.0845070422535211,0.0985915492957746,0.1428571428571428,0.8571428571428571,0,2,3.5,7,0.5,3.914285714285714
train,audio_247.wav,5,20.6,0.0,0.2524271844660194,0.1067961165048543,0.0679611650485436,0.0194174757281553,0.0388349514563106,0.1650485436893204,0.0776699029126213,0.9,0.1,1,3,7.6,13,0.8,4.178217821782178
train,audio_224.wav,4,16.5,0.25,0.2424242424242424,0.2272727272727272,0.0454545454545454,0.0,0.0757575757575757,0.1666666666666666,0.0909090909090909,0.0,1.0,0,1,4.5,7,2.0,4.4393939393939394
train,audio_425.wav,5,25.0,0.0,0.176,0.112,0.072,0.016,0.064,0.216,0.128,0.4705882352941176,0.5294117647058824,0,2,4.4,7,1.8,3.53781512605042
train,audio_392.wav,4,37.75,0.0,0.1655629139072847,0.1854304635761589,0.086092715231788,0.0993377483443708,0.0794701986754966,0.0993377483443708,0.086092715231788,0.0769230769230769,0.9230769230769232,0,3,8.75,16,5.5,4.033783783783784
train,audio_615.wav,9,14.11111111111111,0.0,0.1968503937007874,0.1181102362204724,0.0629921259842519,0.0866141732283464,0.0944881889763779,0.1811023622047244,0.0708661417322834,0.0,1.0,0,2,4.555555555555555,7,1.3333333333333333,3.879032258064516
train,audio_245.wav,2,51.5,0.0,0.116504854368932,0.1359223300970873,0.029126213592233,0.0679611650485436,0.0970873786407767,0.2233009708737864,0.0970873786407767,0.1538461538461538,0.8461538461538461,1,5,8.0,10,5.5,3.64
train,audio_271.wav,4,21.25,0.0,0.2941176470588235,0.1058823529411764,0.0941176470588235,0.0941176470588235,0.1176470588235294,0.0352941176470588,0.0588235294117647,0.0,1.0,0,2,4.5,7,0.75,4.6
train,audio_321.wav,5,26.6,0.0,0.1654135338345864,0.18796992481203,0.0451127819548872,0.0451127819548872,0.0827067669172932,0.2180451127819548,0.075187969924812,0.0,1.0,1,3,6.0,10,3.4,3.746153846153846
train,audio_5043.wav,5,23.6,0.0,0.1949152542372881,0.1525423728813559,0.0508474576271186,0.0084745762711864,0.0847457627118644,0.1779661016949152,0.0508474576271186,0.1818181818181818,0.8181818181818182,3,3,6.8,8,2.8,3.555555555555556
train,audio_187.wav,7,21.0,0.1428571428571428,0.1224489795918367,0.1156462585034013,0.1360544217687075,0.0884353741496598,0.1020408163265306,0.1496598639455782,0.0952380952380952,0.8,0.2,0,4,5.142857142857143,7,1.0,3.958620689655172
train,audio_221.wav,4,36.0,0.0,0.125,0.0972222222222222,0.1388888888888889,0.0694444444444444,0.0833333333333333,0.1597222222222222,0.0902777777777777,0.5625,0.4375,0,3,9.25,14,3.0,3.98581560283688
train,audio_219.wav,8,18.875,0.0,0.1920529801324503,0.1258278145695364,0.0596026490066225,0.0463576158940397,0.0794701986754966,0.1920529801324503,0.0463576158940397,0.8235294117647058,0.1764705882352941,0,3,5.5,7,1.75,3.718120805369128
train,audio_601.wav,2,66.0,0.0,0.1969696969696969,0.0757575757575757,0.0681818181818181,0.0303030303030303,0.0984848484848484,0.1515151515151515,0.1666666666666666,0.25,0.75,0,3,6.5,7,2.0,4.091603053435114
train,audio_100.wav,1,109.0,0.0,0.2018348623853211,0.018348623853211,0.073394495412844,0.1192660550458715,0.110091743119266,0.091743119266055,0.091743119266055,0.1111111111111111,0.8888888888888888,1,4,9.0,9,7.0,3.83495145631068
train,audio_227.wav,5,24.4,0.0,0.2704918032786885,0.1557377049180328,0.0901639344262295,0.0655737704918032,0.0245901639344262,0.081967213114754,0.0737704918032786,0.2,0.8,0,2,5.4,9,2.0,4.770491803278689
train,audio_411.wav,5,17.6,0.0,0.1818181818181818,0.1136363636363636,0.1136363636363636,0.0681818181818181,0.034090909090909,0.1477272727272727,0.1136363636363636,0.1428571428571428,0.8571428571428571,0,2,4.2,6,0.8,4.352941176470588
train,audio_28.wav,1,118.0,0.0,0.1694915254237288,0.1610169491525423,0.0338983050847457,0.0338983050847457,0.0677966101694915,0.2203389830508474,0.0762711864406779,0.391304347826087,0.6086956521739131,0,2,9.0,9,13.0,3.836206896551724
train,audio_653.wav,1,65.0,0.0,0.1846153846153846,0.0923076923076923,0.0769230769230769,0.0615384615384615,0.0615384615384615,0.1846153846153846,0.0769230769230769,0.875,0.125,0,3,9.0,9,4.0,3.96875
train,audio_29.wav,7,17.714285714285715,0.0,0.1774193548387097,0.1532258064516129,0.0483870967741935,0.0806451612903225,0.064516129032258,0.2096774193548387,0.0483870967741935,0.0,1.0,0,1,5.142857142857143,9,2.0,3.8135593220338975
train,audio_470.wav,2,47.0,0.0,0.3191489361702128,0.0957446808510638,0.0957446808510638,0.0319148936170212,0.0425531914893617,0.0425531914893617,0.0957446808510638,0.0,1.0,1,3,7.5,8,2.0,4.5212765957446805
train,audio_356.wav,4,23.75,0.0,0.2210526315789473,0.1473684210526315,0.0947368421052631,0.0631578947368421,0.031578947368421,0.1473684210526315,0.0526315789473684,0.6363636363636364,0.3636363636363636,0,2,6.0,8,1.25,3.925531914893617
train,audio_365.wav,10,8.3,0.3,0.1927710843373494,0.108433734939759,0.0963855421686747,0.0843373493975903,0.0843373493975903,0.1927710843373494,0.036144578313253,0.1666666666666666,0.8333333333333334,1,3,2.9,6,0.4,3.475
train,audio_58.wav,7,12.142857142857142,0.2857142857142857,0.188235294117647,0.1411764705882353,0.0470588235294117,0.0823529411764705,0.0941176470588235,0.1529411764705882,0.0352941176470588,0.5454545454545454,0.4545454545454545,1,5,4.142857142857143,9,1.0,4.464285714285714
train,audio_708.wav,4,23.5,0.0,0.202127659574468,0.1382978723404255,0.0531914893617021,0.0425531914893617,0.0531914893617021,0.1489361702127659,0.1063829787234042,0.0,1.0,0,1,5.5,10,1.5,3.774193548387097
train,audio_319.wav,6,21.33333333333333,0.0,0.1484375,0.15625,0.078125,0.0234375,0.109375,0.1796875,0.09375,0.125,0.875,0,4,5.666666666666667,8,1.8333333333333333,3.9166666666666665
train,audio_5067.wav,6,10.0,0.0,0.1333333333333333,0.1,0.05,0.1333333333333333,0.1333333333333333,0.2,0.0333333333333333,0.375,0.625,1,4,3.8333333333333335,9,1.0,4.0
train,audio_135.wav,4,20.25,0.0,0.2469135802469135,0.1851851851851851,0.0864197530864197,0.0246913580246913,0.0864197530864197,0.0864197530864197,0.1111111111111111,0.0,1.0,0,2,6.0,7,1.0,5.375
train,audio_612.wav,3,23.33333333333333,0.0,0.3285714285714285,0.1142857142857142,0.1285714285714285,0.0285714285714285,0.0428571428571428,0.0428571428571428,0.1,0.0,1.0,0,1,7.0,11,0.6666666666666666,5.550724637681159
train,audio_373.wav,9,13.555555555555555,0.0,0.1639344262295081,0.180327868852459,0.0655737704918032,0.1229508196721311,0.1065573770491803,0.1557377049180328,0.0327868852459016,0.0,1.0,0,2,3.111111111111111,6,1.4444444444444444,4.491525423728813
train,audio_680.wav,12,8.833333333333334,0.0,0.2547169811320754,0.2075471698113207,0.0377358490566037,0.0660377358490566,0.0471698113207547,0.1886792452830188,0.0377358490566037,0.0,1.0,0,2,3.5,6,0.3333333333333333,4.19811320754717
train,audio_63.wav,4,27.25,0.0,0.1559633027522936,0.1559633027522936,0.0458715596330275,0.018348623853211,0.0458715596330275,0.1651376146788991,0.091743119266055,0.0,1.0,0,2,6.25,8,1.25,3.6728971962616814
train,audio_700.wav,3,36.66666666666666,0.0,0.1454545454545454,0.1272727272727272,0.0636363636363636,0.1,0.0727272727272727,0.2181818181818181,0.0909090909090909,1.0,0.0,0,1,6.333333333333333,7,4.333333333333333,3.709090909090909
train,audio_429.wav,3,45.0,0.0,0.2296296296296296,0.1185185185185185,0.0444444444444444,0.0518518518518518,0.0888888888888888,0.1111111111111111,0.1037037037037037,0.1428571428571428,0.8571428571428571,5,4,7.0,8,3.6666666666666665,4.274074074074074
train,audio_745.wav,7,16.857142857142858,0.0,0.2288135593220339,0.0762711864406779,0.1101694915254237,0.1440677966101695,0.0677966101694915,0.1271186440677966,0.0762711864406779,0.8666666666666667,0.1333333333333333,0,2,4.0,7,0.7142857142857143,4.572649572649572
train,audio_731.wav,4,12.5,0.0,0.22,0.16,0.02,0.02,0.06,0.1,0.06,0.2,0.8,0,3,4.75,10,0.5,4.24
train,audio_461.wav,7,18.285714285714285,0.0,0.25,0.1640625,0.0390625,0.0390625,0.0390625,0.1484375,0.0546875,0.0,1.0,0,2,4.857142857142857,8,1.8571428571428568,4.692913385826771
train,audio_79.wav,5,15.0,0.0,0.16,0.1333333333333333,0.04,0.0533333333333333,0.12,0.2266666666666666,0.0666666666666666,1.0,0.0,0,2,3.6,5,1.2,3.6621621621621614
train,audio_5038.wav,8,15.375,0.125,0.2357723577235772,0.1707317073170731,0.032520325203252,0.032520325203252,0.032520325203252,0.1382113821138211,0.073170731707317,0.1333333333333333,0.8666666666666667,0,2,4.75,8,1.25,4.089430894308944
train,audio_760.wav,11,12.363636363636363,0.0,0.1323529411764706,0.125,0.088235294117647,0.1102941176470588,0.0661764705882353,0.1764705882352941,0.0661764705882353,0.9375,0.0625,0,2,4.0,10,0.5454545454545454,3.850746268656717
train,audio_72.wav,1,108.0,0.0,0.1759259259259259,0.0648148148148148,0.1296296296296296,0.1018518518518518,0.1018518518518518,0.1388888888888889,0.0925925925925925,0.0666666666666666,0.9333333333333332,0,2,9.0,9,7.0,3.923076923076923
train,audio_696.wav,8,16.375,0.0,0.1679389312977099,0.099236641221374,0.0763358778625954,0.099236641221374,0.1068702290076335,0.1221374045801526,0.0916030534351145,0.0,1.0,1,3,3.875,5,1.25,4.081967213114754
train,audio_744.wav,3,20.33333333333333,0.0,0.2622950819672131,0.0983606557377049,0.0163934426229508,0.0983606557377049,0.0491803278688524,0.0163934426229508,0.0327868852459016,0.0,1.0,0,1,5.0,6,0.0,4.213114754098361
train,audio_662.wav,6,15.833333333333334,0.0,0.2210526315789473,0.2,0.0526315789473684,0.0842105263157894,0.0631578947368421,0.1052631578947368,0.0736842105263157,0.0,1.0,4,2,4.833333333333333,12,1.3333333333333333,4.549450549450549
train,audio_570.wav,8,13.125,0.0,0.2571428571428571,0.1142857142857142,0.0571428571428571,0.1142857142857142,0.0857142857142857,0.0761904761904762,0.0,0.4444444444444444,0.5555555555555556,0,3,4.5,7,0.625,4.388349514563107
train,audio_10.wav,2,37.0,0.0,0.1891891891891892,0.2162162162162162,0.0405405405405405,0.027027027027027,0.0135135135135135,0.1351351351351351,0.0405405405405405,0.1111111111111111,0.8888888888888888,0,2,8.0,9,3.5,3.77027027027027
train,audio_628.wav,6,20.0,0.1666666666666666,0.275,0.0916666666666666,0.1,0.0333333333333333,0.075,0.075,0.0833333333333333,0.5,0.5,0,3,4.666666666666667,8,1.6666666666666667,4.305084745762712
train,audio_606.wav,5,25.2,0.0,0.1825396825396825,0.1111111111111111,0.0634920634920634,0.0714285714285714,0.0873015873015873,0.2063492063492063,0.0396825396825396,0.2666666666666666,0.7333333333333333,1,3,5.2,8,1.8,3.5245901639344264
train,audio_73.wav,2,61.0,0.0,0.2131147540983606,0.1229508196721311,0.081967213114754,0.0491803278688524,0.0983606557377049,0.1065573770491803,0.0737704918032786,0.0,1.0,4,2,10.5,11,6.0,3.877049180327869
train,audio_605.wav,3,32.666666666666664,0.0,0.2244897959183673,0.1428571428571428,0.0714285714285714,0.0714285714285714,0.1020408163265306,0.1224489795918367,0.0816326530612244,0.0,1.0,0,1,7.0,11,2.6666666666666665,4.26595744680851
train,audio_106.wav,4,22.25,0.0,0.2247191011235955,0.1685393258426966,0.1011235955056179,0.0337078651685393,0.0674157303370786,0.0898876404494382,0.0561797752808988,0.0,1.0,0,1,6.5,10,1.5,4.556818181818182
train,audio_306.wav,7,18.142857142857142,0.0,0.1732283464566929,0.0551181102362204,0.0944881889763779,0.0866141732283464,0.1417322834645669,0.1653543307086614,0.1023622047244094,0.4285714285714285,0.5714285714285714,0,3,4.857142857142857,7,1.0,3.75
train,audio_75.wav,3,34.0,0.0,0.1862745098039215,0.088235294117647,0.0784313725490196,0.088235294117647,0.088235294117647,0.1666666666666666,0.1176470588235294,0.1538461538461538,0.8461538461538461,0,3,4.666666666666667,7,2.0,4.138613861386139
train,audio_550.wav,8,15.625,0.0,0.272,0.136,0.136,0.04,0.064,0.056,0.048,0.0,1.0,1,2,5.125,7,0.625,5.072
train,audio_340.wav,5,18.6,0.0,0.2365591397849462,0.1612903225806451,0.075268817204301,0.075268817204301,0.032258064516129,0.1612903225806451,0.064516129032258,0.0,1.0,0,2,5.8,11,1.2,4.586956521739131
train,audio_272.wav,6,12.833333333333334,0.0,0.1688311688311688,0.1428571428571428,0.1038961038961039,0.0649350649350649,0.0389610389610389,0.1688311688311688,0.1038961038961039,0.6,0.4,0,2,3.8333333333333335,5,1.0,3.636363636363636
train,audio_518.wav,5,28.2,0.0,0.2624113475177305,0.1205673758865248,0.0638297872340425,0.0354609929078014,0.0425531914893617,0.1205673758865248,0.1205673758865248,0.0,1.0,0,1,5.0,9,1.8,4.205673758865248
train,audio_34.wav,9,10.444444444444445,0.1111111111111111,0.1489361702127659,0.1489361702127659,0.0425531914893617,0.0957446808510638,0.0851063829787234,0.1914893617021276,0.0319148936170212,0.5,0.5,0,2,3.333333333333333,6,0.5555555555555556,3.577777777777778
train,audio_87.wav,4,22.0,0.0,0.1818181818181818,0.1136363636363636,0.0681818181818181,0.0795454545454545,0.0681818181818181,0.1590909090909091,0.1363636363636363,1.0,0.0,0,2,5.25,9,0.75,3.988636363636364
train,audio_211.wav,10,14.5,0.0,0.2620689655172414,0.1517241379310344,0.0482758620689655,0.0413793103448275,0.0689655172413793,0.1241379310344827,0.0344827586206896,0.0,1.0,0,2,5.5,11,0.9,4.408450704225352
train,audio_431.wav,3,34.666666666666664,0.0,0.2115384615384615,0.1538461538461538,0.048076923076923,0.0288461538461538,0.048076923076923,0.1634615384615384,0.1153846153846153,0.0,1.0,0,2,4.666666666666667,7,1.3333333333333333,4.247524752475248
train,audio_555.wav,1,126.0,0.0,0.2063492063492063,0.1111111111111111,0.0793650793650793,0.0952380952380952,0.0238095238095238,0.0873015873015873,0.1031746031746031,0.0,1.0,1,3,11.0,11,6.0,4.330645161290323
train,audio_648.wav,8,15.625,0.0,0.168,0.136,0.08,0.072,0.128,0.136,0.064,0.0555555555555555,0.9444444444444444,1,4,4.125,6,0.625,4.162601626016261
train,audio_5051.wav,3,10.333333333333334,0.0,0.2258064516129032,0.1290322580645161,0.1612903225806451,0.032258064516129,0.064516129032258,0.1290322580645161,0.0967741935483871,0.3333333333333333,0.6666666666666666,0,2,2.333333333333333,4,0.6666666666666666,4.266666666666667
train,audio_422.wav,5,22.6,0.0,0.2654867256637168,0.1592920353982301,0.0353982300884955,0.0619469026548672,0.0265486725663716,0.1150442477876106,0.0973451327433628,0.1666666666666666,0.8333333333333334,1,4,7.4,13,1.2,4.274336283185841
train,audio_627.wav,2,71.0,0.0,0.2464788732394366,0.1197183098591549,0.1056338028169014,0.0422535211267605,0.056338028169014,0.1690140845070422,0.0492957746478873,0.4210526315789473,0.5789473684210527,0,3,7.0,11,7.5,4.539568345323741
train,audio_122.wav,6,18.83333333333333,0.0,0.3451327433628318,0.0884955752212389,0.0530973451327433,0.0088495575221238,0.0884955752212389,0.0265486725663716,0.0884955752212389,0.0,1.0,0,2,5.166666666666667,8,0.6666666666666666,4.714285714285714
train,audio_88.wav,2,39.5,0.0,0.2531645569620253,0.1518987341772152,0.0126582278481012,0.1392405063291139,0.050632911392405,0.1139240506329113,0.0759493670886076,0.0,1.0,0,2,7.0,8,1.5,5.141025641025641
train,audio_165.wav,5,17.8,0.0,0.2359550561797752,0.1348314606741573,0.0561797752808988,0.0561797752808988,0.0786516853932584,0.1685393258426966,0.0337078651685393,0.0,1.0,0,2,4.4,7,1.4,4.3977272727272725
train,audio_276.wav,1,112.0,0.0,0.1517857142857142,0.1339285714285714,0.0982142857142857,0.0803571428571428,0.0535714285714285,0.1875,0.0803571428571428,0.2727272727272727,0.7272727272727273,0,3,9.0,9,12.0,3.836363636363637
train,audio_746.wav,4,33.75,0.0,0.1407407407407407,0.1629629629629629,0.0962962962962963,0.037037037037037,0.074074074074074,0.1629629629629629,0.074074074074074,0.2,0.8,1,4,8.75,12,3.0,3.880597014925373
train,audio_252.wav,2,26.0,0.0,0.2115384615384615,0.173076923076923,0.0961538461538461,0.0,0.0576923076923076,0.173076923076923,0.1153846153846153,0.0,1.0,0,2,8.0,11,1.5,4.176470588235294
train,audio_266.wav,3,19.0,0.0,0.3157894736842105,0.087719298245614,0.0526315789473684,0.0175438596491228,0.0350877192982456,0.0701754385964912,0.087719298245614,0.25,0.75,0,3,5.666666666666667,10,0.3333333333333333,4.614035087719298
train,audio_611.wav,5,15.0,0.0,0.2933333333333333,0.08,0.1333333333333333,0.04,0.0533333333333333,0.1066666666666666,0.0933333333333333,0.0,1.0,0,1,4.4,5,0.4,4.958333333333333
train,audio_5058.wav,5,17.2,0.2,0.2209302325581395,0.1627906976744186,0.0465116279069767,0.0116279069767441,0.0697674418604651,0.1976744186046511,0.0581395348837209,0.0,1.0,0,1,4.8,7,0.8,3.952941176470589
train,audio_81.wav,6,16.833333333333332,0.0,0.1782178217821782,0.1188118811881188,0.0495049504950495,0.1089108910891089,0.0693069306930693,0.1782178217821782,0.0792079207920792,0.25,0.75,0,3,4.0,6,1.3333333333333333,4.071428571428571
train,audio_3.wav,5,16.8,0.0,0.1785714285714285,0.2142857142857142,0.0357142857142857,0.0714285714285714,0.0595238095238095,0.1547619047619047,0.0476190476190476,0.2,0.8,0,2,3.8,5,2.0,4.2405063291139244
train,audio_21.wav,5,16.2,0.0,0.1604938271604938,0.1358024691358024,0.074074074074074,0.037037037037037,0.0987654320987654,0.2098765432098765,0.1111111111111111,0.0,1.0,1,3,4.8,7,1.4,3.9625
train,audio_190.wav,6,21.33333333333333,0.0,0.234375,0.140625,0.0625,0.0546875,0.0234375,0.1484375,0.0546875,0.0,1.0,0,1,4.833333333333333,6,1.3333333333333333,4.0703125
train,audio_189.wav,6,21.83333333333333,0.0,0.1450381679389313,0.1450381679389313,0.0534351145038167,0.0458015267175572,0.1221374045801526,0.1679389312977099,0.1068702290076335,0.625,0.375,0,4,5.833333333333333,12,2.333333333333333,3.8372093023255816
train,audio_519.wav,2,64.0,0.0,0.21875,0.1484375,0.0390625,0.0078125,0.0859375,0.109375,0.09375,0.0,1.0,1,3,8.5,12,4.0,4.299212598425197
train,audio_748.wav,5,18.6,0.0,0.1720430107526881,0.1182795698924731,0.1075268817204301,0.032258064516129,0.053763440860215,0.2043010752688172,0.1075268817204301,0.6,0.4,1,4,4.2,6,1.2,3.571428571428572
train,audio_505.wav,6,15.5,0.1666666666666666,0.1827956989247312,0.1935483870967742,0.075268817204301,0.010752688172043,0.053763440860215,0.2150537634408602,0.075268817204301,0.0,1.0,1,2,4.0,6,1.6666666666666667,3.946236559139785
train,audio_361.wav,3,12.666666666666666,0.0,0.2631578947368421,0.2105263157894736,0.0263157894736842,0.0,0.1578947368421052,0.1842105263157894,0.0,0.0,1.0,0,2,4.666666666666667,6,1.3333333333333333,4.416666666666667
train,audio_5052.wav,3,27.33333333333333,0.0,0.1219512195121951,0.1585365853658536,0.0609756097560975,0.1097560975609756,0.073170731707317,0.2195121951219512,0.048780487804878,0.1666666666666666,0.8333333333333334,3,4,5.333333333333333,7,1.0,3.675
train,audio_16.wav,4,24.0,0.0,0.2916666666666667,0.0833333333333333,0.0208333333333333,0.0833333333333333,0.0729166666666666,0.0520833333333333,0.0520833333333333,0.0,1.0,0,1,6.25,9,1.25,4.553191489361702
train,audio_327.wav,8,17.25,0.125,0.2971014492753623,0.108695652173913,0.0217391304347826,0.0797101449275362,0.0652173913043478,0.1014492753623188,0.0507246376811594,0.0,1.0,0,2,6.125,10,1.0,4.220588235294118
train,audio_313.wav,4,16.5,0.0,0.303030303030303,0.1666666666666666,0.0303030303030303,0.0454545454545454,0.0606060606060606,0.1363636363636363,0.0454545454545454,0.0,1.0,0,2,4.75,6,1.0,4.6875
train,audio_589.wav,2,44.0,0.0,0.2613636363636363,0.1477272727272727,0.0681818181818181,0.0227272727272727,0.0795454545454545,0.125,0.0795454545454545,0.3333333333333333,0.6666666666666666,0,2,8.0,10,2.5,4.151162790697675
train,audio_416.wav,7,17.857142857142858,0.0,0.208,0.136,0.064,0.088,0.072,0.168,0.072,0.0,1.0,1,4,4.857142857142857,7,0.8571428571428571,3.92
train,audio_762.wav,6,23.5,0.0,0.1631205673758865,0.1347517730496454,0.0709219858156028,0.0709219858156028,0.0709219858156028,0.1843971631205673,0.0780141843971631,0.2941176470588235,0.7058823529411765,0,2,6.0,9,2.333333333333333,3.741007194244604
train,audio_714.wav,4,17.25,0.25,0.1594202898550724,0.1159420289855072,0.072463768115942,0.0434782608695652,0.1304347826086956,0.1739130434782608,0.072463768115942,0.0,1.0,0,1,5.25,8,1.5,3.941176470588236
train,audio_455.wav,6,14.666666666666666,0.0,0.2045454545454545,0.1818181818181818,0.0568181818181818,0.0454545454545454,0.0568181818181818,0.1931818181818181,0.034090909090909,0.1111111111111111,0.8888888888888888,1,4,5.166666666666667,10,0.5,4.056818181818182
train,audio_42.wav,5,14.0,0.0,0.2142857142857142,0.1285714285714285,0.1428571428571428,0.0857142857142857,0.0714285714285714,0.1428571428571428,0.0571428571428571,0.0,1.0,0,1,3.6,5,0.6,3.941176470588236
train,audio_561.wav,6,16.5,0.0,0.3636363636363636,0.1515151515151515,0.0505050505050505,0.0404040404040404,0.0202020202020202,0.0101010101010101,0.0707070707070707,0.8333333333333334,0.1666666666666666,0,2,5.5,7,1.0,5.111111111111111
train,audio_226.wav,2,34.5,0.0,0.1159420289855072,0.1739130434782608,0.0869565217391304,0.1014492753623188,0.1159420289855072,0.144927536231884,0.0869565217391304,0.1111111111111111,0.8888888888888888,0,3,5.0,6,2.0,4.484375
train,audio_110.wav,4,20.75,0.0,0.144578313253012,0.0963855421686747,0.0602409638554216,0.0843373493975903,0.108433734939759,0.180722891566265,0.1204819277108433,0.8888888888888888,0.1111111111111111,0,3,5.0,8,0.75,4.156626506024097
train,audio_739.wav,6,19.166666666666668,0.0,0.2695652173913043,0.1130434782608695,0.017391304347826,0.0608695652173913,0.1130434782608695,0.0956521739130434,0.1043478260869565,0.0,1.0,3,2,4.166666666666667,8,1.3333333333333333,4.339285714285714
train,audio_504.wav,7,17.428571428571427,0.0,0.1885245901639344,0.1311475409836065,0.0491803278688524,0.0327868852459016,0.0983606557377049,0.221311475409836,0.0983606557377049,0.0714285714285714,0.9285714285714286,3,4,3.7142857142857135,7,0.8571428571428571,3.663934426229509
train,audio_379.wav,5,29.6,0.0,0.1351351351351351,0.1486486486486486,0.0743243243243243,0.0675675675675675,0.0945945945945946,0.1824324324324324,0.1148648648648648,0.5238095238095238,0.4761904761904761,0,3,5.0,6,2.4,3.841379310344828
train,audio_520.wav,4,27.0,0.0,0.1851851851851851,0.1296296296296296,0.1018518518518518,0.0277777777777777,0.0648148148148148,0.1666666666666666,0.0925925925925925,0.5384615384615384,0.4615384615384615,0,4,5.5,9,2.25,3.925233644859813
train,audio_5068.wav,5,20.0,0.0,0.18,0.09,0.06,0.11,0.08,0.18,0.13,0.0,1.0,0,2,4.6,7,1.0,4.434343434343434
train,audio_30.wav,3,28.666666666666668,0.0,0.1744186046511628,0.127906976744186,0.0813953488372093,0.0697674418604651,0.0697674418604651,0.1744186046511628,0.1046511627906976,0.3,0.7,0,2,6.333333333333333,9,2.0,4.035294117647059
train,audio_5041.wav,4,18.25,0.0,0.1506849315068493,0.136986301369863,0.0684931506849315,0.0547945205479452,0.1095890410958904,0.2054794520547945,0.0684931506849315,0.0,1.0,1,2,4.75,7,1.5,4.315068493150685
train,audio_485.wav,8,15.875,0.0,0.1732283464566929,0.1496062992125984,0.0629921259842519,0.0551181102362204,0.1259842519685039,0.1653543307086614,0.1181102362204724,0.2727272727272727,0.7272727272727273,0,3,3.875,5,0.875,4.24
train,audio_475.wav,4,19.0,0.0,0.2631578947368421,0.1578947368421052,0.0263157894736842,0.0657894736842105,0.0394736842105263,0.1842105263157894,0.1052631578947368,0.2222222222222222,0.7777777777777778,1,3,3.5,7,0.5,4.342465753424658
train,audio_145.wav,6,21.33333333333333,0.0,0.2890625,0.1328125,0.140625,0.015625,0.0703125,0.0546875,0.0546875,0.0,1.0,1,2,5.5,8,1.0,4.9453125
train,audio_308.wav,5,19.8,0.0,0.202020202020202,0.1717171717171717,0.0404040404040404,0.0404040404040404,0.101010101010101,0.1212121212121212,0.0909090909090909,0.2,0.8,0,3,5.4,9,1.4,3.926315789473685
train,audio_184.wav,9,13.77777777777778,0.0,0.1854838709677419,0.1693548387096774,0.0564516129032258,0.064516129032258,0.1209677419354838,0.1612903225806451,0.0725806451612903,0.0666666666666666,0.9333333333333332,0,3,4.0,8,1.1111111111111112,3.610169491525424
train,audio_586.wav,4,28.0,0.0,0.2142857142857142,0.1160714285714285,0.0625,0.0803571428571428,0.0982142857142857,0.1428571428571428,0.1071428571428571,0.125,0.875,3,4,4.75,9,2.0,4.2
train,audio_398.wav,6,14.0,0.1666666666666666,0.3095238095238095,0.119047619047619,0.1309523809523809,0.0357142857142857,0.0476190476190476,0.0833333333333333,0.0595238095238095,0.125,0.875,0,2,6.333333333333333,10,1.1666666666666667,4.734939759036145
train,audio_726.wav,6,21.83333333333333,0.0,0.1908396946564885,0.1297709923664122,0.0381679389312977,0.099236641221374,0.0687022900763358,0.183206106870229,0.0610687022900763,0.0,1.0,0,3,4.833333333333333,6,1.6666666666666667,3.5736434108527133
train,audio_466.wav,6,19.83333333333333,0.0,0.1680672268907563,0.1260504201680672,0.0588235294117647,0.0756302521008403,0.0840336134453781,0.2016806722689075,0.0588235294117647,0.0833333333333333,0.9166666666666666,0,2,4.0,7,1.5,3.963302752293578
train,audio_218.wav,5,21.2,0.0,0.2169811320754717,0.1415094339622641,0.0660377358490566,0.0377358490566037,0.0849056603773584,0.1981132075471698,0.0660377358490566,0.0,1.0,1,2,4.6,7,0.6,4.076923076923077
train,audio_644.wav,11,8.909090909090908,0.3636363636363636,0.1122448979591836,0.1632653061224489,0.0204081632653061,0.1326530612244898,0.0918367346938775,0.2244897959183673,0.0714285714285714,0.0,1.0,0,2,2.090909090909091,5,0.7272727272727273,4.085106382978723
train,audio_351.wav,3,35.0,0.0,0.1333333333333333,0.1428571428571428,0.0666666666666666,0.0285714285714285,0.0761904761904762,0.2571428571428571,0.0476190476190476,0.0,1.0,2,2,5.666666666666667,8,5.0,3.696078431372549
train,audio_248.wav,5,13.6,0.0,0.2941176470588235,0.2058823529411764,0.0735294117647058,0.0441176470588235,0.0147058823529411,0.0588235294117647,0.088235294117647,0.0,1.0,0,1,4.8,8,1.2,4.582089552238806
train,audio_83.wav,15,8.066666666666666,0.0,0.3471074380165289,0.1157024793388429,0.0826446280991735,0.0082644628099173,0.0495867768595041,0.1487603305785124,0.024793388429752,0.0,1.0,1,3,3.466666666666667,6,0.0,4.783333333333333
train,audio_71.wav,1,104.0,0.0,0.25,0.0673076923076923,0.0769230769230769,0.048076923076923,0.0865384615384615,0.1442307692307692,0.0961538461538461,0.0833333333333333,0.9166666666666666,0,4,11.0,11,10.0,3.692307692307693
train,audio_287.wav,5,24.2,0.0,0.140495867768595,0.1570247933884297,0.0909090909090909,0.0495867768595041,0.0909090909090909,0.1818181818181818,0.0909090909090909,0.0769230769230769,0.9230769230769232,0,4,5.6,7,1.2,4.206896551724138
train,audio_367.wav,4,18.0,0.0,0.1666666666666666,0.1805555555555555,0.0833333333333333,0.0972222222222222,0.0972222222222222,0.1666666666666666,0.0277777777777777,0.2142857142857142,0.7857142857142857,0,3,5.5,8,2.75,3.8857142857142857
train,audio_166.wav,5,19.4,0.0,0.3402061855670103,0.0927835051546391,0.134020618556701,0.0515463917525773,0.0824742268041237,0.0824742268041237,0.0618556701030927,0.0,1.0,0,1,5.0,8,0.8,4.652631578947369
train,audio_94.wav,5,16.0,0.0,0.2,0.1,0.05,0.05,0.1,0.1875,0.0625,0.0,1.0,1,3,5.0,8,0.6,4.215189873417722
train,audio_108.wav,8,17.125,0.0,0.2335766423357664,0.1094890510948905,0.0291970802919708,0.0802919708029197,0.072992700729927,0.1313868613138686,0.0437956204379562,0.3076923076923077,0.6923076923076923,0,3,5.125,8,0.75,4.102189781021898
train,audio_511.wav,11,10.363636363636363,0.0909090909090909,0.2982456140350877,0.1228070175438596,0.0789473684210526,0.0789473684210526,0.043859649122807,0.0789473684210526,0.0350877192982456,0.0,1.0,0,1,4.2727272727272725,7,0.2727272727272727,4.912280701754386
train,audio_5059.wav,7,19.428571428571427,0.0,0.1838235294117647,0.1102941176470588,0.0661764705882353,0.0735294117647058,0.1176470588235294,0.1838235294117647,0.0441176470588235,0.1764705882352941,0.8235294117647058,1,5,4.857142857142857,9,1.7142857142857142,3.755725190839695
train,audio_310.wav,7,14.428571428571429,0.1428571428571428,0.1683168316831683,0.1782178217821782,0.0297029702970297,0.0792079207920792,0.0495049504950495,0.1881188118811881,0.0792079207920792,0.0,1.0,1,4,3.571428571428572,6,0.7142857142857143,3.701030927835052
train,audio_50.wav,2,47.5,0.0,0.2210526315789473,0.1684210526315789,0.0526315789473684,0.0526315789473684,0.0526315789473684,0.1052631578947368,0.0631578947368421,0.0,1.0,0,2,10.0,10,5.0,4.336956521739131
train,audio_6.wav,4,19.25,0.0,0.1558441558441558,0.1298701298701298,0.0389610389610389,0.0649350649350649,0.0909090909090909,0.1558441558441558,0.0519480519480519,0.0,1.0,0,1,4.75,7,1.0,3.581081081081081
train,audio_515.wav,6,16.666666666666668,0.1666666666666666,0.15,0.17,0.06,0.04,0.07,0.14,0.11,0.2,0.8,0,3,4.5,9,1.3333333333333333,4.46
train,audio_742.wav,3,20.0,0.0,0.2333333333333333,0.1166666666666666,0.0666666666666666,0.15,0.05,0.1666666666666666,0.1,0.0,1.0,0,1,5.333333333333333,9,0.3333333333333333,4.75
train,audio_545.wav,5,21.6,0.0,0.2314814814814814,0.1481481481481481,0.0833333333333333,0.0833333333333333,0.0555555555555555,0.0925925925925925,0.0833333333333333,0.0,1.0,0,1,4.2,7,1.0,4.188679245283019
train,audio_489.wav,1,114.0,0.0,0.219298245614035,0.0789473684210526,0.0789473684210526,0.043859649122807,0.1052631578947368,0.0701754385964912,0.0789473684210526,0.375,0.625,2,4,9.0,9,6.0,4.2368421052631575
train,audio_697.wav,4,32.25,0.0,0.1627906976744186,0.1472868217054263,0.0852713178294573,0.0775193798449612,0.0930232558139534,0.1162790697674418,0.0697674418604651,0.0833333333333333,0.9166666666666666,1,5,7.0,11,2.5,4.496062992125984
train,audio_225.wav,9,12.22222222222222,0.1111111111111111,0.209090909090909,0.1363636363636363,0.0636363636363636,0.0909090909090909,0.0636363636363636,0.2,0.0727272727272727,0.0,1.0,1,3,4.0,8,0.7777777777777778,4.273584905660377
train,audio_553.wav,3,36.0,0.0,0.2037037037037037,0.1851851851851851,0.0462962962962962,0.037037037037037,0.0462962962962962,0.1574074074074074,0.074074074074074,0.4,0.6,0,2,5.666666666666667,8,4.0,4.075471698113208
train,audio_237.wav,4,17.0,0.0,0.2058823529411764,0.1470588235294117,0.0294117647058823,0.0588235294117647,0.1176470588235294,0.1029411764705882,0.1470588235294117,0.0,1.0,0,2,4.5,5,1.0,4.838235294117647
train,audio_197.wav,4,31.5,0.0,0.2301587301587301,0.1666666666666666,0.0873015873015873,0.0396825396825396,0.0634920634920634,0.0952380952380952,0.0714285714285714,0.0,1.0,0,1,4.25,7,3.5,4.450819672131147
train,audio_449.wav,8,18.375,0.0,0.2857142857142857,0.1088435374149659,0.0612244897959183,0.0408163265306122,0.1224489795918367,0.0544217687074829,0.0884353741496598,0.0,1.0,0,2,5.875,10,1.125,4.340136054421769
train,audio_567.wav,1,106.0,0.0,0.1981132075471698,0.1037735849056603,0.0943396226415094,0.0943396226415094,0.0943396226415094,0.1415094339622641,0.0849056603773584,0.0,1.0,1,3,11.0,11,12.0,3.9711538461538463
train,audio_477.wav,6,13.166666666666666,0.0,0.189873417721519,0.1772151898734177,0.0126582278481012,0.0886075949367088,0.1012658227848101,0.1518987341772152,0.1139240506329113,0.0,1.0,3,2,3.5,9,1.0,4.227848101265823
train,audio_728.wav,4,21.5,0.0,0.1976744186046511,0.127906976744186,0.0581395348837209,0.0930232558139534,0.0232558139534883,0.1627906976744186,0.0930232558139534,0.0,1.0,0,1,5.0,7,1.5,3.9156626506024095
train,audio_377.wav,2,22.0,0.0,0.3636363636363636,0.1363636363636363,0.0909090909090909,0.1363636363636363,0.0227272727272727,0.0681818181818181,0.0909090909090909,0.0,1.0,0,2,4.5,5,1.0,5.454545454545454
train,audio_633.wav,5,20.4,0.2,0.0980392156862745,0.1078431372549019,0.0784313725490196,0.088235294117647,0.1372549019607843,0.2254901960784313,0.0784313725490196,0.3846153846153846,0.6153846153846154,0,3,4.2,8,1.8,3.6262626262626254
train,audio_690.wav,6,14.5,0.0,0.1839080459770115,0.1034482758620689,0.0804597701149425,0.0459770114942528,0.0919540229885057,0.1379310344827586,0.1034482758620689,0.125,0.875,0,2,4.0,5,0.6666666666666666,3.855421686746988
train,audio_525.wav,12,12.25,0.0,0.2517006802721088,0.1496598639455782,0.0884353741496598,0.0884353741496598,0.0612244897959183,0.1360544217687075,0.0680272108843537,0.2,0.8,3,4,3.8333333333333335,9,0.75,4.448275862068965
train,audio_31.wav,4,22.0,0.0,0.1704545454545454,0.1931818181818181,0.0795454545454545,0.0454545454545454,0.0795454545454545,0.1136363636363636,0.1136363636363636,0.0,1.0,0,2,6.75,8,2.5,4.5
train,audio_676.wav,6,17.0,0.0,0.2058823529411764,0.1372549019607843,0.0686274509803921,0.0784313725490196,0.0588235294117647,0.1764705882352941,0.1078431372549019,0.1538461538461538,0.8461538461538461,0,3,4.833333333333333,11,1.0,4.441176470588236
train,audio_263.wav,7,13.285714285714286,0.0,0.3118279569892473,0.1612903225806451,0.064516129032258,0.053763440860215,0.021505376344086,0.1075268817204301,0.053763440860215,0.125,0.875,0,3,5.428571428571429,12,1.1428571428571428,4.891304347826087
train,audio_5070.wav,1,13.0,0.0,0.3076923076923077,0.0769230769230769,0.0769230769230769,0.1538461538461538,0.0,0.0769230769230769,0.0,1.0,0.0,0,1,3.0,3,0.0,4.153846153846154
train,audio_510.wav,9,14.22222222222222,0.0,0.1796875,0.1484375,0.0703125,0.0546875,0.0859375,0.21875,0.046875,0.9375,0.0625,0,3,4.111111111111111,7,1.2222222222222223,4.0546875
train,audio_577.wav,4,21.0,0.0,0.2619047619047619,0.119047619047619,0.1428571428571428,0.0238095238095238,0.0357142857142857,0.0714285714285714,0.0714285714285714,0.0,1.0,0,1,4.75,8,1.5,4.416666666666667
train,audio_230.wav,5,27.6,0.0,0.2681159420289855,0.1666666666666666,0.0652173913043478,0.036231884057971,0.036231884057971,0.1376811594202898,0.072463768115942,0.0,1.0,0,1,7.2,10,2.4,4.598540145985401
train,audio_314.wav,5,17.0,0.0,0.1647058823529411,0.1294117647058823,0.0470588235294117,0.0588235294117647,0.0705882352941176,0.1647058823529411,0.0352941176470588,0.0,1.0,0,1,4.8,8,1.4,3.891566265060241
train,audio_641.wav,4,13.5,0.0,0.2962962962962963,0.1481481481481481,0.0925925925925925,0.037037037037037,0.037037037037037,0.074074074074074,0.0555555555555555,0.0,1.0,0,1,4.5,7,0.75,4.5
train,audio_689.wav,4,28.0,0.0,0.1875,0.1339285714285714,0.0714285714285714,0.0625,0.0446428571428571,0.1517857142857142,0.1160714285714285,0.0,1.0,1,2,5.0,7,1.5,4.136363636363637
train,audio_352.wav,6,18.666666666666668,0.0,0.2589285714285714,0.1339285714285714,0.0803571428571428,0.0535714285714285,0.0625,0.1071428571428571,0.0982142857142857,0.0,1.0,0,3,4.666666666666667,6,1.3333333333333333,4.321100917431193
train,audio_193.wav,2,22.5,0.0,0.3111111111111111,0.1111111111111111,0.0222222222222222,0.0444444444444444,0.0888888888888888,0.1333333333333333,0.0888888888888888,0.0,1.0,0,1,6.5,8,1.5,4.325581395348837
train,audio_5049.wav,17,3.294117647058824,0.4117647058823529,0.0714285714285714,0.1964285714285714,0.0357142857142857,0.0357142857142857,0.125,0.2321428571428571,0.0357142857142857,0.0,1.0,1,2,1.5294117647058822,4,0.2352941176470588,3.4166666666666665
train,audio_300.wav,1,114.0,0.0,0.3070175438596491,0.1403508771929824,0.1052631578947368,0.0350877192982456,0.0350877192982456,0.087719298245614,0.0701754385964912,0.0,1.0,0,1,13.0,13,7.0,4.558558558558558
train,audio_581.wav,1,52.0,0.0,0.2115384615384615,0.173076923076923,0.0576923076923076,0.0384615384615384,0.0769230769230769,0.0961538461538461,0.0576923076923076,0.0,1.0,0,3,7.0,7,4.0,4.730769230769231
train,audio_164.wav,5,12.8,0.0,0.21875,0.15625,0.0625,0.046875,0.046875,0.21875,0.046875,0.1428571428571428,0.8571428571428571,0,2,3.6,5,1.4,3.5
train,audio_502.wav,3,44.333333333333336,0.0,0.1654135338345864,0.112781954887218,0.0977443609022556,0.0827067669172932,0.0902255639097744,0.1654135338345864,0.0827067669172932,0.6428571428571429,0.3571428571428571,1,4,5.666666666666667,10,5.0,3.5681818181818183
train,audio_380.wav,6,22.83333333333333,0.1666666666666666,0.2335766423357664,0.1240875912408759,0.0802919708029197,0.0437956204379562,0.0875912408759124,0.1167883211678832,0.0510948905109489,0.0,1.0,0,2,5.833333333333333,9,1.8333333333333333,3.862595419847328
train,audio_15.wav,2,39.5,0.0,0.2025316455696202,0.0759493670886076,0.1139240506329113,0.0632911392405063,0.0632911392405063,0.1139240506329113,0.0759493670886076,0.7272727272727273,0.2727272727272727,0,2,6.0,6,2.5,4.253164556962025
train,audio_238.wav,3,10.0,0.0,0.3,0.2333333333333333,0.1,0.0,0.0333333333333333,0.0666666666666666,0.0666666666666666,0.0,1.0,0,2,4.0,6,0.6666666666666666,5.3
train,audio_53.wav,7,11.571428571428571,0.0,0.2098765432098765,0.074074074074074,0.1111111111111111,0.1481481481481481,0.1234567901234567,0.1234567901234567,0.0617283950617283,1.0,0.0,0,1,3.7142857142857135,6,0.0,4.432098765432099
train,audio_283.wav,5,10.6,0.0,0.1886792452830188,0.1886792452830188,0.0754716981132075,0.0754716981132075,0.0754716981132075,0.1698113207547169,0.0943396226415094,0.0,1.0,0,2,3.4,6,0.2,4.326923076923077
train,audio_614.wav,4,26.75,0.0,0.2336448598130841,0.102803738317757,0.0747663551401869,0.0747663551401869,0.0747663551401869,0.0560747663551401,0.0747663551401869,0.0,1.0,0,2,6.75,11,1.75,4.451923076923077
train,audio_121.wav,4,26.25,0.25,0.1428571428571428,0.1809523809523809,0.0285714285714285,0.0761904761904762,0.0380952380952381,0.1142857142857142,0.0952380952380952,0.0,1.0,1,3,7.75,17,1.0,3.304761904761905
train,audio_216.wav,6,23.0,0.0,0.1739130434782608,0.144927536231884,0.0652173913043478,0.0434782608695652,0.108695652173913,0.1159420289855072,0.0434782608695652,0.0,1.0,0,2,4.833333333333333,9,2.1666666666666665,4.288888888888889
train,audio_552.wav,4,33.0,0.0,0.2045454545454545,0.0833333333333333,0.1136363636363636,0.0454545454545454,0.0757575757575757,0.1515151515151515,0.0909090909090909,0.6666666666666666,0.3333333333333333,0,2,7.0,14,1.75,3.7421875
train,audio_514.wav,1,88.0,0.0,0.2386363636363636,0.0795454545454545,0.1022727272727272,0.0227272727272727,0.0909090909090909,0.0681818181818181,0.125,0.0,1.0,3,2,9.0,9,2.0,4.363636363636363
train,audio_593.wav,5,24.8,0.0,0.314516129032258,0.1532258064516129,0.0967741935483871,0.0080645161290322,0.0241935483870967,0.0887096774193548,0.064516129032258,0.0,1.0,0,1,6.8,10,1.0,5.459677419354839
train,audio_565.wav,3,24.33333333333333,0.0,0.273972602739726,0.1780821917808219,0.0547945205479452,0.0,0.0410958904109589,0.2191780821917808,0.0273972602739726,0.25,0.75,0,3,4.333333333333333,5,2.0,4.042253521126761
train,audio_140.wav,5,15.4,0.0,0.2597402597402597,0.1558441558441558,0.0649350649350649,0.0389610389610389,0.0519480519480519,0.1558441558441558,0.0649350649350649,0.1,0.9,0,3,5.0,7,0.8,4.5
train,audio_117.wav,4,17.25,0.0,0.2463768115942029,0.1594202898550724,0.0289855072463768,0.0579710144927536,0.0869565217391304,0.1304347826086956,0.1159420289855072,0.7142857142857143,0.2857142857142857,0,3,4.5,6,1.5,4.768115942028985
train,audio_495.wav,6,22.0,0.0,0.25,0.0833333333333333,0.0681818181818181,0.0454545454545454,0.0606060606060606,0.1590909090909091,0.0909090909090909,0.9090909090909092,0.0909090909090909,0,2,5.666666666666667,12,1.5,3.992424242424242
train,audio_652.wav,5,17.6,0.0,0.2045454545454545,0.1477272727272727,0.0795454545454545,0.0909090909090909,0.0454545454545454,0.1818181818181818,0.0568181818181818,0.0,1.0,0,2,3.2,5,1.0,4.247058823529412
train,audio_645.wav,8,14.25,0.125,0.1052631578947368,0.1666666666666666,0.0263157894736842,0.0350877192982456,0.0614035087719298,0.3333333333333333,0.0964912280701754,0.3888888888888889,0.6111111111111112,0,2,3.625,5,1.75,3.568807339449541
train,audio_242.wav,4,16.25,0.0,0.2461538461538461,0.0769230769230769,0.1384615384615384,0.0923076923076923,0.0923076923076923,0.1076923076923077,0.0769230769230769,0.0,1.0,0,1,4.75,7,0.75,4.03125
train,audio_4.wav,5,20.8,0.0,0.2019230769230769,0.1346153846153846,0.0192307692307692,0.0673076923076923,0.048076923076923,0.1634615384615384,0.0673076923076923,0.0,1.0,0,2,4.6,8,1.4,3.584158415841584
train,audio_93.wav,4,25.5,0.0,0.1666666666666666,0.0980392156862745,0.0686274509803921,0.0490196078431372,0.0980392156862745,0.196078431372549,0.0686274509803921,0.0,1.0,0,2,5.75,8,1.0,3.272727272727273
train,audio_582.wav,1,38.0,0.0,0.1842105263157894,0.1578947368421052,0.0526315789473684,0.0526315789473684,0.0263157894736842,0.2368421052631578,0.1578947368421052,0.4,0.6,1,3,5.0,5,2.0,4.184210526315789
train,audio_222.wav,8,12.625,0.125,0.1881188118811881,0.0891089108910891,0.099009900990099,0.099009900990099,0.0693069306930693,0.1386138613861386,0.1089108910891089,0.4615384615384615,0.5384615384615384,0,2,3.75,7,0.375,3.824742268041237
train,audio_5042.wav,4,16.75,0.0,0.1940298507462686,0.1343283582089552,0.1492537313432835,0.0597014925373134,0.0597014925373134,0.0895522388059701,0.0298507462686567,0.0,1.0,1,2,3.5,5,1.0,4.746268656716418
train,audio_253.wav,1,62.0,0.0,0.2258064516129032,0.1935483870967742,0.0483870967741935,0.0483870967741935,0.064516129032258,0.1612903225806451,0.0967741935483871,0.0,1.0,0,2,12.0,12,6.0,4.475409836065574
train,audio_167.wav,11,11.545454545454543,0.0,0.2755905511811024,0.1102362204724409,0.0787401574803149,0.0314960629921259,0.0787401574803149,0.1732283464566929,0.0472440944881889,0.0769230769230769,0.9230769230769232,0,3,4.363636363636363,7,0.3636363636363636,3.984251968503937
train,audio_583.wav,7,15.0,0.1428571428571428,0.1619047619047619,0.1619047619047619,0.0761904761904762,0.0380952380952381,0.0666666666666666,0.219047619047619,0.0857142857142857,0.0,1.0,0,1,4.142857142857143,8,1.2857142857142858,4.019230769230769
train,audio_682.wav,7,18.714285714285715,0.0,0.2824427480916031,0.1145038167938931,0.0839694656488549,0.0305343511450381,0.0763358778625954,0.0916030534351145,0.0229007633587786,0.1,0.9,0,3,5.0,7,1.0,4.271317829457364
train,audio_5045.wav,8,10.625,0.0,0.2823529411764706,0.1647058823529411,0.0352941176470588,0.0352941176470588,0.0588235294117647,0.1411764705882353,0.0352941176470588,0.6,0.4,0,3,3.625,8,0.75,3.902439024390244
train,audio_173.wav,2,63.0,0.0,0.2777777777777778,0.1507936507936507,0.0158730158730158,0.0158730158730158,0.0634920634920634,0.1507936507936507,0.0952380952380952,0.6153846153846154,0.3846153846153846,0,2,9.0,12,5.0,3.865079365079365
train,audio_338.wav,6,26.33333333333333,0.0,0.2468354430379747,0.1075949367088607,0.1012658227848101,0.0949367088607595,0.0443037974683544,0.0696202531645569,0.0696202531645569,0.0,1.0,0,2,6.0,12,2.0,4.603896103896104
train,audio_188.wav,9,13.88888888888889,0.1111111111111111,0.24,0.128,0.056,0.072,0.096,0.104,0.08,0.0666666666666666,0.9333333333333332,0,3,4.666666666666667,8,1.2222222222222223,4.488
train,audio_59.wav,5,21.0,0.0,0.2476190476190476,0.1142857142857142,0.0761904761904762,0.0571428571428571,0.0571428571428571,0.1523809523809524,0.0666666666666666,0.1,0.9,0,2,7.6,18,1.6,4.211538461538462
train,audio_318.wav,1,128.0,0.0,0.2265625,0.15625,0.0234375,0.0390625,0.1328125,0.15625,0.0390625,0.8333333333333334,0.1666666666666666,0,3,11.0,11,15.0,4.312
train,audio_17.wav,4,28.25,0.0,0.1858407079646017,0.1150442477876106,0.0707964601769911,0.0265486725663716,0.0884955752212389,0.247787610619469,0.0884955752212389,0.75,0.25,0,3,7.0,9,2.75,4.072727272727272
train,audio_551.wav,5,22.8,0.0,0.1842105263157894,0.0964912280701754,0.0526315789473684,0.0526315789473684,0.1491228070175438,0.1842105263157894,0.0350877192982456,0.0,1.0,2,3,4.0,6,1.6,3.973451327433629
train,audio_275.wav,1,59.0,0.0,0.2711864406779661,0.1016949152542373,0.0677966101694915,0.0847457627118644,0.0847457627118644,0.0508474576271186,0.0847457627118644,0.0,1.0,0,2,7.0,7,6.0,4.2105263157894735
train,audio_368.wav,10,13.6,0.0,0.1617647058823529,0.1470588235294117,0.1029411764705882,0.1029411764705882,0.0735294117647058,0.1691176470588235,0.0735294117647058,0.1764705882352941,0.8235294117647058,0,3,3.3,7,0.7,4.24031007751938
train,audio_730.wav,2,26.0,0.0,0.2307692307692307,0.1346153846153846,0.1153846153846153,0.0192307692307692,0.0384615384615384,0.1153846153846153,0.1153846153846153,0.0,1.0,0,1,8.0,12,0.0,4.615384615384615
train,audio_5060.wav,2,25.0,0.0,0.26,0.08,0.0,0.02,0.02,0.08,0.1,0.0,1.0,0,2,5.5,9,1.0,3.94
train,audio_685.wav,3,38.333333333333336,0.0,0.1652173913043478,0.1130434782608695,0.0869565217391304,0.0347826086956521,0.0608695652173913,0.2,0.1130434782608695,0.7142857142857143,0.2857142857142857,1,3,6.666666666666667,11,3.6666666666666665,3.6869565217391305
train,audio_7.wav,2,35.0,0.0,0.2,0.1142857142857142,0.0428571428571428,0.0428571428571428,0.0571428571428571,0.2,0.0714285714285714,0.8888888888888888,0.1111111111111111,0,3,6.0,7,1.5,3.5142857142857142
train,audio_204.wav,9,15.444444444444445,0.0,0.1366906474820144,0.1294964028776978,0.0575539568345323,0.0935251798561151,0.0719424460431654,0.2230215827338129,0.079136690647482,0.0714285714285714,0.9285714285714286,0,3,4.888888888888889,8,1.0,4.106060606060606
train,audio_5064.wav,6,11.0,0.0,0.303030303030303,0.106060606060606,0.0454545454545454,0.0303030303030303,0.0757575757575757,0.106060606060606,0.0454545454545454,0.0,1.0,0,2,4.0,8,0.6666666666666666,4.646153846153847
train,audio_127.wav,6,14.333333333333334,0.1666666666666666,0.3604651162790697,0.1511627906976744,0.1162790697674418,0.0465116279069767,0.0116279069767441,0.0465116279069767,0.0581395348837209,0.0,1.0,0,1,5.166666666666667,9,0.5,4.872093023255814
train,audio_412.wav,1,45.0,0.0,0.2222222222222222,0.1111111111111111,0.1111111111111111,0.0,0.0666666666666666,0.0888888888888888,0.1111111111111111,0.25,0.75,0,3,6.0,6,2.0,4.545454545454546
train,audio_132.wav,3,23.666666666666668,0.0,0.3098591549295774,0.1126760563380281,0.0845070422535211,0.056338028169014,0.0140845070422535,0.1267605633802817,0.1408450704225352,0.5,0.5,0,3,5.666666666666667,6,1.3333333333333333,4.549295774647887
train,audio_156.wav,8,12.875,0.0,0.2135922330097087,0.0970873786407767,0.0970873786407767,0.0388349514563106,0.1262135922330097,0.145631067961165,0.0970873786407767,0.0,1.0,4,3,3.875,6,0.5,4.019417475728155
train,audio_426.wav,2,42.5,0.0,0.2588235294117647,0.1294117647058823,0.0117647058823529,0.0235294117647058,0.1529411764705882,0.0941176470588235,0.0705882352941176,0.0,1.0,6,3,7.0,8,4.0,4.614457831325301
train,audio_709.wav,4,27.0,0.0,0.1759259259259259,0.1574074074074074,0.0833333333333333,0.0185185185185185,0.0833333333333333,0.1574074074074074,0.0925925925925925,0.0,1.0,1,2,9.0,12,1.5,4.12037037037037
train,audio_291.wav,7,12.571428571428571,0.0,0.1818181818181818,0.125,0.0568181818181818,0.1136363636363636,0.0795454545454545,0.1136363636363636,0.0681818181818181,0.0,1.0,0,2,5.142857142857143,8,0.4285714285714285,3.942528735632184
train,audio_523.wav,3,36.333333333333336,0.0,0.3119266055045872,0.1376146788990825,0.073394495412844,0.0275229357798165,0.0825688073394495,0.055045871559633,0.0275229357798165,0.0,1.0,3,3,7.666666666666667,12,2.6666666666666665,4.651376146788991
train,audio_632.wav,4,26.0,0.0,0.25,0.0865384615384615,0.0865384615384615,0.0865384615384615,0.0576923076923076,0.1057692307692307,0.048076923076923,0.0,1.0,0,2,5.5,7,1.5,4.038834951456311
train,audio_684.wav,3,36.333333333333336,0.0,0.1834862385321101,0.1743119266055046,0.055045871559633,0.0458715596330275,0.0642201834862385,0.1834862385321101,0.091743119266055,0.0909090909090909,0.9090909090909092,1,4,6.0,7,3.333333333333333,3.853211009174312
train,audio_512.wav,3,14.666666666666666,0.0,0.2954545454545454,0.0909090909090909,0.0454545454545454,0.0227272727272727,0.0681818181818181,0.2045454545454545,0.0681818181818181,0.2,0.8,1,3,4.0,5,0.6666666666666666,3.727272727272727
train,audio_764.wav,10,14.7,0.0,0.2244897959183673,0.1360544217687075,0.0952380952380952,0.0816326530612244,0.0680272108843537,0.1224489795918367,0.0612244897959183,0.0,1.0,0,2,4.1,8,0.8,4.2086330935251794
train,audio_585.wav,4,33.75,0.0,0.2518518518518518,0.0814814814814814,0.0666666666666666,0.0296296296296296,0.1259259259259259,0.0962962962962963,0.0666666666666666,0.0,1.0,2,3,6.25,8,2.25,4.291044776119403
train,audio_562.wav,7,16.285714285714285,0.0,0.2368421052631578,0.087719298245614,0.0789473684210526,0.0175438596491228,0.087719298245614,0.1228070175438596,0.0526315789473684,0.1111111111111111,0.8888888888888888,2,3,4.0,7,0.7142857142857143,3.701754385964912
train,audio_465.wav,10,11.2,0.0,0.2410714285714285,0.1696428571428571,0.0267857142857142,0.0535714285714285,0.0267857142857142,0.1964285714285714,0.0714285714285714,0.0,1.0,0,2,3.9,9,0.3,4.198198198198198
train,audio_37.wav,5,20.6,0.0,0.1941747572815534,0.145631067961165,0.058252427184466,0.0679611650485436,0.1067961165048543,0.1553398058252427,0.0679611650485436,0.0,1.0,0,1,4.8,6,2.2,4.138613861386139
train,audio_47.wav,4,22.75,0.0,0.1538461538461538,0.1758241758241758,0.0549450549450549,0.0879120879120879,0.0659340659340659,0.1648351648351648,0.0549450549450549,0.6666666666666666,0.3333333333333333,0,3,6.0,7,2.25,3.978021978021978
train,audio_233.wav,3,27.666666666666668,0.0,0.180722891566265,0.108433734939759,0.0602409638554216,0.0602409638554216,0.0843373493975903,0.2409638554216867,0.072289156626506,0.0,1.0,0,1,5.333333333333333,7,2.0,4.108433734939759
train,audio_621.wav,3,45.0,0.0,0.1629629629629629,0.1185185185185185,0.1037037037037037,0.1037037037037037,0.0444444444444444,0.1259259259259259,0.1111111111111111,0.0,1.0,0,2,7.333333333333333,8,3.6666666666666665,4.069767441860465
train,audio_590.wav,4,22.5,0.0,0.1444444444444444,0.1555555555555555,0.0666666666666666,0.0444444444444444,0.0888888888888888,0.1777777777777777,0.1111111111111111,0.0,1.0,0,2,4.75,5,1.75,3.7888888888888888
train,audio_349.wav,5,20.6,0.0,0.116504854368932,0.0970873786407767,0.1262135922330097,0.029126213592233,0.1262135922330097,0.2427184466019417,0.087378640776699,0.3125,0.6875,3,3,5.6,8,2.0,3.389473684210526
train,audio_387.wav,7,15.285714285714286,0.0,0.1401869158878504,0.1401869158878504,0.0841121495327102,0.1214953271028037,0.0747663551401869,0.1962616822429906,0.0654205607476635,0.0,1.0,0,2,4.285714285714286,7,1.0,4.095238095238095
train,audio_630.wav,8,16.0,0.0,0.2109375,0.1484375,0.0625,0.1015625,0.0703125,0.1484375,0.0546875,0.0,1.0,0,2,4.875,7,1.375,4.184
train,audio_5046.wav,8,14.875,0.0,0.1596638655462184,0.1092436974789916,0.0756302521008403,0.1008403361344537,0.0672268907563025,0.1596638655462184,0.0924369747899159,0.7333333333333333,0.2666666666666666,0,3,3.25,5,0.75,3.692307692307693
train,audio_183.wav,3,21.0,0.0,0.1428571428571428,0.1746031746031746,0.0634920634920634,0.0476190476190476,0.0952380952380952,0.1587301587301587,0.0793650793650793,0.0,1.0,0,1,5.0,6,1.6666666666666667,3.6774193548387095
train,audio_607.wav,2,61.5,0.0,0.2113821138211382,0.2195121951219512,0.024390243902439,0.032520325203252,0.048780487804878,0.1544715447154471,0.1138211382113821,0.0,1.0,0,2,9.5,10,5.0,4.454545454545454
train,audio_133.wav,5,19.2,0.0,0.1666666666666666,0.1145833333333333,0.0729166666666666,0.0416666666666666,0.1041666666666666,0.15625,0.1041666666666666,0.5833333333333334,0.4166666666666667,0,4,5.2,8,1.2,3.771739130434783
train,audio_443.wav,3,30.0,0.0,0.1888888888888888,0.1444444444444444,0.1444444444444444,0.0444444444444444,0.0666666666666666,0.0888888888888888,0.1,0.1666666666666666,0.8333333333333334,1,3,5.666666666666667,8,4.0,4.4
train,audio_55.wav,3,30.0,0.0,0.2222222222222222,0.1111111111111111,0.0222222222222222,0.0777777777777777,0.1111111111111111,0.1222222222222222,0.0555555555555555,0.0,1.0,0,1,7.0,12,3.333333333333333,4.033333333333333
train,audio_686.wav,1,62.0,0.0,0.2903225806451613,0.064516129032258,0.064516129032258,0.0806451612903225,0.0483870967741935,0.032258064516129,0.0483870967741935,0.0,1.0,0,2,8.0,8,2.0,4.32258064516129
train,audio_740.wav,8,15.125,0.0,0.1157024793388429,0.1487603305785124,0.0826446280991735,0.0743801652892562,0.1322314049586777,0.1735537190082644,0.0909090909090909,0.0,1.0,0,2,4.375,7,1.125,3.941666666666667
train,audio_699.wav,8,12.75,0.0,0.1274509803921568,0.2254901960784313,0.0686274509803921,0.0490196078431372,0.0490196078431372,0.2647058823529412,0.0686274509803921,0.0,1.0,0,2,3.25,6,1.375,3.919191919191919
train,audio_44.wav,7,16.285714285714285,0.0,0.1491228070175438,0.1052631578947368,0.1228070175438596,0.0701754385964912,0.1228070175438596,0.1403508771929824,0.0350877192982456,0.0,1.0,0,3,5.0,8,1.1428571428571428,4.0181818181818185
train,audio_500.wav,3,32.666666666666664,0.0,0.1938775510204081,0.1326530612244898,0.0612244897959183,0.0408163265306122,0.0714285714285714,0.1020408163265306,0.0714285714285714,0.4545454545454545,0.5454545454545454,1,3,5.666666666666667,9,1.3333333333333333,4.257731958762887
train,audio_265.wav,2,39.0,0.0,0.1794871794871795,0.141025641025641,0.0384615384615384,0.0641025641025641,0.0769230769230769,0.2307692307692307,0.0769230769230769,0.3333333333333333,0.6666666666666666,0,3,6.5,8,3.5,4.2368421052631575
train,audio_125.wav,7,12.0,0.0,0.3333333333333333,0.0595238095238095,0.0952380952380952,0.0952380952380952,0.0714285714285714,0.1309523809523809,0.0833333333333333,0.5,0.5,0,2,4.571428571428571,7,0.2857142857142857,4.506024096385542
train,audio_413.wav,4,22.25,0.0,0.247191011235955,0.1685393258426966,0.0898876404494382,0.0112359550561797,0.1011235955056179,0.146067415730337,0.1011235955056179,0.0909090909090909,0.9090909090909092,0,3,5.75,9,2.0,5.5
train,audio_256.wav,5,21.2,0.0,0.2358490566037736,0.1132075471698113,0.0754716981132075,0.0471698113207547,0.0660377358490566,0.1226415094339622,0.0566037735849056,0.0,1.0,1,3,6.2,10,1.2,4.201923076923077
train,audio_350.wav,4,30.75,0.0,0.2195121951219512,0.1869918699186991,0.073170731707317,0.056910569105691,0.024390243902439,0.1382113821138211,0.1056910569105691,0.0769230769230769,0.9230769230769232,1,3,5.5,7,3.0,4.352459016393443
train,audio_364.wav,8,16.375,0.0,0.2442748091603053,0.1221374045801526,0.0458015267175572,0.0610687022900763,0.1221374045801526,0.1450381679389313,0.0763358778625954,0.0,1.0,0,2,4.75,11,1.75,4.310077519379845
train,audio_131.wav,5,13.2,0.0,0.2878787878787879,0.0909090909090909,0.106060606060606,0.0909090909090909,0.0757575757575757,0.1212121212121212,0.0606060606060606,0.4444444444444444,0.5555555555555556,0,2,4.2,6,0.4,4.515151515151516
train,audio_168.wav,6,15.166666666666666,0.3333333333333333,0.3736263736263736,0.0879120879120879,0.0439560439560439,0.0439560439560439,0.0659340659340659,0.0879120879120879,0.0549450549450549,0.0,1.0,1,2,4.333333333333333,9,1.0,4.622222222222222
train,audio_557.wav,5,20.8,0.0,0.125,0.125,0.0576923076923076,0.125,0.1057692307692307,0.173076923076923,0.0961538461538461,0.1666666666666666,0.8333333333333334,0,3,5.0,7,1.2,3.6666666666666665
train,audio_670.wav,3,45.66666666666666,0.0,0.1386861313868613,0.1094890510948905,0.0510948905109489,0.072992700729927,0.1094890510948905,0.2627737226277372,0.0583941605839416,0.3529411764705882,0.6470588235294118,0,4,4.0,8,4.333333333333333,4.037878787878788
train,audio_342.wav,4,27.25,0.0,0.2018348623853211,0.091743119266055,0.0642201834862385,0.0642201834862385,0.128440366972477,0.2018348623853211,0.0642201834862385,0.2,0.8,0,4,5.0,7,2.0,3.8857142857142857
train,audio_2.wav,8,10.75,0.0,0.1511627906976744,0.1046511627906976,0.0348837209302325,0.0697674418604651,0.1395348837209302,0.1976744186046511,0.1046511627906976,0.2,0.8,0,3,3.5,6,0.375,3.86046511627907
train,audio_5048.wav,10,8.5,0.1,0.0823529411764705,0.188235294117647,0.0352941176470588,0.0941176470588235,0.1294117647058823,0.2235294117647059,0.0823529411764705,0.3636363636363636,0.6363636363636364,1,4,2.5,5,0.4,3.4814814814814814
train,audio_741.wav,3,21.0,0.0,0.2539682539682539,0.1111111111111111,0.0793650793650793,0.0952380952380952,0.1428571428571428,0.0952380952380952,0.0158730158730158,0.0,1.0,0,1,5.0,8,2.0,4.491803278688525
train,audio_294.wav,4,21.25,0.0,0.188235294117647,0.1294117647058823,0.1294117647058823,0.0117647058823529,0.0705882352941176,0.1647058823529411,0.1058823529411764,0.2307692307692307,0.7692307692307693,0,2,6.0,10,2.0,3.882352941176471
train,audio_370.wav,7,20.0,0.0,0.1857142857142857,0.1714285714285714,0.0714285714285714,0.0642857142857142,0.0785714285714285,0.1785714285714285,0.0928571428571428,0.1052631578947368,0.8947368421052632,0,4,5.285714285714286,8,1.5714285714285714,4.253731343283582
train,audio_417.wav,4,32.5,0.0,0.2923076923076923,0.1153846153846153,0.0923076923076923,0.0461538461538461,0.0538461538461538,0.1076923076923077,0.0769230769230769,0.5714285714285714,0.4285714285714285,0,4,6.5,11,1.0,4.120967741935484
train,audio_753.wav,5,19.6,0.0,0.1836734693877551,0.1428571428571428,0.1020408163265306,0.1224489795918367,0.0612244897959183,0.1326530612244898,0.0714285714285714,0.0769230769230769,0.9230769230769232,0,3,4.0,8,1.8,4.659574468085107
train,audio_533.wav,8,19.25,0.0,0.2012987012987013,0.1363636363636363,0.0584415584415584,0.0584415584415584,0.1103896103896103,0.1493506493506493,0.1233766233766233,0.0714285714285714,0.9285714285714286,5,4,4.625,8,1.25,4.190476190476191
train,audio_239.wav,7,20.285714285714285,0.0,0.2464788732394366,0.1690140845070422,0.1056338028169014,0.0140845070422535,0.0352112676056338,0.0422535211267605,0.0492957746478873,0.0,1.0,0,2,5.285714285714286,8,1.8571428571428568,4.140845070422535
train,audio_566.wav,6,15.166666666666666,0.0,0.2087912087912088,0.1538461538461538,0.0549450549450549,0.0549450549450549,0.0439560439560439,0.1648351648351648,0.0549450549450549,0.4166666666666667,0.5833333333333334,0,2,4.333333333333333,8,0.8333333333333334,3.8620689655172415
train,audio_736.wav,6,20.666666666666668,0.0,0.1532258064516129,0.1854838709677419,0.032258064516129,0.064516129032258,0.1129032258064516,0.1693548387096774,0.0806451612903225,0.0,1.0,1,2,5.333333333333333,11,1.8333333333333333,3.8677685950413214
train,audio_541.wav,5,17.8,0.0,0.2022471910112359,0.1348314606741573,0.0674157303370786,0.0898876404494382,0.0561797752808988,0.1685393258426966,0.0898876404494382,0.0,1.0,1,3,4.4,6,0.8,3.875
train,audio_531.wav,2,54.5,0.0,0.2201834862385321,0.128440366972477,0.036697247706422,0.055045871559633,0.073394495412844,0.091743119266055,0.110091743119266,0.0,1.0,1,3,7.5,11,3.0,4.009174311926605
train,audio_280.wav,5,22.0,0.0,0.1727272727272727,0.1454545454545454,0.0818181818181818,0.0636363636363636,0.1272727272727272,0.1181818181818181,0.0818181818181818,0.0,1.0,0,2,5.4,8,2.0,4.439252336448599
train,audio_33.wav,4,20.75,0.0,0.2891566265060241,0.180722891566265,0.0481927710843373,0.0963855421686747,0.0481927710843373,0.0481927710843373,0.108433734939759,0.0,1.0,0,2,5.0,6,1.75,4.819277108433735
train,audio_307.wav,8,19.0,0.0,0.131578947368421,0.1381578947368421,0.0526315789473684,0.1381578947368421,0.0921052631578947,0.131578947368421,0.0986842105263157,0.0,1.0,1,4,3.875,7,1.25,4.034965034965035
train,audio_617.wav,5,19.0,0.0,0.1894736842105263,0.1684210526315789,0.0631578947368421,0.0947368421052631,0.0421052631578947,0.1157894736842105,0.1052631578947368,0.0,1.0,1,2,5.0,6,1.4,4.074468085106383
train,audio_613.wav,6,22.0,0.0,0.1893939393939394,0.1363636363636363,0.1212121212121212,0.0909090909090909,0.0454545454545454,0.0909090909090909,0.0833333333333333,0.0769230769230769,0.9230769230769232,0,3,5.666666666666667,8,1.3333333333333333,3.938931297709924
train,audio_472.wav,1,37.0,0.0,0.1081081081081081,0.054054054054054,0.081081081081081,0.1621621621621621,0.2162162162162162,0.1081081081081081,0.1081081081081081,1.0,0.0,0,1,5.0,5,1.0,4.243243243243243
train,audio_568.wav,7,12.571428571428571,0.0,0.2159090909090909,0.1704545454545454,0.0454545454545454,0.0454545454545454,0.0568181818181818,0.2045454545454545,0.0568181818181818,0.0,1.0,2,3,3.142857142857143,5,0.5714285714285714,3.659090909090909
train,audio_521.wav,10,13.2,0.0,0.2121212121212121,0.1818181818181818,0.0833333333333333,0.053030303030303,0.0378787878787878,0.1818181818181818,0.0984848484848484,0.0666666666666666,0.9333333333333332,0,3,4.5,7,0.7,4.412213740458015
train,audio_401.wav,5,26.8,0.0,0.1940298507462686,0.1194029850746268,0.0671641791044776,0.1343283582089552,0.0522388059701492,0.1791044776119403,0.0970149253731343,0.0,1.0,0,1,5.0,8,2.4,3.9461538461538463
train,audio_573.wav,1,96.0,0.0,0.1875,0.0729166666666666,0.0833333333333333,0.03125,0.1041666666666666,0.1458333333333333,0.0729166666666666,0.1538461538461538,0.8461538461538461,0,2,8.0,8,8.0,3.638297872340425
train,audio_180.wav,5,23.6,0.0,0.1271186440677966,0.1779661016949152,0.0423728813559322,0.1271186440677966,0.0847457627118644,0.1949152542372881,0.1016949152542373,0.0,1.0,1,2,4.6,6,1.6,3.4434782608695653
train,audio_320.wav,5,11.6,0.0,0.2413793103448276,0.1379310344827586,0.1034482758620689,0.0172413793103448,0.0689655172413793,0.1551724137931034,0.0344827586206896,0.0,1.0,0,1,4.2,6,0.6,3.672413793103448
train,audio_85.wav,4,23.25,0.0,0.1612903225806451,0.0967741935483871,0.064516129032258,0.086021505376344,0.0967741935483871,0.1397849462365591,0.1075268817204301,0.0,1.0,2,2,4.5,6,1.75,4.186046511627907
train,audio_296.wav,4,25.75,0.0,0.2233009708737864,0.087378640776699,0.0776699029126213,0.0485436893203883,0.058252427184466,0.174757281553398,0.0776699029126213,0.6666666666666666,0.3333333333333333,0,2,5.25,7,2.25,3.436893203883495
train,audio_250.wav,2,19.0,0.0,0.1052631578947368,0.131578947368421,0.1052631578947368,0.0789473684210526,0.131578947368421,0.2368421052631578,0.1052631578947368,0.6,0.4,0,2,4.5,5,2.0,3.756756756756757
train,audio_346.wav,8,15.125,0.0,0.3801652892561983,0.1157024793388429,0.0578512396694214,0.0165289256198347,0.0330578512396694,0.0413223140495867,0.0743801652892562,0.0,1.0,0,2,6.875,12,0.375,4.8
train,audio_335.wav,4,25.75,0.25,0.116504854368932,0.1553398058252427,0.058252427184466,0.0388349514563106,0.0970873786407767,0.2621359223300971,0.058252427184466,0.0,1.0,0,2,4.25,6,2.25,3.584158415841584
train,audio_20.wav,1,89.0,0.0,0.1797752808988764,0.1910112359550561,0.0674157303370786,0.0337078651685393,0.0561797752808988,0.2134831460674157,0.0786516853932584,0.8666666666666667,0.1333333333333333,0,2,6.0,6,10.0,3.955056179775281
train,audio_5071.wav,2,28.0,0.0,0.1428571428571428,0.1607142857142857,0.0535714285714285,0.0714285714285714,0.0714285714285714,0.1428571428571428,0.1071428571428571,0.0,1.0,1,2,5.5,6,2.0,3.574074074074074
train,audio_558.wav,6,13.5,0.0,0.3209876543209876,0.1111111111111111,0.0864197530864197,0.074074074074074,0.0864197530864197,0.074074074074074,0.0864197530864197,0.2,0.8,0,3,4.833333333333333,7,0.8333333333333334,4.864197530864198
train,audio_289.wav,3,19.666666666666668,0.0,0.1694915254237288,0.1694915254237288,0.1186440677966101,0.0338983050847457,0.0677966101694915,0.135593220338983,0.0677966101694915,0.0,1.0,0,1,4.666666666666667,5,2.333333333333333,3.7413793103448274
train,audio_620.wav,10,13.9,0.1,0.2589928057553957,0.1366906474820144,0.079136690647482,0.0503597122302158,0.0863309352517985,0.1223021582733813,0.0287769784172661,0.0,1.0,0,2,3.6,6,1.0,4.816793893129771
train,audio_665.wav,5,18.4,0.0,0.2717391304347826,0.0978260869565217,0.0543478260869565,0.0217391304347826,0.0652173913043478,0.0652173913043478,0.0760869565217391,0.0,1.0,3,2,4.6,6,0.2,4.152173913043479
train,audio_751.wav,6,20.666666666666668,0.0,0.1693548387096774,0.1209677419354838,0.0806451612903225,0.0967741935483871,0.064516129032258,0.1693548387096774,0.0967741935483871,0.5333333333333333,0.4666666666666667,0,3,5.333333333333333,8,1.0,3.611570247933885
train,audio_442.wav,2,35.5,0.0,0.2394366197183098,0.0985915492957746,0.056338028169014,0.1126760563380281,0.056338028169014,0.0985915492957746,0.0845070422535211,0.0,1.0,0,1,6.5,8,1.5,4.563380281690141
train,audio_362.wav,6,23.166666666666668,0.0,0.2589928057553957,0.1294964028776978,0.0503597122302158,0.0719424460431654,0.0863309352517985,0.079136690647482,0.0719424460431654,0.0,1.0,0,2,6.166666666666667,9,0.8333333333333334,4.313868613138686
train,audio_311.wav,5,17.4,0.2,0.1724137931034483,0.1034482758620689,0.1264367816091954,0.0919540229885057,0.0689655172413793,0.1034482758620689,0.0459770114942528,0.0,1.0,0,1,4.4,7,0.6,4.057471264367816
train,audio_724.wav,8,17.0,0.0,0.2426470588235294,0.1323529411764706,0.0588235294117647,0.0661764705882353,0.0735294117647058,0.0735294117647058,0.0661764705882353,0.0,1.0,0,2,5.25,10,0.625,4.365671641791045
train,audio_39.wav,5,18.8,0.0,0.202127659574468,0.1170212765957446,0.0851063829787234,0.0212765957446808,0.0425531914893617,0.2127659574468085,0.0851063829787234,0.6428571428571429,0.3571428571428571,0,2,5.0,6,1.2,3.956989247311828
train,audio_290.wav,2,12.0,0.0,0.2083333333333333,0.125,0.0833333333333333,0.0,0.125,0.2083333333333333,0.0416666666666666,0.0,1.0,0,1,3.5,4,2.0,4.208333333333333
train,audio_23.wav,3,24.0,0.0,0.2222222222222222,0.125,0.0416666666666666,0.0138888888888888,0.0416666666666666,0.1527777777777778,0.125,0.3333333333333333,0.6666666666666666,0,2,5.0,7,2.0,3.788732394366197
train,audio_624.wav,4,22.25,0.0,0.1685393258426966,0.1235955056179775,0.0674157303370786,0.0561797752808988,0.0674157303370786,0.1910112359550561,0.0449438202247191,0.0,1.0,0,1,4.75,8,1.5,3.909090909090909
train,audio_206.wav,11,13.181818181818182,0.0,0.1517241379310344,0.096551724137931,0.0896551724137931,0.0896551724137931,0.0896551724137931,0.1793103448275862,0.1034482758620689,0.7894736842105263,0.2105263157894736,0,2,3.727272727272727,6,0.4545454545454545,3.943661971830986
train,audio_288.wav,6,14.833333333333334,0.0,0.1910112359550561,0.146067415730337,0.0561797752808988,0.0786516853932584,0.0674157303370786,0.1348314606741573,0.0898876404494382,0.1,0.9,0,2,3.333333333333333,4,0.8333333333333334,4.426829268292683
train,audio_60.wav,4,19.5,0.0,0.2307692307692307,0.1538461538461538,0.0384615384615384,0.0128205128205128,0.0641025641025641,0.141025641025641,0.0256410256410256,0.0,1.0,0,2,6.5,10,1.5,3.8846153846153846
train,audio_80.wav,5,21.8,0.0,0.1743119266055046,0.1192660550458715,0.0642201834862385,0.110091743119266,0.0642201834862385,0.1376146788990825,0.1009174311926605,0.2,0.8,1,4,7.6,14,2.0,3.858490566037736
train,audio_214.wav,12,12.25,0.1666666666666666,0.1564625850340136,0.0952380952380952,0.0748299319727891,0.1496598639455782,0.0680272108843537,0.1496598639455782,0.0884353741496598,0.1764705882352941,0.8235294117647058,0,2,3.6666666666666665,6,0.6666666666666666,3.784172661870504
train,audio_599.wav,3,41.333333333333336,0.0,0.2258064516129032,0.1129032258064516,0.0725806451612903,0.1290322580645161,0.032258064516129,0.064516129032258,0.0725806451612903,0.125,0.875,1,3,6.666666666666667,8,1.6666666666666667,4.560975609756097
train,audio_5063.wav,5,15.0,0.0,0.16,0.12,0.0933333333333333,0.0533333333333333,0.0933333333333333,0.16,0.1066666666666666,0.4,0.6,0,3,3.6,5,0.6,3.430555555555556
train,audio_207.wav,5,17.2,0.0,0.1744186046511628,0.1627906976744186,0.0930232558139534,0.0581395348837209,0.0465116279069767,0.127906976744186,0.0930232558139534,0.0,1.0,0,1,6.0,8,1.0,4.305882352941176
train,audio_438.wav,4,17.5,0.0,0.1857142857142857,0.1571428571428571,0.0428571428571428,0.0142857142857142,0.1,0.1857142857142857,0.0142857142857142,0.0,1.0,0,1,4.5,6,0.75,3.8
train,audio_332.wav,7,20.0,0.0,0.2071428571428571,0.1857142857142857,0.0357142857142857,0.1142857142857142,0.0857142857142857,0.1071428571428571,0.0857142857142857,0.0,1.0,6,3,4.857142857142857,9,1.5714285714285714,4.5
train,audio_159.wav,3,33.333333333333336,0.0,0.34,0.08,0.1,0.02,0.03,0.05,0.08,0.0,1.0,0,2,7.333333333333333,12,1.0,4.77319587628866
train,audio_478.wav,2,37.0,0.0,0.1756756756756756,0.1216216216216216,0.0675675675675675,0.054054054054054,0.081081081081081,0.1486486486486486,0.0945945945945946,0.0,1.0,1,3,6.5,7,3.5,4.1891891891891895
train,audio_46.wav,7,13.714285714285714,0.0,0.21875,0.1354166666666666,0.0833333333333333,0.0833333333333333,0.0625,0.1041666666666666,0.0625,0.4,0.6,4,3,3.571428571428572,5,0.2857142857142857,4.6
train,audio_130.wav,4,21.75,0.0,0.1034482758620689,0.2068965517241379,0.1034482758620689,0.0114942528735632,0.0344827586206896,0.2183908045977011,0.057471264367816,0.3,0.7,0,2,4.5,6,1.75,3.8620689655172415
train,audio_437.wav,6,10.5,0.0,0.238095238095238,0.1587301587301587,0.0793650793650793,0.0476190476190476,0.0634920634920634,0.1111111111111111,0.0476190476190476,0.0,1.0,1,2,3.5,4,0.5,4.096774193548387
train,audio_771.wav,4,29.0,0.0,0.2758620689655172,0.1379310344827586,0.1120689655172413,0.1034482758620689,0.0258620689655172,0.0258620689655172,0.0603448275862069,0.0,1.0,0,1,7.5,11,2.0,4.775862068965517
train,audio_759.wav,6,18.666666666666668,0.0,0.1696428571428571,0.1785714285714285,0.0714285714285714,0.0714285714285714,0.0625,0.1607142857142857,0.0714285714285714,0.0,1.0,1,3,4.5,10,1.0,4.201834862385321
train,audio_25.wav,6,14.333333333333334,0.0,0.2558139534883721,0.127906976744186,0.0813953488372093,0.0465116279069767,0.0232558139534883,0.1046511627906976,0.0465116279069767,1.0,0.0,0,1,5.833333333333333,10,0.6666666666666666,3.872093023255814
train,audio_191.wav,3,19.0,0.0,0.1052631578947368,0.1578947368421052,0.0175438596491228,0.0526315789473684,0.1228070175438596,0.175438596491228,0.1052631578947368,0.0,1.0,0,1,5.0,6,1.3333333333333333,3.5090909090909093
train,audio_182.wav,3,15.333333333333334,0.0,0.1304347826086956,0.1739130434782608,0.0869565217391304,0.0869565217391304,0.1304347826086956,0.2391304347826087,0.0434782608695652,0.0,1.0,0,2,3.6666666666666665,5,2.0,3.5348837209302326
train,audio_236.wav,4,18.25,0.0,0.1095890410958904,0.1643835616438356,0.1095890410958904,0.0410958904109589,0.0684931506849315,0.2054794520547945,0.0136986301369863,0.0,1.0,0,2,6.5,13,1.0,3.430555555555556
train,audio_24.wav,3,33.0,0.0,0.1818181818181818,0.1212121212121212,0.0808080808080808,0.0808080808080808,0.0505050505050505,0.1515151515151515,0.0808080808080808,0.4166666666666667,0.5833333333333334,0,2,5.666666666666667,7,1.6666666666666667,3.663265306122449
train,audio_428.wav,10,13.2,0.1,0.1212121212121212,0.1439393939393939,0.106060606060606,0.0833333333333333,0.106060606060606,0.1666666666666666,0.1287878787878787,0.0909090909090909,0.9090909090909092,5,3,3.3,6,1.1,4.007575757575758
train,audio_678.wav,13,10.615384615384617,0.3076923076923077,0.1956521739130435,0.1304347826086956,0.0434782608695652,0.1521739130434782,0.1014492753623188,0.1304347826086956,0.0507246376811594,0.0625,0.9375,0,4,3.076923076923077,7,0.7692307692307693,4.253846153846154
train,audio_591.wav,3,18.0,0.0,0.2407407407407407,0.2037037037037037,0.074074074074074,0.1111111111111111,0.0,0.037037037037037,0.1296296296296296,0.0,1.0,0,1,5.0,6,1.0,4.5
train,audio_597.wav,5,27.2,0.0,0.1470588235294117,0.1397058823529411,0.088235294117647,0.088235294117647,0.0588235294117647,0.1764705882352941,0.0735294117647058,0.1666666666666666,0.8333333333333334,0,2,5.8,9,2.0,4.044117647058823
train,audio_580.wav,4,19.0,0.0,0.3289473684210526,0.0921052631578947,0.0263157894736842,0.0263157894736842,0.1052631578947368,0.1184210526315789,0.0,0.0,1.0,0,1,4.75,9,2.25,3.881578947368421
train,audio_19.wav,6,16.833333333333332,0.0,0.1782178217821782,0.1386138613861386,0.0693069306930693,0.0495049504950495,0.0792079207920792,0.1683168316831683,0.0693069306930693,0.8461538461538461,0.1538461538461538,1,4,4.666666666666667,8,1.1666666666666667,3.98019801980198
train,audio_476.wav,3,32.666666666666664,0.0,0.2040816326530612,0.1122448979591836,0.1224489795918367,0.0306122448979591,0.0510204081632653,0.1020408163265306,0.0714285714285714,0.0,1.0,3,2,6.333333333333333,12,2.0,3.326530612244898
train,audio_375.wav,2,21.0,0.0,0.2857142857142857,0.0952380952380952,0.0476190476190476,0.0714285714285714,0.0476190476190476,0.0238095238095238,0.0952380952380952,0.0,1.0,0,1,6.0,8,1.5,4.809523809523809
train,audio_642.wav,1,27.0,0.0,0.2592592592592592,0.1111111111111111,0.074074074074074,0.0,0.074074074074074,0.1111111111111111,0.037037037037037,0.0,1.0,0,1,8.0,8,2.0,3.888888888888889
train,audio_66.wav,2,24.0,0.0,0.3958333333333333,0.1458333333333333,0.0416666666666666,0.0208333333333333,0.0416666666666666,0.0416666666666666,0.0833333333333333,0.4,0.6,0,2,6.5,8,3.0,5.354166666666667
train,audio_186.wav,7,20.142857142857142,0.0,0.1631205673758865,0.1560283687943262,0.0638297872340425,0.0354609929078014,0.0567375886524822,0.2198581560283688,0.0851063829787234,0.0,1.0,0,2,6.428571428571429,10,2.0,4.028776978417266
train,audio_713.wav,2,71.0,0.0,0.1690140845070422,0.1267605633802817,0.0774647887323943,0.1478873239436619,0.1338028169014084,0.0633802816901408,0.0985915492957746,0.0,1.0,6,3,7.5,8,6.0,4.366197183098592
train,audio_354.wav,5,23.6,0.0,0.2542372881355932,0.1864406779661017,0.0508474576271186,0.0084745762711864,0.059322033898305,0.1016949152542373,0.0423728813559322,0.1111111111111111,0.8888888888888888,0,3,4.6,7,3.0,4.086956521739131
train,audio_768.wav,11,13.636363636363637,0.0,0.1866666666666666,0.1466666666666666,0.0533333333333333,0.08,0.0666666666666666,0.16,0.08,0.0,1.0,0,2,3.8181818181818175,7,0.8181818181818182,4.062068965517241
train,audio_14.wav,4,19.25,0.0,0.2857142857142857,0.1168831168831168,0.0779220779220779,0.0649350649350649,0.0909090909090909,0.0909090909090909,0.0519480519480519,0.0,1.0,2,3,7.0,11,0.5,4.828947368421052
train,audio_208.wav,6,20.166666666666668,0.0,0.140495867768595,0.1818181818181818,0.0743801652892562,0.0743801652892562,0.0909090909090909,0.1157024793388429,0.1074380165289256,0.0,1.0,0,2,5.666666666666667,8,1.5,4.008333333333334
train,audio_418.wav,7,15.428571428571429,0.0,0.2777777777777778,0.0925925925925925,0.0925925925925925,0.0648148148148148,0.074074074074074,0.074074074074074,0.074074074074074,0.1666666666666666,0.8333333333333334,1,4,4.571428571428571,6,0.8571428571428571,4.345794392523365
train,audio_212.wav,12,12.333333333333334,0.0,0.2432432432432432,0.1081081081081081,0.1148648648648648,0.0675675675675675,0.0743243243243243,0.1013513513513513,0.0743243243243243,0.0,1.0,1,2,3.333333333333333,8,0.5,4.333333333333333
train,audio_177.wav,11,10.454545454545457,0.0,0.2869565217391304,0.1478260869565217,0.0434782608695652,0.0434782608695652,0.0434782608695652,0.0869565217391304,0.0347826086956521,0.1428571428571428,0.8571428571428571,0,2,3.8181818181818175,6,0.4545454545454545,4.621621621621622
train,audio_503.wav,6,22.0,0.0,0.2272727272727272,0.0909090909090909,0.0757575757575757,0.0378787878787878,0.053030303030303,0.1818181818181818,0.0984848484848484,0.6875,0.3125,2,3,3.333333333333333,8,0.5,3.946564885496183
train,audio_564.wav,2,25.5,0.0,0.2549019607843137,0.0784313725490196,0.0392156862745098,0.0392156862745098,0.0980392156862745,0.0392156862745098,0.0980392156862745,0.3333333333333333,0.6666666666666666,2,4,4.5,8,0.0,4.313725490196078
train,audio_257.wav,2,48.5,0.0,0.3711340206185567,0.1030927835051546,0.0618556701030927,0.0412371134020618,0.0206185567010309,0.0412371134020618,0.0721649484536082,0.0,1.0,0,2,12.5,15,3.0,4.989690721649485
train,audio_408.wav,6,16.333333333333332,0.0,0.1428571428571428,0.1836734693877551,0.0612244897959183,0.1122448979591836,0.0612244897959183,0.1530612244897959,0.0612244897959183,0.0,1.0,0,2,4.833333333333333,6,1.1666666666666667,3.979591836734694
train,audio_468.wav,6,18.5,0.0,0.2252252252252252,0.1351351351351351,0.063063063063063,0.054054054054054,0.054054054054054,0.1351351351351351,0.0990990990990991,0.0,1.0,0,2,6.5,9,1.1666666666666667,4.254545454545455
train,audio_574.wav,5,25.0,0.0,0.288,0.088,0.08,0.024,0.128,0.144,0.056,0.125,0.875,1,4,5.4,8,2.6,4.648
train,audio_26.wav,3,39.333333333333336,0.0,0.1779661016949152,0.1101694915254237,0.0254237288135593,0.1271186440677966,0.0847457627118644,0.1101694915254237,0.0762711864406779,0.1428571428571428,0.8571428571428571,0,2,5.333333333333333,7,2.6666666666666665,3.775862068965517
train,audio_480.wav,1,119.0,0.0,0.2184873949579832,0.1176470588235294,0.0756302521008403,0.0168067226890756,0.0924369747899159,0.134453781512605,0.0924369747899159,0.0,1.0,1,2,12.0,12,3.0,4.26890756302521
train,audio_706.wav,8,17.375,0.0,0.1798561151079136,0.1007194244604316,0.0503597122302158,0.0647482014388489,0.1007194244604316,0.1726618705035971,0.079136690647482,0.8235294117647058,0.1764705882352941,0,4,4.875,8,0.875,3.510948905109489
train,audio_57.wav,3,40.0,0.0,0.225,0.1666666666666666,0.0416666666666666,0.05,0.1083333333333333,0.15,0.1,0.1111111111111111,0.8888888888888888,0,3,7.666666666666667,8,4.0,4.151260504201681
train,audio_209.wav,4,30.5,0.0,0.1475409836065573,0.1393442622950819,0.0983606557377049,0.081967213114754,0.0901639344262295,0.2049180327868852,0.0901639344262295,0.2666666666666666,0.7333333333333333,0,3,6.0,9,3.25,4.0588235294117645
train,audio_712.wav,7,20.0,0.0,0.1928571428571428,0.1214285714285714,0.0857142857142857,0.1071428571428571,0.0785714285714285,0.1357142857142857,0.0285714285714285,0.2,0.8,2,3,5.0,8,1.1428571428571428,4.035971223021583
train,audio_353.wav,3,28.33333333333333,0.0,0.1294117647058823,0.188235294117647,0.0705882352941176,0.0588235294117647,0.0588235294117647,0.1764705882352941,0.1647058823529411,0.0,1.0,0,1,4.333333333333333,6,0.6666666666666666,3.642857142857143
train,audio_575.wav,4,30.0,0.0,0.1833333333333333,0.0916666666666666,0.0666666666666666,0.05,0.1333333333333333,0.2583333333333333,0.075,0.0,1.0,0,3,6.25,11,3.5,3.871794871794872
train,audio_383.wav,4,19.0,0.0,0.2236842105263158,0.1842105263157894,0.0394736842105263,0.0263157894736842,0.0263157894736842,0.2105263157894736,0.0789473684210526,0.0,1.0,0,2,5.0,6,1.5,4.276315789473684
train,audio_781.wav,5,18.8,0.0,0.1170212765957446,0.2127659574468085,0.0744680851063829,0.0212765957446808,0.0744680851063829,0.2446808510638297,0.0212765957446808,0.0,1.0,1,3,6.0,9,2.6,4.230769230769231
train,audio_118.wav,5,17.2,0.0,0.3488372093023256,0.127906976744186,0.0813953488372093,0.0116279069767441,0.0813953488372093,0.0116279069767441,0.0813953488372093,0.0,1.0,0,2,4.4,6,1.2,4.534883720930233
train,audio_337.wav,7,21.428571428571427,0.0,0.22,0.0933333333333333,0.0733333333333333,0.08,0.0733333333333333,0.14,0.1,0.1176470588235294,0.8823529411764706,0,2,5.571428571428571,8,1.2857142857142858,4.166666666666667
train,audio_715.wav,6,24.33333333333333,0.0,0.2191780821917808,0.1232876712328767,0.0684931506849315,0.0821917808219178,0.0684931506849315,0.1027397260273972,0.0821917808219178,0.0,1.0,0,2,7.5,15,1.5,4.633802816901408
train,audio_323.wav,3,31.0,0.0,0.2150537634408602,0.2043010752688172,0.032258064516129,0.064516129032258,0.043010752688172,0.086021505376344,0.0967741935483871,0.0,1.0,1,2,5.333333333333333,11,2.6666666666666665,4.813186813186813
train,audio_374.wav,3,25.666666666666668,0.0,0.1558441558441558,0.1818181818181818,0.0649350649350649,0.0909090909090909,0.0649350649350649,0.2337662337662337,0.0649350649350649,0.1428571428571428,0.8571428571428571,2,4,5.333333333333333,7,0.3333333333333333,3.973333333333333
train,audio_348.wav,6,12.833333333333334,0.1666666666666666,0.1298701298701298,0.2337662337662337,0.0519480519480519,0.0389610389610389,0.0909090909090909,0.2077922077922078,0.1038961038961039,0.0,1.0,0,2,2.6666666666666665,7,1.1666666666666667,4.2465753424657535
train,audio_547.wav,4,19.25,0.0,0.3766233766233766,0.0909090909090909,0.0909090909090909,0.0779220779220779,0.0259740259740259,0.0779220779220779,0.0389610389610389,0.2,0.8,0,2,5.0,8,0.25,4.987012987012987
train,audio_41.wav,2,51.0,0.0,0.1666666666666666,0.1666666666666666,0.0,0.0686274509803921,0.0686274509803921,0.2058823529411764,0.088235294117647,0.0,1.0,0,1,7.5,9,4.5,4.257425742574258
train,audio_284.wav,2,56.5,0.0,0.2743362831858407,0.1327433628318584,0.0884955752212389,0.0353982300884955,0.0442477876106194,0.1327433628318584,0.0884955752212389,0.0909090909090909,0.9090909090909092,0,3,10.0,10,5.5,4.339449541284404
train,audio_13.wav,2,55.5,0.0,0.2162162162162162,0.1261261261261261,0.081081081081081,0.054054054054054,0.045045045045045,0.09009009009009,0.0990990990990991,0.0,1.0,0,1,6.0,8,4.0,3.8623853211009176
train,audio_548.wav,7,17.714285714285715,0.0,0.2580645161290322,0.1129032258064516,0.0806451612903225,0.032258064516129,0.0887096774193548,0.1532258064516129,0.0403225806451612,0.0909090909090909,0.9090909090909092,0,3,4.428571428571429,6,1.1428571428571428,4.114754098360656
train,audio_687.wav,5,24.8,0.0,0.2258064516129032,0.1048387096774193,0.0806451612903225,0.0725806451612903,0.0967741935483871,0.1370967741935483,0.1048387096774193,0.0,1.0,0,1,5.0,7,2.2,4.125
train,audio_104.wav,6,17.166666666666668,0.0,0.174757281553398,0.145631067961165,0.0485436893203883,0.0679611650485436,0.087378640776699,0.145631067961165,0.0776699029126213,0.0,1.0,0,1,4.333333333333333,7,0.6666666666666666,3.718446601941748
train,audio_181.wav,3,32.666666666666664,0.0,0.2857142857142857,0.1836734693877551,0.0306122448979591,0.0918367346938775,0.010204081632653,0.0816326530612244,0.0612244897959183,0.0,1.0,0,1,5.0,6,2.0,4.418367346938775
train,audio_755.wav,4,25.5,0.0,0.2254901960784313,0.1470588235294117,0.0784313725490196,0.0490196078431372,0.0196078431372549,0.0980392156862745,0.088235294117647,0.0,1.0,0,1,5.5,7,1.25,4.09
train,audio_733.wav,9,15.333333333333334,0.0,0.1739130434782608,0.1594202898550724,0.072463768115942,0.036231884057971,0.0869565217391304,0.2246376811594203,0.0579710144927536,0.0,1.0,1,3,4.0,7,2.0,3.8308823529411766
train,audio_5072.wav,7,18.857142857142858,0.0,0.1287878787878787,0.1969696969696969,0.0606060606060606,0.0909090909090909,0.0757575757575757,0.2045454545454545,0.053030303030303,0.0,1.0,2,3,5.285714285714286,10,0.7142857142857143,3.704545454545455
train,audio_776.wav,5,14.8,0.0,0.1351351351351351,0.1756756756756756,0.0675675675675675,0.0405405405405405,0.081081081081081,0.2027027027027027,0.1081081081081081,0.0,1.0,0,2,4.0,6,1.0,3.671232876712329
train,audio_70.wav,2,35.0,0.0,0.2428571428571428,0.1714285714285714,0.0857142857142857,0.0142857142857142,0.0428571428571428,0.1142857142857142,0.0714285714285714,0.0,1.0,0,1,6.5,9,2.5,4.271428571428571
train,audio_49.wav,2,49.5,0.0,0.1818181818181818,0.101010101010101,0.0808080808080808,0.0404040404040404,0.0808080808080808,0.101010101010101,0.1212121212121212,0.0,1.0,0,1,7.5,10,4.0,3.7578947368421054
train,audio_527.wav,8,16.125,0.125,0.2868217054263566,0.1240310077519379,0.0697674418604651,0.0155038759689922,0.0542635658914728,0.0775193798449612,0.0697674418604651,0.0,1.0,1,3,4.875,7,0.75,4.8203125
train,audio_273.wav,8,13.375,0.25,0.1682242990654205,0.1588785046728972,0.0560747663551401,0.1214953271028037,0.0560747663551401,0.2242990654205607,0.0560747663551401,0.0,1.0,0,2,3.5,6,1.0,4.173076923076923
train,audio_139.wav,4,15.25,0.0,0.2622950819672131,0.2786885245901639,0.081967213114754,0.0163934426229508,0.0491803278688524,0.0163934426229508,0.0983606557377049,0.0,1.0,0,1,6.75,9,1.5,5.901639344262295
train,audio_467.wav,4,31.0,0.0,0.2661290322580645,0.0887096774193548,0.0403225806451612,0.0887096774193548,0.0887096774193548,0.1048387096774193,0.0483870967741935,0.0714285714285714,0.9285714285714286,2,3,5.0,7,2.25,4.191666666666666
train,audio_407.wav,4,29.75,0.0,0.1596638655462184,0.1932773109243697,0.0756302521008403,0.0672268907563025,0.1176470588235294,0.1260504201680672,0.0504201680672268,0.125,0.875,0,3,5.75,8,3.5,4.161016949152542
train,audio_404.wav,6,23.166666666666668,0.0,0.2086330935251798,0.1079136690647482,0.0935251798561151,0.1223021582733813,0.0719424460431654,0.1079136690647482,0.0647482014388489,0.0,1.0,0,2,5.166666666666667,9,1.3333333333333333,4.231343283582089
train,audio_534.wav,3,51.66666666666666,0.0,0.1741935483870967,0.1096774193548387,0.0580645161290322,0.032258064516129,0.1741935483870967,0.1548387096774193,0.0774193548387096,0.0,1.0,14,3,7.666666666666667,13,3.0,4.103896103896104
train,audio_96.wav,3,25.666666666666668,0.0,0.1948051948051948,0.1298701298701298,0.0779220779220779,0.0909090909090909,0.0649350649350649,0.1818181818181818,0.0649350649350649,0.1428571428571428,0.8571428571428571,0,3,5.333333333333333,7,1.3333333333333333,3.934210526315789
train,audio_137.wav,4,22.75,0.0,0.1538461538461538,0.1208791208791208,0.0439560439560439,0.0989010989010989,0.1098901098901098,0.1868131868131868,0.0879120879120879,0.8461538461538461,0.1538461538461538,0,3,5.0,7,1.75,4.0989010989010985
train,audio_150.wav,9,12.666666666666666,0.0,0.2105263157894736,0.1842105263157894,0.0350877192982456,0.0614035087719298,0.0614035087719298,0.1491228070175438,0.0350877192982456,0.0,1.0,0,1,3.6666666666666665,6,0.6666666666666666,3.991228070175439
train,audio_339.wav,4,27.25,0.0,0.2568807339449541,0.1009174311926605,0.073394495412844,0.073394495412844,0.1009174311926605,0.073394495412844,0.0825688073394495,0.0,1.0,2,2,6.75,12,2.0,4.371428571428571
train,audio_409.wav,9,13.666666666666666,0.0,0.1788617886178861,0.1544715447154471,0.032520325203252,0.089430894308943,0.08130081300813,0.1463414634146341,0.089430894308943,0.0,1.0,0,1,4.0,10,1.1111111111111112,3.7916666666666665
train,audio_78.wav,2,52.5,0.0,0.1809523809523809,0.1142857142857142,0.0666666666666666,0.0476190476190476,0.1238095238095238,0.1809523809523809,0.0476190476190476,0.1111111111111111,0.8888888888888888,1,4,8.0,11,7.5,3.8365384615384617
train,audio_244.wav,2,51.0,0.0,0.1666666666666666,0.1470588235294117,0.0490196078431372,0.1078431372549019,0.0392156862745098,0.1862745098039215,0.0980392156862745,0.0,1.0,0,2,8.5,12,3.5,3.872549019607843
train,audio_752.wav,4,21.25,0.0,0.1764705882352941,0.0941176470588235,0.0941176470588235,0.1058823529411764,0.0470588235294117,0.1647058823529411,0.0470588235294117,0.8,0.2,0,2,5.5,7,1.25,3.867469879518072
train,audio_508.wav,10,11.4,0.0,0.1842105263157894,0.1403508771929824,0.087719298245614,0.0263157894736842,0.087719298245614,0.2017543859649122,0.0701754385964912,0.5,0.5,2,4,4.0,6,0.9,3.780701754385965
train,audio_664.wav,2,39.0,0.0,0.1538461538461538,0.0897435897435897,0.1153846153846153,0.1025641025641025,0.0897435897435897,0.1538461538461538,0.0769230769230769,0.6666666666666666,0.3333333333333333,0,3,6.0,8,4.5,4.173333333333333
train,audio_701.wav,5,17.6,0.4,0.2840909090909091,0.1022727272727272,0.0795454545454545,0.0568181818181818,0.0681818181818181,0.1022727272727272,0.0795454545454545,0.0,1.0,1,3,5.6,7,1.0,4.117647058823529
train,audio_5044.wav,1,35.0,0.0,0.1142857142857142,0.1142857142857142,0.0857142857142857,0.0857142857142857,0.0857142857142857,0.2571428571428571,0.0571428571428571,0.3333333333333333,0.6666666666666666,0,3,7.0,7,3.0,3.636363636363636
train,audio_734.wav,5,24.8,0.0,0.1774193548387097,0.2016129032258064,0.0564516129032258,0.0161290322580645,0.0967741935483871,0.2338709677419354,0.0564516129032258,0.0,1.0,0,3,5.6,9,2.6,3.950819672131148
train,audio_51.wav,7,11.428571428571429,0.0,0.1875,0.075,0.0875,0.15,0.125,0.15,0.0375,0.75,0.25,2,3,3.857142857142857,7,0.4285714285714285,4.291139240506329
train,audio_704.wav,2,28.0,0.0,0.3035714285714285,0.1785714285714285,0.0178571428571428,0.0892857142857142,0.0,0.1071428571428571,0.0535714285714285,0.0,1.0,0,1,8.5,12,1.0,4.571428571428571
train,audio_129.wav,5,17.0,0.0,0.3294117647058823,0.1764705882352941,0.0470588235294117,0.0352941176470588,0.0117647058823529,0.0352941176470588,0.0588235294117647,0.0,1.0,0,2,5.0,6,1.8,5.0
train,audio_107.wav,8,14.625,0.125,0.3418803418803419,0.094017094017094,0.0512820512820512,0.017094017094017,0.0598290598290598,0.1025641025641025,0.0769230769230769,0.0,1.0,0,2,4.75,12,0.5,4.241071428571429
train,audio_143.wav,8,14.0,0.0,0.3125,0.1160714285714285,0.1160714285714285,0.0625,0.0446428571428571,0.0267857142857142,0.0446428571428571,0.0,1.0,0,2,5.125,8,0.75,4.603603603603603
train,audio_458.wav,10,14.3,0.0,0.2307692307692307,0.1608391608391608,0.0769230769230769,0.0489510489510489,0.0419580419580419,0.0979020979020979,0.0559440559440559,0.8461538461538461,0.1538461538461538,0,3,4.7,11,0.8,4.286713286713287
train,audio_424.wav,4,26.25,0.0,0.1809523809523809,0.1142857142857142,0.1047619047619047,0.0285714285714285,0.019047619047619,0.1809523809523809,0.1333333333333333,0.3,0.7,0,2,6.0,8,1.0,4.134615384615385
train,audio_563.wav,3,36.0,0.0,0.1944444444444444,0.0925925925925925,0.0833333333333333,0.0092592592592592,0.1111111111111111,0.1481481481481481,0.0833333333333333,0.4,0.6,4,5,6.666666666666667,8,1.6666666666666667,3.9134615384615374
train,audio_625.wav,3,25.0,0.0,0.3066666666666666,0.16,0.0133333333333333,0.0533333333333333,0.0133333333333333,0.12,0.0666666666666666,0.0,1.0,1,2,5.333333333333333,8,2.6666666666666665,4.546666666666667
train,audio_302.wav,4,24.0,0.0,0.1979166666666666,0.09375,0.1041666666666666,0.0625,0.0625,0.125,0.1041666666666666,0.1666666666666666,0.8333333333333334,0,2,6.5,9,2.0,4.105263157894737
train,audio_154.wav,4,23.0,0.0,0.2282608695652173,0.1304347826086956,0.0869565217391304,0.0652173913043478,0.0760869565217391,0.0869565217391304,0.108695652173913,0.0,1.0,0,2,5.25,6,0.75,4.252747252747253
train,audio_754.wav,2,42.0,0.0,0.1904761904761904,0.119047619047619,0.0952380952380952,0.0595238095238095,0.0952380952380952,0.1547619047619047,0.0714285714285714,0.0,1.0,0,2,6.0,8,1.0,4.325301204819277
train,audio_749.wav,2,38.0,0.0,0.3289473684210526,0.0526315789473684,0.0,0.0263157894736842,0.1184210526315789,0.0789473684210526,0.0394736842105263,0.0,1.0,0,1,6.5,8,2.0,3.9210526315789473
train,audio_366.wav,6,26.0,0.0,0.1794871794871795,0.1474358974358974,0.0769230769230769,0.0384615384615384,0.0769230769230769,0.1282051282051282,0.0897435897435897,0.2727272727272727,0.7272727272727273,2,3,6.666666666666667,11,1.6666666666666667,3.867549668874173
train,audio_693.wav,3,21.33333333333333,0.3333333333333333,0.34375,0.109375,0.0625,0.0,0.046875,0.03125,0.078125,0.0,1.0,0,1,5.333333333333333,8,1.6666666666666667,5.046875
train,audio_608.wav,6,19.5,0.0,0.1623931623931624,0.1282051282051282,0.094017094017094,0.0598290598290598,0.0683760683760683,0.2051282051282051,0.1111111111111111,0.125,0.875,0,3,5.166666666666667,8,1.3333333333333333,4.074074074074074
train,audio_220.wav,8,18.625,0.25,0.1476510067114094,0.1610738255033557,0.1006711409395973,0.0671140939597315,0.0604026845637583,0.1812080536912751,0.046979865771812,0.0833333333333333,0.9166666666666666,0,3,4.375,12,1.5,3.9246575342465753
train,audio_761.wav,6,19.666666666666668,0.0,0.2288135593220339,0.1610169491525423,0.059322033898305,0.0423728813559322,0.059322033898305,0.1186440677966101,0.059322033898305,0.0666666666666666,0.9333333333333332,0,2,4.666666666666667,6,1.8333333333333333,4.163636363636364
train,audio_640.wav,5,17.4,0.0,0.2183908045977011,0.1724137931034483,0.0344827586206896,0.0114942528735632,0.1149425287356321,0.0919540229885057,0.1034482758620689,0.0,1.0,5,2,5.8,8,1.6,4.367816091954023
train,audio_67.wav,8,15.0,0.0,0.225,0.125,0.0916666666666666,0.0916666666666666,0.0416666666666666,0.1333333333333333,0.0666666666666666,0.9375,0.0625,0,2,4.375,7,1.0,4.158333333333333
train,audio_299.wav,13,8.615384615384615,0.0,0.2053571428571428,0.1071428571428571,0.1071428571428571,0.125,0.1071428571428571,0.1517857142857142,0.0357142857142857,0.2352941176470588,0.7647058823529411,0,2,2.6923076923076925,4,0.3846153846153846,4.26605504587156
train,audio_102.wav,7,13.571428571428571,0.0,0.2105263157894736,0.1789473684210526,0.0421052631578947,0.0631578947368421,0.0736842105263157,0.1789473684210526,0.0631578947368421,0.1428571428571428,0.8571428571428571,1,4,4.428571428571429,10,1.2857142857142858,4.238095238095238
train,audio_258.wav,5,12.6,0.0,0.1904761904761904,0.1587301587301587,0.0793650793650793,0.1428571428571428,0.0634920634920634,0.1428571428571428,0.0634920634920634,0.0,1.0,0,2,4.8,7,0.6,4.516129032258065
train,audio_679.wav,8,14.75,0.125,0.2711864406779661,0.0932203389830508,0.059322033898305,0.1016949152542373,0.059322033898305,0.0847457627118644,0.0338983050847457,0.0,1.0,0,2,4.625,12,0.5,4.188034188034188
train,audio_82.wav,5,14.6,0.0,0.3972602739726027,0.1232876712328767,0.1506849315068493,0.0410958904109589,0.0273972602739726,0.0273972602739726,0.0684931506849315,0.0,1.0,0,1,6.0,9,0.4,5.671232876712328
train,audio_325.wav,3,38.66666666666666,0.0,0.2068965517241379,0.1206896551724138,0.0603448275862069,0.1724137931034483,0.0344827586206896,0.1120689655172413,0.0603448275862069,0.0,1.0,0,1,6.0,8,2.333333333333333,4.216216216216216
train,audio_399.wav,7,18.571428571428573,0.0,0.2076923076923077,0.1153846153846153,0.1153846153846153,0.0769230769230769,0.0538461538461538,0.1461538461538461,0.0769230769230769,0.3125,0.6875,0,3,4.714285714285714,8,1.7142857142857142,3.604651162790698
train,audio_285.wav,3,15.333333333333334,0.0,0.1521739130434782,0.217391304347826,0.0652173913043478,0.0652173913043478,0.0434782608695652,0.1304347826086956,0.0652173913043478,0.0,1.0,0,2,5.0,6,1.0,4.652173913043479
train,audio_784.wav,7,12.0,0.0,0.2261904761904762,0.1785714285714285,0.1309523809523809,0.0238095238095238,0.0119047619047619,0.1309523809523809,0.0357142857142857,0.0,1.0,0,1,4.571428571428571,12,0.8571428571428571,4.845238095238095
train,audio_0.wav,4,22.25,0.0,0.1573033707865168,0.1797752808988764,0.0112359550561797,0.0337078651685393,0.0449438202247191,0.2359550561797752,0.0561797752808988,0.75,0.25,0,3,5.75,8,1.25,3.409090909090909
train,audio_435.wav,3,46.66666666666666,0.0,0.2857142857142857,0.1,0.0285714285714285,0.0357142857142857,0.0642857142857142,0.1428571428571428,0.0928571428571428,0.0,1.0,0,2,8.666666666666666,12,2.0,4.014285714285714
train,audio_91.wav,4,21.0,0.0,0.25,0.1547619047619047,0.0833333333333333,0.0357142857142857,0.0714285714285714,0.1071428571428571,0.0595238095238095,0.0,1.0,0,2,5.0,7,1.25,5.154761904761905
train,audio_109.wav,4,20.25,0.0,0.2345679012345679,0.1481481481481481,0.074074074074074,0.037037037037037,0.1111111111111111,0.1481481481481481,0.0493827160493827,0.125,0.875,3,4,4.25,5,1.25,4.493827160493828
train,audio_772.wav,4,13.5,0.25,0.2407407407407407,0.1296296296296296,0.074074074074074,0.037037037037037,0.0555555555555555,0.1296296296296296,0.0555555555555555,0.4,0.6,0,3,4.25,6,0.5,3.547169811320755
train,audio_270.wav,2,64.0,0.0,0.1640625,0.0859375,0.0625,0.09375,0.125,0.171875,0.078125,0.6923076923076923,0.3076923076923077,2,5,7.0,9,5.5,3.8181818181818175
train,audio_528.wav,5,27.2,0.0,0.2794117647058823,0.0808823529411764,0.0220588235294117,0.0808823529411764,0.1102941176470588,0.0441176470588235,0.0735294117647058,0.2222222222222222,0.7777777777777778,7,4,4.6,7,0.6,4.305343511450381
train,audio_441.wav,2,51.0,0.0,0.3039215686274509,0.1470588235294117,0.0392156862745098,0.0196078431372549,0.0588235294117647,0.088235294117647,0.0686274509803921,0.125,0.875,0,2,12.0,12,3.0,3.774509803921569
train,audio_381.wav,3,43.333333333333336,0.0,0.2153846153846154,0.1538461538461538,0.0461538461538461,0.0615384615384615,0.023076923076923,0.1384615384615384,0.0769230769230769,0.0,1.0,0,1,7.0,10,2.333333333333333,3.612903225806452
train,audio_86.wav,2,39.5,0.0,0.2531645569620253,0.1645569620253164,0.050632911392405,0.0379746835443038,0.050632911392405,0.1772151898734177,0.050632911392405,0.2222222222222222,0.7777777777777778,1,4,6.0,7,4.5,4.197368421052632
train,audio_101.wav,13,7.923076923076923,0.0769230769230769,0.2524271844660194,0.1262135922330097,0.0679611650485436,0.0485436893203883,0.0776699029126213,0.1844660194174757,0.0388349514563106,0.0,1.0,0,1,2.8461538461538463,9,0.3846153846153846,3.96039603960396
train,audio_333.wav,5,19.6,0.0,0.1632653061224489,0.1122448979591836,0.0612244897959183,0.1020408163265306,0.1224489795918367,0.1530612244897959,0.0612244897959183,0.125,0.875,1,5,4.6,7,1.2,4.3052631578947365
train,audio_149.wav,9,12.555555555555555,0.1111111111111111,0.2831858407079646,0.0973451327433628,0.0530973451327433,0.0973451327433628,0.0884955752212389,0.1415929203539823,0.0884955752212389,0.25,0.75,0,3,3.4444444444444446,7,0.3333333333333333,4.061946902654867
train,audio_719.wav,2,64.0,0.0,0.2265625,0.1328125,0.0546875,0.0859375,0.0390625,0.15625,0.0390625,0.0625,0.9375,0,2,10.5,15,8.0,3.9133858267716537
train,audio_638.wav,3,34.333333333333336,0.0,0.1941747572815534,0.1359223300970873,0.029126213592233,0.087378640776699,0.087378640776699,0.174757281553398,0.0776699029126213,0.0,1.0,1,3,6.0,11,4.0,4.116504854368932
train,audio_147.wav,9,11.77777777777778,0.0,0.1886792452830188,0.2075471698113207,0.0188679245283018,0.0660377358490566,0.0377358490566037,0.1792452830188679,0.0660377358490566,0.0,1.0,0,1,3.6666666666666665,9,0.7777777777777778,4.266666666666667
train,audio_62.wav,3,26.666666666666668,0.0,0.2,0.1625,0.075,0.0875,0.0375,0.1625,0.0625,0.6153846153846154,0.3846153846153846,0,2,6.666666666666667,7,2.333333333333333,3.974683544303797
train,audio_763.wav,5,24.6,0.0,0.1788617886178861,0.2032520325203252,0.056910569105691,0.048780487804878,0.073170731707317,0.1056910569105691,0.08130081300813,0.0,1.0,0,2,6.6,11,1.6,4.565573770491803
train,audio_498.wav,3,17.0,0.0,0.3137254901960784,0.1372549019607843,0.0392156862745098,0.0,0.0588235294117647,0.0980392156862745,0.0588235294117647,0.0,1.0,0,1,4.333333333333333,5,1.6666666666666667,4.647058823529412
train,audio_1.wav,6,18.166666666666668,0.0,0.1926605504587156,0.1559633027522936,0.018348623853211,0.0825688073394495,0.036697247706422,0.1651376146788991,0.1009174311926605,0.0,1.0,1,2,3.8333333333333335,6,1.3333333333333333,3.6728971962616814
train,audio_304.wav,5,22.4,0.0,0.2410714285714285,0.1696428571428571,0.0535714285714285,0.0803571428571428,0.0714285714285714,0.1428571428571428,0.0892857142857142,0.3333333333333333,0.6666666666666666,1,4,6.2,9,1.8,4.527272727272727
train,audio_347.wav,3,32.333333333333336,0.0,0.1237113402061855,0.1752577319587628,0.0309278350515463,0.0412371134020618,0.0927835051546391,0.1855670103092783,0.1546391752577319,0.8461538461538461,0.1538461538461538,0,3,6.0,7,3.0,3.768421052631579
train,audio_560.wav,6,17.333333333333332,0.0,0.2884615384615384,0.1538461538461538,0.0865384615384615,0.0192307692307692,0.0576923076923076,0.0769230769230769,0.0865384615384615,0.0,1.0,0,1,6.166666666666667,10,0.5,5.346153846153846
train,audio_452.wav,4,29.5,0.0,0.1525423728813559,0.1694915254237288,0.059322033898305,0.0762711864406779,0.0508474576271186,0.1525423728813559,0.135593220338983,0.2666666666666666,0.7333333333333333,0,2,7.5,12,1.25,3.8728813559322033
train,audio_716.wav,6,19.166666666666668,0.0,0.1652173913043478,0.0956521739130434,0.0869565217391304,0.1478260869565217,0.0608695652173913,0.1652173913043478,0.0782608695652174,0.0,1.0,0,2,4.5,8,0.8333333333333334,4.227272727272728
train,audio_473.wav,4,23.5,0.0,0.2127659574468085,0.0851063829787234,0.0957446808510638,0.0744680851063829,0.0425531914893617,0.1382978723404255,0.0851063829787234,0.5833333333333334,0.4166666666666667,0,2,4.25,7,1.0,3.954022988505747
train,audio_95.wav,6,16.333333333333332,0.0,0.2857142857142857,0.1122448979591836,0.1122448979591836,0.010204081632653,0.0612244897959183,0.0714285714285714,0.0510204081632653,0.8,0.2,0,2,5.0,8,1.1666666666666667,4.673469387755102
train,audio_732.wav,4,30.5,0.0,0.1475409836065573,0.1311475409836065,0.0573770491803278,0.0983606557377049,0.1147540983606557,0.1885245901639344,0.0491803278688524,0.0,1.0,5,3,6.0,9,3.25,3.460869565217392
train,audio_292.wav,4,37.0,0.0,0.1081081081081081,0.1554054054054054,0.081081081081081,0.0608108108108108,0.081081081081081,0.2027027027027027,0.0743243243243243,0.0,1.0,0,1,10.25,14,4.25,3.8333333333333335
train,audio_469.wav,3,40.66666666666666,0.0,0.2131147540983606,0.081967213114754,0.1311475409836065,0.081967213114754,0.0573770491803278,0.1475409836065573,0.1065573770491803,0.2142857142857142,0.7857142857142857,0,2,6.0,9,1.3333333333333333,4.081967213114754
train,audio_329.wav,3,35.333333333333336,0.0,0.2169811320754717,0.1415094339622641,0.0566037735849056,0.0660377358490566,0.0377358490566037,0.1792452830188679,0.0754716981132075,0.0,1.0,0,2,6.0,8,2.333333333333333,3.914285714285714
train,audio_169.wav,4,24.75,0.0,0.1919191919191919,0.1212121212121212,0.0808080808080808,0.0303030303030303,0.0909090909090909,0.1616161616161616,0.0808080808080808,0.3333333333333333,0.6666666666666666,0,2,5.5,10,2.0,4.11340206185567
train,audio_174.wav,8,16.625,0.0,0.225563909774436,0.0676691729323308,0.0526315789473684,0.037593984962406,0.0676691729323308,0.2180451127819548,0.1203007518796992,0.4444444444444444,0.5555555555555556,0,2,4.25,11,1.0,4.121212121212121
train,audio_513.wav,2,28.0,0.0,0.2678571428571428,0.125,0.0892857142857142,0.0178571428571428,0.0892857142857142,0.125,0.0892857142857142,0.2,0.8,0,3,5.5,7,1.0,4.535714285714286
train,audio_584.wav,5,23.0,0.0,0.1913043478260869,0.0782608695652174,0.1217391304347826,0.0260869565217391,0.0782608695652174,0.1913043478260869,0.0869565217391304,0.1,0.9,0,2,6.2,8,1.2,3.787610619469026
train,audio_345.wav,6,22.0,0.0,0.0757575757575757,0.1363636363636363,0.0757575757575757,0.1363636363636363,0.1363636363636363,0.2272727272727272,0.0833333333333333,0.5,0.5,0,4,5.166666666666667,8,2.1666666666666665,3.8125
train,audio_750.wav,6,16.5,0.0,0.1616161616161616,0.1414141414141414,0.0707070707070707,0.0808080808080808,0.0505050505050505,0.1616161616161616,0.1313131313131313,0.125,0.875,0,2,3.8333333333333335,6,0.6666666666666666,3.9587628865979374
train,audio_116.wav,3,33.0,0.0,0.2626262626262626,0.1313131313131313,0.0707070707070707,0.0606060606060606,0.0909090909090909,0.1212121212121212,0.0505050505050505,0.0,1.0,2,2,5.333333333333333,9,2.6666666666666665,4.424242424242424
train,audio_114.wav,7,13.285714285714286,0.0,0.2688172043010752,0.0967741935483871,0.064516129032258,0.010752688172043,0.086021505376344,0.1182795698924731,0.064516129032258,0.0909090909090909,0.9090909090909092,0,3,4.142857142857143,7,0.2857142857142857,4.719101123595506
train,audio_157.wav,2,49.5,0.0,0.2828282828282828,0.1111111111111111,0.1111111111111111,0.0404040404040404,0.0303030303030303,0.1111111111111111,0.1111111111111111,0.0,1.0,0,1,7.0,12,4.5,4.303030303030303
train,audio_385.wav,10,12.0,0.0,0.2333333333333333,0.1166666666666666,0.1166666666666666,0.075,0.075,0.1416666666666666,0.05,0.0,1.0,0,1,3.1,6,0.5,4.4298245614035086
train,audio_264.wav,2,29.5,0.0,0.1864406779661017,0.1864406779661017,0.0338983050847457,0.0508474576271186,0.0508474576271186,0.1864406779661017,0.135593220338983,0.2,0.8,0,2,6.5,9,4.5,3.526315789473684
train,audio_390.wav,7,19.857142857142858,0.0,0.1654676258992805,0.1294964028776978,0.0287769784172661,0.1007194244604316,0.1007194244604316,0.1870503597122302,0.079136690647482,0.125,0.875,0,4,5.142857142857143,7,1.2857142857142858,4.303030303030303
train,audio_766.wav,3,33.666666666666664,0.0,0.1782178217821782,0.1287128712871287,0.0693069306930693,0.0693069306930693,0.0495049504950495,0.2079207920792079,0.099009900990099,0.0769230769230769,0.9230769230769232,0,2,5.666666666666667,7,2.333333333333333,3.701030927835052
train,audio_571.wav,5,15.8,0.0,0.2531645569620253,0.0632911392405063,0.0886075949367088,0.0886075949367088,0.0886075949367088,0.0759493670886076,0.0632911392405063,0.1,0.9,0,2,4.2,8,0.6,4.448717948717949
train,audio_393.wav,11,11.090909090909092,0.0909090909090909,0.1229508196721311,0.1639344262295081,0.0655737704918032,0.0573770491803278,0.0983606557377049,0.2377049180327868,0.1147540983606557,0.0666666666666666,0.9333333333333332,4,3,3.272727272727273,6,0.8181818181818182,3.85
train,audio_691.wav,7,17.428571428571427,0.0,0.1885245901639344,0.1311475409836065,0.0983606557377049,0.0655737704918032,0.0655737704918032,0.1393442622950819,0.0901639344262295,0.0909090909090909,0.9090909090909092,0,3,4.857142857142857,7,0.5714285714285714,4.094017094017094
test,audio_128.wav,3,34.0,0.0,0.1568627450980392,0.1078431372549019,0.0784313725490196,0.0392156862745098,0.0490196078431372,0.1862745098039215,0.0980392156862745,0.6363636363636364,0.3636363636363636,0,2,6.666666666666667,9,3.0,3.846938775510204
test,audio_156.wav,4,17.5,0.0,0.2714285714285714,0.1285714285714285,0.0714285714285714,0.0571428571428571,0.0285714285714285,0.1142857142857142,0.1,0.0,1.0,0,1,5.25,7,1.0,5.628571428571429
test,audio_19.wav,7,15.285714285714286,0.0,0.1588785046728972,0.1121495327102803,0.0841121495327102,0.1121495327102803,0.102803738317757,0.1962616822429906,0.0747663551401869,0.0,1.0,0,1,4.571428571428571,8,0.8571428571428571,4.475728155339806
test,audio_108.wav,3,21.0,0.0,0.2063492063492063,0.1587301587301587,0.0634920634920634,0.0317460317460317,0.0952380952380952,0.1904761904761904,0.1428571428571428,0.0,1.0,0,1,5.333333333333333,8,1.3333333333333333,4.491803278688525
test,audio_206.wav,5,18.6,0.0,0.1935483870967742,0.0967741935483871,0.043010752688172,0.075268817204301,0.064516129032258,0.1397849462365591,0.1182795698924731,0.7272727272727273,0.2727272727272727,0,4,4.2,5,0.6,3.7065217391304346
test,audio_161.wav,3,35.0,0.0,0.2285714285714285,0.0857142857142857,0.1428571428571428,0.0666666666666666,0.0857142857142857,0.0761904761904762,0.0857142857142857,0.0909090909090909,0.9090909090909092,1,3,7.333333333333333,11,3.0,4.761904761904762
test,audio_215.wav,9,11.555555555555555,0.0,0.25,0.0865384615384615,0.1538461538461538,0.048076923076923,0.0865384615384615,0.1153846153846153,0.1057692307692307,0.0,1.0,1,3,4.111111111111111,7,0.3333333333333333,4.336538461538462
test,audio_213.wav,4,17.0,0.0,0.2647058823529412,0.1176470588235294,0.0588235294117647,0.0588235294117647,0.0735294117647058,0.1323529411764706,0.1029411764705882,1.0,0.0,0,1,4.75,6,1.5,4.294117647058823
test,audio_11.wav,6,12.666666666666666,0.0,0.1052631578947368,0.0921052631578947,0.0789473684210526,0.131578947368421,0.1052631578947368,0.2631578947368421,0.0657894736842105,0.125,0.875,0,2,4.0,7,0.3333333333333333,3.736842105263158
test,audio_155.wav,5,19.2,0.0,0.25,0.1145833333333333,0.0416666666666666,0.0625,0.0729166666666666,0.1145833333333333,0.0729166666666666,0.0,1.0,0,1,4.8,7,1.0,3.849462365591398
test,audio_39.wav,4,32.25,0.0,0.1705426356589147,0.1550387596899224,0.0775193798449612,0.0620155038759689,0.0465116279069767,0.2093023255813953,0.1085271317829457,0.0,1.0,0,2,6.5,10,2.75,3.84
test,audio_168.wav,2,41.0,0.0,0.1951219512195122,0.1219512195121951,0.0365853658536585,0.024390243902439,0.1219512195121951,0.1585365853658536,0.0853658536585365,0.0,1.0,1,4,7.0,9,3.0,4.037974683544304
test,audio_133.wav,4,23.25,0.0,0.3333333333333333,0.1075268817204301,0.021505376344086,0.0967741935483871,0.053763440860215,0.1397849462365591,0.1075268817204301,0.5,0.5,0,3,4.5,5,0.25,4.440860215053763
test,audio_28.wav,2,18.0,0.0,0.1111111111111111,0.2777777777777778,0.0277777777777777,0.0555555555555555,0.0277777777777777,0.1944444444444444,0.1111111111111111,0.0,1.0,0,1,3.5,4,1.5,3.6666666666666665
test,audio_40.wav,6,21.0,0.1666666666666666,0.1746031746031746,0.1031746031746031,0.0952380952380952,0.0634920634920634,0.0634920634920634,0.1349206349206349,0.119047619047619,0.0714285714285714,0.9285714285714286,0,3,5.333333333333333,9,1.3333333333333333,3.547008547008547
test,audio_181.wav,9,12.11111111111111,0.0,0.2018348623853211,0.1376146788990825,0.036697247706422,0.0642201834862385,0.0091743119266055,0.1834862385321101,0.018348623853211,0.8571428571428571,0.1428571428571428,0,2,4.0,7,0.3333333333333333,4.444444444444445
test,audio_201.wav,7,15.857142857142858,0.0,0.2162162162162162,0.1171171171171171,0.018018018018018,0.063063063063063,0.054054054054054,0.1441441441441441,0.09009009009009,0.8461538461538461,0.1538461538461538,0,3,4.285714285714286,6,0.7142857142857143,3.90990990990991
test,audio_182.wav,4,26.5,0.0,0.1415094339622641,0.160377358490566,0.0377358490566037,0.1132075471698113,0.0943396226415094,0.1509433962264151,0.1132075471698113,0.125,0.875,0,3,4.0,7,2.25,3.9607843137254894
test,audio_126.wav,5,15.6,0.0,0.2564102564102564,0.1025641025641025,0.0384615384615384,0.0256410256410256,0.0384615384615384,0.1538461538461538,0.0769230769230769,0.0,1.0,0,1,4.4,8,1.0,3.9743589743589753
test,audio_10.wav,7,14.571428571428571,0.0,0.2254901960784313,0.0980392156862745,0.1176470588235294,0.0392156862745098,0.088235294117647,0.1274509803921568,0.088235294117647,0.0,1.0,1,3,4.857142857142857,7,1.1428571428571428,3.81
test,audio_134.wav,2,32.0,0.0,0.25,0.125,0.015625,0.03125,0.0625,0.109375,0.078125,0.5555555555555556,0.4444444444444444,0,3,5.0,5,2.0,3.888888888888889
test,audio_69.wav,5,25.4,0.0,0.2677165354330709,0.1023622047244094,0.0708661417322834,0.0551181102362204,0.0629921259842519,0.1338582677165354,0.0551181102362204,0.0,1.0,0,1,6.0,7,1.2,4.441666666666666
test,audio_112.wav,4,18.75,0.0,0.28,0.1866666666666666,0.04,0.0533333333333333,0.0266666666666666,0.1066666666666666,0.08,0.0,1.0,0,1,7.0,13,2.5,4.586666666666667
test,audio_180.wav,5,16.6,0.2,0.2409638554216867,0.1325301204819277,0.072289156626506,0.0,0.0843373493975903,0.180722891566265,0.0481927710843373,0.125,0.875,1,4,4.2,7,0.8,4.125
test,audio_177.wav,5,16.8,0.0,0.1547619047619047,0.0833333333333333,0.1071428571428571,0.1666666666666666,0.0714285714285714,0.1785714285714285,0.0714285714285714,0.0,1.0,0,1,4.6,7,1.0,4.119047619047619
test,audio_77.wav,5,30.2,0.0,0.1920529801324503,0.1655629139072847,0.0596026490066225,0.086092715231788,0.0993377483443708,0.1390728476821192,0.0728476821192053,0.0714285714285714,0.9285714285714286,0,3,6.6,9,2.6,3.8926174496644297
test,audio_111.wav,9,14.555555555555555,0.1111111111111111,0.2137404580152671,0.1221374045801526,0.0610687022900763,0.0458015267175572,0.0610687022900763,0.1755725190839694,0.0381679389312977,0.0,1.0,1,3,3.555555555555556,7,1.0,4.125
test,audio_18.wav,4,20.5,0.0,0.2317073170731707,0.1097560975609756,0.0975609756097561,0.024390243902439,0.1097560975609756,0.1585365853658536,0.073170731707317,0.0,1.0,1,4,5.25,10,1.0,4.144736842105263
test,audio_175.wav,5,19.2,0.0,0.3333333333333333,0.1041666666666666,0.1354166666666666,0.0520833333333333,0.03125,0.03125,0.0520833333333333,0.1666666666666666,0.8333333333333334,0,2,5.0,7,1.4,5.239583333333333
test,audio_33.wav,2,47.0,0.0,0.1702127659574468,0.0957446808510638,0.0531914893617021,0.1276595744680851,0.1382978723404255,0.1489361702127659,0.1063829787234042,0.125,0.875,3,4,5.5,6,5.5,4.531914893617022
test,audio_15.wav,3,33.333333333333336,0.3333333333333333,0.21,0.13,0.02,0.08,0.07,0.14,0.07,0.2857142857142857,0.7142857142857143,3,4,7.0,10,2.333333333333333,4.212121212121212
test,audio_4.wav,2,49.0,0.0,0.3061224489795918,0.0510204081632653,0.0918367346938775,0.0306122448979591,0.0612244897959183,0.0510204081632653,0.0714285714285714,0.0,1.0,0,2,8.0,10,2.0,4.438775510204081
test,audio_27.wav,3,30.666666666666668,0.0,0.2391304347826087,0.1304347826086956,0.0760869565217391,0.0108695652173913,0.0434782608695652,0.1630434782608695,0.0869565217391304,0.0,1.0,0,1,6.666666666666667,7,1.6666666666666667,3.847826086956522
test,audio_96.wav,5,17.8,0.0,0.146067415730337,0.0898876404494382,0.0898876404494382,0.146067415730337,0.0898876404494382,0.1011235955056179,0.0674157303370786,0.8333333333333334,0.1666666666666666,0,2,5.4,9,1.0,4.406976744186046
test,audio_116.wav,5,20.4,0.0,0.2352941176470588,0.1470588235294117,0.0392156862745098,0.0588235294117647,0.0490196078431372,0.1372549019607843,0.0980392156862745,1.0,0.0,0,3,4.2,5,0.8,3.83
test,audio_1.wav,7,16.142857142857142,0.0,0.1946902654867256,0.0884955752212389,0.0530973451327433,0.0265486725663716,0.0707964601769911,0.1858407079646017,0.0707964601769911,0.5,0.5,0,2,4.714285714285714,7,0.5714285714285714,3.575221238938053
test,audio_22.wav,7,15.428571428571429,0.0,0.1759259259259259,0.1666666666666666,0.0555555555555555,0.074074074074074,0.1111111111111111,0.1666666666666666,0.074074074074074,0.0,1.0,0,2,3.857142857142857,6,1.5714285714285714,4.047619047619048
test,audio_114.wav,3,31.666666666666668,0.0,0.2421052631578947,0.0947368421052631,0.0526315789473684,0.031578947368421,0.0842105263157894,0.1263157894736842,0.0947368421052631,0.4,0.6,0,3,5.0,5,1.0,4.393617021276596
test,audio_146.wav,6,14.666666666666666,0.0,0.125,0.125,0.1136363636363636,0.1136363636363636,0.0909090909090909,0.25,0.1363636363636363,0.0,1.0,0,1,3.333333333333333,7,0.6666666666666666,3.744186046511628
test,audio_46.wav,6,26.0,0.0,0.1602564102564102,0.1474358974358974,0.0769230769230769,0.0833333333333333,0.1025641025641025,0.1153846153846153,0.0705128205128205,0.0,1.0,1,3,5.833333333333333,10,1.8333333333333333,4.225806451612903
test,audio_144.wav,10,9.9,0.0,0.1818181818181818,0.1515151515151515,0.0505050505050505,0.1111111111111111,0.0101010101010101,0.2121212121212121,0.1111111111111111,0.0769230769230769,0.9230769230769232,0,3,3.2,5,0.3,3.757575757575758
test,audio_75.wav,5,21.8,0.0,0.3211009174311927,0.055045871559633,0.0825688073394495,0.0642201834862385,0.0825688073394495,0.1192660550458715,0.0275229357798165,0.0,1.0,0,1,5.6,8,1.2,4.542857142857143
test,audio_200.wav,7,12.428571428571429,0.0,0.2528735632183908,0.1379310344827586,0.0804597701149425,0.0919540229885057,0.0804597701149425,0.1379310344827586,0.0459770114942528,0.0,1.0,0,1,4.285714285714286,8,1.2857142857142858,4.930232558139535
test,audio_196.wav,9,11.22222222222222,0.0,0.2376237623762376,0.0594059405940594,0.1287128712871287,0.0396039603960396,0.1386138613861386,0.0297029702970297,0.0495049504950495,0.0,1.0,4,3,3.888888888888889,6,0.1111111111111111,4.099009900990099
test,audio_190.wav,4,29.5,0.0,0.1440677966101695,0.1271186440677966,0.0508474576271186,0.059322033898305,0.1101694915254237,0.2203389830508474,0.0508474576271186,0.25,0.75,0,3,8.0,14,3.25,3.9913793103448274
test,audio_158.wav,5,15.6,0.0,0.2435897435897435,0.141025641025641,0.0641025641025641,0.0512820512820512,0.0512820512820512,0.1666666666666666,0.0641025641025641,0.125,0.875,0,3,3.8,5,0.6,4.243589743589744
test,audio_17.wav,7,13.142857142857142,0.0,0.2934782608695652,0.0434782608695652,0.1413043478260869,0.0978260869565217,0.0978260869565217,0.0652173913043478,0.0543478260869565,0.0,1.0,0,2,3.7142857142857135,7,0.2857142857142857,4.869565217391305
test,audio_105.wav,6,21.0,0.0,0.365079365079365,0.1746031746031746,0.0634920634920634,0.0238095238095238,0.0158730158730158,0.0555555555555555,0.0952380952380952,0.0,1.0,0,1,5.333333333333333,7,1.3333333333333333,5.344262295081967
test,audio_141.wav,2,33.5,0.0,0.2686567164179104,0.1044776119402985,0.1044776119402985,0.0597014925373134,0.1044776119402985,0.1194029850746268,0.1343283582089552,0.5555555555555556,0.4444444444444444,0,2,7.5,8,3.0,4.611940298507463
test,audio_129.wav,6,15.166666666666666,0.0,0.1648351648351648,0.0989010989010989,0.0439560439560439,0.1648351648351648,0.1208791208791208,0.1868131868131868,0.0659340659340659,0.4285714285714285,0.5714285714285714,0,3,4.0,6,1.1666666666666667,4.5
test,audio_6.wav,6,18.0,0.0,0.1944444444444444,0.1296296296296296,0.0277777777777777,0.0925925925925925,0.1203703703703703,0.1481481481481481,0.0833333333333333,0.0,1.0,0,2,4.166666666666667,5,2.0,4.12037037037037
test,audio_70.wav,11,14.454545454545457,0.0,0.1886792452830188,0.1446540880503144,0.1069182389937107,0.0566037735849056,0.0754716981132075,0.1383647798742138,0.0754716981132075,0.0,1.0,0,1,4.2727272727272725,7,1.0909090909090908,4.270967741935484
test,audio_35.wav,7,15.571428571428571,0.1428571428571428,0.128440366972477,0.128440366972477,0.073394495412844,0.0458715596330275,0.1559633027522936,0.2293577981651376,0.1192660550458715,0.0,1.0,1,2,3.571428571428572,11,1.0,3.7222222222222223
test,audio_203.wav,8,13.75,0.0,0.1818181818181818,0.0909090909090909,0.0727272727272727,0.1,0.1,0.2,0.0636363636363636,0.0,1.0,0,1,3.5,6,1.0,4.320754716981132
test,audio_90.wav,3,25.33333333333333,0.0,0.2236842105263158,0.131578947368421,0.0921052631578947,0.0921052631578947,0.0921052631578947,0.0789473684210526,0.0921052631578947,0.0909090909090909,0.9090909090909092,0,2,8.333333333333334,11,4.333333333333333,4.63013698630137
test,audio_16.wav,3,24.33333333333333,0.0,0.3013698630136986,0.1095890410958904,0.0547945205479452,0.0547945205479452,0.0684931506849315,0.136986301369863,0.0821917808219178,0.0,1.0,0,1,5.666666666666667,8,1.3333333333333333,4.342465753424658
test,audio_138.wav,6,14.833333333333334,0.0,0.4269662921348314,0.1011235955056179,0.0337078651685393,0.0674157303370786,0.0224719101123595,0.1123595505617977,0.0674157303370786,0.7142857142857143,0.2857142857142857,0,2,4.666666666666667,8,0.1666666666666666,4.872093023255814
test,audio_100.wav,4,25.75,0.0,0.3398058252427184,0.174757281553398,0.029126213592233,0.0388349514563106,0.0,0.087378640776699,0.0970873786407767,0.1111111111111111,0.8888888888888888,0,2,6.75,11,1.75,4.572815533980583
test,audio_115.wav,7,13.714285714285714,0.0,0.21875,0.1041666666666666,0.0625,0.0520833333333333,0.0416666666666666,0.1979166666666666,0.09375,0.8461538461538461,0.1538461538461538,0,2,4.857142857142857,8,0.5714285714285714,3.8404255319148937
test,audio_118.wav,3,23.33333333333333,0.0,0.3428571428571428,0.1428571428571428,0.1285714285714285,0.0428571428571428,0.0571428571428571,0.0428571428571428,0.0857142857142857,0.0,1.0,0,1,5.666666666666667,6,1.0,5.771428571428571
test,audio_137.wav,4,29.75,0.25,0.1428571428571428,0.1848739495798319,0.1092436974789916,0.0252100840336134,0.0336134453781512,0.2016806722689075,0.0840336134453781,0.2142857142857142,0.7857142857142857,0,2,5.5,9,3.25,4.19327731092437
test,audio_101.wav,2,53.5,0.0,0.1682242990654205,0.1308411214953271,0.0747663551401869,0.02803738317757,0.0560747663551401,0.205607476635514,0.1308411214953271,0.6363636363636364,0.3636363636363636,3,3,9.5,10,6.0,4.037383177570093
test,audio_193.wav,4,21.0,0.0,0.119047619047619,0.2023809523809523,0.0714285714285714,0.1071428571428571,0.0714285714285714,0.2142857142857142,0.0833333333333333,0.0,1.0,0,2,4.25,6,2.5,4.192771084337349
test,audio_102.wav,11,13.272727272727272,0.0,0.1643835616438356,0.0890410958904109,0.0821917808219178,0.0616438356164383,0.0890410958904109,0.2328767123287671,0.0616438356164383,0.4705882352941176,0.5294117647058824,1,3,4.090909090909091,7,0.3636363636363636,3.682758620689655
test,audio_52.wav,10,15.4,0.0,0.1298701298701298,0.0974025974025974,0.0714285714285714,0.0259740259740259,0.1103896103896103,0.2467532467532467,0.0909090909090909,0.05,0.95,0,3,3.9,9,1.2,3.707142857142857
test,audio_172.wav,5,17.4,0.0,0.2068965517241379,0.0919540229885057,0.0229885057471264,0.0344827586206896,0.1264367816091954,0.1494252873563218,0.1494252873563218,0.2857142857142857,0.7142857142857143,0,4,3.8,6,0.6,4.188235294117647
test,audio_191.wav,5,14.0,0.0,0.2285714285714285,0.0714285714285714,0.1142857142857142,0.0714285714285714,0.1,0.0857142857142857,0.0714285714285714,0.1428571428571428,0.8571428571428571,0,3,4.2,7,0.8,4.191176470588236
test,audio_194.wav,6,17.166666666666668,0.0,0.1650485436893204,0.0970873786407767,0.087378640776699,0.0679611650485436,0.087378640776699,0.1941747572815534,0.0388349514563106,0.1428571428571428,0.8571428571428571,0,3,5.0,8,1.3333333333333333,4.069306930693069
test,audio_67.wav,5,20.2,0.0,0.2277227722772277,0.1188118811881188,0.1386138613861386,0.0495049504950495,0.0792079207920792,0.0594059405940594,0.0693069306930693,0.0,1.0,1,2,6.4,7,1.2,5.237623762376238
test,audio_160.wav,3,26.0,0.0,0.1794871794871795,0.1923076923076923,0.0384615384615384,0.0897435897435897,0.0256410256410256,0.1153846153846153,0.0769230769230769,0.0,1.0,0,2,7.0,9,2.0,3.7948717948717934
test,audio_179.wav,2,41.5,0.0,0.0963855421686747,0.1927710843373494,0.0120481927710843,0.036144578313253,0.180722891566265,0.2650602409638554,0.072289156626506,0.0,1.0,0,2,6.5,7,5.5,3.4027777777777777
test,audio_55.wav,5,25.4,0.0,0.2755905511811024,0.1102362204724409,0.0393700787401574,0.0393700787401574,0.0629921259842519,0.1181102362204724,0.0629921259842519,0.0,1.0,3,3,7.4,12,1.4,4.309523809523809
test,audio_145.wav,6,14.166666666666666,0.1666666666666666,0.2117647058823529,0.0588235294117647,0.1294117647058823,0.1058823529411764,0.1294117647058823,0.1176470588235294,0.0705882352941176,0.0,1.0,0,1,3.6666666666666665,7,0.8333333333333334,4.261904761904762
test,audio_197.wav,5,19.0,0.0,0.3052631578947368,0.1684210526315789,0.0421052631578947,0.0526315789473684,0.0736842105263157,0.0736842105263157,0.0842105263157894,0.0,1.0,0,3,5.8,8,1.6,4.595744680851064
test,audio_139.wav,4,21.0,0.0,0.25,0.0714285714285714,0.0833333333333333,0.119047619047619,0.0714285714285714,0.1785714285714285,0.0833333333333333,0.125,0.875,0,2,6.0,12,1.25,4.280487804878049
test,audio_91.wav,5,18.0,0.0,0.3555555555555555,0.1111111111111111,0.0777777777777777,0.0333333333333333,0.0777777777777777,0.0111111111111111,0.0888888888888888,0.0,1.0,0,2,5.0,8,0.4,4.733333333333333
test,audio_8.wav,4,14.0,0.0,0.2321428571428571,0.1607142857142857,0.1071428571428571,0.0,0.0714285714285714,0.1785714285714285,0.0535714285714285,0.1,0.9,0,3,4.75,7,1.25,4.125
test,audio_136.wav,6,11.666666666666666,0.0,0.2142857142857142,0.1,0.0857142857142857,0.0857142857142857,0.1142857142857142,0.1428571428571428,0.0857142857142857,0.3333333333333333,0.6666666666666666,0,3,3.5,5,0.3333333333333333,3.971428571428572
test,audio_199.wav,4,21.75,0.25,0.2528735632183908,0.1264367816091954,0.057471264367816,0.1379310344827586,0.0344827586206896,0.0919540229885057,0.1034482758620689,0.2222222222222222,0.7777777777777778,0,3,4.25,7,1.25,4.534883720930233
test,audio_110.wav,9,16.22222222222222,0.0,0.2534246575342466,0.1027397260273972,0.0753424657534246,0.0410958904109589,0.0890410958904109,0.1232876712328767,0.0684931506849315,0.1875,0.8125,0,3,5.333333333333333,9,0.8888888888888888,4.125874125874126
test,audio_208.wav,1,90.0,0.0,0.1888888888888888,0.0666666666666666,0.0888888888888888,0.1333333333333333,0.0777777777777777,0.1777777777777777,0.0666666666666666,1.0,0.0,0,1,11.0,11,8.0,3.8777777777777778
test,audio_152.wav,7,15.0,0.0,0.2571428571428571,0.1238095238095238,0.0666666666666666,0.0666666666666666,0.0476190476190476,0.1333333333333333,0.0666666666666666,0.3333333333333333,0.6666666666666666,0,2,6.0,10,0.5714285714285714,4.689320388349515
test,audio_94.wav,5,20.8,0.0,0.1923076923076923,0.1538461538461538,0.0096153846153846,0.048076923076923,0.0769230769230769,0.1826923076923076,0.0673076923076923,0.3333333333333333,0.6666666666666666,0,3,5.8,8,1.8,3.6634615384615374
test,audio_174.wav,4,19.5,0.0,0.3461538461538461,0.1153846153846153,0.1153846153846153,0.0512820512820512,0.0641025641025641,0.0512820512820512,0.0512820512820512,0.0,1.0,0,1,7.5,13,0.5,5.461538461538462
test,audio_23.wav,7,17.285714285714285,0.0,0.3636363636363636,0.1239669421487603,0.0909090909090909,0.024793388429752,0.0661157024793388,0.024793388429752,0.0661157024793388,0.0,1.0,0,1,5.571428571428571,8,0.7142857142857143,5.6
test,audio_56.wav,5,27.2,0.0,0.1985294117647058,0.1691176470588235,0.0441176470588235,0.088235294117647,0.0661764705882353,0.0955882352941176,0.1176470588235294,0.0,1.0,1,3,5.0,9,2.0,4.333333333333333
test,audio_97.wav,5,16.0,0.0,0.35,0.075,0.0875,0.0375,0.0625,0.025,0.0625,0.0,1.0,0,1,4.8,7,0.8,4.375
test,audio_148.wav,7,15.857142857142858,0.0,0.1801801801801801,0.1981981981981982,0.0,0.1081081081081081,0.036036036036036,0.2162162162162162,0.081081081081081,0.1,0.9,3,3,4.0,6,0.2857142857142857,3.869158878504673
test,audio_59.wav,8,14.625,0.0,0.2051282051282051,0.1623931623931624,0.1111111111111111,0.0769230769230769,0.0256410256410256,0.1538461538461538,0.1025641025641025,0.0588235294117647,0.9411764705882352,0,3,4.5,7,0.875,4.145299145299146
test,audio_5.wav,9,9.666666666666666,0.2222222222222222,0.160919540229885,0.0919540229885057,0.0804597701149425,0.1034482758620689,0.0919540229885057,0.1494252873563218,0.0804597701149425,0.25,0.75,0,2,3.0,5,0.2222222222222222,3.541176470588235
test,audio_119.wav,2,63.5,0.0,0.2283464566929134,0.1732283464566929,0.0393700787401574,0.0472440944881889,0.0472440944881889,0.1259842519685039,0.1023622047244094,0.0714285714285714,0.9285714285714286,1,4,9.5,11,5.5,4.433070866141732
test,audio_80.wav,8,13.375,0.0,0.1775700934579439,0.1588785046728972,0.1401869158878504,0.0186915887850467,0.0560747663551401,0.1869158878504672,0.0467289719626168,0.0,1.0,0,1,4.25,7,0.75,3.4299065420560746
test,audio_58.wav,6,22.166666666666668,0.0,0.3007518796992481,0.0526315789473684,0.0902255639097744,0.0827067669172932,0.0902255639097744,0.0300751879699248,0.0676691729323308,0.0,1.0,2,3,4.833333333333333,7,0.6666666666666666,4.165413533834586
test,audio_123.wav,7,13.285714285714286,0.1428571428571428,0.4516129032258064,0.0967741935483871,0.053763440860215,0.021505376344086,0.032258064516129,0.075268817204301,0.075268817204301,0.0,1.0,0,1,5.714285714285714,10,0.1428571428571428,4.763440860215054
test,audio_188.wav,5,15.8,0.0,0.1265822784810126,0.2025316455696202,0.0126582278481012,0.1012658227848101,0.0759493670886076,0.240506329113924,0.0632911392405063,0.0,1.0,1,2,5.0,7,1.6,4.189873417721519
test,audio_121.wav,3,28.666666666666668,0.0,0.2325581395348837,0.0930232558139534,0.0813953488372093,0.0581395348837209,0.0697674418604651,0.1744186046511628,0.1046511627906976,0.0909090909090909,0.9090909090909092,0,3,6.0,7,1.6666666666666667,3.8117647058823527
test,audio_107.wav,1,8.0,0.0,0.5,0.0,0.125,0.0,0.125,0.125,0.0,0.0,1.0,0,1,4.0,4,0.0,5.375
test,audio_214.wav,9,12.11111111111111,0.0,0.2110091743119266,0.1009174311926605,0.0642201834862385,0.0825688073394495,0.110091743119266,0.1834862385321101,0.055045871559633,0.3333333333333333,0.6666666666666666,1,4,3.7777777777777777,7,0.6666666666666666,4.180952380952381
test,audio_73.wav,9,14.333333333333334,0.0,0.2015503875968992,0.1395348837209302,0.0775193798449612,0.0775193798449612,0.0852713178294573,0.1472868217054263,0.0465116279069767,0.0769230769230769,0.9230769230769232,2,4,4.444444444444445,8,0.7777777777777778,4.40650406504065
test,audio_169.wav,3,31.666666666666668,0.0,0.2631578947368421,0.1263157894736842,0.0526315789473684,0.0736842105263157,0.0421052631578947,0.1473684210526315,0.0736842105263157,0.1818181818181818,0.8181818181818182,0,2,7.0,11,3.333333333333333,4.042105263157895
test,audio_7.wav,6,22.666666666666668,0.0,0.2279411764705882,0.1397058823529411,0.0147058823529411,0.0514705882352941,0.0955882352941176,0.088235294117647,0.0441176470588235,0.0,1.0,4,3,5.166666666666667,7,1.6666666666666667,3.659259259259259
test,audio_42.wav,5,17.8,0.0,0.1235955056179775,0.146067415730337,0.0898876404494382,0.0674157303370786,0.1011235955056179,0.2022471910112359,0.0786516853932584,0.8461538461538461,0.1538461538461538,1,4,4.4,9,1.2,3.2988505747126435
test,audio_88.wav,5,26.4,0.0,0.0984848484848484,0.1212121212121212,0.0454545454545454,0.1136363636363636,0.1439393939393939,0.2424242424242424,0.0681818181818181,0.1818181818181818,0.8181818181818182,0,4,5.0,9,2.4,3.622950819672131
test,audio_64.wav,1,64.0,0.0,0.1875,0.171875,0.015625,0.03125,0.125,0.1875,0.078125,0.1666666666666666,0.8333333333333334,0,3,11.0,11,7.0,3.875
test,audio_195.wav,3,25.0,0.0,0.24,0.1333333333333333,0.0933333333333333,0.08,0.0933333333333333,0.0933333333333333,0.08,0.0,1.0,0,2,6.666666666666667,8,2.333333333333333,4.351351351351352
test,audio_57.wav,7,20.714285714285715,0.0,0.1862068965517241,0.1448275862068965,0.0551724137931034,0.0551724137931034,0.096551724137931,0.1793103448275862,0.1241379310344827,0.0,1.0,3,3,4.285714285714286,9,2.4285714285714284,3.909090909090909
test,audio_13.wav,5,18.6,0.2,0.2473118279569892,0.075268817204301,0.0967741935483871,0.0967741935483871,0.086021505376344,0.1505376344086021,0.075268817204301,0.0833333333333333,0.9166666666666666,0,2,4.6,7,1.2,4.279569892473118
test,audio_125.wav,4,20.5,0.0,0.2439024390243902,0.073170731707317,0.1097560975609756,0.048780487804878,0.073170731707317,0.0975609756097561,0.0975609756097561,0.0,1.0,0,1,6.5,8,0.75,4.205128205128205
test,audio_209.wav,3,34.0,0.0,0.3137254901960784,0.1078431372549019,0.0392156862745098,0.0098039215686274,0.0784313725490196,0.0,0.0490196078431372,0.0,1.0,1,2,8.333333333333334,10,2.0,4.111111111111111
test,audio_211.wav,7,12.857142857142858,0.0,0.2666666666666666,0.0888888888888888,0.1111111111111111,0.0333333333333333,0.1111111111111111,0.1666666666666666,0.0888888888888888,0.4545454545454545,0.5454545454545454,0,3,4.285714285714286,6,0.5714285714285714,4.455555555555556
test,audio_63.wav,4,27.25,0.0,0.1834862385321101,0.073394495412844,0.1376146788990825,0.055045871559633,0.091743119266055,0.1926605504587156,0.1009174311926605,0.4285714285714285,0.5714285714285714,0,3,4.0,8,1.75,3.657407407407408
test,audio_86.wav,7,15.571428571428571,0.0,0.3027522935779816,0.1651376146788991,0.0275229357798165,0.055045871559633,0.0642201834862385,0.1559633027522936,0.073394495412844,0.2727272727272727,0.7272727272727273,0,4,4.0,12,1.0,4.457142857142857
test,audio_78.wav,7,15.285714285714286,0.1428571428571428,0.2336448598130841,0.1588785046728972,0.0747663551401869,0.1214953271028037,0.0560747663551401,0.0934579439252336,0.0373831775700934,0.0,1.0,0,1,4.142857142857143,6,1.4285714285714286,4.481132075471698
test,audio_38.wav,6,13.333333333333334,0.1666666666666666,0.25,0.0875,0.1,0.1,0.0875,0.125,0.0875,0.0,1.0,0,2,3.0,5,0.5,4.987012987012987
test,audio_186.wav,7,12.857142857142858,0.0,0.1555555555555555,0.1333333333333333,0.0666666666666666,0.0444444444444444,0.1,0.2666666666666666,0.0888888888888888,0.5,0.5,0,2,3.7142857142857135,5,0.2857142857142857,3.853932584269663
test,audio_154.wav,7,10.285714285714286,0.0,0.3472222222222222,0.0694444444444444,0.0555555555555555,0.0833333333333333,0.0833333333333333,0.125,0.0277777777777777,0.2,0.8,0,2,3.7142857142857135,7,0.4285714285714285,4.5
test,audio_21.wav,6,15.166666666666666,0.0,0.3626373626373626,0.0989010989010989,0.0329670329670329,0.0219780219780219,0.0109890109890109,0.1538461538461538,0.0439560439560439,0.75,0.25,0,2,4.5,6,0.1666666666666666,4.617977528089888
test,audio_120.wav,2,38.5,0.0,0.1948051948051948,0.1428571428571428,0.0779220779220779,0.0909090909090909,0.0909090909090909,0.1558441558441558,0.0909090909090909,0.0,1.0,1,3,6.0,8,3.0,4.753246753246753
test,audio_183.wav,4,26.25,0.0,0.2285714285714285,0.1238095238095238,0.0571428571428571,0.0952380952380952,0.0857142857142857,0.1428571428571428,0.0857142857142857,0.0833333333333333,0.9166666666666666,0,3,5.75,12,1.75,4.14
test,audio_25.wav,2,53.0,0.0,0.2264150943396226,0.1320754716981132,0.0660377358490566,0.0471698113207547,0.0660377358490566,0.1415094339622641,0.0754716981132075,0.3333333333333333,0.6666666666666666,0,2,12.5,17,4.5,4.419047619047619
test,audio_122.wav,7,15.285714285714286,0.0,0.205607476635514,0.2429906542056074,0.0186915887850467,0.0093457943925233,0.0,0.2710280373831775,0.0560747663551401,0.0714285714285714,0.9285714285714286,0,2,3.857142857142857,6,0.7142857142857143,4.130841121495327
test,audio_36.wav,6,23.5,0.0,0.1631205673758865,0.1773049645390071,0.0567375886524822,0.0921985815602836,0.0780141843971631,0.1985815602836879,0.0709219858156028,0.6190476190476191,0.3809523809523809,0,3,5.5,7,2.5,3.8905109489051095
test,audio_76.wav,14,11.142857142857142,0.0,0.2307692307692307,0.1025641025641025,0.0833333333333333,0.0705128205128205,0.0961538461538461,0.1153846153846153,0.0512820512820512,0.0,1.0,0,3,3.2142857142857144,7,0.5714285714285714,3.986206896551724
test,audio_163.wav,4,14.5,0.0,0.3275862068965517,0.1034482758620689,0.1379310344827586,0.0172413793103448,0.0517241379310344,0.1379310344827586,0.0862068965517241,0.0,1.0,0,1,5.0,6,0.5,5.482758620689655
test,audio_83.wav,6,18.5,0.0,0.1621621621621621,0.1441441441441441,0.072072072072072,0.054054054054054,0.0990990990990991,0.1621621621621621,0.0990990990990991,0.0,1.0,2,2,4.5,7,1.1666666666666667,3.851851851851852
test,audio_103.wav,6,11.333333333333334,0.0,0.2647058823529412,0.1764705882352941,0.0735294117647058,0.0588235294117647,0.088235294117647,0.1470588235294117,0.0588235294117647,0.5,0.5,0,3,3.6666666666666665,5,0.6666666666666666,4.720588235294118
test,audio_93.wav,7,16.0,0.2857142857142857,0.1160714285714285,0.125,0.0357142857142857,0.0803571428571428,0.125,0.2142857142857142,0.1071428571428571,0.1428571428571428,0.8571428571428571,0,3,4.285714285714286,8,1.8571428571428568,4.092592592592593
test,audio_26.wav,9,9.88888888888889,0.0,0.146067415730337,0.1573033707865168,0.0449438202247191,0.1348314606741573,0.0786516853932584,0.2134831460674157,0.0449438202247191,1.0,0.0,0,2,2.888888888888889,6,0.4444444444444444,4.112359550561798
test,audio_72.wav,11,13.636363636363637,0.0909090909090909,0.1866666666666666,0.1266666666666666,0.1266666666666666,0.0666666666666666,0.0733333333333333,0.1333333333333333,0.02,0.0,1.0,0,2,5.363636363636363,8,1.0,4.263513513513513
test,audio_210.wav,3,42.66666666666666,0.0,0.2890625,0.109375,0.0234375,0.0078125,0.0546875,0.15625,0.0859375,0.4666666666666667,0.5333333333333333,0,2,6.666666666666667,9,3.6666666666666665,4.219512195121951
test,audio_104.wav,2,20.5,0.0,0.4146341463414634,0.1219512195121951,0.024390243902439,0.1463414634146341,0.024390243902439,0.1707317073170731,0.048780487804878,0.0,1.0,0,1,5.5,8,1.0,4.2926829268292686
test,audio_81.wav,5,23.2,0.0,0.2844827586206896,0.1034482758620689,0.0775862068965517,0.043103448275862,0.043103448275862,0.1034482758620689,0.0517241379310344,0.0,1.0,1,2,5.6,10,1.8,4.298245614035087
test,audio_166.wav,3,28.33333333333333,0.0,0.2470588235294117,0.1176470588235294,0.0235294117647058,0.0352941176470588,0.1058823529411764,0.1529411764705882,0.0823529411764705,0.375,0.625,1,4,6.0,8,2.333333333333333,4.094117647058823
test,audio_202.wav,5,21.8,0.0,0.1009174311926605,0.1192660550458715,0.0642201834862385,0.036697247706422,0.128440366972477,0.2752293577981651,0.1009174311926605,0.1538461538461538,0.8461538461538461,1,4,4.6,9,1.6,4.140186915887851
test,audio_185.wav,4,24.75,0.0,0.1919191919191919,0.1212121212121212,0.0707070707070707,0.0505050505050505,0.101010101010101,0.2222222222222222,0.101010101010101,0.2142857142857142,0.7857142857142857,0,3,5.0,7,2.25,4.13265306122449
test,audio_9.wav,3,28.0,0.0,0.238095238095238,0.1309523809523809,0.119047619047619,0.0714285714285714,0.1071428571428571,0.1071428571428571,0.0595238095238095,0.1538461538461538,0.8461538461538461,1,4,5.333333333333333,7,2.6666666666666665,4.192771084337349
test,audio_207.wav,5,17.8,0.0,0.2134831460674157,0.1011235955056179,0.0898876404494382,0.0337078651685393,0.0786516853932584,0.1910112359550561,0.0561797752808988,0.1,0.9,0,2,4.0,7,1.0,3.7058823529411766
test,audio_127.wav,9,11.444444444444445,0.1111111111111111,0.1359223300970873,0.1262135922330097,0.058252427184466,0.1553398058252427,0.087378640776699,0.1650485436893204,0.0970873786407767,0.0714285714285714,0.9285714285714286,0,4,3.2222222222222223,8,0.6666666666666666,4.138613861386139
test,audio_12.wav,1,77.0,0.0,0.1818181818181818,0.0649350649350649,0.0259740259740259,0.0389610389610389,0.1168831168831168,0.1818181818181818,0.1038961038961039,0.7777777777777778,0.2222222222222222,0,3,10.0,10,3.0,3.6666666666666665
test,audio_132.wav,4,21.25,0.0,0.2588235294117647,0.1411764705882353,0.1176470588235294,0.1058823529411764,0.0470588235294117,0.0705882352941176,0.1058823529411764,0.1111111111111111,0.8888888888888888,0,2,4.25,5,0.75,4.658823529411765
test,audio_109.wav,5,13.8,0.0,0.2318840579710145,0.1159420289855072,0.0434782608695652,0.0579710144927536,0.0579710144927536,0.1014492753623188,0.1159420289855072,0.3333333333333333,0.6666666666666666,0,2,3.8,7,0.8,4.376811594202898
test,audio_32.wav,6,18.166666666666668,0.1666666666666666,0.1651376146788991,0.091743119266055,0.073394495412844,0.2110091743119266,0.0642201834862385,0.128440366972477,0.036697247706422,0.0,1.0,0,1,4.666666666666667,6,0.8333333333333334,4.342592592592593
test,audio_178.wav,5,17.2,0.0,0.1976744186046511,0.1395348837209302,0.0581395348837209,0.0348837209302325,0.0581395348837209,0.1860465116279069,0.0930232558139534,0.3636363636363636,0.6363636363636364,0,2,4.2,7,1.4,3.892857142857143
test,audio_61.wav,9,12.88888888888889,0.0,0.2586206896551724,0.0948275862068965,0.0775862068965517,0.043103448275862,0.0517241379310344,0.1120689655172413,0.0344827586206896,0.5833333333333334,0.4166666666666667,0,2,4.555555555555555,8,0.5555555555555556,3.8
test,audio_34.wav,11,10.818181818181818,0.0,0.226890756302521,0.1260504201680672,0.0336134453781512,0.0168067226890756,0.134453781512605,0.1008403361344537,0.042016806722689,0.0,1.0,0,2,3.8181818181818175,9,0.2727272727272727,3.956896551724138
test,audio_106.wav,3,17.666666666666668,0.0,0.3396226415094339,0.1509433962264151,0.0188679245283018,0.0,0.0943396226415094,0.0754716981132075,0.0754716981132075,0.1428571428571428,0.8571428571428571,0,3,4.666666666666667,5,0.6666666666666666,4.735849056603773
test,audio_49.wav,6,17.666666666666668,0.0,0.2358490566037736,0.1037735849056603,0.1132075471698113,0.0660377358490566,0.0754716981132075,0.160377358490566,0.0377358490566037,0.0,1.0,0,1,4.666666666666667,10,1.6666666666666667,4.252427184466019
test,audio_149.wav,4,21.75,0.0,0.264367816091954,0.0804597701149425,0.0344827586206896,0.0689655172413793,0.0804597701149425,0.0919540229885057,0.0919540229885057,0.1111111111111111,0.8888888888888888,0,4,7.5,13,1.25,4.232558139534884
test,audio_30.wav,6,19.0,0.0,0.2982456140350877,0.087719298245614,0.0789473684210526,0.043859649122807,0.0526315789473684,0.043859649122807,0.0789473684210526,0.0,1.0,0,1,6.166666666666667,8,0.8333333333333334,5.078947368421052
test,audio_131.wav,5,18.6,0.0,0.2473118279569892,0.1290322580645161,0.053763440860215,0.032258064516129,0.064516129032258,0.1612903225806451,0.0967741935483871,0.0,1.0,0,2,5.2,8,1.4,3.903225806451613
test,audio_162.wav,3,32.666666666666664,0.0,0.2346938775510204,0.1020408163265306,0.1224489795918367,0.0714285714285714,0.0306122448979591,0.1020408163265306,0.1122448979591836,0.0,1.0,1,2,5.666666666666667,8,2.6666666666666665,4.214285714285714
test,audio_204.wav,5,19.2,0.0,0.2708333333333333,0.1354166666666666,0.0416666666666666,0.0416666666666666,0.0416666666666666,0.1041666666666666,0.09375,0.4444444444444444,0.5555555555555556,0,2,7.4,13,0.6,4.074468085106383
test,audio_198.wav,4,27.5,0.0,0.2454545454545454,0.1363636363636363,0.0363636363636363,0.009090909090909,0.109090909090909,0.1181818181818181,0.1,0.0,1.0,2,3,7.0,10,2.0,4.220183486238532
test,audio_135.wav,4,22.5,0.0,0.1777777777777777,0.1333333333333333,0.0555555555555555,0.0888888888888888,0.0666666666666666,0.1555555555555555,0.1,0.3333333333333333,0.6666666666666666,0,2,5.5,10,1.5,4.0
test,audio_187.wav,2,45.5,0.0,0.0769230769230769,0.1318681318681318,0.1098901098901098,0.0769230769230769,0.1208791208791208,0.2417582417582417,0.0879120879120879,0.0,1.0,1,2,9.5,12,5.5,3.779069767441861
test,audio_3.wav,6,16.5,0.0,0.202020202020202,0.1515151515151515,0.0404040404040404,0.0404040404040404,0.0707070707070707,0.1212121212121212,0.0606060606060606,0.1818181818181818,0.8181818181818182,2,5,5.0,9,1.3333333333333333,3.947368421052632
test,audio_98.wav,5,26.6,0.0,0.1353383458646616,0.1428571428571428,0.075187969924812,0.0676691729323308,0.1353383458646616,0.1428571428571428,0.0676691729323308,0.0,1.0,0,3,8.4,11,1.8,4.015151515151516
test,audio_159.wav,4,22.0,0.0,0.2386363636363636,0.1363636363636363,0.0681818181818181,0.0113636363636363,0.0909090909090909,0.0113636363636363,0.0909090909090909,0.1666666666666666,0.8333333333333334,2,4,5.75,8,1.25,4.420454545454546
test,audio_167.wav,2,38.5,0.0,0.1298701298701298,0.1818181818181818,0.0519480519480519,0.1038961038961039,0.0649350649350649,0.1688311688311688,0.1038961038961039,0.2,0.8,0,2,6.5,7,3.0,3.6986301369863015
test,audio_205.wav,6,13.833333333333334,0.1666666666666666,0.2048192771084337,0.1566265060240964,0.0602409638554216,0.0963855421686747,0.108433734939759,0.144578313253012,0.0963855421686747,0.0714285714285714,0.9285714285714286,0,4,3.333333333333333,5,1.3333333333333333,4.289156626506024
test,audio_95.wav,4,19.25,0.0,0.2077922077922078,0.1298701298701298,0.1298701298701298,0.0649350649350649,0.0779220779220779,0.1168831168831168,0.1038961038961039,0.0,1.0,0,1,5.0,7,1.25,4.092105263157895
test,audio_68.wav,9,14.88888888888889,0.0,0.2388059701492537,0.1119402985074626,0.0671641791044776,0.0597014925373134,0.0597014925373134,0.1641791044776119,0.0522388059701492,0.0,1.0,0,1,4.555555555555555,7,0.6666666666666666,3.9612403100775193
test,audio_31.wav,5,23.2,0.0,0.3275862068965517,0.1293103448275862,0.0948275862068965,0.0,0.0172413793103448,0.0086206896551724,0.0775862068965517,0.0,1.0,0,1,7.6,10,1.0,4.931034482758621
test,audio_157.wav,1,78.0,0.0,0.2179487179487179,0.0897435897435897,0.0384615384615384,0.141025641025641,0.1025641025641025,0.141025641025641,0.1025641025641025,0.5,0.5,0,2,9.0,9,5.0,4.461538461538462
test,audio_89.wav,9,13.88888888888889,0.1111111111111111,0.232,0.112,0.12,0.072,0.048,0.104,0.064,0.1176470588235294,0.8823529411764706,0,3,4.555555555555555,9,0.5555555555555556,4.426229508196721
test,audio_82.wav,8,11.625,0.125,0.2043010752688172,0.1397849462365591,0.1182795698924731,0.064516129032258,0.064516129032258,0.0967741935483871,0.043010752688172,0.0,1.0,0,1,3.625,7,0.5,3.769230769230769
test,audio_53.wav,6,21.5,0.0,0.2635658914728682,0.0697674418604651,0.0232558139534883,0.0620155038759689,0.1085271317829457,0.0620155038759689,0.0620155038759689,0.2,0.8,2,3,5.0,8,0.8333333333333334,4.333333333333333
test,audio_37.wav,2,86.0,0.0,0.1802325581395348,0.1337209302325581,0.1046511627906976,0.063953488372093,0.0697674418604651,0.1802325581395348,0.0348837209302325,0.5625,0.4375,1,4,13.0,17,10.5,3.958823529411765
test,audio_113.wav,3,35.666666666666664,0.0,0.1495327102803738,0.1214953271028037,0.102803738317757,0.0841121495327102,0.1121495327102803,0.1401869158878504,0.1121495327102803,0.0,1.0,0,1,7.0,8,3.0,3.9813084112149535
test,audio_85.wav,5,32.4,0.0,0.2098765432098765,0.1481481481481481,0.0432098765432098,0.0432098765432098,0.0493827160493827,0.1296296296296296,0.0679012345679012,0.9444444444444444,0.0555555555555555,1,5,5.2,7,2.0,3.732484076433121
test,audio_173.wav,4,24.5,0.0,0.1326530612244898,0.0714285714285714,0.0816326530612244,0.1428571428571428,0.1428571428571428,0.1632653061224489,0.0612244897959183,0.125,0.875,0,2,6.25,8,2.5,4.020833333333333
test,audio_41.wav,7,19.714285714285715,0.0,0.2536231884057971,0.1231884057971014,0.0579710144927536,0.1014492753623188,0.0434782608695652,0.144927536231884,0.0579710144927536,0.0,1.0,0,1,4.857142857142857,11,1.8571428571428568,4.150375939849624
test,audio_51.wav,8,17.125,0.125,0.1751824817518248,0.1021897810218978,0.1021897810218978,0.0364963503649635,0.0583941605839416,0.1824817518248175,0.1021897810218978,0.0,1.0,1,3,4.75,9,1.125,3.4814814814814814
test,audio_143.wav,9,11.11111111111111,0.0,0.22,0.06,0.06,0.07,0.09,0.24,0.07,0.1666666666666666,0.8333333333333334,0,3,4.222222222222222,9,0.4444444444444444,3.858695652173913
test,audio_92.wav,6,17.333333333333332,0.0,0.2788461538461538,0.1346153846153846,0.125,0.0673076923076923,0.048076923076923,0.0192307692307692,0.0769230769230769,0.0,1.0,0,1,5.166666666666667,8,0.6666666666666666,5.019417475728155
test,audio_74.wav,5,31.8,0.0,0.1572327044025157,0.0943396226415094,0.0943396226415094,0.0754716981132075,0.0880503144654088,0.2075471698113207,0.0880503144654088,0.6,0.4,0,3,7.4,15,3.0,3.8516129032258064
test,audio_0.wav,2,45.5,0.0,0.1978021978021978,0.1208791208791208,0.0329670329670329,0.0659340659340659,0.1648351648351648,0.1318681318681318,0.0439560439560439,0.0,1.0,6,3,9.0,10,5.0,4.463414634146342
test,audio_147.wav,4,31.5,0.0,0.2142857142857142,0.1269841269841269,0.0476190476190476,0.0396825396825396,0.1111111111111111,0.1666666666666666,0.0555555555555555,0.0,1.0,0,1,7.25,10,3.5,3.806451612903226
test,audio_130.wav,4,25.75,0.0,0.1844660194174757,0.1262135922330097,0.029126213592233,0.0097087378640776,0.116504854368932,0.203883495145631,0.0485436893203883,0.0,1.0,10,2,5.25,6,0.75,3.5353535353535355
test,audio_192.wav,3,31.33333333333333,0.0,0.1702127659574468,0.1595744680851064,0.0531914893617021,0.1063829787234042,0.0425531914893617,0.1595744680851064,0.0957446808510638,0.0,1.0,1,2,6.333333333333333,8,2.333333333333333,4.204301075268817
test,audio_43.wav,6,29.5,0.0,0.1525423728813559,0.1129943502824858,0.0790960451977401,0.1468926553672316,0.0903954802259887,0.1242937853107344,0.0847457627118644,0.0,1.0,1,3,4.666666666666667,10,3.0,4.193939393939394
test,audio_65.wav,4,19.5,0.0,0.1538461538461538,0.1025641025641025,0.0384615384615384,0.1282051282051282,0.1025641025641025,0.2179487179487179,0.0384615384615384,0.5,0.5,0,3,3.75,5,1.25,3.7142857142857135
test,audio_14.wav,6,17.0,0.0,0.2254901960784313,0.1274509803921568,0.0392156862745098,0.0784313725490196,0.1078431372549019,0.1764705882352941,0.0686274509803921,0.1875,0.8125,0,2,4.333333333333333,6,1.3333333333333333,4.05050505050505
test,audio_117.wav,5,22.2,0.0,0.081081081081081,0.1171171171171171,0.072072072072072,0.1531531531531531,0.09009009009009,0.1531531531531531,0.081081081081081,0.0,1.0,0,1,5.6,10,1.4,4.0181818181818185
test,audio_212.wav,1,93.0,0.0,0.1720430107526881,0.1182795698924731,0.043010752688172,0.032258064516129,0.1612903225806451,0.2258064516129032,0.086021505376344,0.0,1.0,5,3,9.0,9,11.0,3.9239130434782608
test,audio_79.wav,11,11.181818181818182,0.0909090909090909,0.1788617886178861,0.0975609756097561,0.1138211382113821,0.056910569105691,0.1138211382113821,0.2276422764227642,0.008130081300813,0.0,1.0,0,2,3.272727272727273,6,0.9090909090909092,4.069565217391304
test,audio_171.wav,3,31.33333333333333,0.0,0.1595744680851064,0.1276595744680851,0.0425531914893617,0.1170212765957446,0.0425531914893617,0.2234042553191489,0.0957446808510638,0.0,1.0,2,2,4.666666666666667,6,1.3333333333333333,3.956989247311828
test,audio_60.wav,9,14.444444444444445,0.0,0.2384615384615384,0.1384615384615384,0.0538461538461538,0.0307692307692307,0.0384615384615384,0.1692307692307692,0.0538461538461538,0.4285714285714285,0.5714285714285714,0,3,4.333333333333333,6,0.6666666666666666,4.224
test,audio_153.wav,6,18.166666666666668,0.0,0.1926605504587156,0.0825688073394495,0.073394495412844,0.1559633027522936,0.0825688073394495,0.1559633027522936,0.0458715596330275,0.375,0.625,1,4,6.166666666666667,16,0.5,3.923809523809524
test,audio_176.wav,5,15.0,0.0,0.1866666666666666,0.12,0.0533333333333333,0.0533333333333333,0.0933333333333333,0.2266666666666666,0.08,0.5384615384615384,0.4615384615384615,0,2,3.2,6,0.6,4.013698630136986
test,audio_2.wav,5,24.6,0.0,0.1707317073170731,0.1300813008130081,0.040650406504065,0.073170731707317,0.065040650406504,0.1463414634146341,0.08130081300813,1.0,0.0,0,1,6.4,9,1.4,3.608333333333333
test,audio_50.wav,4,17.25,0.25,0.3043478260869565,0.1304347826086956,0.0289855072463768,0.0579710144927536,0.0579710144927536,0.072463768115942,0.072463768115942,0.0,1.0,0,2,4.75,7,1.25,4.676470588235294
test,audio_29.wav,2,19.0,0.0,0.3421052631578947,0.2105263157894736,0.0263157894736842,0.0,0.0,0.0,0.1052631578947368,0.0,1.0,0,1,6.0,10,1.0,4.947368421052632
test,audio_142.wav,5,17.4,0.0,0.3103448275862069,0.1034482758620689,0.057471264367816,0.0689655172413793,0.0459770114942528,0.1264367816091954,0.1034482758620689,0.4285714285714285,0.5714285714285714,0,2,6.2,9,1.2,4.954022988505747
test,audio_47.wav,5,15.8,0.0,0.1772151898734177,0.2151898734177215,0.050632911392405,0.0759493670886076,0.050632911392405,0.1518987341772152,0.0632911392405063,0.0,1.0,1,3,6.0,9,1.2,4.076923076923077
test,audio_84.wav,9,10.444444444444445,0.0,0.2553191489361702,0.1489361702127659,0.0744680851063829,0.0319148936170212,0.0851063829787234,0.0851063829787234,0.0425531914893617,0.0,1.0,0,2,4.0,9,0.6666666666666666,4.236559139784946
test,audio_164.wav,1,57.0,0.0,0.1929824561403508,0.1403508771929824,0.0,0.0175438596491228,0.1052631578947368,0.2280701754385964,0.1052631578947368,0.0,1.0,0,1,9.0,9,5.0,3.821428571428572
test,audio_48.wav,3,21.33333333333333,0.0,0.1875,0.125,0.09375,0.03125,0.109375,0.171875,0.125,0.375,0.625,0,3,7.333333333333333,10,3.0,3.936507936507936
test,audio_189.wav,2,36.0,0.0,0.2361111111111111,0.125,0.1388888888888889,0.0555555555555555,0.0694444444444444,0.1111111111111111,0.0833333333333333,0.0,1.0,0,1,8.5,11,2.5,4.422535211267606
test,audio_151.wav,4,22.0,0.0,0.1363636363636363,0.1704545454545454,0.0681818181818181,0.0568181818181818,0.0795454545454545,0.1704545454545454,0.1704545454545454,0.0,1.0,0,2,5.0,7,2.0,4.0344827586206895
test,audio_66.wav,5,9.6,0.0,0.0833333333333333,0.2291666666666666,0.0208333333333333,0.0208333333333333,0.0625,0.3541666666666667,0.0833333333333333,0.0,1.0,1,2,2.4,4,1.0,3.125
test,audio_44.wav,6,10.833333333333334,0.0,0.2769230769230769,0.2,0.0461538461538461,0.0461538461538461,0.1076923076923077,0.1384615384615384,0.0,0.0,1.0,1,3,3.8333333333333335,6,1.1666666666666667,4.551724137931035
test,audio_150.wav,3,38.333333333333336,0.0,0.1739130434782608,0.1565217391304348,0.017391304347826,0.0434782608695652,0.1217391304347826,0.2434782608695652,0.0347826086956521,0.2857142857142857,0.7142857142857143,0,4,7.0,8,3.6666666666666665,4.330357142857143
test,audio_87.wav,10,12.7,0.1,0.2283464566929134,0.1417322834645669,0.0708661417322834,0.0472440944881889,0.1023622047244094,0.2047244094488189,0.0472440944881889,0.1875,0.8125,0,4,3.8,7,0.9,4.016393442622951
test,audio_99.wav,2,37.5,0.0,0.28,0.08,0.0,0.0533333333333333,0.12,0.0933333333333333,0.1066666666666666,0.6,0.4,0,2,9.0,13,3.5,4.25
test,audio_62.wav,7,17.285714285714285,0.0,0.2644628099173554,0.1818181818181818,0.0661157024793388,0.0330578512396694,0.024793388429752,0.1818181818181818,0.0826446280991735,0.0,1.0,0,2,4.285714285714286,7,1.0,4.4958677685950414
test,audio_20.wav,2,45.5,0.0,0.2307692307692307,0.1098901098901098,0.0659340659340659,0.0439560439560439,0.0219780219780219,0.1428571428571428,0.0659340659340659,0.0,1.0,0,1,6.5,7,3.0,4.12087912087912
test,audio_124.wav,3,34.666666666666664,0.0,0.2596153846153846,0.1153846153846153,0.0288461538461538,0.0673076923076923,0.0673076923076923,0.1346153846153846,0.0673076923076923,0.0,1.0,0,2,5.666666666666667,8,1.6666666666666667,4.131313131313132
test,audio_54.wav,5,25.8,0.0,0.2170542635658914,0.1085271317829457,0.0852713178294573,0.0310077519379844,0.1085271317829457,0.1472868217054263,0.0465116279069767,0.25,0.75,2,4,6.2,14,2.0,3.9612403100775193
test,audio_45.wav,3,60.0,0.0,0.1222222222222222,0.1666666666666666,0.0722222222222222,0.0833333333333333,0.0777777777777777,0.2055555555555555,0.1,0.0,1.0,0,3,7.333333333333333,8,7.666666666666667,3.84
test,audio_71.wav,10,15.4,0.0,0.1558441558441558,0.1363636363636363,0.0714285714285714,0.0519480519480519,0.1298701298701298,0.1753246753246753,0.0649350649350649,0.0,1.0,4,3,4.4,7,1.5,3.935064935064935
test,audio_184.wav,4,26.75,0.0,0.2897196261682243,0.1121495327102803,0.0560747663551401,0.0747663551401869,0.0654205607476635,0.0841121495327102,0.102803738317757,0.0,1.0,0,2,7.75,12,1.0,4.588785046728972
test,audio_24.wav,8,11.25,0.0,0.2,0.1666666666666666,0.0444444444444444,0.0888888888888888,0.0555555555555555,0.1555555555555555,0.1444444444444444,0.125,0.875,0,3,3.125,5,0.75,3.8505747126436782
test,audio_140.wav,5,20.4,0.0,0.1470588235294117,0.1176470588235294,0.0490196078431372,0.1078431372549019,0.0980392156862745,0.196078431372549,0.0686274509803921,0.1538461538461538,0.8461538461538461,0,2,5.2,7,1.6,3.940594059405941
test,audio_165.wav,5,14.4,0.2,0.2638888888888889,0.0972222222222222,0.0555555555555555,0.0833333333333333,0.0694444444444444,0.2083333333333333,0.0555555555555555,0.2857142857142857,0.7142857142857143,1,4,2.4,6,0.8,4.652173913043479
test,audio_170.wav,6,14.333333333333334,0.0,0.2441860465116279,0.0930232558139534,0.0348837209302325,0.0813953488372093,0.0465116279069767,0.127906976744186,0.0465116279069767,0.125,0.875,2,3,3.8333333333333335,6,0.6666666666666666,4.407407407407407
