split,filename,label,is_noise,is_train,has_text,gec_verb_form_per_100w,gec_agreement_per_100w,gec_determiner_per_100w,gec_preposition_per_100w,gec_pronoun_per_100w,gec_other_grammar_per_100w,gec_punct_per_100w,gec_orth_per_100w,gec_spell_per_100w,gec_all_per_100w,gec_grammar_per_100w,gec_share_chunks_changed,gec_grammar_edits,n_sentences,mean_sentence_len,share_sentences_without_verb,noun_share,verb_share,adj_share,adv_share,aux_share,pron_share,conj_share,tense_past_share,tense_present_share,future_marker_count,tense_variety,mean_parse_depth,max_parse_depth,subordinate_clauses_per_sentence,mean_word_len,n_words_text,n_unique_words,ttr,root_ttr,gpt2_mean_loss,gpt2_perplexity,gpt2_n_tokens
train,audio_192.wav,3.0,False,True,True,0.0,2.0408163265306123,0.0,0.0,0.0,0.0,0.0,0.0,0.0,2.0408163265306123,2.0408163265306123,0.1111111111111111,2,9,11.22222222222222,0.1111111111111111,0.1881188118811881,0.1584158415841584,0.0594059405940594,0.0693069306930693,0.0594059405940594,0.1386138613861386,0.099009900990099,0.0,1.0,1,3,3.333333333333333,6,0.5555555555555556,4.040816326530612,98,63,0.6428571428571429,6.363961030678928,3.8299523630449848,46.06034400741628,124
train,audio_436.wav,3.0,False,True,True,0.9090909090909092,0.0,1.818181818181818,0.0,0.9090909090909092,4.545454545454546,0.0,0.0,0.0,8.181818181818182,8.181818181818182,0.6666666666666666,9,5,22.0,0.2,0.2909090909090909,0.1181818181818181,0.0909090909090909,0.0454545454545454,0.0454545454545454,0.0909090909090909,0.0545454545454545,0.0,1.0,3,2,6.6,10,1.2,4.390909090909091,110,51,0.4636363636363636,4.862659205152521,4.3595234375,78.21984889260924,125
train,audio_447.wav,3.5,False,True,True,0.0,1.3605442176870748,2.0408163265306123,0.6802721088435374,0.0,0.6802721088435374,0.0,0.0,0.0,4.761904761904762,4.761904761904762,0.5,7,12,12.25,0.0833333333333333,0.2517006802721088,0.1564625850340136,0.0544217687074829,0.0340136054421768,0.0544217687074829,0.0952380952380952,0.0476190476190476,0.0,1.0,0,3,5.333333333333333,8,0.8333333333333334,3.986394557823129,147,78,0.5306122448979592,6.4333315709701155,2.7051871937407546,14.957116307034948,169
train,audio_126.wav,2.0,False,True,True,0.0,0.0,0.9523809523809524,0.9523809523809524,0.0,1.9047619047619049,0.0,0.0,0.0,3.809523809523809,3.809523809523809,0.75,4,3,35.0,0.0,0.2095238095238095,0.1333333333333333,0.019047619047619,0.0380952380952381,0.0,0.1904761904761904,0.0666666666666666,0.9166666666666666,0.0833333333333333,0,2,6.333333333333333,8,1.3333333333333333,3.619047619047619,105,44,0.41904761904761906,4.293960320973546,3.768035138239626,43.29491268878735,122
train,audio_61.wav,2.0,False,True,True,2.5,0.0,0.0,0.0,0.0,3.75,1.25,0.0,0.0,7.5,6.25,1.0,5,5,16.2,0.0,0.2345679012345679,0.1358024691358024,0.037037037037037,0.037037037037037,0.074074074074074,0.1481481481481481,0.074074074074074,0.5454545454545454,0.4545454545454545,0,2,4.4,8,1.0,3.75,80,45,0.5625,5.031152949374526,4.0741997612847225,58.803404993736784,90
train,audio_639.wav,2.5,False,True,True,0.0,0.0,0.0,0.0,0.0,0.0,1.0638297872340423,0.0,0.0,1.0638297872340423,0.0,0.1666666666666666,0,6,16.0,0.1666666666666666,0.1458333333333333,0.125,0.0520833333333333,0.09375,0.0833333333333333,0.1979166666666666,0.09375,0.5333333333333333,0.4666666666666667,1,3,4.333333333333333,7,1.6666666666666667,3.797872340425532,94,60,0.6382978723404256,6.18852747755276,3.63202184274656,37.78914313601984,109
train,audio_703.wav,2.0,False,True,True,0.0,0.0,0.0,0.0,0.0,4.545454545454546,0.0,0.0,0.0,4.545454545454546,4.545454545454546,0.3333333333333333,2,2,22.0,0.0,0.1363636363636363,0.1363636363636363,0.1136363636363636,0.1136363636363636,0.0681818181818181,0.1136363636363636,0.0454545454545454,0.75,0.25,0,2,4.5,8,2.0,3.4318181818181817,44,34,0.7727272727272727,5.125692857821981,3.687356387867647,39.93912372121919,51
train,audio_509.wav,3.0,False,True,True,0.7692307692307693,0.0,1.5384615384615383,0.0,0.0,0.7692307692307693,0.7692307692307693,0.0,0.0,3.8461538461538463,3.076923076923077,0.4,4,10,13.1,0.0,0.2137404580152671,0.2061068702290076,0.0610687022900763,0.0534351145038167,0.0381679389312977,0.1603053435114503,0.1068702290076335,0.0,1.0,0,2,3.9,9,0.7,4.892307692307693,130,84,0.6461538461538462,7.367287362179046,3.583350396925403,35.99393301617828,155
train,audio_672.wav,4.0,False,True,True,0.0,0.0,0.0,0.0,0.8547008547008547,1.709401709401709,0.0,0.0,0.0,2.5641025641025643,2.5641025641025643,0.2222222222222222,3,9,13.11111111111111,0.0,0.2627118644067797,0.1016949152542373,0.059322033898305,0.0677966101694915,0.0847457627118644,0.1186440677966101,0.0677966101694915,0.0,1.0,0,1,3.7777777777777777,9,0.6666666666666666,4.128205128205129,117,71,0.6068376068376068,6.563952321998544,3.2099139873798075,24.77695500211287,130
train,audio_344.wav,4.0,False,True,True,0.0,0.8695652173913043,0.0,0.0,0.0,0.8695652173913043,0.0,0.0,0.0,1.7391304347826086,1.7391304347826086,0.1666666666666666,2,6,19.33333333333333,0.0,0.2327586206896551,0.1379310344827586,0.0603448275862069,0.043103448275862,0.0948275862068965,0.1206896551724138,0.0603448275862069,0.0,1.0,0,2,5.5,8,2.0,4.28695652173913,115,66,0.5739130434782609,6.1545317343860715,3.389967679977417,29.66499348161565,128
train,audio_592.wav,5.0,False,True,True,0.0,0.0,0.8928571428571429,0.8928571428571429,0.0,1.7857142857142858,0.8928571428571429,0.8928571428571429,0.0,5.357142857142857,3.571428571428572,0.4,4,5,22.6,0.0,0.2831858407079646,0.1238938053097345,0.0530973451327433,0.0176991150442477,0.0530973451327433,0.1061946902654867,0.0884955752212389,0.0,1.0,1,2,5.2,6,1.8,5.089285714285714,112,79,0.7053571428571429,7.464798341932237,3.64346145269439,38.22391828141578,127
train,audio_705.wav,3.0,False,True,True,0.0,0.0,0.0,0.0,0.0,0.9174311926605504,0.9174311926605504,0.0,0.0,1.834862385321101,0.9174311926605504,0.3333333333333333,1,6,18.5,0.0,0.2522522522522522,0.1441441441441441,0.045045045045045,0.027027027027027,0.036036036036036,0.1531531531531531,0.063063063063063,0.0,1.0,0,2,5.0,9,1.0,3.844036697247706,109,61,0.5596330275229358,5.842740339849024,3.343392578125,28.31502487641557,125
train,audio_497.wav,2.0,False,True,True,1.3157894736842106,5.2631578947368425,2.631578947368421,0.0,1.3157894736842106,2.631578947368421,0.0,0.0,0.0,13.157894736842104,13.157894736842104,1.0,10,3,25.666666666666668,0.0,0.3116883116883117,0.1688311688311688,0.0649350649350649,0.0259740259740259,0.0389610389610389,0.0909090909090909,0.0519480519480519,0.0,1.0,0,1,7.0,7,2.0,5.131578947368421,76,52,0.6842105263157895,5.9648090806346055,3.478887097588901,32.423617666970244,87
train,audio_702.wav,3.0,False,True,True,0.0,0.0,0.0,0.0,0.0,0.0,0.0,0.0,0.0,0.0,0.0,0.0,0,4,24.25,0.0,0.1546391752577319,0.2061855670103092,0.0309278350515463,0.0824742268041237,0.0618556701030927,0.2061855670103092,0.1030927835051546,0.0714285714285714,0.9285714285714286,0,2,5.5,6,3.25,3.9072164948453607,97,56,0.5773195876288659,5.685938524748267,3.1578314950533004,23.5195383545086,107
train,audio_598.wav,2.0,False,True,True,0.7518796992481203,0.0,0.0,0.0,0.0,1.5037593984962403,1.5037593984962403,0.0,0.0,3.7593984962406015,2.255639097744361,1.0,3,2,66.5,0.0,0.1804511278195488,0.1278195488721804,0.0601503759398496,0.075187969924812,0.1203007518796992,0.1729323308270676,0.0676691729323308,0.3529411764705882,0.6470588235294118,1,5,8.0,9,8.0,4.0,133,65,0.48872180451127817,5.63621480190678,3.793363772564053,44.405519401821145,161
train,audio_99.wav,3.5,False,True,True,0.0,0.0,2.5641025641025643,0.0,0.0,1.2820512820512822,1.2820512820512822,0.0,0.0,5.128205128205129,3.8461538461538463,1.0,3,2,40.0,0.0,0.1,0.1625,0.1,0.05,0.1125,0.175,0.025,0.25,0.75,2,3,10.0,14,3.0,3.5128205128205128,78,48,0.6153846153846154,5.4349297638940595,3.905058099982444,49.65296466474961,89
train,audio_194.wav,4.0,False,True,True,0.0,0.0,0.0,0.0,0.0,0.0,0.0,0.0,0.0,0.0,0.0,0.0,0,3,17.333333333333332,0.0,0.1923076923076923,0.1346153846153846,0.1153846153846153,0.0192307692307692,0.0384615384615384,0.1538461538461538,0.1153846153846153,0.625,0.375,0,3,5.333333333333333,7,1.0,3.9038461538461537,52,34,0.6538461538461539,4.714951667914447,3.2150320325578963,24.90408964008187,56
train,audio_5055.wav,0.0,True,True,True,2.272727272727273,0.0,0.0,0.0,0.0,2.272727272727273,0.0,2.272727272727273,0.0,6.818181818181818,4.545454545454546,0.5,2,4,11.5,0.0,0.1304347826086956,0.2391304347826087,0.0434782608695652,0.0869565217391304,0.0434782608695652,0.2391304347826087,0.0652173913043478,0.0,1.0,1,3,3.5,5,1.0,3.636363636363636,44,36,0.8181818181818182,5.4272042023997455,4.095049257631655,60.04229662594197,54
train,audio_178.wav,3.0,False,True,True,1.0,1.0,1.0,0.0,0.0,1.0,0.0,1.0,1.0,6.0,4.0,0.7142857142857143,4,8,12.75,0.0,0.2352941176470588,0.0980392156862745,0.1078431372549019,0.1078431372549019,0.088235294117647,0.1176470588235294,0.0392156862745098,0.0,1.0,2,2,4.0,5,0.875,4.04,100,55,0.55,5.5,4.805953979492188,122.23604609794964,120
train,audio_609.wav,5.0,False,True,True,0.0,0.99009900990099,0.0,0.0,0.0,0.99009900990099,1.98019801980198,0.0,0.0,3.96039603960396,1.98019801980198,0.75,2,5,21.0,0.0,0.1333333333333333,0.1523809523809524,0.0666666666666666,0.0571428571428571,0.0761904761904762,0.1904761904761904,0.0857142857142857,0.0,1.0,0,2,5.0,6,2.0,3.603960396039604,101,67,0.6633663366336634,6.666749174406927,3.257552120663704,25.98584900107201,109
train,audio_77.wav,4.0,False,True,True,0.0,0.0,0.0,0.0,0.0,1.0869565217391304,1.0869565217391304,0.0,0.0,2.1739130434782608,1.0869565217391304,0.5,1,4,24.0,0.0,0.1875,0.125,0.0520833333333333,0.03125,0.1458333333333333,0.125,0.0625,0.0,1.0,1,2,8.5,13,2.0,4.108695652173913,92,59,0.6413043478260869,6.151175214683706,3.1381554236778846,23.061289293821687,104
train,audio_18.wav,4.0,False,True,True,2.0,0.0,0.0,0.0,0.0,1.0,2.0,0.0,0.0,5.0,3.0,0.75,3,3,33.666666666666664,0.0,0.1485148514851485,0.1584158415841584,0.0693069306930693,0.0495049504950495,0.0495049504950495,0.198019801980198,0.0891089108910891,0.8823529411764706,0.1176470588235294,0,2,8.0,15,5.0,4.09,100,60,0.6,6.0,3.772996534994983,43.51024967251312,109
train,audio_9.wav,4.0,False,True,True,0.0,0.0,0.0,0.0,0.0,1.2820512820512822,0.0,0.0,0.0,1.2820512820512822,1.2820512820512822,0.1428571428571428,1,7,11.428571428571429,0.1428571428571428,0.3125,0.0375,0.1,0.025,0.1,0.0875,0.025,0.3333333333333333,0.6666666666666666,0,3,4.571428571428571,6,0.4285714285714285,4.294871794871795,78,44,0.5641025641025641,4.98201895023622,2.7157785516036186,15.116374369250956,95
train,audio_138.wav,2.0,False,True,True,0.0,1.4285714285714286,0.0,0.0,0.0,0.0,1.4285714285714286,0.0,0.0,2.857142857142857,1.4285714285714286,0.25,1,4,18.5,0.0,0.1081081081081081,0.1216216216216216,0.054054054054054,0.1351351351351351,0.1216216216216216,0.1891891891891892,0.0945945945945946,0.4615384615384615,0.5384615384615384,0,4,4.0,5,1.75,3.8857142857142857,70,44,0.6285714285714286,5.259005881071332,3.576466279871324,35.74699750973446,85
train,audio_269.wav,4.0,False,True,True,0.0,0.9009009009009008,0.0,0.9009009009009008,0.9009009009009008,1.8018018018018016,0.0,0.0,0.0,4.504504504504505,4.504504504504505,0.5,5,8,14.375,0.0,0.217391304347826,0.1913043478260869,0.0695652173913043,0.017391304347826,0.0695652173913043,0.2782608695652174,0.0434782608695652,0.0,1.0,0,3,3.75,8,1.75,4.117117117117117,111,61,0.5495495495495496,5.789863774090244,3.074800703260633,21.64556759056875,144
train,audio_717.wav,4.5,False,True,True,0.0,0.0,0.0,0.0,0.0,0.99009900990099,0.0,0.99009900990099,0.0,1.98019801980198,0.99009900990099,0.25,1,4,26.25,0.0,0.219047619047619,0.0857142857142857,0.0476190476190476,0.0857142857142857,0.1047619047619047,0.1619047619047619,0.0666666666666666,0.625,0.375,0,4,5.5,7,1.75,4.099009900990099,101,65,0.6435643564356436,6.467741736364929,3.252264351680361,25.8488044839112,116
train,audio_529.wav,3.0,False,True,True,0.0,0.0,0.8403361344537815,0.0,0.0,0.8403361344537815,0.0,0.0,0.0,1.680672268907563,1.680672268907563,0.3333333333333333,2,9,13.444444444444445,0.0,0.1322314049586777,0.0909090909090909,0.0909090909090909,0.0661157024793388,0.1074380165289256,0.2148760330578512,0.0991735537190082,0.0714285714285714,0.9285714285714286,0,3,3.555555555555556,6,0.6666666666666666,3.84873949579832,119,76,0.6386554621848739,6.966908577414406,3.517004305428832,33.68337207751923,137
train,audio_578.wav,4.0,False,True,True,1.408450704225352,0.0,0.704225352112676,1.408450704225352,0.0,2.112676056338028,0.0,0.0,0.0,5.633802816901408,5.633802816901408,0.5,8,10,14.2,0.2,0.2887323943661972,0.1338028169014084,0.0845070422535211,0.0140845070422535,0.0352112676056338,0.1056338028169014,0.056338028169014,0.0,1.0,0,2,5.0,11,0.3,4.746478873239437,142,90,0.6338028169014085,7.5526322246702025,3.662868724149816,38.97298540337141,170
train,audio_171.wav,2.0,False,True,True,0.0,0.0,1.075268817204301,1.075268817204301,0.0,4.301075268817204,1.075268817204301,0.0,1.075268817204301,8.602150537634408,6.451612903225806,0.5,6,9,10.666666666666666,0.3333333333333333,0.1666666666666666,0.1354166666666666,0.0625,0.0833333333333333,0.09375,0.1875,0.0729166666666666,0.0,1.0,1,3,2.7777777777777777,10,0.5555555555555556,4.075268817204301,93,57,0.6129032258064516,5.910624659963424,3.759137015057425,42.91137812200659,117
train,audio_596.wav,3.0,False,True,True,0.0,0.0,1.6666666666666667,0.8333333333333334,0.0,0.8333333333333334,0.0,0.0,0.0,3.333333333333333,3.333333333333333,0.4,4,5,24.2,0.0,0.3057851239669421,0.1487603305785124,0.0909090909090909,0.024793388429752,0.0082644628099173,0.0330578512396694,0.0991735537190082,0.0,1.0,0,1,6.4,8,2.2,5.066666666666666,120,83,0.6916666666666667,7.576828712154798,3.7781610903532608,43.73554203226971,138
train,audio_5066.wav,0.0,True,True,True,1.0526315789473684,0.0,0.0,0.0,0.0,1.0526315789473684,0.0,0.0,0.0,2.1052631578947367,2.1052631578947367,0.2,2,5,20.6,0.0,0.0970873786407767,0.145631067961165,0.0776699029126213,0.058252427184466,0.1359223300970873,0.203883495145631,0.0776699029126213,0.2307692307692307,0.7692307692307693,2,5,4.6,7,1.2,3.557894736842105,95,55,0.5789473684210527,5.642880936468348,3.1492135184151784,23.31771841129556,119
train,audio_501.wav,3.0,False,True,True,0.7407407407407407,0.0,0.7407407407407407,0.0,0.0,4.444444444444445,0.0,0.0,0.0,5.925925925925926,5.925925925925926,0.8,8,4,33.75,0.0,0.2,0.1777777777777777,0.0888888888888888,0.0666666666666666,0.074074074074074,0.2074074074074074,0.0444444444444444,0.1875,0.8125,0,3,5.75,9,2.0,3.948148148148148,135,51,0.37777777777777777,4.389381125701739,3.3766209193638392,29.27169240110522,140
train,audio_8.wav,2.0,False,True,True,0.0,0.0,1.0638297872340423,0.0,0.0,1.0638297872340423,0.0,0.0,0.0,2.127659574468085,2.127659574468085,0.3333333333333333,2,3,31.33333333333333,0.0,0.202127659574468,0.1063829787234042,0.0957446808510638,0.0957446808510638,0.0638297872340425,0.0851063829787234,0.0851063829787234,0.0,1.0,0,1,4.0,6,1.6666666666666667,3.9468085106382977,94,48,0.5106382978723404,4.950821982042208,3.630561361507493,37.73399308404037,98
train,audio_84.wav,2.5,False,True,True,0.0,0.0,0.0,0.0,0.0,1.1235955056179776,1.1235955056179776,0.0,0.0,2.247191011235955,1.1235955056179776,0.2857142857142857,1,6,14.833333333333334,0.0,0.1685393258426966,0.1235955056179775,0.0898876404494382,0.0449438202247191,0.1235955056179775,0.2022471910112359,0.0449438202247191,0.0,1.0,2,2,4.5,7,1.3333333333333333,3.6741573033707855,89,55,0.6179775280898876,5.82998834003498,3.25494762302674,25.9182569785943,97
train,audio_11.wav,3.0,False,True,True,0.0,0.0,0.0,0.0,1.351351351351351,1.351351351351351,0.0,0.0,0.0,2.702702702702702,2.702702702702702,0.25,2,4,18.5,0.0,0.2567567567567567,0.1351351351351351,0.027027027027027,0.054054054054054,0.081081081081081,0.1351351351351351,0.0945945945945946,0.0,1.0,1,2,4.0,5,1.25,4.175675675675675,74,39,0.527027027027027,4.533657911008952,3.0258192905159884,20.610884097558543,86
train,audio_142.wav,2.5,False,True,True,0.0,5.128205128205129,0.0,0.0,0.0,0.0,0.0,5.128205128205129,0.0,10.256410256410255,5.128205128205129,1.0,2,3,13.0,0.3333333333333333,0.358974358974359,0.1025641025641025,0.0512820512820512,0.0512820512820512,0.0,0.1025641025641025,0.1025641025641025,0.0,1.0,0,1,4.333333333333333,6,0.3333333333333333,4.589743589743589,39,25,0.6410256410256411,4.003203845127178,4.090008025473737,59.740371147001,47
train,audio_610.wav,5.0,False,True,True,0.0,0.9174311926605504,0.0,0.0,0.0,0.0,0.0,0.0,0.0,0.9174311926605504,0.9174311926605504,0.1428571428571428,1,7,16.285714285714285,0.0,0.219298245614035,0.131578947368421,0.0789473684210526,0.0350877192982456,0.0964912280701754,0.1140350877192982,0.0526315789473684,0.0,1.0,0,2,4.571428571428571,7,0.8571428571428571,4.08256880733945,109,68,0.6238532110091743,6.513218739503829,3.1462502479553223,23.248723980202403,128
train,audio_654.wav,3.0,False,True,True,0.0,1.020408163265306,1.020408163265306,0.0,0.0,1.020408163265306,1.020408163265306,0.0,0.0,4.081632653061225,3.061224489795918,0.75,3,3,33.333333333333336,0.0,0.24,0.19,0.03,0.09,0.07,0.1,0.05,0.0,1.0,0,2,6.333333333333333,9,2.333333333333333,4.479591836734694,98,56,0.5714285714285714,5.656854249492381,3.545844070049895,34.668936006264104,119
train,audio_170.wav,2.5,False,True,True,0.6535947712418301,0.0,0.0,1.30718954248366,0.0,1.96078431372549,0.6535947712418301,0.6535947712418301,0.0,5.228758169934641,3.92156862745098,0.4545454545454545,6,11,14.363636363636363,0.0909090909090909,0.1139240506329113,0.1772151898734177,0.0822784810126582,0.0569620253164556,0.0886075949367088,0.2025316455696202,0.0569620253164556,0.0,1.0,0,2,5.727272727272728,14,1.4545454545454546,3.941176470588236,153,75,0.49019607843137253,6.063390625908324,3.4416302767666904,31.237843008551263,176
train,audio_255.wav,4.5,False,True,True,0.0,0.0,0.0,1.0526315789473684,0.0,1.0526315789473684,1.0526315789473684,0.0,0.0,3.1578947368421053,2.1052631578947367,0.4,2,5,19.0,0.0,0.2736842105263158,0.1473684210526315,0.0947368421052631,0.0105263157894736,0.0210526315789473,0.0736842105263157,0.0842105263157894,0.0,1.0,0,1,5.6,7,1.0,4.684210526315789,95,65,0.6842105263157895,6.668859288553502,3.943372744605655,51.59231589349895,105
train,audio_162.wav,3.0,False,True,True,0.0,0.0,1.0309278350515465,1.0309278350515465,0.0,2.061855670103093,1.0309278350515465,0.0,0.0,5.154639175257732,4.123711340206185,1.0,4,5,20.4,0.2,0.2058823529411764,0.0980392156862745,0.0294117647058823,0.0588235294117647,0.1372549019607843,0.1862745098039215,0.1078431372549019,0.0,1.0,1,2,4.2,10,1.8,4.072164948453608,97,57,0.5876288659793815,5.787473141261629,4.121536542784493,61.653903380752105,106
train,audio_5069.wav,0.0,True,True,True,0.0,0.0,0.0,0.0,0.0,0.0,0.0,0.0,0.0,0.0,0.0,0.0,0,1,3.0,0.0,0.3333333333333333,0.3333333333333333,0.0,0.0,0.0,0.0,0.0,,,0,0,2.0,2,0.0,5.666666666666667,3,3,1.0,1.7320508075688774,3.48049259185791,32.47571540943795,4
train,audio_769.wav,3.0,False,True,True,0.0,0.9615384615384616,0.0,0.0,0.9615384615384616,0.9615384615384616,0.0,0.0,0.0,2.8846153846153846,2.8846153846153846,0.2,3,4,26.5,0.0,0.2264150943396226,0.1792452830188679,0.0094339622641509,0.0471698113207547,0.0377358490566037,0.1415094339622641,0.0754716981132075,0.0,1.0,0,2,5.75,12,2.75,4.163461538461538,104,55,0.5288461538461539,5.393193716300061,3.5977405109236726,36.515634484733496,113
train,audio_720.wav,3.0,False,True,True,0.7633587786259542,0.0,0.0,1.5267175572519085,0.0,0.7633587786259542,1.5267175572519085,0.0,0.0,4.580152671755725,3.053435114503817,0.3333333333333333,4,6,22.5,0.0,0.1851851851851851,0.1703703703703703,0.0296296296296296,0.0666666666666666,0.074074074074074,0.1777777777777777,0.0444444444444444,0.0833333333333333,0.9166666666666666,0,4,5.833333333333333,9,2.0,3.954198473282443,131,75,0.5725190839694656,6.552780424957784,3.485664791531033,32.644121433426115,144
train,audio_623.wav,3.0,False,True,True,0.0,0.0,0.0,0.970873786407767,0.0,1.941747572815534,0.970873786407767,0.0,0.0,3.883495145631068,2.912621359223301,0.6666666666666666,3,4,26.75,0.0,0.1682242990654205,0.1401869158878504,0.0654205607476635,0.0560747663551401,0.1214953271028037,0.1775700934579439,0.0373831775700934,0.0,1.0,0,1,6.5,11,3.25,4.135922330097087,103,58,0.5631067961165048,5.7149098133529,3.500565351065943,33.13417910796444,118
train,audio_718.wav,4.5,False,True,True,0.0,2.0202020202020203,0.0,0.0,0.0,2.0202020202020203,0.0,0.0,0.0,4.040404040404041,4.040404040404041,0.75,4,3,35.666666666666664,0.0,0.2429906542056074,0.102803738317757,0.0654205607476635,0.0747663551401869,0.0654205607476635,0.1214953271028037,0.0747663551401869,0.0,1.0,0,2,6.0,6,3.333333333333333,4.17,99,60,0.6060606060606061,6.030226891555272,3.695845127105713,40.27959958879575,128
train,audio_136.wav,3.5,False,True,True,0.0,0.0,0.0,0.0,0.0,5.797101449275362,0.0,0.0,0.0,5.797101449275362,5.797101449275362,0.5,4,6,11.666666666666666,0.0,0.2714285714285714,0.1428571428571428,0.0857142857142857,0.0857142857142857,0.0428571428571428,0.0857142857142857,0.0857142857142857,0.0,1.0,0,1,4.333333333333333,8,0.8333333333333334,4.159420289855072,69,56,0.8115942028985508,6.741607772803075,4.027419478804977,56.115915935402256,81
train,audio_119.wav,2.0,False,True,True,1.351351351351351,1.351351351351351,4.054054054054054,0.0,0.0,1.351351351351351,1.351351351351351,0.0,0.0,9.45945945945946,8.108108108108109,0.6,6,5,14.8,0.0,0.2837837837837837,0.1486486486486486,0.081081081081081,0.0405405405405405,0.081081081081081,0.0675675675675675,0.081081081081081,0.3333333333333333,0.6666666666666666,0,3,5.8,8,0.8,4.324324324324325,74,49,0.6621621621621622,5.696134298447145,3.9695159912109377,52.95889206626177,80
train,audio_542.wav,3.0,False,True,True,0.0,0.0,0.8771929824561403,0.8771929824561403,0.0,4.385964912280702,0.0,0.0,0.0,6.140350877192983,6.140350877192983,0.6,7,5,22.8,0.0,0.175438596491228,0.1140350877192982,0.0614035087719298,0.0526315789473684,0.0614035087719298,0.1842105263157894,0.1403508771929824,0.8461538461538461,0.1538461538461538,0,3,4.8,8,1.6,3.8157894736842106,114,62,0.543859649122807,5.806832031806502,3.201841723017332,24.57775395468134,119
train,audio_5073.wav,0.0,True,True,True,0.0,0.0,0.9009009009009008,0.9009009009009008,0.0,1.8018018018018016,0.0,0.0,0.0,3.603603603603604,3.603603603603604,0.5,4,6,18.666666666666668,0.0,0.2678571428571428,0.0803571428571428,0.0446428571428571,0.0357142857142857,0.0714285714285714,0.0892857142857142,0.0803571428571428,0.0,1.0,1,3,5.166666666666667,8,0.8333333333333334,4.144144144144144,111,60,0.5405405405405406,5.694947974514994,3.339223061838457,28.19721070377722,124
train,audio_322.wav,4.0,False,True,True,0.0,0.0,0.0,1.9230769230769231,0.0,1.9230769230769231,0.9615384615384616,0.0,0.0,4.807692307692308,3.8461538461538463,1.0,4,2,52.5,0.0,0.2095238095238095,0.1523809523809524,0.019047619047619,0.0476190476190476,0.0476190476190476,0.0952380952380952,0.1142857142857142,0.0,1.0,0,2,9.0,12,5.5,3.951923076923077,104,58,0.5576923076923077,5.687367919007337,3.903039932250977,49.55285770398845,112
train,audio_5039.wav,0.0,True,True,True,0.0,0.0,0.0,0.0,0.0,6.0606060606060606,0.0,3.0303030303030303,0.0,9.090909090909092,6.0606060606060606,0.5,2,2,16.5,0.0,0.3333333333333333,0.1212121212121212,0.1212121212121212,0.0303030303030303,0.0909090909090909,0.0303030303030303,0.0909090909090909,0.3333333333333333,0.6666666666666666,0,2,5.0,7,1.0,5.2727272727272725,33,30,0.9090909090909091,5.222329678670935,5.794749904323268,328.5699997689756,37
train,audio_707.wav,3.0,False,True,True,0.0,0.0,0.0,0.0,0.0,0.99009900990099,0.0,0.0,0.0,0.99009900990099,0.99009900990099,0.25,1,3,34.0,0.0,0.2254901960784313,0.1568627450980392,0.0490196078431372,0.0588235294117647,0.1078431372549019,0.1078431372549019,0.0686274509803921,0.1666666666666666,0.8333333333333334,1,3,4.333333333333333,6,2.6666666666666665,4.247524752475248,101,63,0.6237623762376238,6.268734298322932,4.142928957000492,62.987037862015775,127
train,audio_148.wav,3.5,False,True,True,0.0,0.0,0.7633587786259542,0.7633587786259542,0.0,2.2900763358778624,0.7633587786259542,0.0,0.0,4.580152671755725,3.816793893129771,0.5,5,5,26.4,0.0,0.2575757575757575,0.0984848484848484,0.0681818181818181,0.0606060606060606,0.0833333333333333,0.0984848484848484,0.0757575757575757,0.0,1.0,1,3,5.4,9,1.6,4.793893129770993,131,72,0.549618320610687,6.290669207959473,3.784830305311415,44.02819857334386,144
train,audio_316.wav,2.0,False,True,True,0.0,0.0,1.020408163265306,0.0,1.020408163265306,2.0408163265306123,1.020408163265306,0.0,0.0,5.1020408163265305,4.081632653061225,0.75,4,3,33.0,0.0,0.2525252525252525,0.1212121212121212,0.0404040404040404,0.101010101010101,0.0606060606060606,0.1616161616161616,0.0606060606060606,0.25,0.75,0,3,5.333333333333333,7,3.0,4.63265306122449,98,52,0.5306122448979592,5.252793231671496,4.766897869925214,117.55400792842,117
train,audio_647.wav,4.5,False,True,True,0.0,0.8130081300813008,0.0,0.0,0.0,3.252032520325203,0.8130081300813008,0.0,0.0,4.878048780487805,4.065040650406504,0.5,5,2,61.5,0.0,0.1951219512195122,0.1382113821138211,0.089430894308943,0.048780487804878,0.056910569105691,0.1463414634146341,0.073170731707317,0.0,1.0,0,1,9.0,10,5.0,4.211382113821138,123,70,0.5691056910569106,6.311687442672025,3.218735773760573,24.996498967476786,133
train,audio_286.wav,5.0,False,True,True,0.0,0.0,0.0,0.0,0.8771929824561403,2.631578947368421,0.0,0.0,0.0,3.508771929824561,3.508771929824561,0.25,4,12,10.166666666666666,0.0,0.1639344262295081,0.1147540983606557,0.0655737704918032,0.1311475409836065,0.1311475409836065,0.2049180327868852,0.0737704918032786,0.0,1.0,1,3,3.0,6,0.5833333333333334,4.280701754385965,114,68,0.5964912280701754,6.368783518755519,3.34859619140625,28.46274933305864,145
train,audio_92.wav,4.0,False,True,True,3.3707865168539324,0.0,0.0,0.0,0.0,1.1235955056179776,1.1235955056179776,0.0,0.0,5.617977528089888,4.49438202247191,0.5,4,4,22.25,0.0,0.1797752808988764,0.1685393258426966,0.0786516853932584,0.0786516853932584,0.0337078651685393,0.1685393258426966,0.1011235955056179,0.5,0.5,0,3,5.75,8,1.25,4.50561797752809,89,47,0.5280898876404494,4.9819900360298925,3.6393561112253288,38.067317713930166,95
train,audio_462.wav,3.5,False,True,True,0.0,0.0,0.0,1.098901098901099,1.098901098901099,0.0,2.197802197802198,0.0,0.0,4.395604395604396,2.197802197802198,0.5,2,4,22.0,0.0,0.3295454545454545,0.1704545454545454,0.0454545454545454,0.0227272727272727,0.0,0.034090909090909,0.0568181818181818,0.0,1.0,0,1,5.5,7,1.25,4.666666666666667,91,60,0.6593406593406593,6.28970902033151,4.36755766691985,78.85081637855295,108
train,audio_376.wav,5.0,False,True,True,0.0,0.0,0.99009900990099,0.0,0.0,0.99009900990099,0.0,0.0,0.0,1.98019801980198,1.98019801980198,0.2857142857142857,2,6,16.833333333333332,0.0,0.2178217821782178,0.1584158415841584,0.1188118811881188,0.0396039603960396,0.0693069306930693,0.1386138613861386,0.0792079207920792,0.9333333333333332,0.0666666666666666,0,2,4.833333333333333,9,1.3333333333333333,4.1683168316831685,101,76,0.7524752475247525,7.562282645595918,3.532791913565943,34.21937190115123,118
train,audio_76.wav,4.0,False,True,True,0.0,0.0,0.0,0.0,0.0,1.25,0.0,0.0,0.0,1.25,1.25,0.5,1,1,80.0,0.0,0.225,0.0875,0.15,0.05,0.075,0.0875,0.0875,1.0,0.0,1,3,9.0,9,1.0,4.3,80,52,0.65,5.813776741499453,3.674428511639032,39.426118849668654,98
train,audio_105.wav,2.0,False,True,True,0.0,2.5974025974025974,0.0,0.0,0.0,3.896103896103896,2.5974025974025974,0.0,0.0,9.090909090909092,6.493506493506493,1.0,5,2,39.5,0.0,0.2151898734177215,0.0886075949367088,0.1012658227848101,0.050632911392405,0.0759493670886076,0.1139240506329113,0.0379746835443038,0.1666666666666666,0.8333333333333334,0,3,7.0,8,2.0,4.051948051948052,77,36,0.4675324675324675,4.102580752546966,4.1724853515625,64.87649279588413,92
train,audio_355.wav,3.0,False,True,True,0.0,0.0,0.0,0.0,0.0,1.1764705882352942,1.1764705882352942,0.0,0.0,2.3529411764705883,1.1764705882352942,0.25,1,6,14.166666666666666,0.0,0.2470588235294117,0.1411764705882353,0.0705882352941176,0.0588235294117647,0.0823529411764705,0.1294117647058823,0.0352941176470588,0.2222222222222222,0.7777777777777778,1,4,4.0,7,1.0,4.352941176470588,85,57,0.6705882352941176,6.182518047831701,3.418760650011958,30.53155228434695,98
train,audio_663.wav,3.0,False,True,True,0.0,2.4390243902439024,0.0,0.0,0.0,2.4390243902439024,0.0,0.0,0.0,4.878048780487805,4.878048780487805,0.75,4,4,20.5,0.0,0.2073170731707317,0.1707317073170731,0.0365853658536585,0.0853658536585365,0.0609756097560975,0.1951219512195122,0.0975609756097561,0.0,1.0,1,2,4.25,6,1.5,4.146341463414634,82,51,0.6219512195121951,5.632007829817173,3.925522155761719,50.679533761793614,100
train,audio_767.wav,4.5,False,True,True,0.0,0.0,0.0,0.0,0.0,2.702702702702702,0.0,0.0,0.0,2.702702702702702,2.702702702702702,0.4,3,3,37.66666666666666,0.0,0.1592920353982301,0.1327433628318584,0.0973451327433628,0.0353982300884955,0.0530973451327433,0.2123893805309734,0.0884955752212389,0.7058823529411765,0.2941176470588235,0,3,6.0,7,3.0,3.981981981981982,111,59,0.5315315315315315,5.600032174939744,2.876187456332571,17.74648479041982,123
train,audio_655.wav,5.0,False,True,True,0.0,0.0,0.0,1.0,0.0,2.0,0.0,0.0,0.0,3.0,3.0,0.4,3,5,20.2,0.0,0.2178217821782178,0.1287128712871287,0.099009900990099,0.0495049504950495,0.099009900990099,0.1881188118811881,0.0792079207920792,0.4444444444444444,0.5555555555555556,0,3,4.0,5,1.8,4.181818181818182,100,65,0.65,6.5,3.7861250492564418,44.08524073638614,114
train,audio_372.wav,5.0,False,True,True,0.0,0.0,0.0,0.8403361344537815,0.0,0.8403361344537815,0.8403361344537815,0.8403361344537815,0.0,3.361344537815126,1.680672268907563,0.4285714285714285,2,6,20.0,0.0,0.1583333333333333,0.1666666666666666,0.0916666666666666,0.075,0.0416666666666666,0.1666666666666666,0.0833333333333333,0.0,1.0,0,2,5.666666666666667,11,1.3333333333333333,4.159663865546219,119,73,0.6134453781512605,6.691899028305943,3.4026941197519083,30.044935762837653,131
train,audio_667.wav,5.0,False,True,True,0.0,0.78125,0.0,0.0,0.0,0.78125,0.78125,0.0,0.0,2.34375,1.5625,0.375,2,8,16.875,0.0,0.1629629629629629,0.1185185185185185,0.1185185185185185,0.0814814814814814,0.1037037037037037,0.1703703703703703,0.0518518518518518,0.2,0.8,0,3,4.75,8,1.375,4.328125,128,85,0.6640625,7.513009550107067,3.3896765457956413,29.65635824507825,152
train,audio_517.wav,2.5,False,True,True,1.0101010101010102,0.0,0.0,1.0101010101010102,0.0,4.040404040404041,0.0,0.0,0.0,6.0606060606060606,6.0606060606060606,1.0,6,3,34.0,0.0,0.1764705882352941,0.1470588235294117,0.0784313725490196,0.0392156862745098,0.1078431372549019,0.1372549019607843,0.1568627450980392,0.0,1.0,1,3,7.333333333333333,10,2.333333333333333,4.090909090909091,99,63,0.6363636363636364,6.331738236133036,3.8078439302533584,45.053196239644656,107
train,audio_765.wav,5.0,False,True,True,0.0,0.0,0.0,0.0,0.0,0.0,0.0,0.0,0.0,0.0,0.0,0.0,0,5,19.8,0.0,0.2222222222222222,0.1313131313131313,0.0909090909090909,0.0707070707070707,0.0909090909090909,0.1414141414141414,0.0707070707070707,0.0769230769230769,0.9230769230769232,0,3,5.4,8,1.4,4.552083333333333,96,70,0.7291666666666666,7.144345083117604,3.700184096637954,40.45475125826782,117
train,audio_38.wav,4.0,False,True,True,0.0,0.0,1.1904761904761905,0.0,0.0,1.1904761904761905,1.1904761904761905,0.0,0.0,3.571428571428572,2.380952380952381,0.2,2,4,22.25,0.0,0.247191011235955,0.1348314606741573,0.0337078651685393,0.0898876404494382,0.0786516853932584,0.1235955056179775,0.0561797752808988,0.0,1.0,0,2,5.25,8,1.75,4.238095238095238,84,49,0.5833333333333334,5.346338310781814,3.327359199523926,27.86465945005112,96
train,audio_371.wav,5.0,False,True,True,0.0,0.0,0.0,0.0,0.0,1.5625,0.0,0.0,0.0,1.5625,1.5625,0.4,2,5,25.6,0.0,0.1796875,0.125,0.0703125,0.078125,0.09375,0.125,0.109375,0.0,1.0,0,2,3.0,6,2.2,4.140625,128,78,0.609375,6.894291116568838,3.3994628058539496,29.9480078309691,144
train,audio_507.wav,3.0,False,True,True,2.1052631578947367,0.0,1.0526315789473684,3.1578947368421053,0.0,2.1052631578947367,1.0526315789473684,0.0,0.0,9.473684210526317,8.421052631578947,0.6,8,3,32.0,0.0,0.1875,0.1458333333333333,0.0625,0.0208333333333333,0.1041666666666666,0.1979166666666666,0.1041666666666666,0.2222222222222222,0.7777777777777778,4,4,6.666666666666667,11,2.6666666666666665,4.3578947368421055,95,48,0.5052631578947369,4.92469609000874,3.9808816010097288,53.56423570228056,106
train,audio_5056.wav,0.0,True,True,True,0.0,0.0,0.0,0.0,0.0,3.8461538461538463,0.0,0.0,0.0,3.8461538461538463,3.8461538461538463,0.5,2,1,56.0,0.0,0.1428571428571428,0.1964285714285714,0.0178571428571428,0.0535714285714285,0.0892857142857142,0.2678571428571428,0.0357142857142857,0.0,1.0,0,2,7.0,7,8.0,3.8461538461538463,52,26,0.5,3.6055512754639896,2.5970120943509616,13.423569695557738,65
train,audio_282.wav,5.0,False,True,True,0.8849557522123894,0.0,0.0,0.0,0.8849557522123894,1.7699115044247788,0.0,0.0,0.0,3.5398230088495577,3.5398230088495577,0.4,4,4,29.5,0.0,0.1101694915254237,0.1610169491525423,0.0762711864406779,0.0677966101694915,0.1271186440677966,0.2033898305084746,0.0677966101694915,0.5333333333333333,0.4666666666666667,0,4,5.25,8,3.25,4.123893805309734,113,71,0.6283185840707964,6.6791181655235405,3.084537476532219,21.857354964150566,129
train,audio_459.wav,3.0,False,True,True,0.0,0.8620689655172413,0.0,0.8620689655172413,0.0,0.0,0.0,0.0,0.0,1.7241379310344829,1.7241379310344829,0.2857142857142857,2,7,16.571428571428573,0.0,0.2672413793103448,0.1724137931034483,0.0948275862068965,0.0258620689655172,0.0258620689655172,0.1896551724137931,0.0689655172413793,0.0,1.0,0,2,4.285714285714286,7,0.8571428571428571,4.568965517241379,116,76,0.6551724137931034,7.056422850727971,3.864224312000705,47.66628392436122,133
train,audio_303.wav,5.0,False,True,True,0.0,0.0,0.0,1.0101010101010102,0.0,1.0101010101010102,0.0,0.0,0.0,2.0202020202020203,2.0202020202020203,0.2857142857142857,2,6,16.5,0.0,0.2525252525252525,0.1717171717171717,0.0808080808080808,0.0606060606060606,0.0606060606060606,0.1111111111111111,0.0303030303030303,0.0,1.0,0,2,4.5,11,1.3333333333333333,4.727272727272728,99,62,0.6262626262626263,6.231234454607115,3.7040894706294223,40.6130511005082,106
train,audio_297.wav,4.5,False,True,True,0.0,1.0869565217391304,0.0,0.0,0.0,0.0,0.0,0.0,0.0,1.0869565217391304,1.0869565217391304,0.1666666666666666,1,6,16.0,0.0,0.1875,0.15625,0.0625,0.0625,0.0833333333333333,0.1770833333333333,0.0520833333333333,0.0909090909090909,0.9090909090909092,0,4,5.0,7,1.3333333333333333,3.934782608695652,92,65,0.7065217391304348,6.776718456854931,3.1124815764250577,22.47675302997806,108
train,audio_432.wav,3.5,False,True,True,3.191489361702128,0.0,1.0638297872340423,0.0,0.0,2.127659574468085,1.0638297872340423,0.0,0.0,7.446808510638298,6.382978723404255,0.6666666666666666,6,3,32.333333333333336,0.0,0.134020618556701,0.1134020618556701,0.0515463917525773,0.0309278350515463,0.0618556701030927,0.268041237113402,0.1134020618556701,0.4285714285714285,0.5714285714285714,0,3,5.666666666666667,7,2.0,3.393617021276596,94,52,0.5531914893617021,5.363390480545726,4.091619001116071,59.83668899180311,105
train,audio_454.wav,3.5,False,True,True,0.0,0.0,3.3783783783783785,0.0,0.0,3.3783783783783785,0.6756756756756757,0.0,0.0,7.432432432432432,6.756756756756757,0.5714285714285714,10,5,29.8,0.0,0.2550335570469799,0.0604026845637583,0.046979865771812,0.0536912751677852,0.1140939597315436,0.0671140939597315,0.087248322147651,0.0,1.0,9,2,4.2,7,0.8,4.027027027027027,148,66,0.44594594594594594,5.425166581076791,3.7024721556071993,40.54742009018047,158
train,audio_482.wav,2.0,False,True,True,0.0,0.0,0.0,1.4814814814814814,0.0,0.7407407407407407,0.0,0.0,0.0,2.2222222222222223,2.2222222222222223,0.3333333333333333,3,9,15.22222222222222,0.0,0.1605839416058394,0.1605839416058394,0.1313868613138686,0.0583941605839416,0.0583941605839416,0.1751824817518248,0.1240875912408759,0.0,1.0,0,2,3.7777777777777777,5,1.1111111111111112,3.91851851851852,135,63,0.4666666666666667,5.422176684690384,3.1439364451282428,23.194993202115604,159
train,audio_484.wav,2.0,False,True,True,1.0869565217391304,0.0,1.0869565217391304,0.0,1.0869565217391304,2.1739130434782608,2.1739130434782608,0.0,0.0,7.608695652173913,5.434782608695652,0.6,5,4,23.0,0.0,0.2826086956521739,0.1195652173913043,0.0652173913043478,0.0652173913043478,0.0434782608695652,0.0978260869565217,0.0978260869565217,0.125,0.875,1,3,5.0,8,1.0,4.217391304347826,92,60,0.6521739130434783,6.255432421712244,4.1621737698896215,64.2109508340921,109
train,audio_757.wav,4.0,False,True,True,2.0,0.0,1.0,2.0,0.0,4.0,1.0,0.0,0.0,10.0,9.0,1.0,9,6,17.166666666666668,0.0,0.174757281553398,0.145631067961165,0.0485436893203883,0.0388349514563106,0.1262135922330097,0.1650485436893204,0.0388349514563106,0.125,0.875,5,4,6.5,11,0.8333333333333334,3.83,100,55,0.55,5.5,3.6475954922762783,38.38226455192583,110
train,audio_773.wav,3.0,False,True,True,1.2658227848101269,0.0,0.0,2.5316455696202533,0.0,1.2658227848101269,1.2658227848101269,0.0,0.0,6.329113924050633,5.063291139240507,0.5,4,5,16.8,0.0,0.1428571428571428,0.119047619047619,0.0119047619047619,0.1071428571428571,0.119047619047619,0.238095238095238,0.0714285714285714,0.3,0.7,1,5,5.0,8,0.8,3.65,79,52,0.6582278481012658,5.850457084815324,3.2962064855238973,27.009981571606552,85
train,audio_668.wav,5.0,False,True,True,0.0,0.0,0.0,0.0,0.0,0.7936507936507936,0.0,0.0,0.0,0.7936507936507936,0.7936507936507936,0.125,1,8,17.375,0.125,0.237410071942446,0.1726618705035971,0.0503597122302158,0.0431654676258992,0.0863309352517985,0.1654676258992805,0.0359712230215827,0.0526315789473684,0.9473684210526316,0,4,3.875,5,1.625,4.2936507936507935,126,76,0.6031746031746031,6.770618128448084,3.362176965784144,28.851932230849272,162
train,audio_240.wav,5.0,False,True,True,0.7936507936507936,1.5873015873015872,0.0,0.0,0.0,1.5873015873015872,0.7936507936507936,0.0,0.0,4.761904761904762,3.968253968253968,1.0,5,2,63.0,0.0,0.2698412698412698,0.1507936507936507,0.0793650793650793,0.0158730158730158,0.0555555555555555,0.1269841269841269,0.0873015873015873,0.125,0.875,1,3,11.0,11,6.0,4.301587301587301,126,78,0.6190476190476191,6.948792289723034,3.199412393912995,24.518118967513665,139
train,audio_163.wav,2.0,False,True,True,0.0,0.0,1.5151515151515151,0.0,0.0,0.0,0.0,0.0,0.0,1.5151515151515151,1.5151515151515151,0.125,1,8,8.375,0.0,0.2537313432835821,0.1194029850746268,0.0597014925373134,0.0895522388059701,0.044776119402985,0.1641791044776119,0.0298507462686567,0.0,1.0,0,1,3.375,5,0.375,4.090909090909091,66,40,0.6060606060606061,4.923659639173309,3.702236419028424,40.53786270664695,94
train,audio_659.wav,5.0,False,True,True,0.0,0.0,0.0,0.0,0.0,1.5151515151515151,0.0,0.0,0.0,1.5151515151515151,1.5151515151515151,0.2857142857142857,2,7,18.857142857142858,0.0,0.1742424242424242,0.106060606060606,0.0833333333333333,0.0681818181818181,0.1212121212121212,0.1893939393939394,0.0681818181818181,0.8421052631578947,0.1578947368421052,0,3,4.857142857142857,8,1.7142857142857142,3.984848484848485,132,70,0.5303030303030303,6.092717958449424,3.262496530193172,26.11465184510348,146
train,audio_532.wav,3.5,False,True,True,0.6756756756756757,0.0,1.351351351351351,0.0,0.6756756756756757,1.351351351351351,0.0,0.6756756756756757,0.0,4.72972972972973,4.054054054054054,0.4,6,9,16.77777777777778,0.1111111111111111,0.1125827814569536,0.0927152317880794,0.0596026490066225,0.086092715231788,0.119205298013245,0.2450331125827814,0.1125827814569536,0.1875,0.8125,1,4,3.4444444444444446,6,0.8888888888888888,3.641891891891892,148,70,0.47297297297297297,5.753964555687506,3.313949682150677,27.49350189850327,157
train,audio_464.wav,2.0,False,True,True,2.5641025641025643,0.0,3.8461538461538463,3.8461538461538463,0.0,2.5641025641025643,0.0,0.0,0.0,12.82051282051282,12.82051282051282,0.8571428571428571,10,7,11.428571428571429,0.0,0.2375,0.0875,0.0875,0.05,0.075,0.1875,0.075,0.5,0.5,0,2,3.4285714285714284,7,0.7142857142857143,3.8461538461538463,78,47,0.6025641025641025,5.321702060479599,3.693733634529533,40.19463924142947,91
train,audio_5.wav,2.5,False,True,True,0.0,0.0,0.0,0.9090909090909092,0.0,0.0,2.727272727272727,0.0,0.0,3.636363636363636,0.9090909090909092,0.5,1,4,27.75,0.0,0.2252252252252252,0.1351351351351351,0.054054054054054,0.072072072072072,0.072072072072072,0.0990990990990991,0.081081081081081,0.0,1.0,0,2,6.75,9,1.5,3.963636363636364,110,64,0.5818181818181818,6.102160571171791,3.612834110966435,37.07096730992699,135
train,audio_231.wav,3.5,False,True,True,0.0,0.7194244604316546,0.0,1.4388489208633093,0.0,3.597122302158273,0.7194244604316546,0.0,0.0,6.474820143884892,5.755395683453237,1.0,8,2,69.5,0.0,0.158273381294964,0.1079136690647482,0.0431654676258992,0.0719424460431654,0.1007194244604316,0.1942446043165467,0.0863309352517985,0.0,1.0,0,1,10.0,12,7.0,3.741007194244604,139,64,0.460431654676259,5.428409149951814,3.2633229848500847,26.13624334170201,148
train,audio_384.wav,5.0,False,True,True,0.0,0.0,0.0,0.0,0.8333333333333334,0.8333333333333334,0.0,0.0,0.0,1.6666666666666667,1.6666666666666667,0.125,2,7,17.714285714285715,0.0,0.1612903225806451,0.1370967741935483,0.064516129032258,0.1209677419354838,0.0564516129032258,0.1693548387096774,0.0725806451612903,0.1,0.9,1,4,4.714285714285714,8,1.0,4.383333333333334,120,90,0.75,8.215838362577491,3.4385555013020834,31.1419411691693,150
train,audio_54.wav,4.0,False,True,True,0.0,0.0,0.0,0.0,0.0,0.0,0.0,0.0,0.0,0.0,0.0,0.0,0,4,24.5,0.0,0.1938775510204081,0.173469387755102,0.0408163265306122,0.0306122448979591,0.0612244897959183,0.1428571428571428,0.1122448979591836,0.0,1.0,0,2,5.5,7,2.25,3.875,96,55,0.5729166666666666,5.613413993878117,2.747201102120536,15.598910968708932,112
train,audio_656.wav,5.0,False,True,True,0.925925925925926,0.0,0.0,0.0,0.0,0.0,1.851851851851852,0.0,0.925925925925926,3.703703703703704,0.925925925925926,0.8,1,5,21.8,0.0,0.1651376146788991,0.1192660550458715,0.128440366972477,0.0825688073394495,0.0825688073394495,0.1376146788990825,0.1009174311926605,0.8333333333333334,0.1666666666666666,0,3,5.2,7,1.6,3.871559633027523,108,58,0.5370370370370371,5.581052602166382,2.985181572023502,19.790095237803826,121
train,audio_444.wav,3.0,False,True,True,0.9523809523809524,2.857142857142857,0.0,1.9047619047619049,0.0,1.9047619047619049,0.0,0.0,0.0,7.619047619047619,7.619047619047619,1.0,8,3,35.0,0.0,0.1619047619047619,0.1523809523809524,0.0571428571428571,0.0761904761904762,0.0285714285714285,0.1619047619047619,0.0476190476190476,0.0,1.0,0,1,7.666666666666667,13,2.0,4.3619047619047615,105,46,0.4380952380952381,4.489140335563253,4.168117917817215,64.59376685478354,116
train,audio_5062.wav,0.0,True,True,True,0.0,0.0,0.0,0.0,0.0,2.272727272727273,0.0,0.0,0.0,2.272727272727273,2.272727272727273,0.25,2,4,22.25,0.0,0.1011235955056179,0.1123595505617977,0.0786516853932584,0.0786516853932584,0.1011235955056179,0.2359550561797752,0.0786516853932584,0.6666666666666666,0.3333333333333333,0,4,6.0,9,1.25,3.4545454545454546,88,51,0.5795454545454546,5.436618267068066,3.428440369281572,30.82852412256105,97
train,audio_312.wav,4.5,False,True,True,0.9523809523809524,0.0,0.0,0.0,0.0,1.9047619047619049,0.0,0.0,0.0,2.857142857142857,2.857142857142857,0.25,3,4,26.5,0.0,0.2075471698113207,0.1792452830188679,0.0566037735849056,0.0283018867924528,0.0754716981132075,0.1226415094339622,0.0754716981132075,0.2727272727272727,0.7272727272727273,0,3,5.5,7,2.5,4.6415094339622645,105,66,0.6285714285714286,6.440940481460319,3.387070615067441,29.57917643873896,117
train,audio_120.wav,2.5,False,True,True,1.4492753623188406,1.4492753623188406,0.0,0.0,0.0,1.4492753623188406,0.0,0.0,0.0,4.3478260869565215,4.3478260869565215,0.25,3,8,8.625,0.0,0.1304347826086956,0.1159420289855072,0.1159420289855072,0.1304347826086956,0.1304347826086956,0.1739130434782608,0.072463768115942,0.3,0.7,0,2,2.75,5,0.625,4.086956521739131,69,38,0.5507246376811594,4.57466241725923,3.2083184657952724,24.737454356054336,78
train,audio_446.wav,3.0,False,True,True,0.0,0.9090909090909092,0.9090909090909092,2.727272727272727,0.0,0.9090909090909092,1.818181818181818,0.0,0.0,7.272727272727272,5.454545454545454,0.6,6,5,22.6,0.0,0.1769911504424778,0.0973451327433628,0.1061946902654867,0.0265486725663716,0.1061946902654867,0.168141592920354,0.0884955752212389,0.1111111111111111,0.8888888888888888,1,3,4.4,6,1.8,4.1909090909090905,110,70,0.6363636363636364,6.674238124719146,4.21840749693311,67.92522697996517,121
train,audio_546.wav,2.5,False,True,True,0.0,0.0,0.0,1.0309278350515465,0.0,3.09278350515464,0.0,0.0,0.0,4.123711340206185,4.123711340206185,0.4,4,4,25.0,0.0,0.21,0.14,0.06,0.06,0.08,0.15,0.09,0.2,0.8,0,3,5.5,12,2.0,4.494845360824742,97,63,0.6494845360824743,6.3966808403418005,4.1889459390555865,65.95323557926268,113
train,audio_430.wav,4.0,False,True,True,0.8264462809917356,0.8264462809917356,0.0,0.0,0.0,0.8264462809917356,0.0,0.0,0.0,2.479338842975207,2.479338842975207,0.4285714285714285,3,8,15.625,0.0,0.2,0.136,0.112,0.048,0.088,0.176,0.072,0.0666666666666666,0.9333333333333332,0,3,4.25,7,1.25,3.826446280991736,121,69,0.5702479338842975,6.2727272727272725,3.520588362298044,33.80431179654673,147
train,audio_179.wav,2.0,False,True,True,0.0,1.3157894736842106,1.3157894736842106,0.0,0.0,1.3157894736842106,0.0,0.0,0.0,3.947368421052632,3.947368421052632,0.4,3,4,19.25,0.0,0.2987012987012987,0.1168831168831168,0.0649350649350649,0.0649350649350649,0.0909090909090909,0.0649350649350649,0.0519480519480519,0.2222222222222222,0.7777777777777778,2,3,5.75,13,1.0,4.868421052631579,76,44,0.5789473684210527,5.047146145152358,3.998217707094939,54.500926803583184,92
train,audio_674.wav,4.0,False,True,True,0.7633587786259542,0.7633587786259542,0.0,0.7633587786259542,0.7633587786259542,1.5267175572519085,0.0,0.0,0.0,4.580152671755725,4.580152671755725,0.6666666666666666,6,6,21.83333333333333,0.0,0.2290076335877862,0.0916030534351145,0.1297709923664122,0.0687022900763358,0.0687022900763358,0.0763358778625954,0.1145038167938931,0.0,1.0,0,1,4.333333333333333,8,1.1666666666666667,4.122137404580153,131,70,0.5343511450381679,6.1159283966272655,3.546164466594828,34.68004559321861,145
train,audio_737.wav,3.5,False,True,True,0.0,0.0,2.150537634408602,0.0,1.075268817204301,5.376344086021505,0.0,1.075268817204301,0.0,9.67741935483871,8.602150537634408,0.4,8,4,23.25,0.25,0.1827956989247312,0.1827956989247312,0.043010752688172,0.075268817204301,0.075268817204301,0.1720430107526881,0.064516129032258,0.1,0.9,0,2,4.75,9,1.75,4.591397849462366,93,59,0.6344086021505376,6.118014998909509,4.143222416672751,63.00552472994578,107
train,audio_669.wav,3.0,False,True,True,1.4492753623188406,0.0,0.0,0.0,0.0,0.0,0.0,0.0,0.0,1.4492753623188406,1.4492753623188406,0.1333333333333333,2,16,8.875,0.0,0.2676056338028169,0.1901408450704225,0.0211267605633802,0.028169014084507,0.0774647887323943,0.204225352112676,0.0845070422535211,0.0555555555555555,0.9444444444444444,1,4,2.9375,6,0.5625,4.151079136690647,138,68,0.4927536231884058,5.788544409159491,3.247019958496094,25.7135980376262,160
train,audio_540.wav,4.0,False,True,True,0.0,0.7194244604316546,2.158273381294964,0.7194244604316546,0.0,0.0,0.0,0.0,0.0,3.597122302158273,3.597122302158273,0.4285714285714285,5,7,19.857142857142858,0.0,0.4028776978417266,0.1223021582733813,0.1007194244604316,0.0719424460431654,0.0431654676258992,0.0431654676258992,0.0503597122302158,0.0,1.0,0,1,7.285714285714286,16,1.0,5.589928057553957,139,98,0.7050359712230215,8.312251510863716,4.295596810274346,73.3759929264697,172
train,audio_692.wav,4.0,False,True,True,0.0,0.0,0.0,0.6493506493506493,0.0,3.2467532467532467,0.0,0.0,0.0,3.896103896103896,3.896103896103896,0.5,6,4,39.5,0.0,0.2025316455696202,0.0759493670886076,0.0822784810126582,0.0253164556962025,0.1075949367088607,0.1962025316455696,0.0696202531645569,0.4782608695652174,0.5217391304347826,0,4,7.75,9,4.25,3.51948051948052,154,68,0.44155844155844154,5.479596155372586,3.248179117838541,25.743421476739137,180
train,audio_572.wav,2.0,False,True,True,0.0,0.0,0.0,0.8928571428571429,0.0,2.6785714285714284,0.0,0.0,0.0,3.571428571428572,3.571428571428572,0.6,4,4,28.5,0.0,0.219298245614035,0.131578947368421,0.0350877192982456,0.0263157894736842,0.0614035087719298,0.1491228070175438,0.131578947368421,0.1,0.9,1,5,5.25,6,1.5,4.285714285714286,112,68,0.6071428571428571,6.425396041156863,4.124161847933071,61.81597634313189,127
train,audio_479.wav,2.0,False,True,True,0.0,1.020408163265306,1.020408163265306,0.0,0.0,3.061224489795918,2.0408163265306123,0.0,0.0,7.142857142857143,5.1020408163265305,0.6666666666666666,5,2,49.0,0.0,0.2346938775510204,0.1326530612244898,0.0816326530612244,0.0714285714285714,0.0408163265306122,0.0714285714285714,0.1326530612244898,0.0,1.0,0,1,9.5,11,2.5,4.948979591836735,98,67,0.6836734693877551,6.768022048499812,5.28482312353972,197.3192792257261,107
train,audio_419.wav,3.0,False,True,True,1.1764705882352942,1.1764705882352942,0.0,0.0,0.0,1.1764705882352942,1.1764705882352942,0.0,0.0,4.705882352941177,3.5294117647058822,1.0,3,2,42.5,0.0,0.2705882352941176,0.1176470588235294,0.0117647058823529,0.0941176470588235,0.1764705882352941,0.0823529411764705,0.0705882352941176,0.0,1.0,5,3,7.5,8,2.5,4.6,85,45,0.5294117647058824,4.880935300919764,4.009669806367608,55.1286644238985,93
train,audio_5037.wav,0.0,True,True,True,0.7407407407407407,0.0,0.0,0.0,0.0,0.7407407407407407,0.0,0.0,0.0,1.4814814814814814,1.4814814814814814,0.25,2,8,17.375,0.0,0.1438848920863309,0.158273381294964,0.079136690647482,0.0935251798561151,0.0935251798561151,0.1366906474820144,0.0719424460431654,0.0,1.0,0,2,5.25,7,1.375,3.729323308270677,135,62,0.45925925925925926,5.336110388107997,2.9636193920752247,19.367945235885028,167
train,audio_433.wav,3.0,False,True,True,0.8064516129032258,0.0,0.0,0.0,0.0,1.6129032258064515,0.8064516129032258,0.0,0.0,3.225806451612903,2.419354838709677,0.75,3,2,62.5,0.0,0.264,0.104,0.056,0.016,0.072,0.096,0.08,0.0714285714285714,0.9285714285714286,2,4,9.5,10,4.5,4.387096774193548,124,58,0.46774193548387094,5.208553758776472,3.901593430597979,49.48123122980461,133
train,audio_405.wav,5.0,False,True,True,0.0,0.7633587786259542,0.7633587786259542,1.5267175572519085,0.0,0.7633587786259542,0.7633587786259542,0.0,0.0,4.580152671755725,3.816793893129771,0.5555555555555556,5,9,14.77777777777778,0.0,0.1804511278195488,0.1428571428571428,0.0451127819548872,0.0451127819548872,0.1203007518796992,0.1578947368421052,0.0827067669172932,0.4285714285714285,0.5714285714285714,0,3,5.222222222222222,9,1.2222222222222223,4.022900763358779,131,67,0.5114503816793893,5.853817179628954,3.337635761982686,28.152488778236755,148
train,audio_267.wav,4.0,False,True,True,0.0,0.0,0.0,0.0,0.0,0.0,0.0,0.0,0.0,0.0,0.0,0.0,0,4,18.0,0.0,0.25,0.1527777777777778,0.0833333333333333,0.0416666666666666,0.0555555555555555,0.125,0.1111111111111111,0.0,1.0,0,2,4.75,6,1.25,4.166666666666667,72,55,0.7638888888888888,6.481812160876686,3.460313378310785,31.82694882749381,82
train,audio_358.wav,5.0,False,True,True,0.6756756756756757,0.0,0.0,0.0,0.6756756756756757,2.702702702702702,0.0,0.0,0.0,4.054054054054054,4.054054054054054,0.4,6,9,16.77777777777778,0.1111111111111111,0.2119205298013245,0.1324503311258278,0.0662251655629139,0.0596026490066225,0.0662251655629139,0.1721854304635761,0.0794701986754966,0.1666666666666666,0.8333333333333334,1,4,4.333333333333333,8,1.2222222222222223,4.236486486486487,148,86,0.581081081081081,7.069156454130364,3.811197680096293,45.20454704396363,172
train,audio_331.wav,5.0,False,True,True,0.0,0.7874015748031497,0.0,0.0,0.0,1.5748031496062993,1.5748031496062993,0.0,0.0,3.937007874015748,2.3622047244094486,0.5714285714285714,3,7,18.714285714285715,0.0,0.2519083969465648,0.1526717557251908,0.0916030534351145,0.0610687022900763,0.0458015267175572,0.0763358778625954,0.0458015267175572,0.1,0.9,0,2,6.285714285714286,13,1.2857142857142858,4.456692913385827,127,85,0.6692913385826772,7.542530330036968,3.614313932073197,37.12586632013883,149
train,audio_487.wav,2.5,False,True,True,1.2345679012345678,0.0,0.0,0.0,0.0,4.938271604938271,0.0,0.0,0.0,6.172839506172839,6.172839506172839,1.0,5,3,28.33333333333333,0.0,0.1647058823529411,0.2,0.0352941176470588,0.0117647058823529,0.0941176470588235,0.1647058823529411,0.1529411764705882,0.1111111111111111,0.8888888888888888,3,4,4.666666666666667,7,1.3333333333333333,3.864197530864197,81,41,0.5061728395061729,4.555555555555555,3.894696669145064,49.141145076178056,88
train,audio_494.wav,3.0,False,True,True,2.127659574468085,0.0,1.4184397163120568,2.127659574468085,0.0,1.4184397163120568,0.0,0.0,0.0,7.092198581560283,7.092198581560283,0.75,10,3,47.0,0.0,0.1631205673758865,0.1418439716312056,0.0212765957446808,0.0780141843971631,0.0780141843971631,0.1205673758865248,0.0780141843971631,0.2352941176470588,0.7647058823529411,0,3,6.666666666666667,11,4.333333333333333,3.8652482269503534,141,61,0.4326241134751773,5.137126718505765,4.127803285660282,62.04148571150397,155
train,audio_536.wav,2.5,False,True,True,0.0,0.0,0.9090909090909092,0.0,0.0,3.636363636363636,0.0,0.0,0.0,4.545454545454546,4.545454545454546,0.4285714285714285,5,7,15.857142857142858,0.0,0.2972972972972973,0.1261261261261261,0.0990990990990991,0.09009009009009,0.036036036036036,0.09009009009009,0.045045045045045,0.0,1.0,1,2,6.0,12,0.8571428571428571,4.4363636363636365,110,78,0.7090909090909091,7.43700819611562,3.87298260313092,48.08559264966506,132
train,audio_634.wav,4.0,False,True,True,0.0,0.0,1.098901098901099,0.0,0.0,5.494505494505495,0.0,1.098901098901099,0.0,7.6923076923076925,6.593406593406593,0.6,6,4,23.5,0.25,0.2340425531914893,0.0425531914893617,0.1063829787234042,0.0744680851063829,0.0851063829787234,0.0957446808510638,0.1170212765957446,0.0,1.0,0,2,5.25,8,1.25,4.032967032967033,91,56,0.6153846153846154,5.870395085642743,4.569930725097656,96.53742192072109,100
train,audio_317.wav,3.5,False,True,True,0.0,0.0,0.0,0.0,0.0,4.444444444444445,0.0,0.0,0.0,4.444444444444445,4.444444444444445,0.5,6,5,27.4,0.0,0.1897810218978102,0.1313868613138686,0.0948905109489051,0.0583941605839416,0.0656934306569343,0.1605839416058394,0.1021897810218978,0.0,1.0,0,1,6.8,9,2.4,4.333333333333333,135,81,0.6,6.971370023173351,3.774859306139824,43.59137484546542,156
train,audio_5054.wav,0.0,True,True,True,0.0,0.0,0.0,0.0,0.0,1.6666666666666667,0.0,0.0,0.0,1.6666666666666667,1.6666666666666667,0.1,2,10,12.7,0.0,0.1889763779527559,0.1181102362204724,0.0944881889763779,0.0472440944881889,0.0944881889763779,0.1574803149606299,0.0551181102362204,0.0625,0.9375,0,3,3.8,7,0.7,3.591666666666667,120,77,0.6416666666666667,7.029106154649631,3.5556759182497752,35.01147686789422,139
train,audio_723.wav,5.0,False,True,True,0.0,1.408450704225352,0.0,0.0,0.0,1.408450704225352,0.0,0.0,0.0,2.816901408450704,2.816901408450704,0.6666666666666666,4,6,24.33333333333333,0.0,0.184931506849315,0.1301369863013698,0.0547945205479452,0.0547945205479452,0.0753424657534246,0.1643835616438356,0.0821917808219178,0.0,1.0,0,3,6.5,8,1.1666666666666667,4.422535211267606,142,80,0.5633802816901409,6.713450866373513,3.115964877530464,22.555182846685348,159
train,audio_155.wav,3.5,False,True,True,2.2900763358778624,1.5267175572519085,0.7633587786259542,0.0,0.0,3.053435114503817,0.0,0.0,0.0,7.633587786259542,7.633587786259542,0.4444444444444444,10,9,14.555555555555555,0.1111111111111111,0.2671755725190839,0.1297709923664122,0.099236641221374,0.0305343511450381,0.0610687022900763,0.1374045801526717,0.0763358778625954,0.0714285714285714,0.9285714285714286,0,4,4.555555555555555,7,0.4444444444444444,4.488549618320611,131,85,0.648854961832061,7.4264844816188225,4.378628062553147,79.72857571909063,147
train,audio_410.wav,2.0,False,True,True,0.0,0.0,2.0,1.0,3.0,0.0,3.0,0.0,0.0,9.0,6.0,1.0,6,3,35.666666666666664,0.0,0.102803738317757,0.1682242990654205,0.0654205607476635,0.0934579439252336,0.0841121495327102,0.2149532710280373,0.102803738317757,0.0,1.0,1,4,7.666666666666667,10,4.0,3.48,100,52,0.52,5.2,3.8990449324898098,49.35528895561392,115
train,audio_251.wav,2.0,False,True,True,0.0,0.0,0.0,0.0,3.333333333333333,0.0,0.0,0.0,0.0,3.333333333333333,3.333333333333333,0.5,1,2,15.0,0.0,0.2,0.2,0.0666666666666666,0.0,0.0,0.1666666666666666,0.0666666666666666,0.6,0.4,0,2,5.0,8,1.0,4.266666666666667,30,23,0.7666666666666667,4.199206274206274,4.261936664581299,70.94725151943086,32
train,audio_779.wav,5.0,False,True,True,0.0,1.4705882352941178,0.0,0.0,0.0,2.2058823529411766,0.0,0.0,0.0,3.676470588235294,3.676470588235294,0.2857142857142857,5,6,23.83333333333333,0.0,0.2587412587412587,0.1048951048951049,0.0419580419580419,0.0559440559440559,0.0489510489510489,0.1258741258741259,0.0909090909090909,0.0,1.0,0,2,5.833333333333333,14,2.0,4.272058823529412,136,76,0.5588235294117647,6.516946235415335,3.1036557284268467,22.27924947447518,154
train,audio_382.wav,4.0,False,True,True,0.0,0.0,0.0,0.0,0.0,3.816793893129771,2.2900763358778624,0.0,0.0,6.106870229007634,3.816793893129771,0.8,5,2,67.0,0.0,0.1716417910447761,0.1716417910447761,0.0522388059701492,0.0373134328358208,0.0895522388059701,0.1492537313432835,0.0895522388059701,0.3333333333333333,0.6666666666666666,2,4,10.5,13,7.0,4.099236641221374,131,80,0.6106870229007634,6.989632453288303,4.358628493088943,78.1498777908024,143
train,audio_559.wav,3.0,False,True,True,0.0,0.0,1.5384615384615383,0.0,1.5384615384615383,3.076923076923077,0.0,0.0,0.0,6.153846153846154,6.153846153846154,0.6666666666666666,4,3,21.666666666666668,0.0,0.3538461538461538,0.123076923076923,0.1076923076923077,0.0,0.0153846153846153,0.123076923076923,0.0615384615384615,0.0,1.0,0,1,4.333333333333333,8,1.3333333333333333,4.830769230769231,65,44,0.676923076923077,5.457528321925173,5.042571591659331,154.86776002781951,71
train,audio_161.wav,3.0,False,True,True,0.0,0.0,0.0,0.0,0.0,4.651162790697675,0.0,0.0,0.0,4.651162790697675,4.651162790697675,0.3333333333333333,2,2,22.0,0.0,0.2272727272727272,0.1818181818181818,0.0454545454545454,0.0227272727272727,0.0909090909090909,0.1590909090909091,0.0909090909090909,0.0,1.0,0,2,5.0,9,0.5,4.325581395348837,43,35,0.813953488372093,5.3374499616411635,3.843541684358016,46.69054512644898,46
train,audio_535.wav,2.5,False,True,True,0.0,0.0,0.6578947368421053,0.0,0.0,1.973684210526316,0.0,0.0,0.0,2.631578947368421,2.631578947368421,0.4,4,11,13.818181818181818,0.0,0.25,0.1710526315789473,0.0657894736842105,0.0460526315789473,0.0394736842105263,0.1907894736842105,0.0789473684210526,0.0,1.0,0,3,4.2727272727272725,10,0.6363636363636364,4.552631578947368,152,103,0.6776315789473685,8.354403188234272,4.090466876362646,59.76778935936004,172
train,audio_363.wav,5.0,False,True,True,1.2820512820512822,1.2820512820512822,0.0,0.0,0.0,1.2820512820512822,0.0,0.0,0.0,3.8461538461538463,3.8461538461538463,0.6,3,5,16.2,0.0,0.2592592592592592,0.1975308641975308,0.0493827160493827,0.0617283950617283,0.1234567901234567,0.0864197530864197,0.037037037037037,0.0,1.0,0,2,3.6,6,1.8,4.884615384615385,78,60,0.7692307692307693,6.793662204867574,3.5070480192550506,33.349674735481656,99
train,audio_5057.wav,0.0,True,True,True,1.5748031496062993,0.0,0.0,0.0,0.0,0.7874015748031497,0.0,0.0,0.0,2.3622047244094486,2.3622047244094486,0.5,3,6,21.166666666666668,0.0,0.2047244094488189,0.0866141732283464,0.1023622047244094,0.0472440944881889,0.0629921259842519,0.1574803149606299,0.0629921259842519,0.6666666666666666,0.3333333333333333,0,3,5.5,8,1.3333333333333333,3.677165354330709,127,73,0.5748031496062992,6.477702518737631,3.7719172484485815,43.46331497795922,141
train,audio_660.wav,4.5,False,True,True,0.0,0.0,0.0,0.819672131147541,0.0,1.639344262295082,0.0,0.0,0.0,2.459016393442623,2.459016393442623,0.25,3,8,16.125,0.0,0.2248062015503876,0.1627906976744186,0.0697674418604651,0.0387596899224806,0.0620155038759689,0.1240310077519379,0.0310077519379844,0.0,1.0,1,4,4.625,8,1.375,4.139344262295082,122,80,0.6557377049180327,7.242859683401482,3.8385571612427567,46.458394086772174,151
train,audio_293.wav,5.0,False,True,True,0.0,0.0,0.0,0.7407407407407407,0.0,1.4814814814814814,0.7407407407407407,0.0,0.0,2.962962962962963,2.2222222222222223,0.5,3,5,27.2,0.0,0.1544117647058823,0.1617647058823529,0.0808823529411764,0.0588235294117647,0.0661764705882353,0.1911764705882352,0.0808823529411764,0.0,1.0,0,2,6.8,9,2.0,4.355555555555555,135,78,0.5777777777777777,6.713171133426189,3.0950041672279096,22.08733058029428,145
train,audio_74.wav,4.0,False,True,True,0.0,0.0,0.0,0.0,0.0,0.0,0.0,0.0,0.0,0.0,0.0,0.0,0,6,15.166666666666666,0.3333333333333333,0.2637362637362637,0.1098901098901098,0.0439560439560439,0.0549450549450549,0.0329670329670329,0.1428571428571428,0.0769230769230769,0.7142857142857143,0.2857142857142857,0,2,3.333333333333333,7,0.6666666666666666,3.8777777777777778,91,53,0.5824175824175825,5.555909634626167,3.2989104648806014,27.08311483505896,106
train,audio_215.wav,4.0,False,True,True,2.097902097902098,0.0,0.6993006993006993,0.0,0.0,0.6993006993006993,0.6993006993006993,0.0,0.0,4.195804195804196,3.4965034965034967,0.6666666666666666,5,5,28.8,0.0,0.2013888888888889,0.1597222222222222,0.0694444444444444,0.0833333333333333,0.0625,0.1180555555555555,0.0902777777777777,0.2222222222222222,0.7777777777777778,1,5,8.6,15,2.0,4.216783216783217,143,95,0.6643356643356644,7.944299095067362,3.9493729440789473,51.90281066388225,152
train,audio_228.wav,3.0,False,True,True,2.7777777777777777,0.0,2.7777777777777777,0.0,0.0,1.3888888888888888,0.0,0.0,0.0,6.944444444444445,6.944444444444445,0.75,5,4,19.0,0.0,0.1973684210526315,0.1184210526315789,0.0394736842105263,0.0921052631578947,0.0526315789473684,0.1052631578947368,0.0789473684210526,0.2857142857142857,0.7142857142857143,0,3,5.5,7,1.5,4.277777777777778,72,44,0.6111111111111112,5.185449728701349,3.800543891059028,44.725503680769485,81
train,audio_602.wav,2.0,False,True,True,0.0,0.0,0.0,0.8264462809917356,0.0,4.132231404958677,0.8264462809917356,0.0,0.0,5.785123966942149,4.958677685950414,0.75,6,1,122.0,0.0,0.1967213114754098,0.1065573770491803,0.0573770491803278,0.0573770491803278,0.0901639344262295,0.0901639344262295,0.1311475409836065,0.0,1.0,2,3,10.0,10,7.0,4.1570247933884295,121,63,0.5206611570247934,5.7272727272727275,4.3266504681299605,75.69033430900275,126
train,audio_396.wav,2.0,False,True,True,0.0,0.0,0.0,0.0,0.0,1.8987341772151896,0.0,0.0,0.0,1.8987341772151896,1.8987341772151896,0.6,3,3,53.0,0.0,0.2075471698113207,0.2012578616352201,0.050314465408805,0.0377358490566037,0.050314465408805,0.1446540880503144,0.050314465408805,0.0454545454545454,0.9545454545454546,2,4,7.333333333333333,9,9.0,4.170886075949367,158,58,0.3670886075949367,4.614232248219234,2.958135190217391,19.26201824263892,184
train,audio_576.wav,2.0,False,True,True,0.8695652173913043,0.0,1.7391304347826086,0.8695652173913043,0.0,0.0,0.8695652173913043,0.0,0.8695652173913043,5.217391304347826,3.4782608695652173,1.0,4,4,28.75,0.0,0.2,0.1391304347826087,0.0521739130434782,0.0608695652173913,0.1304347826086956,0.1478260869565217,0.0434782608695652,0.125,0.875,1,3,6.5,10,2.0,4.269565217391304,115,60,0.5217391304347826,5.595028849441883,4.09213279781485,59.86744078448122,133
train,audio_5040.wav,0.0,True,True,True,0.0,0.7575757575757576,0.0,0.7575757575757576,0.0,3.787878787878788,0.7575757575757576,0.0,0.0,6.0606060606060606,5.303030303030303,0.8333333333333334,7,5,27.4,0.0,0.1897810218978102,0.1094890510948905,0.0802919708029197,0.0656934306569343,0.072992700729927,0.145985401459854,0.1094890510948905,0.1666666666666666,0.8333333333333334,0,2,5.4,8,1.6,3.909090909090909,132,83,0.6287878787878788,7.2242227221614606,3.507923889160156,33.37889750773272,160
train,audio_198.wav,4.0,False,True,True,0.0,2.857142857142857,0.0,0.0,0.0,1.4285714285714286,0.0,0.0,0.0,4.285714285714286,4.285714285714286,0.25,3,4,17.5,0.0,0.2714285714285714,0.1142857142857142,0.0714285714285714,0.0714285714285714,0.0428571428571428,0.1285714285714285,0.0857142857142857,0.0,1.0,0,1,3.5,4,1.0,3.8857142857142857,70,44,0.6285714285714286,5.259005881071332,3.761035919189453,42.99294012994216,88
train,audio_600.wav,2.0,False,True,True,0.0,0.0,0.8,1.6,0.0,1.6,0.0,0.0,0.0,4.0,4.0,0.3333333333333333,5,6,21.166666666666668,0.0,0.2125984251968504,0.0944881889763779,0.0472440944881889,0.0629921259842519,0.0551181102362204,0.2204724409448819,0.1023622047244094,0.0,1.0,0,2,5.333333333333333,8,0.1666666666666666,3.76,125,59,0.472,5.277120426899503,3.9269205729166665,50.75045446801944,135
train,audio_710.wav,4.0,False,True,True,0.0,0.0,2.5316455696202533,0.0,0.0,1.2658227848101269,1.2658227848101269,1.2658227848101269,0.0,6.329113924050633,3.79746835443038,0.75,3,3,26.33333333333333,0.0,0.2278481012658227,0.1645569620253164,0.0253164556962025,0.0632911392405063,0.1392405063291139,0.0759493670886076,0.1012658227848101,0.0,1.0,0,2,5.333333333333333,7,1.6666666666666667,4.69620253164557,79,52,0.6582278481012658,5.850457084815324,3.2130845013786766,24.85563534745566,85
train,audio_246.wav,3.0,False,True,True,0.0,0.0,0.0,0.0,0.0,1.351351351351351,1.351351351351351,0.0,0.0,2.702702702702702,1.351351351351351,0.6666666666666666,1,2,37.0,0.0,0.2297297297297297,0.1216216216216216,0.054054054054054,0.0945945945945946,0.0945945945945946,0.0675675675675675,0.1081081081081081,0.0,1.0,0,2,10.5,12,2.0,4.662162162162162,74,45,0.6081081081081081,5.2311437434718675,4.214903278115355,67.68761868026279,81
train,audio_490.wav,2.5,False,True,True,0.0,0.0,1.7241379310344829,0.0,0.0,3.4482758620689653,0.0,0.0,0.0,5.172413793103448,5.172413793103448,0.7142857142857143,6,7,16.857142857142858,0.0,0.1525423728813559,0.1271186440677966,0.0847457627118644,0.0508474576271186,0.0677966101694915,0.2627118644067797,0.1186440677966101,0.1052631578947368,0.8947368421052632,0,2,4.571428571428571,7,1.2857142857142858,3.715517241379312,116,59,0.5086206896551724,5.4780124762230304,3.5793612960481296,35.850635590373805,137
train,audio_657.wav,5.0,False,True,True,0.0,2.127659574468085,0.0,0.0,0.0,2.127659574468085,1.0638297872340423,0.0,0.0,5.319148936170213,4.25531914893617,0.8,4,4,25.25,0.0,0.2277227722772277,0.1287128712871287,0.099009900990099,0.1188118811881188,0.0297029702970297,0.0891089108910891,0.1089108910891089,0.0,1.0,0,1,6.5,8,1.75,4.75531914893617,94,63,0.6702127659574468,6.497953851430398,3.602133987296341,36.6764180027402,117
train,audio_688.wav,5.0,False,True,True,0.0,0.0,0.0,0.0,0.0,0.0,0.0,0.0,0.0,0.0,0.0,0.0,0,4,17.75,0.0,0.2816901408450704,0.1267605633802817,0.028169014084507,0.0140845070422535,0.0704225352112676,0.0845070422535211,0.0845070422535211,0.0,1.0,0,2,5.5,8,1.0,4.228571428571429,70,45,0.6428571428571429,5.378528742004772,2.88206051557492,17.851017610189853,78
train,audio_698.wav,5.0,False,True,True,0.0,0.0,0.0,0.0,0.0,0.970873786407767,1.941747572815534,0.0,0.0,2.912621359223301,0.970873786407767,1.0,1,1,110.0,0.0,0.2909090909090909,0.1454545454545454,0.009090909090909,0.0909090909090909,0.0727272727272727,0.109090909090909,0.0727272727272727,0.0,1.0,5,2,13.0,13,14.0,4.281553398058253,103,58,0.5631067961165048,5.7149098133529,3.963198904263771,52.625400596771726,118
train,audio_499.wav,2.5,False,True,True,1.351351351351351,1.351351351351351,2.702702702702702,0.0,1.351351351351351,1.351351351351351,1.351351351351351,0.0,0.0,9.45945945945946,8.108108108108109,1.0,6,2,37.0,0.0,0.2972972972972973,0.1216216216216216,0.0135135135135135,0.0405405405405405,0.054054054054054,0.0945945945945946,0.0945945945945946,0.125,0.875,0,3,7.5,9,3.0,4.1891891891891895,74,47,0.6351351351351351,5.463639020959506,3.8767183743990383,48.26556538427364,78
train,audio_463.wav,4.0,False,True,True,0.0,0.0,0.0,0.0,0.0,1.2195121951219512,0.0,0.0,0.0,1.2195121951219512,1.2195121951219512,0.1666666666666666,1,6,13.666666666666666,0.0,0.3658536585365853,0.1707317073170731,0.1097560975609756,0.024390243902439,0.024390243902439,0.073170731707317,0.048780487804878,0.0,1.0,0,1,5.333333333333333,9,0.6666666666666666,5.646341463414634,82,67,0.8170731707317073,7.398912247014718,3.788257087628866,44.17933242920165,97
train,audio_604.wav,4.5,False,True,True,1.709401709401709,0.8547008547008547,0.8547008547008547,0.0,0.0,1.709401709401709,0.0,0.0,0.0,5.128205128205129,5.128205128205129,0.4,6,5,23.4,0.0,0.2564102564102564,0.1025641025641025,0.094017094017094,0.0769230769230769,0.0598290598290598,0.0769230769230769,0.0427350427350427,0.0833333333333333,0.9166666666666666,0,2,5.8,9,1.2,4.05982905982906,117,71,0.6068376068376068,6.563952321998544,4.022260771023007,55.82717572669036,127
train,audio_97.wav,4.0,False,True,True,0.0,0.0,0.0,0.8928571428571429,0.0,0.8928571428571429,0.8928571428571429,0.0,0.0,2.6785714285714284,1.7857142857142858,0.2857142857142857,2,9,12.77777777777778,0.1111111111111111,0.1565217391304348,0.1565217391304348,0.0608695652173913,0.0782608695652174,0.0695652173913043,0.2347826086956521,0.0869565217391304,0.5909090909090909,0.4090909090909091,0,2,3.2222222222222223,7,1.3333333333333333,3.8392857142857135,112,66,0.5892857142857143,6.236413804652249,3.336074607959692,28.108572695926963,138
train,audio_234.wav,3.0,False,True,True,0.0,0.0,0.0,1.5151515151515151,0.0,0.0,0.0,0.0,0.0,1.5151515151515151,1.5151515151515151,0.3333333333333333,1,3,22.0,0.0,0.2727272727272727,0.1212121212121212,0.106060606060606,0.0454545454545454,0.0757575757575757,0.0909090909090909,0.0909090909090909,0.0,1.0,0,2,7.0,9,0.6666666666666666,5.242424242424242,66,48,0.7272727272727273,5.908391567007971,4.135623794004141,62.52858386316727,83
train,audio_782.wav,5.0,False,True,True,0.0,0.0,0.0,0.0,0.0,0.0,0.9433962264150944,0.0,0.0,0.9433962264150944,0.0,0.1666666666666666,0,6,18.5,0.0,0.1621621621621621,0.1441441441441441,0.045045045045045,0.1171171171171171,0.063063063063063,0.1711711711711711,0.081081081081081,0.0625,0.9375,0,3,5.666666666666667,11,1.5,3.80188679245283,106,67,0.6320754716981132,6.507615277793669,3.015400211985518,20.3972525321919,123
train,audio_758.wav,4.0,False,True,True,0.0,0.0,0.0,0.0,0.0,1.3157894736842106,0.0,0.0,0.0,1.3157894736842106,1.3157894736842106,0.5,1,2,41.0,0.0,0.2317073170731707,0.1585365853658536,0.073170731707317,0.048780487804878,0.0365853658536585,0.1219512195121951,0.1097560975609756,0.0,1.0,0,1,7.5,11,4.5,4.302631578947368,76,50,0.6578947368421053,5.735393346764043,4.126925320095486,61.98703932798279,90
train,audio_727.wav,4.5,False,True,True,2.2222222222222223,0.0,0.0,0.0,0.0,0.7407407407407407,0.7407407407407407,0.0,0.0,3.703703703703704,2.962962962962963,0.375,4,7,19.714285714285715,0.0,0.1666666666666666,0.0942028985507246,0.0869565217391304,0.072463768115942,0.1014492753623188,0.1884057971014492,0.0797101449275362,0.75,0.25,4,4,5.285714285714286,10,1.2857142857142858,3.896296296296296,135,65,0.48148148148148145,5.5943092778551575,2.8429590173669763,17.16648638955256,148
train,audio_643.wav,4.0,False,True,True,0.0,3.125,0.0,0.0,0.0,6.25,0.0,3.125,0.0,12.5,9.375,1.0,3,2,16.0,0.0,0.34375,0.15625,0.03125,0.0625,0.09375,0.0625,0.0625,0.0,1.0,0,1,5.0,5,0.5,5.4375,32,28,0.875,4.949747468305833,4.8160866185238485,123.48091608792178,38
train,audio_261.wav,3.0,False,True,True,0.0,2.1739130434782608,0.0,0.0,0.0,1.0869565217391304,1.0869565217391304,0.0,1.0869565217391304,5.434782608695652,3.260869565217391,0.5,3,7,13.285714285714286,0.1428571428571428,0.1827956989247312,0.1720430107526881,0.075268817204301,0.086021505376344,0.032258064516129,0.1505376344086021,0.0967741935483871,0.1111111111111111,0.8888888888888888,0,3,4.142857142857143,9,0.7142857142857143,4.619565217391305,92,66,0.717391304347826,6.880975663883468,4.156171114939563,63.826669161227606,106
train,audio_205.wav,4.0,False,True,True,0.0,0.0,0.0,0.0,0.0,0.0,0.0,0.0,0.0,0.0,0.0,0.0,0,9,12.0,0.0,0.1944444444444444,0.1759259259259259,0.037037037037037,0.0555555555555555,0.037037037037037,0.1481481481481481,0.0462962962962962,0.0,1.0,0,1,3.555555555555556,5,0.6666666666666666,3.308411214953271,107,53,0.4953271028037383,5.1237033919420165,2.740429639816284,15.493640351350418,128
train,audio_128.wav,2.0,False,True,True,0.0,1.834862385321101,1.834862385321101,0.0,0.0,2.752293577981652,0.0,0.0,0.0,6.422018348623853,6.422018348623853,0.4285714285714285,7,7,15.714285714285714,0.0,0.2636363636363636,0.1272727272727272,0.1272727272727272,0.0272727272727272,0.0636363636363636,0.0909090909090909,0.1,0.0,1.0,0,1,4.571428571428571,6,0.8571428571428571,4.678899082568807,109,75,0.6880733944954128,7.183697139158635,4.014595788853769,55.40089721583463,131
train,audio_650.wav,5.0,False,True,True,0.0,0.0,0.0,0.0,0.0,1.408450704225352,0.0,0.0,0.0,1.408450704225352,1.408450704225352,0.3333333333333333,2,4,36.0,0.0,0.1111111111111111,0.125,0.0763888888888889,0.0763888888888889,0.1180555555555555,0.2222222222222222,0.0902777777777777,0.6842105263157895,0.3157894736842105,0,3,6.0,8,4.0,3.676056338028169,142,72,0.5070422535211268,6.042105779736161,2.659566879272461,14.290098420294411,160
train,audio_35.wav,2.0,False,True,True,0.8264462809917356,0.0,0.0,1.6528925619834711,0.0,2.479338842975207,1.6528925619834711,0.0,0.0,6.6115702479338845,4.958677685950414,0.5,6,4,31.0,0.0,0.1370967741935483,0.1774193548387097,0.032258064516129,0.0725806451612903,0.0483870967741935,0.2016129032258064,0.1048387096774193,0.6470588235294118,0.3529411764705882,0,2,5.75,9,2.75,3.672131147540984,121,57,0.47107438016528924,5.181818181818182,3.214381531207231,24.887894764099336,137
train,audio_141.wav,3.0,False,True,True,1.25,2.5,1.25,1.25,0.0,0.0,2.5,1.25,0.0,10.0,6.25,0.6666666666666666,5,3,26.666666666666668,0.0,0.2,0.125,0.1,0.05,0.05,0.2,0.1,0.2727272727272727,0.7272727272727273,0,2,5.0,7,3.0,3.7125,80,58,0.725,6.484597134749389,3.831100635314256,46.113264200733575,89
train,audio_260.wav,3.5,False,True,True,2.2222222222222223,0.0,1.1111111111111112,0.0,0.0,2.2222222222222223,0.0,0.0,0.0,5.555555555555555,5.555555555555555,0.5714285714285714,5,6,15.166666666666666,0.1666666666666666,0.2857142857142857,0.1098901098901098,0.0879120879120879,0.0769230769230769,0.0769230769230769,0.0549450549450549,0.0989010989010989,0.2,0.8,0,2,4.0,8,0.6666666666666666,4.533333333333333,90,60,0.6666666666666666,6.324555320336758,4.792145071677791,120.55970069323904,103
train,audio_722.wav,5.0,False,True,True,2.0689655172413794,0.0,0.0,0.6896551724137931,0.0,0.0,0.6896551724137931,0.0,0.0,3.4482758620689653,2.7586206896551726,0.5714285714285714,4,7,21.142857142857142,0.0,0.2702702702702703,0.1216216216216216,0.081081081081081,0.0472972972972973,0.054054054054054,0.1081081081081081,0.0405405405405405,0.1818181818181818,0.8181818181818182,0,2,6.142857142857143,11,1.7142857142857142,4.4206896551724135,145,83,0.5724137931034483,6.892774827860417,2.5797725880639795,13.194137314146516,169
train,audio_5047.wav,0.0,True,True,True,0.8771929824561403,0.0,0.0,0.8771929824561403,0.0,0.0,0.8771929824561403,0.0,0.0,2.631578947368421,1.7543859649122806,0.2857142857142857,2,8,14.75,0.0,0.1525423728813559,0.1949152542372881,0.0677966101694915,0.0508474576271186,0.0677966101694915,0.1694915254237288,0.0677966101694915,0.0,1.0,1,3,3.875,5,1.25,3.842105263157895,114,50,0.43859649122807015,4.68292905790847,3.271750151221432,26.35742848567509,134
train,audio_324.wav,5.0,False,True,True,0.0,0.0,0.0,0.0,0.0,0.0,0.0,0.0,0.0,0.0,0.0,0.0,0,8,14.5,0.0,0.2413793103448276,0.1551724137931034,0.0775862068965517,0.1293103448275862,0.0344827586206896,0.0948275862068965,0.0517241379310344,0.0,1.0,0,1,3.875,5,1.125,4.572727272727272,110,75,0.6818181818181818,7.150969419341942,3.9477526257921767,51.81877968747742,143
train,audio_279.wav,5.0,False,True,True,0.0,0.0,0.0,0.0,0.0,0.6802721088435374,0.6802721088435374,0.0,0.0,1.3605442176870748,0.6802721088435374,0.2222222222222222,1,7,21.428571428571427,0.0,0.16,0.1066666666666666,0.1133333333333333,0.1066666666666666,0.0933333333333333,0.1466666666666666,0.0666666666666666,0.0625,0.9375,0,3,4.428571428571429,8,1.7142857142857142,4.0479452054794525,147,86,0.5850340136054422,7.093160450043974,3.0043551422828854,20.17320305498948,172
train,audio_450.wav,3.0,False,True,True,0.0,0.0,0.970873786407767,0.0,0.0,0.0,0.0,0.970873786407767,0.0,1.941747572815534,0.970873786407767,0.3333333333333333,1,6,17.666666666666668,0.0,0.2641509433962264,0.0754716981132075,0.1226415094339622,0.0471698113207547,0.0754716981132075,0.1037735849056603,0.0849056603773584,0.9166666666666666,0.0833333333333333,0,3,4.5,7,0.5,4.09375,103,51,0.49514563106796117,5.025179318637895,3.790454660663168,44.27652649523566,131
train,audio_32.wav,2.5,False,True,True,0.0,0.0,0.0,0.8928571428571429,0.0,0.8928571428571429,0.8928571428571429,0.0,0.0,2.6785714285714284,1.7857142857142858,0.75,2,3,37.333333333333336,0.0,0.2142857142857142,0.1517857142857142,0.0535714285714285,0.0625,0.0446428571428571,0.1428571428571428,0.0446428571428571,0.6153846153846154,0.3846153846153846,0,2,9.666666666666666,11,4.333333333333333,3.866071428571429,112,69,0.6160714285714286,6.519887159409169,3.793729847875135,44.42177814193002,116
train,audio_254.wav,3.5,False,True,True,0.0,1.639344262295082,0.0,0.0,0.0,3.278688524590164,1.639344262295082,0.0,0.0,6.557377049180328,4.918032786885246,1.0,3,2,30.5,0.0,0.2622950819672131,0.1639344262295081,0.0,0.0163934426229508,0.0655737704918032,0.1147540983606557,0.0983606557377049,0.25,0.75,0,2,8.0,10,2.0,4.721311475409836,61,43,0.7049180327868853,5.505585837114527,4.254423199277936,70.41618936360965,66
train,audio_544.wav,2.0,False,True,True,1.36986301369863,2.73972602739726,1.36986301369863,0.0,1.36986301369863,4.109589041095891,0.0,0.0,0.0,10.95890410958904,10.95890410958904,1.0,8,6,12.333333333333334,0.0,0.2432432432432432,0.1486486486486486,0.027027027027027,0.0,0.0675675675675675,0.1351351351351351,0.0945945945945946,0.2222222222222222,0.7777777777777778,0,2,4.666666666666667,6,0.8333333333333334,4.013698630136986,73,34,0.4657534246575342,3.9793990046684398,3.519859957407756,33.77969753618341,83
train,audio_176.wav,4.5,False,True,True,0.0,0.0,0.6493506493506493,0.6493506493506493,0.0,1.2987012987012987,0.0,0.6493506493506493,0.0,3.2467532467532467,2.5974025974025974,0.25,4,14,11.714285714285714,0.0,0.1463414634146341,0.0914634146341463,0.073170731707317,0.1097560975609756,0.1341463414634146,0.2012195121951219,0.0975609756097561,0.375,0.625,0,3,3.142857142857143,6,0.5,3.688311688311688,154,99,0.6428571428571429,7.977647343851265,3.773463751680108,43.53058313683106,186
train,audio_301.wav,4.5,False,True,True,0.0,0.0,1.1494252873563218,0.0,0.0,2.2988505747126435,0.0,0.0,0.0,3.4482758620689653,3.4482758620689653,0.75,3,3,29.0,0.0,0.2413793103448276,0.1379310344827586,0.1149425287356321,0.0919540229885057,0.0459770114942528,0.1379310344827586,0.0459770114942528,0.0,1.0,0,1,5.333333333333333,10,2.6666666666666665,4.367816091954023,87,66,0.7586206896551724,7.075942729929445,3.745723802216199,42.3396416573278,98
train,audio_213.wav,5.0,False,True,True,0.0,0.0,0.0,0.6802721088435374,0.6802721088435374,1.3605442176870748,0.0,0.0,0.0,2.7210884353741496,2.7210884353741496,0.5,4,7,21.571428571428573,0.0,0.152317880794702,0.1788079470198675,0.0463576158940397,0.0728476821192053,0.0728476821192053,0.2185430463576159,0.0993377483443708,0.0,1.0,0,2,6.285714285714286,13,1.5714285714285714,4.183673469387755,147,82,0.5578231292517006,6.763246010507045,3.402062270220588,30.02595788047178,170
train,audio_295.wav,5.0,False,True,True,0.0,0.0,0.0,0.0,0.0,0.0,0.0,0.0,0.0,0.0,0.0,0.0,0,5,25.0,0.0,0.256,0.136,0.064,0.088,0.04,0.096,0.064,0.0909090909090909,0.9090909090909092,0,2,7.6,10,1.6,4.411290322580645,124,82,0.6612903225806451,7.363817383097771,2.887260759380502,17.94408904126652,142
train,audio_40.wav,3.0,False,True,True,0.0,0.0,0.0,0.0,0.0,0.0,0.0,0.0,0.0,0.0,0.0,0.0,0,8,12.5,0.0,0.26,0.11,0.09,0.12,0.05,0.11,0.06,0.0769230769230769,0.9230769230769232,0,3,4.75,8,0.375,4.313131313131313,99,59,0.5959595959595959,5.929723110029351,3.032043717865251,20.73957514677621,117
train,audio_496.wav,2.5,False,True,True,0.0,0.0,0.0,0.0,0.0,0.0,0.0,0.0,0.0,0.0,0.0,0.0,0,5,16.8,0.0,0.2619047619047619,0.1071428571428571,0.0833333333333333,0.0119047619047619,0.0952380952380952,0.1309523809523809,0.0714285714285714,0.1,0.9,0,2,5.2,7,1.8,4.487804878048781,82,43,0.524390243902439,4.748555621218401,4.124017915271577,61.807079645412,105
train,audio_45.wav,2.5,False,True,True,0.0,0.0,0.0,1.2345679012345678,0.0,2.469135802469136,1.2345679012345678,0.0,0.0,4.938271604938271,3.703703703703704,0.6666666666666666,3,1,82.0,0.0,0.1829268292682926,0.1463414634146341,0.024390243902439,0.0121951219512195,0.0609756097560975,0.1951219512195122,0.0853658536585365,0.5,0.5,1,3,15.0,15,7.0,3.7625,81,52,0.6419753086419753,5.777777777777778,4.349483038789483,77.43841991651094,93
train,audio_146.wav,3.0,False,True,True,0.0,0.0,0.0,0.8403361344537815,0.0,0.8403361344537815,0.8403361344537815,0.0,0.0,2.5210084033613445,1.680672268907563,0.5,2,5,24.6,0.0,0.2601626016260163,0.0975609756097561,0.08130081300813,0.048780487804878,0.065040650406504,0.0975609756097561,0.089430894308943,0.0,1.0,0,1,5.6,11,1.6,4.420168067226891,119,71,0.5966386554621849,6.508559328900301,3.5727594972566794,35.614736443791074,131
train,audio_415.wav,2.5,False,True,True,1.36986301369863,0.0,0.0,0.0,0.0,4.109589041095891,0.0,0.0,0.0,5.47945205479452,5.47945205479452,1.0,4,2,36.5,0.0,0.2328767123287671,0.1232876712328767,0.0821917808219178,0.0136986301369863,0.0684931506849315,0.2191780821917808,0.0958904109589041,0.6153846153846154,0.3846153846153846,0,3,6.5,10,3.5,4.219178082191781,73,47,0.6438356164383562,5.500933918218137,3.592652120707948,36.33030061291453,81
train,audio_595.wav,3.0,False,True,True,0.0,0.0,2.1739130434782608,0.0,0.0,3.260869565217391,1.0869565217391304,0.0,0.0,6.521739130434782,5.434782608695652,0.75,5,4,23.25,0.25,0.2903225806451613,0.2043010752688172,0.0967741935483871,0.032258064516129,0.043010752688172,0.075268817204301,0.043010752688172,0.0,1.0,1,2,5.25,12,1.0,5.456521739130435,92,70,0.7608695652173914,7.2980044919976175,4.4140967253212615,82.60719021294236,107
train,audio_783.wav,4.0,False,True,True,0.0,0.0,0.0,0.7246376811594203,0.0,1.4492753623188406,0.0,0.0,0.0,2.1739130434782608,2.1739130434782608,0.25,3,7,20.714285714285715,0.0,0.2413793103448276,0.0896551724137931,0.0827586206896551,0.1034482758620689,0.0689655172413793,0.0896551724137931,0.096551724137931,0.0,1.0,0,2,4.714285714285714,7,1.2857142857142858,4.094202898550725,138,79,0.572463768115942,6.724926592994114,2.9843413190143866,19.773473534925447,164
train,audio_673.wav,5.0,False,True,True,0.0,0.0,0.0,0.8928571428571429,0.0,3.571428571428572,0.0,0.0,0.0,4.464285714285714,4.464285714285714,0.75,5,3,37.66666666666666,0.0,0.2123893805309734,0.1238938053097345,0.0973451327433628,0.1592920353982301,0.0530973451327433,0.1238938053097345,0.0265486725663716,0.0,1.0,1,2,5.333333333333333,10,1.6666666666666667,4.035714285714286,112,76,0.6785714285714286,7.181324987175317,3.734983413938492,41.8873308114959,126
train,audio_48.wav,2.5,False,True,True,0.0,0.0,0.0,0.0,0.0,1.3333333333333333,1.3333333333333333,0.0,0.0,2.6666666666666665,1.3333333333333333,1.0,1,1,76.0,0.0,0.2236842105263158,0.1447368421052631,0.0131578947368421,0.0394736842105263,0.0526315789473684,0.131578947368421,0.1184210526315789,0.5,0.5,0,2,9.0,9,6.0,3.693333333333333,75,49,0.6533333333333333,5.658032638058332,3.6662190755208335,39.103777575974064,81
train,audio_777.wav,4.5,False,True,True,1.5384615384615383,0.0,0.0,0.0,0.0,3.076923076923077,0.0,0.0,0.0,4.615384615384615,4.615384615384615,0.4285714285714285,3,7,9.571428571428571,0.0,0.3134328358208955,0.1492537313432835,0.0895522388059701,0.0597014925373134,0.0746268656716417,0.0895522388059701,0.0597014925373134,0.0,1.0,0,2,3.142857142857143,5,0.4285714285714285,5.107692307692307,65,48,0.7384615384615385,5.953667260282006,3.895926666259766,49.201625730725134,80
train,audio_330.wav,3.0,False,True,True,1.0638297872340423,0.0,1.0638297872340423,0.0,1.0638297872340423,1.0638297872340423,1.0638297872340423,0.0,0.0,5.319148936170213,4.25531914893617,0.375,4,8,12.125,0.125,0.2886597938144329,0.1443298969072164,0.0515463917525773,0.0206185567010309,0.0515463917525773,0.1030927835051546,0.0618556701030927,0.0,1.0,0,2,4.375,9,0.375,3.9680851063829774,94,50,0.5319148936170213,5.157106231293967,3.546538013522908,34.69300263759702,118
train,audio_200.wav,3.0,False,True,True,1.4705882352941178,0.0,0.0,0.0,0.0,1.4705882352941178,2.9411764705882355,0.0,0.0,5.882352941176471,2.9411764705882355,0.6666666666666666,2,3,23.33333333333333,0.3333333333333333,0.2142857142857142,0.1285714285714285,0.0571428571428571,0.0285714285714285,0.1,0.1428571428571428,0.0857142857142857,0.25,0.75,0,3,5.666666666666667,7,1.3333333333333333,4.441176470588236,68,45,0.6617647058823529,5.457051563317492,3.7895344059641767,44.23579955612616,82
train,audio_259.wav,4.0,False,True,True,0.0,0.0,0.0,2.380952380952381,0.0,2.380952380952381,1.1904761904761905,0.0,0.0,5.9523809523809526,4.761904761904762,0.6,4,5,16.8,0.0,0.1309523809523809,0.1309523809523809,0.0595238095238095,0.0595238095238095,0.119047619047619,0.2023809523809523,0.0952380952380952,0.2307692307692307,0.7692307692307693,0,2,4.0,6,1.8,3.892857142857143,84,50,0.5952380952380952,5.45544725589981,3.273191369098165,26.39544266957412,92
train,audio_721.wav,3.0,False,True,True,0.0,0.0,0.0,2.3529411764705883,0.0,3.5294117647058822,1.1764705882352942,0.0,0.0,7.0588235294117645,5.882352941176471,1.0,5,3,29.666666666666668,0.3333333333333333,0.2584269662921348,0.1235955056179775,0.1235955056179775,0.0561797752808988,0.0786516853932584,0.0898876404494382,0.0224719101123595,0.1,0.9,0,3,4.666666666666667,7,2.6666666666666665,4.294117647058823,85,64,0.7529411764705882,6.941774650196997,4.998115775511437,148.13377868414057,97
train,audio_223.wav,5.0,False,True,True,0.0,0.0,0.0,0.0,0.0,1.96078431372549,0.9803921568627452,0.9803921568627452,0.0,3.92156862745098,1.96078431372549,0.4,2,3,34.666666666666664,0.0,0.173076923076923,0.1538461538461538,0.0865384615384615,0.0384615384615384,0.0673076923076923,0.1346153846153846,0.1153846153846153,0.2307692307692307,0.7692307692307693,0,2,6.666666666666667,9,3.333333333333333,4.127450980392157,102,69,0.6764705882352942,6.832018046539053,3.097900390625,22.151393148874885,116
train,audio_175.wav,4.0,False,True,True,0.0,0.0,1.3986013986013983,0.0,0.0,0.6993006993006993,0.6993006993006993,0.0,0.0,2.797202797202797,2.097902097902098,0.2857142857142857,3,5,28.6,0.0,0.2167832167832167,0.1398601398601398,0.0979020979020979,0.0419580419580419,0.0559440559440559,0.1608391608391608,0.0839160839160839,0.0,1.0,0,2,4.8,8,2.4,4.104895104895105,143,95,0.6643356643356644,7.944299095067362,3.9888121329698,53.99071746381824,149
train,audio_400.wav,4.0,False,True,True,0.0,0.0,0.0,1.96078431372549,0.0,0.0,0.0,0.0,0.0,1.96078431372549,1.96078431372549,0.3333333333333333,1,3,17.0,0.0,0.196078431372549,0.1176470588235294,0.1176470588235294,0.0392156862745098,0.0980392156862745,0.1568627450980392,0.0980392156862745,0.4,0.6,0,3,4.333333333333333,5,2.0,3.941176470588236,51,34,0.6666666666666666,4.760952285695233,3.513048206676136,33.550380568479284,55
train,audio_506.wav,2.0,False,True,True,1.709401709401709,0.0,0.0,0.8547008547008547,0.0,3.418803418803418,0.8547008547008547,0.0,0.0,6.837606837606837,5.982905982905983,0.8,7,5,23.6,0.0,0.3135593220338983,0.1016949152542373,0.0338983050847457,0.0338983050847457,0.059322033898305,0.1186440677966101,0.0762711864406779,0.0714285714285714,0.9285714285714286,1,4,5.2,7,1.8,4.307692307692308,117,72,0.6153846153846154,6.656402354702749,4.869546904818702,130.2618824921028,131
train,audio_153.wav,3.0,False,True,True,0.8547008547008547,0.8547008547008547,0.0,3.418803418803418,0.0,3.418803418803418,0.8547008547008547,0.0,0.0,9.401709401709402,8.547008547008547,1.0,10,1,118.0,0.0,0.1949152542372881,0.1694915254237288,0.059322033898305,0.0254237288135593,0.0508474576271186,0.1864406779661017,0.0847457627118644,0.0,1.0,0,1,14.0,14,9.0,3.940170940170941,117,62,0.5299145299145299,5.7319020276607,3.622383743035989,37.42667715401,122
train,audio_5050.wav,0.0,True,True,True,0.0,1.5151515151515151,0.0,0.0,1.5151515151515151,4.545454545454546,1.5151515151515151,0.0,0.0,9.090909090909092,7.575757575757576,1.0,5,2,33.5,0.0,0.2388059701492537,0.0895522388059701,0.044776119402985,0.0597014925373134,0.0746268656716417,0.1194029850746268,0.044776119402985,0.0,1.0,0,1,8.5,11,3.0,3.636363636363636,66,44,0.6666666666666666,5.41602560309064,4.083832946004747,59.37260626496892,79
train,audio_281.wav,4.5,False,True,True,1.7857142857142858,1.7857142857142858,0.0,0.0,0.0,1.7857142857142858,0.0,0.0,0.0,5.357142857142857,5.357142857142857,0.5714285714285714,6,6,18.666666666666668,0.0,0.2321428571428571,0.2053571428571428,0.0267857142857142,0.0267857142857142,0.0357142857142857,0.1428571428571428,0.0803571428571428,0.9333333333333332,0.0666666666666666,0,3,5.333333333333333,11,2.1666666666666665,4.303571428571429,112,59,0.5267857142857143,5.574975976886101,3.43995068359375,31.185420177535136,125
train,audio_543.wav,3.0,False,True,True,0.0,0.847457627118644,0.0,0.847457627118644,0.847457627118644,1.694915254237288,0.0,0.0,0.0,4.237288135593221,4.237288135593221,0.5714285714285714,5,7,16.857142857142858,0.0,0.2542372881355932,0.1525423728813559,0.059322033898305,0.0508474576271186,0.0423728813559322,0.1101694915254237,0.0677966101694915,0.0,1.0,0,1,5.714285714285714,10,1.4285714285714286,4.296610169491525,118,75,0.635593220338983,6.904309634237426,3.9156287560096152,50.18061295602344,130
train,audio_445.wav,3.0,False,True,True,0.0,0.9433962264150944,0.0,0.9433962264150944,0.9433962264150944,5.660377358490566,0.9433962264150944,0.0,0.0,9.433962264150944,8.49056603773585,0.8333333333333334,9,6,17.666666666666668,0.0,0.1792452830188679,0.1415094339622641,0.1415094339622641,0.0188679245283018,0.0754716981132075,0.160377358490566,0.0566037735849056,0.0769230769230769,0.9230769230769232,0,3,5.666666666666667,9,1.1666666666666667,4.79245283018868,106,52,0.49056603773584906,5.050686484257773,3.945521484375,51.70329354279681,125
train,audio_124.wav,2.0,False,True,True,1.0526315789473684,2.1052631578947367,0.0,0.0,0.0,1.0526315789473684,0.0,0.0,0.0,4.2105263157894735,4.2105263157894735,0.6,4,5,19.0,0.0,0.2,0.1578947368421052,0.0947368421052631,0.0736842105263157,0.0947368421052631,0.1368421052631579,0.0842105263157894,0.4,0.6,0,4,4.4,5,1.6,4.073684210526316,95,62,0.6526315789473685,6.361065782927956,3.67931640625,39.61930130665231,100
train,audio_249.wav,2.0,False,True,True,0.0,0.0,0.0,0.0,0.0,0.0,0.0,0.0,0.0,0.0,0.0,0.0,0,2,19.0,0.0,0.2631578947368421,0.1578947368421052,0.0,0.0,0.0263157894736842,0.2631578947368421,0.131578947368421,0.6,0.4,0,2,4.5,5,1.5,4.368421052631579,38,29,0.7631578947368421,4.704421212792114,4.2710663551508,71.5979437623152,43
train,audio_420.wav,2.0,False,True,True,0.0,0.0,0.0,0.0,0.0,1.1235955056179776,1.1235955056179776,0.0,0.0,2.247191011235955,1.1235955056179776,0.2,1,5,17.8,0.0,0.2584269662921348,0.1910112359550561,0.0786516853932584,0.0337078651685393,0.0337078651685393,0.0898876404494382,0.1011235955056179,0.0,1.0,1,3,5.8,9,1.0,5.112359550561798,89,67,0.7528089887640449,7.101985796042612,4.096770635925897,60.14574114011758,101
train,audio_203.wav,5.0,False,True,True,0.0,0.0,0.0,0.0,0.0,1.5151515151515151,0.7575757575757576,0.0,0.0,2.272727272727273,1.5151515151515151,0.4285714285714285,2,5,26.6,0.0,0.2406015037593984,0.1804511278195488,0.037593984962406,0.0075187969924812,0.0676691729323308,0.112781954887218,0.0676691729323308,0.0714285714285714,0.9285714285714286,0,3,4.6,8,2.4,4.424242424242424,132,76,0.5757575757575758,6.614950926316518,3.0702932257401314,21.54822024154943,152
train,audio_278.wav,5.0,False,True,True,0.0,1.5151515151515151,0.0,0.0,0.0,3.0303030303030303,0.0,0.0,0.0,4.545454545454546,4.545454545454546,0.6,3,5,13.4,0.0,0.3134328358208955,0.1641791044776119,0.0597014925373134,0.0149253731343283,0.044776119402985,0.0746268656716417,0.044776119402985,1.0,0.0,0,1,4.2,7,1.2,4.227272727272728,66,47,0.7121212121212122,5.785300076028638,4.573933410644531,96.92460523376356,80
train,audio_516.wav,2.5,False,True,True,0.0,0.9433962264150944,0.0,0.9433962264150944,0.0,0.9433962264150944,0.0,0.0,0.0,2.830188679245283,2.830188679245283,0.75,3,5,21.4,0.2,0.2429906542056074,0.0934579439252336,0.0841121495327102,0.0186915887850467,0.0841121495327102,0.1495327102803738,0.0747663551401869,0.0666666666666666,0.9333333333333332,0,2,4.6,9,1.2,4.29245283018868,106,52,0.49056603773584906,5.050686484257773,4.37583642578125,79.50631287824757,125
train,audio_326.wav,4.0,False,True,True,0.0,0.0,0.0,0.0,0.0,0.0,0.0,0.0,0.0,0.0,0.0,0.0,0,5,15.2,0.0,0.1447368421052631,0.1052631578947368,0.1052631578947368,0.0526315789473684,0.0921052631578947,0.1973684210526315,0.0921052631578947,0.6666666666666666,0.3333333333333333,0,3,3.8,6,1.2,3.7466666666666666,75,48,0.64,5.5425625842204065,2.738374381229795,15.461829614824635,87
train,audio_603.wav,4.5,False,True,True,0.0,0.8547008547008547,0.8547008547008547,0.8547008547008547,0.8547008547008547,0.8547008547008547,0.8547008547008547,0.0,0.0,5.128205128205129,4.273504273504273,0.5,5,10,11.8,0.1,0.1864406779661017,0.1101694915254237,0.1101694915254237,0.135593220338983,0.0677966101694915,0.1440677966101695,0.0508474576271186,0.5,0.5,0,2,3.3,7,0.6,4.162393162393163,117,76,0.6495726495726496,7.026202485519568,3.721355262169471,41.32035609390752,130
train,audio_199.wav,4.0,False,True,True,0.0,0.0,0.0,0.0,0.0,1.162790697674419,0.0,0.0,0.0,1.162790697674419,1.162790697674419,0.2,1,4,21.5,0.25,0.1511627906976744,0.1744186046511628,0.0116279069767441,0.0813953488372093,0.0697674418604651,0.1976744186046511,0.0581395348837209,0.0,1.0,1,2,4.5,6,1.25,3.883720930232558,86,52,0.6046511627906976,5.607304206578798,3.3108635326423266,27.40878363499032,101
train,audio_406.wav,2.5,False,True,True,1.7857142857142858,0.0,0.0,0.0,0.0,1.7857142857142858,0.0,0.0,0.0,3.571428571428572,3.571428571428572,1.0,2,1,56.0,0.0,0.2321428571428571,0.1607142857142857,0.0714285714285714,0.0357142857142857,0.0535714285714285,0.1071428571428571,0.1071428571428571,0.6,0.4,0,3,8.0,8,4.0,3.9107142857142856,56,43,0.7678571428571429,5.746116701117124,3.8908114433288574,48.95059104311517,64
train,audio_538.wav,4.0,False,True,True,0.0,0.0,0.0,0.7299270072992701,0.0,0.7299270072992701,0.0,0.0,0.7299270072992701,2.18978102189781,1.45985401459854,0.3333333333333333,2,5,27.4,0.2,0.2116788321167883,0.0875912408759124,0.1094890510948905,0.0583941605839416,0.0656934306569343,0.1240875912408759,0.0802919708029197,0.0,1.0,0,2,7.0,9,2.0,4.357664233576642,137,84,0.6131386861313869,7.176604324820792,3.927866082442434,50.79846219846268,152
train,audio_631.wav,5.0,False,True,True,2.9197080291970803,0.0,0.0,0.7299270072992701,0.0,2.18978102189781,0.0,0.0,0.0,5.839416058394161,5.839416058394161,1.0,8,4,34.5,0.0,0.2028985507246377,0.1376811594202898,0.0797101449275362,0.0579710144927536,0.0797101449275362,0.0797101449275362,0.0942028985507246,0.2,0.8,1,3,6.75,9,1.0,4.072992700729927,137,82,0.5985401459854015,7.005732793277439,3.546178717362253,34.68053981400417,152
train,audio_5061.wav,0.0,True,True,True,0.0,0.0,0.0,0.0,0.0,0.0,1.075268817204301,0.0,0.0,1.075268817204301,0.0,0.2,0,4,25.5,0.0,0.0980392156862745,0.088235294117647,0.0784313725490196,0.0588235294117647,0.1666666666666666,0.2352941176470588,0.0784313725490196,0.0,1.0,0,3,5.5,8,2.5,3.4946236559139785,93,56,0.6021505376344086,5.806929490490382,3.162272765573148,23.62422729070456,113
train,audio_196.wav,4.0,False,True,True,0.0,0.0,0.0,0.0,0.0,1.8867924528301887,0.0,0.0,0.0,1.8867924528301887,1.8867924528301887,0.25,1,4,14.0,0.0,0.1607142857142857,0.1607142857142857,0.0892857142857142,0.0535714285714285,0.0535714285714285,0.1428571428571428,0.1071428571428571,0.0,1.0,0,2,3.0,5,0.5,4.264150943396227,53,40,0.7547169811320755,5.494422557947561,3.4372673587522646,31.10185173566129,69
train,audio_756.wav,4.0,False,True,True,0.0,0.8403361344537815,0.0,0.0,0.0,0.8403361344537815,0.8403361344537815,0.0,0.0,2.5210084033613445,1.680672268907563,0.6,2,4,30.25,0.0,0.1570247933884297,0.1322314049586777,0.0495867768595041,0.1239669421487603,0.0413223140495867,0.1818181818181818,0.0909090909090909,0.0,1.0,0,1,6.75,10,2.75,4.008403361344538,119,66,0.5546218487394958,6.050210080386195,3.4083769236896053,30.216161301882387,141
train,audio_649.wav,5.0,False,True,True,0.0,0.0,0.0,0.0,0.0,1.6,0.8,0.0,0.0,2.4,1.6,0.6,2,4,31.75,0.0,0.1732283464566929,0.1417322834645669,0.0314960629921259,0.1102362204724409,0.0472440944881889,0.1889763779527559,0.0866141732283464,0.0,1.0,0,2,7.75,15,3.0,3.8,125,82,0.656,7.33430296619931,3.027725440868433,20.650209009235468,138
train,audio_27.wav,2.0,False,True,True,0.0,0.0,0.0,0.0,0.0,1.408450704225352,1.408450704225352,0.0,0.0,2.816901408450704,1.408450704225352,1.0,1,1,76.0,0.0,0.25,0.0921052631578947,0.1447368421052631,0.0657894736842105,0.0526315789473684,0.0921052631578947,0.0394736842105263,0.0,1.0,0,1,7.0,7,7.0,3.859154929577465,71,41,0.5774647887323944,4.865804798594798,3.558055598561357,35.09489220162558,82
train,audio_681.wav,5.0,False,True,True,0.0,0.0,0.0,0.0,0.0,0.9615384615384616,0.0,0.0,0.0,0.9615384615384616,0.9615384615384616,0.0909090909090909,1,11,10.0,0.1818181818181818,0.1454545454545454,0.109090909090909,0.109090909090909,0.0909090909090909,0.0909090909090909,0.2272727272727272,0.0545454545454545,0.3846153846153846,0.6153846153846154,1,3,3.272727272727273,5,0.6363636363636364,3.807692307692308,104,59,0.5673076923076923,5.7854259865764295,2.66027978515625,14.300289547763908,125
train,audio_556.wav,2.5,False,True,True,0.0,1.3888888888888888,0.0,0.0,0.0,1.3888888888888888,0.0,0.0,0.0,2.7777777777777777,2.7777777777777777,0.5,2,1,73.0,0.0,0.2054794520547945,0.1232876712328767,0.0684931506849315,0.0821917808219178,0.1232876712328767,0.1095890410958904,0.0684931506849315,0.1,0.9,0,3,15.0,15,7.0,4.5,72,49,0.6805555555555556,5.774705379690139,4.308399614081325,74.3214507090277,83
train,audio_185.wav,3.0,False,True,True,0.0,0.0,0.0,0.0,0.0,2.857142857142857,0.0,1.4285714285714286,0.0,4.285714285714286,2.857142857142857,0.5,2,4,17.75,0.0,0.2957746478873239,0.1408450704225352,0.0422535211267605,0.0704225352112676,0.056338028169014,0.1126760563380281,0.0985915492957746,0.0,1.0,0,1,4.75,6,1.5,4.828571428571428,70,44,0.6285714285714286,5.259005881071332,3.886363636363636,48.733351740699845,88
train,audio_369.wav,5.0,False,True,True,0.0,0.0,0.0,0.0,0.0,2.3622047244094486,0.0,0.0,0.0,2.3622047244094486,2.3622047244094486,0.4,3,5,25.6,0.0,0.3046875,0.1328125,0.0703125,0.03125,0.0703125,0.0390625,0.0625,0.1,0.9,0,3,6.8,11,1.6,4.732283464566929,127,80,0.6299212598425197,7.098852075328911,3.906098865327381,49.704668650837405,147
train,audio_241.wav,4.0,False,True,True,0.0,0.6993006993006993,0.0,0.0,0.0,1.3986013986013983,0.0,0.0,0.0,2.097902097902098,2.097902097902098,0.4285714285714285,3,7,20.428571428571427,0.0,0.3076923076923077,0.1188811188811188,0.0559440559440559,0.0279720279720279,0.0419580419580419,0.0349650349650349,0.0629370629370629,0.0,1.0,0,2,7.0,13,1.5714285714285714,4.811188811188811,143,80,0.5594405594405595,6.689936080056726,3.3101806640625,27.39007342686841,162
train,audio_98.wav,2.5,False,True,True,0.0,2.631578947368421,0.0,1.3157894736842106,1.3157894736842106,1.3157894736842106,0.0,0.0,0.0,6.578947368421052,6.578947368421052,0.6666666666666666,5,6,13.166666666666666,0.3333333333333333,0.1265822784810126,0.1392405063291139,0.050632911392405,0.0886075949367088,0.0759493670886076,0.1772151898734177,0.1139240506329113,0.5,0.5,5,4,3.0,8,0.3333333333333333,3.381578947368421,76,41,0.5394736842105263,4.703022544346516,3.541709012763445,34.525873958547194,86
train,audio_389.wav,5.0,False,True,True,0.0,0.0,0.0,0.0,0.0,0.0,0.7633587786259542,0.0,0.0,0.7633587786259542,0.0,0.1666666666666666,0,7,19.714285714285715,0.0,0.2391304347826087,0.0869565217391304,0.0942028985507246,0.072463768115942,0.0797101449275362,0.144927536231884,0.0797101449275362,0.0526315789473684,0.9473684210526316,0,3,5.142857142857143,8,1.1428571428571428,4.038167938931298,131,83,0.6335877862595419,7.251743670286615,3.172206801856124,23.860080770683123,149
train,audio_357.wav,5.0,False,True,True,0.0,0.0,0.0,0.0,0.0,2.631578947368421,1.3157894736842106,0.0,0.0,3.947368421052632,2.631578947368421,0.4,2,5,15.6,0.0,0.2948717948717949,0.1666666666666666,0.0641025641025641,0.0128205128205128,0.0512820512820512,0.1025641025641025,0.0256410256410256,0.625,0.375,0,3,4.4,10,1.6,4.039473684210527,76,46,0.6052631578947368,5.27656187902292,3.998367138123245,54.50907154164218,89
train,audio_112.wav,3.0,False,True,True,0.0,0.0,0.0,0.0,0.0,3.061224489795918,0.0,0.0,0.0,3.061224489795918,3.061224489795918,0.6666666666666666,3,1,99.0,0.0,0.1818181818181818,0.1313131313131313,0.0202020202020202,0.101010101010101,0.1111111111111111,0.2121212121212121,0.0909090909090909,0.0,1.0,6,4,9.0,9,10.0,3.86734693877551,98,55,0.5612244897959183,5.555838995037159,3.228093418506308,25.23150516207521,109
train,audio_675.wav,4.0,False,True,True,0.0,0.0,0.0,0.0,0.7299270072992701,1.45985401459854,0.0,0.7299270072992701,0.0,2.9197080291970803,2.18978102189781,0.5,3,6,23.0,0.0,0.181159420289855,0.108695652173913,0.0942028985507246,0.036231884057971,0.1304347826086956,0.1304347826086956,0.1159420289855072,0.0,1.0,2,3,6.0,13,1.1666666666666667,4.043795620437956,137,70,0.5109489051094891,5.9805036040173265,3.106626149770376,22.34552661942245,148
train,audio_113.wav,4.0,False,True,True,1.098901098901099,0.0,0.0,0.0,0.0,1.098901098901099,0.0,0.0,0.0,2.197802197802198,2.197802197802198,0.5,2,4,22.75,0.0,0.2087912087912088,0.1208791208791208,0.0219780219780219,0.0769230769230769,0.2087912087912088,0.1648351648351648,0.0769230769230769,0.0,1.0,3,3,4.75,6,2.25,4.56043956043956,91,49,0.5384615384615384,5.136595699937399,3.338877751277044,28.18747559003432,104
train,audio_483.wav,2.0,False,True,True,0.7751937984496124,0.0,0.0,0.7751937984496124,0.0,1.550387596899225,0.0,0.0,0.0,3.10077519379845,3.10077519379845,0.4285714285714285,4,7,18.428571428571427,0.0,0.2093023255813953,0.1007751937984496,0.0852713178294573,0.0232558139534883,0.0697674418604651,0.2480620155038759,0.1162790697674418,0.3,0.7,0,2,4.714285714285714,7,1.1428571428571428,3.875,129,64,0.49612403100775193,5.634885800483993,3.300806257459852,27.134507502713017,144
train,audio_474.wav,2.0,False,True,True,1.2658227848101269,1.2658227848101269,0.0,0.0,1.2658227848101269,2.5316455696202533,0.0,0.0,0.0,6.329113924050633,6.329113924050633,0.75,5,4,19.75,0.0,0.1518987341772152,0.1772151898734177,0.050632911392405,0.1012658227848101,0.050632911392405,0.1645569620253164,0.0759493670886076,0.0,1.0,0,1,5.5,8,0.5,4.215189873417722,79,52,0.6582278481012658,5.850457084815324,4.0864105224609375,59.52584109943125,90
train,audio_725.wav,4.5,False,True,True,0.0,0.0,0.0,0.0,0.0,0.9803921568627452,0.9803921568627452,0.9803921568627452,0.0,2.9411764705882355,0.9803921568627452,0.6,1,5,21.0,0.0,0.1904761904761904,0.1428571428571428,0.0666666666666666,0.019047619047619,0.1523809523809524,0.1619047619047619,0.0476190476190476,0.0,1.0,0,2,5.2,7,1.6,4.2745098039215685,102,61,0.5980392156862745,6.039900012157713,3.587824417372881,36.15533138906412,118
train,audio_774.wav,3.0,False,True,True,0.0,0.0,0.0,0.0,0.0,1.0638297872340423,0.0,0.0,0.0,1.0638297872340423,1.0638297872340423,0.1666666666666666,1,6,16.166666666666668,0.0,0.2577319587628865,0.1752577319587628,0.0412371134020618,0.0515463917525773,0.0515463917525773,0.1030927835051546,0.1030927835051546,0.1111111111111111,0.8888888888888888,0,3,5.666666666666667,8,1.3333333333333333,4.457446808510638,94,56,0.5957446808510638,5.775958979049243,3.2236322723658737,25.119194433755816,113
train,audio_588.wav,2.5,False,True,True,2.0408163265306123,0.0,1.020408163265306,0.0,0.0,4.081632653061225,0.0,0.0,0.0,7.142857142857143,7.142857142857143,1.0,7,1,98.0,0.0,0.1938775510204081,0.0612244897959183,0.0408163265306122,0.1020408163265306,0.1938775510204081,0.1224489795918367,0.0918367346938775,0.1666666666666666,0.8333333333333334,8,4,8.0,8,5.0,4.061224489795919,98,43,0.4387755102040816,4.343655941574506,3.66634521484375,39.108710411106685,105
train,audio_395.wav,3.0,False,True,True,0.0,0.0,0.0,0.0,0.0,3.6496350364963503,0.0,0.0,0.0,3.6496350364963503,3.6496350364963503,0.75,5,3,46.66666666666666,0.0,0.2785714285714286,0.1071428571428571,0.0642857142857142,0.0357142857142857,0.0714285714285714,0.1285714285714285,0.0642857142857142,0.0666666666666666,0.9333333333333332,0,2,8.333333333333334,10,4.333333333333333,3.824817518248176,137,74,0.5401459854014599,6.3222466671040305,4.021317880364913,55.77456161280619,158
train,audio_210.wav,5.0,False,True,True,0.0,0.0,0.6896551724137931,0.0,0.0,1.3793103448275863,0.0,0.6896551724137931,0.0,2.7586206896551726,2.0689655172413794,0.4285714285714285,3,7,21.714285714285715,0.0,0.2171052631578947,0.1184210526315789,0.0394736842105263,0.0921052631578947,0.0855263157894736,0.1644736842105263,0.0986842105263157,0.0,1.0,0,2,5.285714285714286,7,1.2857142857142858,4.186206896551724,145,89,0.6137931034482759,7.391047706982857,3.3740830365349264,29.197498463170444,170
train,audio_309.wav,3.0,False,True,True,0.0,0.9523809523809524,0.0,0.9523809523809524,0.0,0.0,0.0,0.0,0.0,1.9047619047619049,1.9047619047619049,0.1428571428571428,2,14,7.571428571428571,0.0,0.1886792452830188,0.1981132075471698,0.0566037735849056,0.0471698113207547,0.0471698113207547,0.2924528301886792,0.0471698113207547,0.0,1.0,0,1,2.7142857142857144,5,0.3571428571428571,3.980952380952381,105,52,0.49523809523809526,5.0746803793323725,3.3949468703497026,29.813069474904264,126
train,audio_457.wav,3.0,False,True,True,1.6528925619834711,2.479338842975207,0.8264462809917356,2.479338842975207,0.8264462809917356,1.6528925619834711,0.0,0.0,0.0,9.917355371900827,9.917355371900827,0.8,12,4,30.25,0.0,0.3140495867768595,0.1157024793388429,0.0578512396694214,0.0165289256198347,0.0578512396694214,0.0991735537190082,0.0495867768595041,0.1,0.9,0,3,8.0,10,1.75,4.322314049586777,121,60,0.49586776859504134,5.454545454545454,3.6742071621659873,39.41739286481885,138
train,audio_492.wav,2.5,False,True,True,0.0,0.0,0.8403361344537815,0.0,0.8403361344537815,0.8403361344537815,0.8403361344537815,0.0,0.0,3.361344537815126,2.5210084033613445,0.4,3,10,12.7,0.0,0.1968503937007874,0.0787401574803149,0.0866141732283464,0.0944881889763779,0.0787401574803149,0.2598425196850393,0.0551181102362204,0.4210526315789473,0.5789473684210527,0,2,3.9,5,0.8,3.907563025210084,119,56,0.47058823529411764,5.133511583357984,3.273093445660317,26.392858063633188,146
train,audio_738.wav,5.0,False,True,True,0.0,0.0,0.0,0.0,1.2820512820512822,1.2820512820512822,0.0,0.0,0.0,2.5641025641025643,2.5641025641025643,0.25,2,3,26.33333333333333,0.0,0.1265822784810126,0.1645569620253164,0.0379746835443038,0.0759493670886076,0.0886075949367088,0.1772151898734177,0.0126582278481012,0.0,1.0,0,1,6.333333333333333,12,2.333333333333333,3.7948717948717934,78,48,0.6153846153846154,5.4349297638940595,3.354302190965222,28.625622001982418,93
train,audio_305.wav,5.0,False,True,True,0.0,1.3986013986013983,0.0,0.0,0.0,0.6993006993006993,0.0,0.0,0.0,2.097902097902098,2.097902097902098,0.2222222222222222,3,9,16.11111111111111,0.0,0.2275862068965517,0.1379310344827586,0.1103448275862069,0.0482758620689655,0.0551724137931034,0.0827586206896551,0.0620689655172413,0.0,1.0,0,1,5.111111111111111,7,1.0,4.258741258741258,143,91,0.6363636363636364,7.6098022910645255,2.894200454523534,18.06904863808836,162
train,audio_123.wav,3.5,False,True,True,0.0,0.0,1.0416666666666667,0.0,0.0,4.166666666666667,2.083333333333333,0.0,2.083333333333333,9.375,5.208333333333333,0.5,5,3,32.333333333333336,0.0,0.2989690721649484,0.1237113402061855,0.1443298969072164,0.0309278350515463,0.0309278350515463,0.0412371134020618,0.0412371134020618,1.0,0.0,0,1,10.333333333333334,17,1.3333333333333333,5.5,96,78,0.8125,7.960841664045329,4.828123956663996,124.9762796711126,117
train,audio_5053.wav,0.0,True,True,True,1.2048192771084338,1.2048192771084338,0.0,0.0,0.0,2.409638554216868,2.409638554216868,0.0,0.0,7.228915662650603,4.819277108433735,0.75,4,3,28.0,0.0,0.1785714285714285,0.1428571428571428,0.0595238095238095,0.0952380952380952,0.0595238095238095,0.1547619047619047,0.119047619047619,0.2,0.8,0,3,5.333333333333333,8,1.3333333333333333,4.144578313253012,83,49,0.5903614457831325,5.378448739494827,4.305636142162567,74.11634899397329,94
train,audio_89.wav,2.5,False,True,True,1.162790697674419,0.0,0.0,1.162790697674419,1.162790697674419,1.162790697674419,2.3255813953488373,0.0,0.0,6.976744186046512,4.651162790697675,1.0,4,2,44.0,0.0,0.2045454545454545,0.1022727272727272,0.034090909090909,0.0454545454545454,0.1022727272727272,0.1704545454545454,0.0681818181818181,0.2222222222222222,0.7777777777777778,0,3,5.0,8,5.5,3.5930232558139537,86,46,0.5348837209302325,4.960307567358167,3.30536797706117,27.25857027210565,94
train,audio_747.wav,3.0,False,True,True,2.5974025974025974,0.0,0.0,0.0,0.0,1.2987012987012987,0.0,1.2987012987012987,0.0,5.194805194805195,3.896103896103896,0.6666666666666666,3,4,20.25,0.0,0.2098765432098765,0.1481481481481481,0.0617283950617283,0.074074074074074,0.0987654320987654,0.1851851851851851,0.0987654320987654,0.1,0.9,0,2,4.0,6,1.25,3.675324675324675,77,46,0.5974025974025974,5.242186517143345,3.371487824813179,29.12182301229533,92
train,audio_115.wav,2.0,False,True,True,2.5974025974025974,1.2987012987012987,0.0,0.0,0.0,6.493506493506493,0.0,0.0,1.2987012987012987,11.688311688311687,10.38961038961039,1.0,8,2,39.0,0.0,0.358974358974359,0.0897435897435897,0.0512820512820512,0.0256410256410256,0.0256410256410256,0.0384615384615384,0.0641025641025641,0.75,0.25,0,3,6.5,9,1.5,5.155844155844156,77,51,0.6623376623376623,5.8119893994415355,5.213600906671262,183.75455128262973,102
train,audio_235.wav,3.0,False,True,True,1.1235955056179776,0.0,0.0,2.247191011235955,1.1235955056179776,2.247191011235955,2.247191011235955,2.247191011235955,0.0,11.235955056179776,6.741573033707865,1.0,6,1,89.0,0.0,0.2022471910112359,0.1235955056179775,0.1123595505617977,0.0337078651685393,0.0449438202247191,0.146067415730337,0.1235955056179775,0.3333333333333333,0.6666666666666666,0,2,14.0,14,9.0,4.258426966292135,89,51,0.5730337078651685,5.405989188032437,4.461402353614267,86.60888025004698,99
train,audio_414.wav,3.5,False,True,True,2.857142857142857,0.0,0.9523809523809524,1.9047619047619049,0.0,0.0,0.9523809523809524,0.0,0.0,6.666666666666667,5.714285714285714,1.0,6,5,22.4,0.0,0.1607142857142857,0.0982142857142857,0.0803571428571428,0.0178571428571428,0.1071428571428571,0.2321428571428571,0.0714285714285714,0.2,0.8,0,3,5.0,6,2.0,3.5142857142857142,105,56,0.5333333333333333,5.465040408511786,3.547737927940803,34.73465625705351,123
train,audio_56.wav,2.0,False,True,True,0.0,1.0416666666666667,0.0,0.0,0.0,2.083333333333333,1.0416666666666667,0.0,0.0,4.166666666666667,3.125,0.5,3,4,24.0,0.0,0.25,0.1145833333333333,0.03125,0.09375,0.03125,0.09375,0.0625,0.0,1.0,0,2,5.0,6,1.0,3.7291666666666665,96,44,0.4583333333333333,4.4907311951024935,3.211578369140625,24.818227651301573,112
train,audio_43.wav,3.5,False,True,True,0.9803921568627452,0.0,0.0,0.9803921568627452,0.0,2.9411764705882355,0.0,0.0,0.0,4.901960784313726,4.901960784313726,0.2857142857142857,5,7,14.571428571428571,0.1428571428571428,0.2352941176470588,0.1274509803921568,0.0588235294117647,0.0490196078431372,0.088235294117647,0.088235294117647,0.0686274509803921,0.0,1.0,0,1,5.0,9,0.8571428571428571,4.352941176470588,102,70,0.6862745098039216,6.931032800836721,4.075651339399136,58.88882471117604,123
train,audio_394.wav,5.0,False,True,True,0.0,0.0,0.0,0.7633587786259542,0.0,1.5267175572519085,0.7633587786259542,0.0,0.0,3.053435114503817,2.2900763358778624,0.5,3,5,26.6,0.2,0.1428571428571428,0.1578947368421052,0.0601503759398496,0.1203007518796992,0.0601503759398496,0.1804511278195488,0.1052631578947368,0.0714285714285714,0.9285714285714286,0,3,5.0,8,2.4,4.358778625954199,131,91,0.6946564885496184,7.950706915615445,3.3808202283135778,29.39487173400272,145
train,audio_423.wav,3.0,False,True,True,1.5748031496062993,0.7874015748031497,0.0,0.0,0.0,2.3622047244094486,0.7874015748031497,0.0,0.0,5.511811023622047,4.724409448818897,0.6666666666666666,6,5,25.4,0.0,0.2913385826771653,0.0944881889763779,0.0708661417322834,0.0708661417322834,0.0866141732283464,0.0787401574803149,0.0708661417322834,0.0,1.0,2,3,5.0,12,1.2,4.480314960629921,127,75,0.5905511811023622,6.6551738206208535,4.438637662096088,84.65952819141496,147
train,audio_579.wav,4.0,False,True,True,0.925925925925926,1.851851851851852,0.0,0.925925925925926,0.0,5.555555555555555,0.0,0.0,1.851851851851852,11.11111111111111,9.25925925925926,0.8,10,4,27.0,0.0,0.3148148148148148,0.0833333333333333,0.1388888888888889,0.0185185185185185,0.0092592592592592,0.0185185185185185,0.0555555555555555,0.0,1.0,0,1,6.5,8,1.0,4.62962962962963,108,76,0.7037037037037037,7.31310340973526,5.333845964566929,207.23345600716112,127
train,audio_172.wav,3.0,False,True,True,0.0,0.0,0.0,0.0,0.0,3.418803418803418,0.8547008547008547,0.0,0.0,4.273504273504273,3.418803418803418,0.75,4,3,39.66666666666666,0.0,0.2521008403361344,0.1008403361344537,0.0504201680672268,0.0168067226890756,0.1092436974789916,0.1512605042016806,0.1092436974789916,0.4375,0.5625,0,2,6.333333333333333,8,4.333333333333333,4.128205128205129,117,61,0.5213675213675214,5.639451994956496,4.535844957506335,93.30231850143517,148
train,audio_144.wav,5.0,False,True,True,0.0,0.8,0.0,0.0,0.0,4.0,0.0,0.0,0.0,4.8,4.8,0.6666666666666666,6,6,20.83333333333333,0.0,0.264,0.16,0.128,0.024,0.048,0.04,0.096,0.0,1.0,0,1,6.666666666666667,10,1.5,5.632,125,83,0.664,7.423745685299301,3.592771629050926,36.33464264639014,135
train,audio_151.wav,2.5,False,True,True,0.0,0.0,0.0,2.127659574468085,0.0,4.25531914893617,0.0,0.0,0.0,6.382978723404255,6.382978723404255,0.75,6,4,24.5,0.0,0.2448979591836734,0.1326530612244898,0.0510204081632653,0.0714285714285714,0.1020408163265306,0.1224489795918367,0.0714285714285714,0.0,1.0,0,1,5.0,8,1.25,4.48936170212766,94,41,0.43617021276595747,4.228827109661053,3.9382253793569713,51.32743370709599,130
train,audio_65.wav,1.5,False,True,True,1.2048192771084338,0.0,0.0,0.0,0.0,4.819277108433735,1.2048192771084338,0.0,0.0,7.228915662650603,6.024096385542169,0.5,5,5,16.6,0.0,0.2289156626506024,0.1566265060240964,0.1204819277108433,0.0240963855421686,0.0602409638554216,0.1204819277108433,0.0481927710843373,0.0714285714285714,0.9285714285714286,0,2,4.2,6,2.0,3.879518072289157,83,43,0.5180722891566265,4.719863179556685,3.874472817221841,48.15730389668634,91
train,audio_481.wav,2.0,False,True,True,0.0,0.9615384615384616,0.0,0.9615384615384616,0.0,4.807692307692308,0.0,0.0,0.0,6.730769230769231,6.730769230769231,0.8,7,5,20.8,0.0,0.3461538461538461,0.1538461538461538,0.0673076923076923,0.0192307692307692,0.0384615384615384,0.0288461538461538,0.1057692307692307,0.375,0.625,0,2,7.4,13,1.2,4.932692307692308,104,82,0.7884615384615384,8.040761540665546,5.406652626871061,222.8842608019288,119
train,audio_262.wav,4.0,False,True,True,0.8695652173913043,0.0,1.7391304347826086,0.0,0.0,0.0,0.8695652173913043,0.0,0.0,3.4782608695652173,2.608695652173913,0.375,3,8,14.625,0.0,0.1965811965811965,0.1196581196581196,0.0769230769230769,0.0598290598290598,0.094017094017094,0.188034188034188,0.0512820512820512,0.6153846153846154,0.3846153846153846,2,4,4.5,8,1.25,4.3826086956521735,115,65,0.5652173913043478,6.06128125356204,2.8829421997070312,17.866763509593596,128
train,audio_229.wav,4.5,False,True,True,0.0,0.0,1.162790697674419,0.0,0.0,0.0,0.0,0.0,0.0,1.162790697674419,1.162790697674419,0.2,1,5,17.4,0.0,0.3563218390804598,0.160919540229885,0.0689655172413793,0.0114942528735632,0.0804597701149425,0.0459770114942528,0.0804597701149425,0.25,0.75,0,2,6.0,9,0.6,4.895348837209302,86,68,0.7906976744186046,7.3326285778338125,3.615381629721632,37.16552668917871,103
train,audio_22.wav,4.0,False,True,True,0.0,0.0,0.0,0.99009900990099,0.0,0.0,0.0,0.0,0.0,0.99009900990099,0.99009900990099,0.2,1,5,20.2,0.0,0.2079207920792079,0.0891089108910891,0.1089108910891089,0.1188118811881188,0.0495049504950495,0.1485148514851485,0.0792079207920792,0.9285714285714286,0.0714285714285714,0,2,5.8,10,1.4,4.564356435643564,101,61,0.6039603960396039,6.069726860280934,3.2175507127192984,24.966894135613263,114
train,audio_434.wav,3.5,False,True,True,0.8130081300813008,0.0,0.8130081300813008,0.0,0.0,3.252032520325203,0.8130081300813008,0.0,0.0,5.691056910569106,4.878048780487805,0.8,6,4,31.5,0.0,0.2619047619047619,0.1111111111111111,0.0634920634920634,0.0555555555555555,0.0952380952380952,0.0873015873015873,0.0952380952380952,0.1111111111111111,0.8888888888888888,5,4,4.5,9,1.75,4.024390243902439,123,65,0.5284552845528455,5.8608526253383095,4.080788426751258,59.19212010826694,149
train,audio_488.wav,3.0,False,True,True,0.746268656716418,0.0,0.0,1.492537313432836,0.0,2.238805970149253,1.492537313432836,0.0,0.0,5.970149253731344,4.477611940298507,0.75,6,5,27.4,0.0,0.1532846715328467,0.1386861313868613,0.0656934306569343,0.0510948905109489,0.072992700729927,0.1751824817518248,0.1532846715328467,0.4444444444444444,0.5555555555555556,0,3,5.4,9,2.4,3.529850746268657,134,67,0.5,5.787918451395113,3.7108965253496495,40.89044942335983,143
train,audio_439.wav,3.0,False,True,True,0.0,0.0,1.0638297872340423,2.127659574468085,0.0,1.0638297872340423,2.127659574468085,0.0,0.0,6.382978723404255,4.25531914893617,0.75,4,3,31.33333333333333,0.0,0.202127659574468,0.1063829787234042,0.0744680851063829,0.0319148936170212,0.0744680851063829,0.1914893617021276,0.0851063829787234,0.5,0.5,6,3,6.0,7,0.6666666666666666,4.074468085106383,94,55,0.5851063829787234,5.672816854423363,3.5257583467086944,33.97953211441888,101
train,audio_160.wav,2.0,False,True,True,0.9803921568627452,1.96078431372549,0.9803921568627452,1.96078431372549,0.0,3.92156862745098,0.0,0.0,0.0,9.803921568627452,9.803921568627452,0.75,10,4,26.25,0.0,0.1809523809523809,0.1714285714285714,0.0761904761904762,0.0380952380952381,0.0666666666666666,0.2285714285714285,0.1142857142857142,0.0769230769230769,0.9230769230769232,0,3,5.75,10,2.5,3.852941176470588,102,52,0.5098039215686274,5.148767223478707,4.105933295355903,60.69936855881468,117
train,audio_594.wav,3.0,False,True,True,0.0,0.0,1.9230769230769231,0.9615384615384616,0.0,3.8461538461538463,0.9615384615384616,0.0,0.0,7.6923076923076925,6.730769230769231,0.75,7,3,34.666666666666664,0.0,0.2884615384615384,0.1346153846153846,0.0576923076923076,0.0673076923076923,0.0673076923076923,0.0769230769230769,0.0288461538461538,0.0,1.0,0,2,8.666666666666666,11,3.6666666666666665,4.298076923076923,104,73,0.7019230769230769,7.158238932543718,3.847051239013672,46.85469602626313,120
train,audio_651.wav,5.0,False,True,True,0.0,0.0,0.0,3.8461538461538463,0.0,1.9230769230769231,0.0,0.0,0.0,5.769230769230769,5.769230769230769,0.6666666666666666,6,5,21.4,0.0,0.2336448598130841,0.1214953271028037,0.0654205607476635,0.102803738317757,0.0467289719626168,0.102803738317757,0.0654205607476635,0.0,1.0,0,2,6.0,11,1.8,4.105769230769231,104,72,0.6923076923076923,7.060180864974626,3.2745776567302767,26.43205972030912,122
train,audio_569.wav,3.0,False,True,True,0.0,0.0,0.0,0.8695652173913043,0.0,1.7391304347826086,0.8695652173913043,0.0,0.0,3.4782608695652173,2.608695652173913,0.5,3,4,29.75,0.0,0.2605042016806723,0.0924369747899159,0.0924369747899159,0.0252100840336134,0.0588235294117647,0.1512605042016806,0.0672268907563025,0.5,0.5,0,2,8.5,12,1.75,3.565217391304348,115,45,0.391304347826087,4.196271637081412,3.110907217172476,22.441394386784204,130
train,audio_440.wav,2.0,False,True,True,0.0,0.0,1.408450704225352,0.0,0.0,1.408450704225352,0.0,0.0,0.0,2.816901408450704,2.816901408450704,0.3333333333333333,2,3,23.666666666666668,0.0,0.2112676056338028,0.0704225352112676,0.0845070422535211,0.1126760563380281,0.1408450704225352,0.1408450704225352,0.1549295774647887,0.0,1.0,1,2,4.333333333333333,5,2.0,4.140845070422535,71,45,0.6338028169014085,5.34051746187234,4.624988090701219,102.00155830843212,82
train,audio_658.wav,5.0,False,True,True,0.8333333333333334,0.0,0.0,0.8333333333333334,0.0,2.5,0.0,0.0,0.0,4.166666666666667,4.166666666666667,0.5,5,5,24.2,0.0,0.1983471074380165,0.1818181818181818,0.0413223140495867,0.0495867768595041,0.0661157024793388,0.1570247933884297,0.0991735537190082,0.0,1.0,0,2,5.6,9,1.4,4.225,120,73,0.6083333333333333,6.663957782979521,3.2627764020647323,26.12196162444361,140
train,audio_274.wav,3.0,False,True,True,1.851851851851852,0.0,1.851851851851852,1.851851851851852,0.0,0.0,0.0,0.0,0.0,5.555555555555555,5.555555555555555,0.5,3,4,13.5,0.0,0.1481481481481481,0.1851851851851851,0.074074074074074,0.1111111111111111,0.074074074074074,0.1666666666666666,0.0555555555555555,0.0,1.0,0,1,3.75,5,0.75,3.6296296296296298,54,35,0.6481481481481481,4.762896722078402,3.068762642996652,21.51526413495285,63
train,audio_5065.wav,0.0,True,True,True,0.0,0.0,0.0,0.9433962264150944,0.0,2.830188679245283,0.0,0.0,0.0,3.7735849056603774,3.7735849056603774,0.4444444444444444,4,9,11.88888888888889,0.1111111111111111,0.1308411214953271,0.1308411214953271,0.0747663551401869,0.1308411214953271,0.1121495327102803,0.1121495327102803,0.0467289719626168,0.0,1.0,3,4,4.0,8,0.5555555555555556,3.7735849056603774,106,68,0.6415094339622641,6.6047438640293965,3.897298903692336,49.2691883886984,126
train,audio_158.wav,2.5,False,True,True,0.0,0.0,0.8928571428571429,0.8928571428571429,0.0,4.464285714285714,0.8928571428571429,0.0,0.0,7.142857142857143,6.25,1.0,7,2,57.0,0.0,0.2280701754385964,0.1140350877192982,0.043859649122807,0.0526315789473684,0.0789473684210526,0.175438596491228,0.1228070175438596,0.0625,0.9375,0,2,7.0,7,5.0,3.607142857142857,112,50,0.44642857142857145,4.72455591261534,3.618204577215786,37.27059124570624,116
train,audio_493.wav,4.0,False,True,True,0.0,0.0,1.851851851851852,0.0,0.0,1.851851851851852,0.0,0.0,0.0,3.703703703703704,3.703703703703704,0.5,4,6,18.166666666666668,0.0,0.2568807339449541,0.1743119266055046,0.1009174311926605,0.036697247706422,0.0275229357798165,0.1376146788990825,0.0825688073394495,0.0,1.0,0,2,5.666666666666667,8,1.8333333333333333,4.925925925925926,108,77,0.7129629629629629,7.409328454600197,2.9369576876280736,18.858385849651505,122
train,audio_646.wav,4.5,False,True,True,0.0,0.7092198581560284,0.0,0.0,0.0,0.7092198581560284,0.0,0.0,0.0,1.4184397163120568,1.4184397163120568,0.3333333333333333,2,6,24.5,0.0,0.1428571428571428,0.0952380952380952,0.1088435374149659,0.1156462585034013,0.1156462585034013,0.1428571428571428,0.0952380952380952,0.0,1.0,1,3,4.5,7,2.1666666666666665,4.127659574468085,141,79,0.5602836879432624,6.6530001764255,3.5778602551502785,35.79686268789803,157
train,audio_64.wav,2.5,False,True,True,0.0,0.0,0.0,0.0,0.0,1.5151515151515151,0.0,1.5151515151515151,0.0,3.0303030303030303,1.5151515151515151,0.5,1,4,16.5,0.25,0.4090909090909091,0.0454545454545454,0.106060606060606,0.0151515151515151,0.0303030303030303,0.0454545454545454,0.0757575757575757,0.0,1.0,0,1,5.25,7,0.25,4.666666666666667,66,50,0.7575757575757576,6.154574548966636,4.060507165380271,58.00372109972537,83
train,audio_451.wav,2.5,False,True,True,0.0,1.1904761904761905,1.1904761904761905,3.571428571428572,0.0,3.571428571428572,0.0,0.0,0.0,9.523809523809524,9.523809523809524,0.75,8,4,21.0,0.0,0.2738095238095238,0.0833333333333333,0.0833333333333333,0.0357142857142857,0.0476190476190476,0.119047619047619,0.0595238095238095,0.0,1.0,0,2,5.0,7,0.0,4.154761904761905,84,48,0.5714285714285714,5.237229365663818,4.0992478351203765,60.29491881674552,98
train,audio_277.wav,3.5,False,True,True,0.0,0.9615384615384616,0.0,0.0,0.0,5.769230769230769,0.0,0.0,0.0,6.730769230769231,6.730769230769231,0.75,7,3,35.333333333333336,0.0,0.2358490566037736,0.1792452830188679,0.0566037735849056,0.0754716981132075,0.0471698113207547,0.1037735849056603,0.0849056603773584,0.2,0.8,0,3,9.333333333333334,13,3.0,4.509615384615385,104,62,0.5961538461538461,6.079600189283705,4.413883985671322,82.58961825740604,113
train,audio_491.wav,2.5,False,True,True,1.1111111111111112,1.1111111111111112,1.1111111111111112,0.0,0.0,3.333333333333333,2.2222222222222223,0.0,0.0,8.88888888888889,6.666666666666667,0.75,6,3,31.0,0.0,0.1827956989247312,0.1612903225806451,0.043010752688172,0.064516129032258,0.1182795698924731,0.1397849462365591,0.1290322580645161,0.0,1.0,0,2,5.666666666666667,7,3.6666666666666665,4.533333333333333,90,39,0.43333333333333335,4.110960958218893,3.792734680175781,44.37759301262865,100
train,audio_52.wav,2.0,False,True,True,1.709401709401709,0.0,0.0,1.709401709401709,0.0,4.273504273504273,0.0,0.0,0.0,7.6923076923076925,7.6923076923076925,1.0,9,6,20.166666666666668,0.0,0.1487603305785124,0.0826446280991735,0.1074380165289256,0.0991735537190082,0.0826446280991735,0.1157024793388429,0.0661157024793388,0.5384615384615384,0.4615384615384615,0,3,5.166666666666667,7,1.0,3.948717948717949,117,63,0.5384615384615384,5.824352060364905,3.3650722085994524,28.935586621800013,137
train,audio_743.wav,4.0,False,True,True,0.0,0.0,0.0,0.0,0.0,0.0,0.0,0.0,0.0,0.0,0.0,0.0,0,1,35.0,0.0,0.1142857142857142,0.1142857142857142,0.0857142857142857,0.0857142857142857,0.0857142857142857,0.2571428571428571,0.0571428571428571,0.3333333333333333,0.6666666666666666,0,3,7.0,7,3.0,3.636363636363636,32,28,0.875,4.949747468305833,2.692453808254666,14.767869015718778,36
train,audio_243.wav,3.0,False,True,True,0.0,1.3333333333333333,0.0,0.0,0.0,1.3333333333333333,1.3333333333333333,0.0,1.3333333333333333,5.333333333333333,2.6666666666666665,1.0,2,3,25.33333333333333,0.0,0.1447368421052631,0.2105263157894736,0.0394736842105263,0.0263157894736842,0.1052631578947368,0.1710526315789473,0.0921052631578947,0.0,1.0,3,2,5.333333333333333,6,2.6666666666666665,3.8933333333333335,75,43,0.5733333333333334,4.965212315030781,4.01522324960443,55.43567001253069,79
train,audio_661.wav,5.0,False,True,True,0.0,1.2048192771084338,2.409638554216868,0.0,0.0,1.2048192771084338,1.2048192771084338,0.0,0.0,6.024096385542169,4.819277108433735,0.6666666666666666,4,6,13.833333333333334,0.0,0.2650602409638554,0.0963855421686747,0.072289156626506,0.0963855421686747,0.0843373493975903,0.108433734939759,0.036144578313253,0.0,1.0,0,1,4.166666666666667,9,1.0,4.144578313253012,83,57,0.6867469879518072,6.256562819412349,3.730483222253544,41.699253303499866,97
train,audio_456.wav,3.0,False,True,True,0.925925925925926,0.925925925925926,0.925925925925926,0.0,0.0,0.925925925925926,0.0,0.0,0.0,3.703703703703704,3.703703703703704,0.5,4,6,18.166666666666668,0.0,0.2385321100917431,0.1192660550458715,0.0825688073394495,0.0642201834862385,0.0458715596330275,0.1834862385321101,0.036697247706422,0.1666666666666666,0.8333333333333334,0,3,5.5,7,1.0,4.111111111111111,108,58,0.5370370370370371,5.581052602166382,3.5758157525180785,35.72375067222965,121
train,audio_90.wav,4.0,False,True,True,1.1904761904761905,0.0,0.0,0.0,0.0,0.0,0.0,0.0,0.0,1.1904761904761905,1.1904761904761905,0.1666666666666666,1,6,14.0,0.0,0.3333333333333333,0.1309523809523809,0.1309523809523809,0.0357142857142857,0.0595238095238095,0.0476190476190476,0.0357142857142857,0.0,1.0,0,1,5.0,7,0.5,5.107142857142857,84,65,0.7738095238095238,7.092081432669753,4.161951753282056,64.19669651902521,97
train,audio_735.wav,4.0,False,True,True,0.0,0.0,0.0,0.0,2.0,4.0,2.0,0.0,0.0,8.0,6.0,1.0,3,3,16.666666666666668,0.0,0.16,0.08,0.14,0.06,0.18,0.16,0.04,0.1,0.9,0,3,4.666666666666667,7,1.3333333333333333,4.4,50,35,0.7,4.949747468305833,4.268635050455729,71.42407879049613,60
train,audio_775.wav,4.5,False,True,True,0.0,0.0,0.0,0.0,0.0,0.0,0.0,0.0,0.0,0.0,0.0,0.0,0,4,20.0,0.0,0.1625,0.0875,0.15,0.05,0.0875,0.2,0.1,0.5555555555555556,0.4444444444444444,0,2,6.25,12,1.0,3.772151898734177,79,49,0.620253164556962,5.512930714537517,3.1808640052532327,24.067539051554004,87
train,audio_587.wav,2.5,False,True,True,0.0,0.0,1.7543859649122806,0.8771929824561403,0.0,2.631578947368421,0.0,0.0,0.0,5.2631578947368425,5.2631578947368425,0.75,6,3,38.66666666666666,0.0,0.2068965517241379,0.0948275862068965,0.0517241379310344,0.1810344827586207,0.0775862068965517,0.1034482758620689,0.0862068965517241,0.2,0.8,1,5,5.0,6,0.6666666666666666,3.763157894736842,114,61,0.5350877192982456,5.713173450648333,3.878571488475072,48.35508990683222,131
train,audio_103.wav,2.5,False,True,True,0.0,3.5294117647058822,0.0,0.0,0.0,2.3529411764705883,1.1764705882352942,0.0,0.0,7.0588235294117645,5.882352941176471,0.6666666666666666,5,2,43.0,0.0,0.1627906976744186,0.1511627906976744,0.0348837209302325,0.0348837209302325,0.0697674418604651,0.1860465116279069,0.0930232558139534,0.0,1.0,1,2,6.5,7,4.5,4.117647058823529,85,45,0.5294117647058824,4.880935300919764,3.7642714182535806,43.13226902520529,96
train,audio_111.wav,3.5,False,True,True,0.0,0.0,0.0,0.0,0.0,3.1578947368421053,0.0,0.0,0.0,3.1578947368421053,3.1578947368421053,0.6666666666666666,3,1,95.0,0.0,0.231578947368421,0.1052631578947368,0.031578947368421,0.0842105263157894,0.0631578947368421,0.1157894736842105,0.0842105263157894,0.2,0.8,1,3,11.0,11,3.0,4.347368421052631,95,59,0.6210526315789474,6.053272277302409,3.4429731889204547,31.27982086756473,110
train,audio_421.wav,2.0,False,True,True,1.0416666666666667,0.0,0.0,0.0,0.0,0.0,1.0416666666666667,0.0,0.0,2.083333333333333,1.0416666666666667,0.5,1,4,24.0,0.0,0.2083333333333333,0.1354166666666666,0.0833333333333333,0.1041666666666666,0.0208333333333333,0.15625,0.0625,0.5714285714285714,0.4285714285714285,1,4,5.0,7,0.75,3.8958333333333335,96,49,0.5104166666666666,5.001041558182322,3.307901623179612,27.32772140813135,103
train,audio_683.wav,4.0,False,True,True,0.0,1.5037593984962403,1.5037593984962403,0.0,0.0,3.007518796992481,2.255639097744361,0.7518796992481203,0.0,9.022556390977444,6.015037593984962,0.5,8,10,13.6,0.0,0.1911764705882352,0.1764705882352941,0.1102941176470588,0.0808823529411764,0.0514705882352941,0.125,0.0808823529411764,0.0,1.0,0,1,4.1,10,1.2,4.368421052631579,133,70,0.5263157894736842,6.069769786668839,4.018098958333334,55.59531629075737,150
train,audio_152.wav,3.0,False,True,True,0.0,0.0,0.0,0.8620689655172413,0.0,0.8620689655172413,0.8620689655172413,0.8620689655172413,0.0,3.4482758620689653,1.7241379310344829,0.5,2,2,58.0,0.0,0.1896551724137931,0.1034482758620689,0.0862068965517241,0.0344827586206896,0.0775862068965517,0.1551724137931034,0.1120689655172413,0.0769230769230769,0.9230769230769232,0,2,7.0,10,4.5,3.5,116,57,0.49137931034482757,5.292317138045979,3.270534112201473,26.32539630430927,123
train,audio_134.wav,3.0,False,True,True,0.0,1.25,1.25,0.0,1.25,3.75,0.0,0.0,0.0,7.5,7.5,0.6,6,5,16.0,0.0,0.2375,0.1,0.1,0.125,0.05,0.1,0.025,0.8571428571428571,0.1428571428571428,0,4,5.2,10,0.6,4.5375,80,45,0.5625,5.031152949374526,3.604260762532552,36.754503506025856,96
train,audio_12.wav,4.5,False,True,True,0.0,0.0,1.1111111111111112,0.0,0.0,1.1111111111111112,0.0,0.0,0.0,2.2222222222222223,2.2222222222222223,0.4,2,4,22.75,0.0,0.2637362637362637,0.1098901098901098,0.0329670329670329,0.0549450549450549,0.1318681318681318,0.0549450549450549,0.0659340659340659,0.0,1.0,1,3,4.5,6,1.5,4.477777777777778,90,59,0.6555555555555556,6.219146064997813,3.522919276975236,33.88319866663022,106
train,audio_232.wav,3.0,False,True,True,0.0,0.0,0.0,0.0,0.0,5.970149253731344,0.0,0.0,0.0,5.970149253731344,5.970149253731344,0.6666666666666666,4,5,13.8,0.2,0.1739130434782608,0.1304347826086956,0.0869565217391304,0.0869565217391304,0.1014492753623188,0.144927536231884,0.1159420289855072,0.0,1.0,0,2,3.8,6,1.4,4.358208955223881,67,45,0.6716417910447762,5.497624996033735,3.946196039038969,51.73818200636362,83
train,audio_36.wav,3.0,False,True,True,1.1764705882352942,0.0,0.0,0.0,0.0,1.1764705882352942,1.1764705882352942,0.0,0.0,3.5294117647058822,2.3529411764705883,0.4,2,5,17.0,0.0,0.2,0.0705882352941176,0.1176470588235294,0.1058823529411764,0.0823529411764705,0.1294117647058823,0.0588235294117647,0.8,0.2,0,2,5.6,7,1.2,4.494117647058824,85,55,0.6470588235294118,5.965587590013045,3.3913067626953124,29.70474397036976,100
train,audio_268.wav,5.0,False,True,True,0.0,0.0,0.0,0.0,0.0,0.0,0.0,0.0,0.0,0.0,0.0,0.0,0,4,16.5,0.0,0.303030303030303,0.1818181818181818,0.0757575757575757,0.0303030303030303,0.0303030303030303,0.0909090909090909,0.0909090909090909,0.0,1.0,0,2,6.0,8,0.5,4.461538461538462,65,53,0.8153846153846154,6.573840933228048,3.6971553802490233,40.332410651143135,80
train,audio_68.wav,2.0,False,True,True,0.0,0.0,0.0,0.0,0.0,1.818181818181818,0.0,0.0,0.0,1.818181818181818,1.818181818181818,0.25,1,4,13.75,0.25,0.2545454545454545,0.0727272727272727,0.0909090909090909,0.109090909090909,0.0181818181818181,0.0727272727272727,0.0727272727272727,0.2,0.8,0,2,4.0,6,0.5,3.963636363636364,55,29,0.5272727272727272,3.910359202286804,4.027378690415534,56.11362710424832,69
train,audio_729.wav,3.0,False,True,True,0.0,0.0,0.0,0.0,0.0,1.4285714285714286,0.0,0.0,0.0,1.4285714285714286,1.4285714285714286,0.2,1,4,17.75,0.0,0.2816901408450704,0.1126760563380281,0.0704225352112676,0.0704225352112676,0.056338028169014,0.0845070422535211,0.0985915492957746,0.1428571428571428,0.8571428571428571,0,2,3.5,7,0.5,3.914285714285714,70,46,0.6571428571428571,5.498051602938211,3.877893654696913,48.32232429961966,83
train,audio_247.wav,4.5,False,True,True,0.0,0.0,2.9702970297029703,0.99009900990099,0.0,0.0,0.0,0.99009900990099,0.0,4.950495049504951,3.96039603960396,0.6,4,5,20.6,0.0,0.2524271844660194,0.1067961165048543,0.0679611650485436,0.0194174757281553,0.0388349514563106,0.1650485436893204,0.0776699029126213,0.9,0.1,1,3,7.6,13,0.8,4.178217821782178,101,64,0.6336633663366337,6.368238017343931,2.8828653608049666,17.865390699845342,112
train,audio_224.wav,5.0,False,True,True,0.0,0.0,0.0,0.0,0.0,3.0303030303030303,0.0,0.0,0.0,3.0303030303030303,3.0303030303030303,0.5,2,4,16.5,0.25,0.2424242424242424,0.2272727272727272,0.0454545454545454,0.0,0.0757575757575757,0.1666666666666666,0.0909090909090909,0.0,1.0,0,1,4.5,7,2.0,4.4393939393939394,66,41,0.6212121212121212,5.046751130152642,3.3826994719328702,29.45016379650433,81
train,audio_425.wav,3.0,False,True,True,0.0,0.0,0.0,0.0,0.0,2.5210084033613445,0.8403361344537815,0.0,0.0,3.361344537815126,2.5210084033613445,1.0,3,5,25.0,0.0,0.176,0.112,0.072,0.016,0.064,0.216,0.128,0.4705882352941176,0.5294117647058824,0,2,4.4,7,1.8,3.53781512605042,119,53,0.44537815126050423,4.85850203424952,3.362011340237403,28.8471540095077,129
train,audio_392.wav,5.0,False,True,True,0.0,0.0,0.0,0.6756756756756757,0.0,0.6756756756756757,0.0,0.0,0.0,1.351351351351351,1.351351351351351,0.4,2,4,37.75,0.0,0.1655629139072847,0.1854304635761589,0.086092715231788,0.0993377483443708,0.0794701986754966,0.0993377483443708,0.086092715231788,0.0769230769230769,0.9230769230769232,0,3,8.75,16,5.5,4.033783783783784,148,69,0.46621621621621623,5.671765062034827,2.7125715090904707,15.06797316784376,162
train,audio_615.wav,4.0,False,True,True,0.0,0.0,0.0,0.0,0.0,1.6129032258064515,0.0,0.0,0.0,1.6129032258064515,1.6129032258064515,0.1111111111111111,2,9,14.11111111111111,0.0,0.1968503937007874,0.1181102362204724,0.0629921259842519,0.0866141732283464,0.0944881889763779,0.1811023622047244,0.0708661417322834,0.0,1.0,0,2,4.555555555555555,7,1.3333333333333333,3.879032258064516,124,63,0.5080645161290323,5.65756701384341,2.9049180218962585,18.26374636354348,147
train,audio_245.wav,3.5,False,True,True,1.0101010101010102,0.0,0.0,1.0101010101010102,0.0,2.0202020202020203,1.0101010101010102,0.0,0.0,5.05050505050505,4.040404040404041,1.0,4,2,51.5,0.0,0.116504854368932,0.1359223300970873,0.029126213592233,0.0679611650485436,0.0970873786407767,0.2233009708737864,0.0970873786407767,0.1538461538461538,0.8461538461538461,1,5,8.0,10,5.5,3.64,99,59,0.5959595959595959,5.929723110029351,3.338130202248832,28.1664119440842,107
train,audio_271.wav,3.5,False,True,True,0.0,0.0,0.0,0.0,0.0,2.3529411764705883,4.705882352941177,0.0,0.0,7.0588235294117645,2.3529411764705883,0.6,2,4,21.25,0.0,0.2941176470588235,0.1058823529411764,0.0941176470588235,0.0941176470588235,0.1176470588235294,0.0352941176470588,0.0588235294117647,0.0,1.0,0,2,4.5,7,0.75,4.6,85,53,0.6235294117647059,5.7486571321943885,4.199699070142663,66.66626615205217,92
train,audio_321.wav,2.0,False,True,True,0.0,0.7692307692307693,0.0,0.0,0.7692307692307693,0.7692307692307693,3.076923076923077,0.0,0.0,5.384615384615385,2.3076923076923075,0.8,3,5,26.6,0.0,0.1654135338345864,0.18796992481203,0.0451127819548872,0.0451127819548872,0.0827067669172932,0.2180451127819548,0.075187969924812,0.0,1.0,1,3,6.0,10,3.4,3.746153846153846,130,70,0.5384615384615384,6.139406135149205,3.555042613636364,34.98931095769887,143
train,audio_5043.wav,0.0,True,True,True,0.0,0.0,0.0,0.0,0.0,1.709401709401709,0.0,0.0,0.0,1.709401709401709,1.709401709401709,0.4,2,5,23.6,0.0,0.1949152542372881,0.1525423728813559,0.0508474576271186,0.0084745762711864,0.0847457627118644,0.1779661016949152,0.0508474576271186,0.1818181818181818,0.8181818181818182,3,3,6.8,8,2.8,3.555555555555556,117,57,0.48717948717948717,5.269651864139676,3.472864389419556,32.22892655235334,128
train,audio_187.wav,5.0,False,True,True,0.0,0.0,0.0,0.0,0.0,3.4482758620689653,0.6896551724137931,0.0,0.0,4.137931034482759,3.4482758620689653,0.4285714285714285,5,7,21.0,0.1428571428571428,0.1224489795918367,0.1156462585034013,0.1360544217687075,0.0884353741496598,0.1020408163265306,0.1496598639455782,0.0952380952380952,0.8,0.2,0,4,5.142857142857143,7,1.0,3.958620689655172,145,90,0.6206896551724138,7.474093186836597,3.4121578998447206,30.330624141536337,161
train,audio_221.wav,4.0,False,True,True,0.0,0.0,0.0,0.0,0.0,1.4184397163120568,0.0,0.0,0.0,1.4184397163120568,1.4184397163120568,0.4,2,4,36.0,0.0,0.125,0.0972222222222222,0.1388888888888889,0.0694444444444444,0.0833333333333333,0.1597222222222222,0.0902777777777777,0.5625,0.4375,0,3,9.25,14,3.0,3.98581560283688,141,87,0.6170212765957447,7.326721713278715,2.9861554545740927,19.809377854208226,155
train,audio_219.wav,5.0,False,True,True,0.6666666666666666,0.0,0.0,0.0,0.0,1.3333333333333333,0.6666666666666666,0.0,0.0,2.6666666666666665,2.0,0.25,3,8,18.875,0.0,0.1920529801324503,0.1258278145695364,0.0596026490066225,0.0463576158940397,0.0794701986754966,0.1920529801324503,0.0463576158940397,0.8235294117647058,0.1764705882352941,0,3,5.5,7,1.75,3.718120805369128,150,84,0.56,6.858571279792899,3.4382408785532754,31.13214474720485,166
train,audio_601.wav,2.0,False,True,True,0.7633587786259542,0.0,0.0,0.7633587786259542,0.0,1.5267175572519085,0.7633587786259542,0.0,0.0,3.816793893129771,3.053435114503817,0.75,4,2,66.0,0.0,0.1969696969696969,0.0757575757575757,0.0681818181818181,0.0303030303030303,0.0984848484848484,0.1515151515151515,0.1666666666666666,0.25,0.75,0,3,6.5,7,2.0,4.091603053435114,131,63,0.48091603053435117,5.504335556964539,4.065127630303376,58.27234536507604,137
train,audio_100.wav,2.5,False,True,True,0.0,0.970873786407767,0.0,0.0,0.0,1.941747572815534,2.912621359223301,0.0,0.0,5.825242718446602,2.912621359223301,1.0,3,1,109.0,0.0,0.2018348623853211,0.018348623853211,0.073394495412844,0.1192660550458715,0.110091743119266,0.091743119266055,0.091743119266055,0.1111111111111111,0.8888888888888888,1,4,9.0,9,7.0,3.83495145631068,103,50,0.4854368932038835,4.926646390821466,4.018104360884979,55.5956166481362,119
train,audio_227.wav,4.5,False,True,True,0.819672131147541,0.0,0.0,0.0,0.0,1.639344262295082,0.0,0.0,0.0,2.459016393442623,2.459016393442623,0.4,3,5,24.4,0.0,0.2704918032786885,0.1557377049180328,0.0901639344262295,0.0655737704918032,0.0245901639344262,0.081967213114754,0.0737704918032786,0.2,0.8,0,2,5.4,9,2.0,4.770491803278689,122,87,0.7131147540983607,7.876609905699112,3.7902058346170775,44.26551071277687,142
train,audio_411.wav,2.0,False,True,True,1.1764705882352942,0.0,0.0,0.0,0.0,5.882352941176471,1.1764705882352942,0.0,0.0,8.235294117647058,7.0588235294117645,0.6,6,5,17.6,0.0,0.1818181818181818,0.1136363636363636,0.1136363636363636,0.0681818181818181,0.034090909090909,0.1477272727272727,0.1136363636363636,0.1428571428571428,0.8571428571428571,0,2,4.2,6,0.8,4.352941176470588,85,53,0.6235294117647059,5.7486571321943885,4.421037902832032,83.18257600115344,100
train,audio_28.wav,3.0,False,True,True,0.8620689655172413,0.0,0.8620689655172413,0.0,0.0,1.7241379310344829,0.0,0.0,0.0,3.4482758620689653,3.4482758620689653,0.6666666666666666,4,1,118.0,0.0,0.1694915254237288,0.1610169491525423,0.0338983050847457,0.0338983050847457,0.0677966101694915,0.2203389830508474,0.0762711864406779,0.391304347826087,0.6086956521739131,0,2,9.0,9,13.0,3.836206896551724,116,54,0.46551724137931033,5.0137741307804005,3.042606842823518,20.9598110123014,156
train,audio_653.wav,2.5,False,True,True,0.0,0.0,1.5625,0.0,0.0,1.5625,0.0,1.5625,0.0,4.6875,3.125,1.0,2,1,65.0,0.0,0.1846153846153846,0.0923076923076923,0.0769230769230769,0.0615384615384615,0.0615384615384615,0.1846153846153846,0.0769230769230769,0.875,0.125,0,3,9.0,9,4.0,3.96875,64,43,0.671875,5.375,3.407835407021605,30.19980317639297,81
train,audio_29.wav,3.0,False,True,True,0.847457627118644,0.0,0.0,0.0,0.0,0.847457627118644,0.847457627118644,0.0,0.0,2.542372881355932,1.694915254237288,0.5,2,7,17.714285714285715,0.0,0.1774193548387097,0.1532258064516129,0.0483870967741935,0.0806451612903225,0.064516129032258,0.2096774193548387,0.0483870967741935,0.0,1.0,0,1,5.142857142857143,9,2.0,3.8135593220338975,118,71,0.6016949152542372,6.536079787078096,3.254962921142578,25.918653482124764,144
train,audio_470.wav,2.5,False,True,True,1.0638297872340423,0.0,2.127659574468085,0.0,0.0,6.382978723404255,0.0,0.0,0.0,9.574468085106384,9.574468085106384,1.0,9,2,47.0,0.0,0.3191489361702128,0.0957446808510638,0.0957446808510638,0.0319148936170212,0.0425531914893617,0.0425531914893617,0.0957446808510638,0.0,1.0,1,3,7.5,8,2.0,4.5212765957446805,94,46,0.48936170212765956,4.744537732790449,4.210853992808949,67.41408637943088,110
train,audio_356.wav,3.5,False,True,True,0.0,0.0,0.0,0.0,0.0,0.0,0.0,0.0,0.0,0.0,0.0,0.0,0,4,23.75,0.0,0.2210526315789473,0.1473684210526315,0.0947368421052631,0.0631578947368421,0.031578947368421,0.1473684210526315,0.0526315789473684,0.6363636363636364,0.3636363636363636,0,2,6.0,8,1.25,3.925531914893617,94,69,0.7340425531914894,7.116806599185674,3.708867165894635,40.80755214583933,113
train,audio_365.wav,2.0,False,True,True,0.0,0.0,0.0,0.0,0.0,3.75,0.0,0.0,0.0,3.75,3.75,0.2,3,10,8.3,0.3,0.1927710843373494,0.108433734939759,0.0963855421686747,0.0843373493975903,0.0843373493975903,0.1927710843373494,0.036144578313253,0.1666666666666666,0.8333333333333334,1,3,2.9,6,0.4,3.475,80,42,0.525,4.695742752749558,2.968024429009885,19.4534499374182,98
train,audio_58.wav,2.5,False,True,True,0.0,0.0,0.0,0.0,1.1904761904761905,2.380952380952381,1.1904761904761905,0.0,0.0,4.761904761904762,3.571428571428572,0.2857142857142857,3,7,12.142857142857142,0.2857142857142857,0.188235294117647,0.1411764705882353,0.0470588235294117,0.0823529411764705,0.0941176470588235,0.1529411764705882,0.0352941176470588,0.5454545454545454,0.4545454545454545,1,5,4.142857142857143,9,1.0,4.464285714285714,84,60,0.7142857142857143,6.546536707079771,3.3418104034109213,28.270260981516937,97
train,audio_708.wav,3.0,False,True,True,0.0,0.0,0.0,0.0,0.0,2.150537634408602,1.075268817204301,0.0,0.0,3.225806451612903,2.150537634408602,0.5,2,4,23.5,0.0,0.202127659574468,0.1382978723404255,0.0531914893617021,0.0425531914893617,0.0531914893617021,0.1489361702127659,0.1063829787234042,0.0,1.0,0,1,5.5,10,1.5,3.774193548387097,93,60,0.6451612903225806,6.221710168382551,3.714159919220267,41.02410903873959,103
train,audio_319.wav,4.5,False,True,True,0.0,0.0,0.8333333333333334,0.0,0.0,0.8333333333333334,0.8333333333333334,0.0,0.0,2.5,1.6666666666666667,0.4,2,6,21.33333333333333,0.0,0.1484375,0.15625,0.078125,0.0234375,0.109375,0.1796875,0.09375,0.125,0.875,0,4,5.666666666666667,8,1.8333333333333333,3.9166666666666665,120,78,0.65,7.12039324756716,2.812988740160949,16.659635207008602,133
train,audio_5067.wav,0.0,True,True,True,0.0,0.0,0.0,0.0,0.0,1.7241379310344829,0.0,0.0,0.0,1.7241379310344829,1.7241379310344829,0.1666666666666666,1,6,10.0,0.0,0.1333333333333333,0.1,0.05,0.1333333333333333,0.1333333333333333,0.2,0.0333333333333333,0.375,0.625,1,4,3.8333333333333335,9,1.0,4.0,58,40,0.6896551724137931,5.252257314388902,3.591329381085824,36.28227685327704,69
train,audio_135.wav,4.0,False,True,True,0.0,0.0,0.0,0.0,0.0,1.25,0.0,0.0,0.0,1.25,1.25,0.25,1,4,20.25,0.0,0.2469135802469135,0.1851851851851851,0.0864197530864197,0.0246913580246913,0.0864197530864197,0.0864197530864197,0.1111111111111111,0.0,1.0,0,2,6.0,7,1.0,5.375,80,62,0.775,6.931810730249348,3.0060631536668345,20.207688557890165,93
train,audio_612.wav,4.0,False,True,True,0.0,0.0,2.898550724637681,0.0,0.0,1.4492753623188406,0.0,0.0,0.0,4.3478260869565215,4.3478260869565215,0.3333333333333333,3,3,23.33333333333333,0.0,0.3285714285714285,0.1142857142857142,0.1285714285714285,0.0285714285714285,0.0428571428571428,0.0428571428571428,0.1,0.0,1.0,0,1,7.0,11,0.6666666666666666,5.550724637681159,69,54,0.782608695652174,6.500836066631537,3.590658950805664,36.257960268439646,80
train,audio_373.wav,5.0,False,True,True,0.0,0.0,0.0,0.0,0.0,0.847457627118644,0.847457627118644,0.0,0.0,1.694915254237288,0.847457627118644,0.2,1,9,13.555555555555555,0.0,0.1639344262295081,0.180327868852459,0.0655737704918032,0.1229508196721311,0.1065573770491803,0.1557377049180328,0.0327868852459016,0.0,1.0,0,2,3.111111111111111,6,1.4444444444444444,4.491525423728813,118,84,0.711864406779661,7.732826790345916,4.165378049123201,64.41703064271842,139
train,audio_680.wav,5.0,False,True,True,0.0,0.9433962264150944,0.9433962264150944,0.0,0.0,0.9433962264150944,0.0,0.0,0.0,2.830188679245283,2.830188679245283,0.25,3,12,8.833333333333334,0.0,0.2547169811320754,0.2075471698113207,0.0377358490566037,0.0660377358490566,0.0471698113207547,0.1886792452830188,0.0377358490566037,0.0,1.0,0,2,3.5,6,0.3333333333333333,4.19811320754717,106,63,0.5943396226415094,6.119100932850764,2.8212458092396653,16.797764452305074,127
train,audio_63.wav,4.0,False,True,True,0.0,0.0,0.9345794392523364,0.9345794392523364,0.0,0.9345794392523364,0.9345794392523364,0.0,0.0,3.7383177570093458,2.803738317757009,0.5,3,4,27.25,0.0,0.1559633027522936,0.1559633027522936,0.0458715596330275,0.018348623853211,0.0458715596330275,0.1651376146788991,0.091743119266055,0.0,1.0,0,2,6.25,8,1.25,3.6728971962616814,107,62,0.5794392523364486,5.9937662320831135,2.9680343746214874,19.453643414837725,129
train,audio_700.wav,2.5,False,True,True,0.0,0.0,0.0,0.0,0.0,2.727272727272727,0.0,0.9090909090909092,0.0,3.636363636363636,2.727272727272727,0.5,3,3,36.66666666666666,0.0,0.1454545454545454,0.1272727272727272,0.0636363636363636,0.1,0.0727272727272727,0.2181818181818181,0.0909090909090909,1.0,0.0,0,1,6.333333333333333,7,4.333333333333333,3.709090909090909,110,61,0.5545454545454546,5.816121794398113,3.527794189453125,34.04877956287368,125
train,audio_429.wav,4.0,False,True,True,0.0,0.0,0.0,0.0,0.7407407407407407,1.4814814814814814,0.0,0.7407407407407407,0.0,2.962962962962963,2.2222222222222223,0.6,3,3,45.0,0.0,0.2296296296296296,0.1185185185185185,0.0444444444444444,0.0518518518518518,0.0888888888888888,0.1111111111111111,0.1037037037037037,0.1428571428571428,0.8571428571428571,5,4,7.0,8,3.6666666666666665,4.274074074074074,135,73,0.5407407407407407,6.282839650514254,4.181748519405242,65.4802466572277,155
train,audio_745.wav,5.0,False,True,True,0.0,0.0,0.0,0.0,0.0,0.8547008547008547,0.0,0.0,0.0,0.8547008547008547,0.8547008547008547,0.125,1,7,16.857142857142858,0.0,0.2288135593220339,0.0762711864406779,0.1101694915254237,0.1440677966101695,0.0677966101694915,0.1271186440677966,0.0762711864406779,0.8666666666666667,0.1333333333333333,0,2,4.0,7,0.7142857142857143,4.572649572649572,117,73,0.6239316239316239,6.748852387406954,3.711329868861607,40.90817287421231,140
train,audio_731.wav,2.0,False,True,True,0.0,0.0,0.0,2.0,0.0,2.0,0.0,0.0,0.0,4.0,4.0,0.25,2,4,12.5,0.0,0.22,0.16,0.02,0.02,0.06,0.1,0.06,0.2,0.8,0,3,4.75,10,0.5,4.24,50,34,0.68,4.808326112068523,3.4138240107783564,30.38120044721081,54
train,audio_461.wav,5.0,False,True,True,0.0,0.7874015748031497,0.0,0.7874015748031497,0.0,2.3622047244094486,0.0,0.0,0.0,3.937007874015748,3.937007874015748,0.5714285714285714,5,7,18.285714285714285,0.0,0.25,0.1640625,0.0390625,0.0390625,0.0390625,0.1484375,0.0546875,0.0,1.0,0,2,4.857142857142857,8,1.8571428571428568,4.692913385826771,127,87,0.6850393700787402,7.720001631920191,3.0995029873318143,22.186921359679463,144
train,audio_79.wav,2.0,False,True,True,1.351351351351351,0.0,0.0,0.0,0.0,0.0,1.351351351351351,0.0,0.0,2.702702702702702,1.351351351351351,0.5,1,5,15.0,0.0,0.16,0.1333333333333333,0.04,0.0533333333333333,0.12,0.2266666666666666,0.0666666666666666,1.0,0.0,0,2,3.6,5,1.2,3.6621621621621614,74,44,0.5945945945945946,5.114896104728048,3.547776012885861,34.735979149719654,82
train,audio_5038.wav,0.0,True,True,True,0.0,0.0,0.0,0.0,0.0,0.8130081300813008,0.0,0.0,0.0,0.8130081300813008,0.8130081300813008,0.125,1,8,15.375,0.125,0.2357723577235772,0.1707317073170731,0.032520325203252,0.032520325203252,0.032520325203252,0.1382113821138211,0.073170731707317,0.1333333333333333,0.8666666666666667,0,2,4.75,8,1.25,4.089430894308944,123,80,0.6504065040650406,7.213357077339458,4.007115460824275,54.98802646106238,138
train,audio_760.wav,4.0,False,True,True,0.0,0.0,0.0,2.238805970149253,0.746268656716418,0.0,0.0,0.0,0.0,2.985074626865672,2.985074626865672,0.5,4,11,12.363636363636363,0.0,0.1323529411764706,0.125,0.088235294117647,0.1102941176470588,0.0661764705882353,0.1764705882352941,0.0661764705882353,0.9375,0.0625,0,2,4.0,10,0.5454545454545454,3.850746268656717,134,70,0.5223880597014925,6.0470789790695205,2.992955322265625,19.94453801748564,150
train,audio_72.wav,2.0,False,True,True,0.0,0.0,0.0,0.0,0.0,1.9230769230769231,1.9230769230769231,0.0,0.0,3.8461538461538463,1.9230769230769231,1.0,2,1,108.0,0.0,0.1759259259259259,0.0648148148148148,0.1296296296296296,0.1018518518518518,0.1018518518518518,0.1388888888888889,0.0925925925925925,0.0666666666666666,0.9333333333333332,0,2,9.0,9,7.0,3.923076923076923,104,48,0.46153846153846156,4.706787243316417,3.5450936057350853,34.64292796723221,110
train,audio_696.wav,5.0,False,True,True,0.0,0.0,0.0,2.459016393442623,0.0,0.0,0.819672131147541,0.0,0.0,3.278688524590164,2.459016393442623,0.375,3,8,16.375,0.0,0.1679389312977099,0.099236641221374,0.0763358778625954,0.099236641221374,0.1068702290076335,0.1221374045801526,0.0916030534351145,0.0,1.0,1,3,3.875,5,1.25,4.081967213114754,122,79,0.6475409836065574,7.152323937358964,3.22717891179078,25.208441328784247,141
train,audio_744.wav,4.0,False,True,True,0.0,0.0,0.0,1.639344262295082,0.0,0.0,0.0,0.0,0.0,1.639344262295082,1.639344262295082,0.3333333333333333,1,3,20.33333333333333,0.0,0.2622950819672131,0.0983606557377049,0.0163934426229508,0.0983606557377049,0.0491803278688524,0.0163934426229508,0.0327868852459016,0.0,1.0,0,1,5.0,6,0.0,4.213114754098361,61,42,0.6885245901639344,5.377548957181631,3.3728883657882465,29.162637893477868,67
train,audio_662.wav,5.0,False,True,True,1.098901098901099,0.0,0.0,0.0,0.0,1.098901098901099,0.0,0.0,0.0,2.197802197802198,2.197802197802198,0.1666666666666666,2,6,15.833333333333334,0.0,0.2210526315789473,0.2,0.0526315789473684,0.0842105263157894,0.0631578947368421,0.1052631578947368,0.0736842105263157,0.0,1.0,4,2,4.833333333333333,12,1.3333333333333333,4.549450549450549,91,68,0.7472527472527473,7.128336889709045,3.6146415016867897,37.138029617878246,110
train,audio_570.wav,3.0,False,True,True,0.970873786407767,0.0,0.970873786407767,0.0,0.970873786407767,0.970873786407767,0.0,0.0,0.0,3.883495145631068,3.883495145631068,0.5,4,8,13.125,0.0,0.2571428571428571,0.1142857142857142,0.0571428571428571,0.1142857142857142,0.0857142857142857,0.0761904761904762,0.0,0.4444444444444444,0.5555555555555556,0,3,4.5,7,0.625,4.388349514563107,103,59,0.5728155339805825,5.81344274116933,3.620482397861168,37.35558372998058,122
train,audio_10.wav,3.0,False,True,True,5.405405405405405,0.0,0.0,1.351351351351351,0.0,0.0,0.0,0.0,0.0,6.756756756756757,6.756756756756757,0.5,5,2,37.0,0.0,0.1891891891891892,0.2162162162162162,0.0405405405405405,0.027027027027027,0.0135135135135135,0.1351351351351351,0.0405405405405405,0.1111111111111111,0.8888888888888888,0,2,8.0,9,3.5,3.77027027027027,74,47,0.6351351351351351,5.463639020959506,3.658763191916726,38.81330855907831,88
train,audio_628.wav,2.5,False,True,True,0.0,0.0,0.0,0.847457627118644,0.0,3.389830508474576,1.694915254237288,0.0,0.0,5.932203389830509,4.237288135593221,0.3333333333333333,5,6,20.0,0.1666666666666666,0.275,0.0916666666666666,0.1,0.0333333333333333,0.075,0.075,0.0833333333333333,0.5,0.5,0,3,4.666666666666667,8,1.6666666666666667,4.305084745762712,118,62,0.5254237288135594,5.707562630969605,3.99585390762544,54.37224968508568,142
train,audio_606.wav,3.5,False,True,True,0.0,0.0,0.819672131147541,0.819672131147541,0.0,1.639344262295082,0.0,0.0,0.0,3.278688524590164,3.278688524590164,0.5,4,5,25.2,0.0,0.1825396825396825,0.1111111111111111,0.0634920634920634,0.0714285714285714,0.0873015873015873,0.2063492063492063,0.0396825396825396,0.2666666666666666,0.7333333333333333,1,3,5.2,8,1.8,3.5245901639344264,122,61,0.5,5.522680508593631,3.0439846371644297,20.98870922462593,149
train,audio_73.wav,4.0,False,True,True,0.0,0.819672131147541,0.819672131147541,0.0,0.0,1.639344262295082,0.0,0.0,0.0,3.278688524590164,3.278688524590164,0.75,4,2,61.0,0.0,0.2131147540983606,0.1229508196721311,0.081967213114754,0.0491803278688524,0.0983606557377049,0.1065573770491803,0.0737704918032786,0.0,1.0,4,2,10.5,11,6.0,3.877049180327869,122,62,0.5081967213114754,5.613216254636149,2.699450825535974,14.871562399575714,129
train,audio_605.wav,4.0,False,True,True,0.0,0.0,0.0,0.0,0.0,1.0638297872340423,1.0638297872340423,0.0,0.0,2.127659574468085,1.0638297872340423,0.3333333333333333,1,3,32.666666666666664,0.0,0.2244897959183673,0.1428571428571428,0.0714285714285714,0.0714285714285714,0.1020408163265306,0.1224489795918367,0.0816326530612244,0.0,1.0,0,1,7.0,11,2.6666666666666665,4.26595744680851,94,59,0.6276595744680851,6.085385352926881,3.720252846771816,41.27482899661038,106
train,audio_106.wav,3.5,False,True,True,1.1363636363636365,1.1363636363636365,0.0,0.0,0.0,2.272727272727273,2.272727272727273,0.0,0.0,6.818181818181818,4.545454545454546,0.4,4,4,22.25,0.0,0.2247191011235955,0.1685393258426966,0.1011235955056179,0.0337078651685393,0.0674157303370786,0.0898876404494382,0.0561797752808988,0.0,1.0,0,1,6.5,10,1.5,4.556818181818182,88,58,0.6590909090909091,6.182820774312702,3.577782415574597,35.794076383739444,93
train,audio_306.wav,5.0,False,True,True,0.0,0.0,0.0,0.0,0.0,0.8064516129032258,0.0,0.0,0.0,0.8064516129032258,0.8064516129032258,0.1428571428571428,1,7,18.142857142857142,0.0,0.1732283464566929,0.0551181102362204,0.0944881889763779,0.0866141732283464,0.1417322834645669,0.1653543307086614,0.1023622047244094,0.4285714285714285,0.5714285714285714,0,3,4.857142857142857,7,1.0,3.75,124,60,0.4838709677419355,5.388159060803248,2.778410636338612,16.09342231003677,149
train,audio_75.wav,2.0,False,True,True,1.98019801980198,0.0,0.0,0.99009900990099,0.0,1.98019801980198,0.99009900990099,0.0,0.0,5.9405940594059405,4.950495049504951,0.75,5,3,34.0,0.0,0.1862745098039215,0.088235294117647,0.0784313725490196,0.088235294117647,0.088235294117647,0.1666666666666666,0.1176470588235294,0.1538461538461538,0.8461538461538461,0,3,4.666666666666667,7,2.0,4.138613861386139,101,62,0.6138613861386139,6.169230579301932,3.5407497240149457,34.49276955700527,115
train,audio_550.wav,3.5,False,True,True,0.8,0.0,0.8,0.8,0.0,0.0,0.0,0.0,0.0,2.4,2.4,0.375,3,8,15.625,0.0,0.272,0.136,0.136,0.04,0.064,0.056,0.048,0.0,1.0,1,2,5.125,7,0.625,5.072,125,84,0.672,7.513188404399293,4.05565746410473,57.72310139040814,148
train,audio_340.wav,5.0,False,True,True,0.0,1.0869565217391304,0.0,1.0869565217391304,0.0,1.0869565217391304,0.0,0.0,0.0,3.260869565217391,3.260869565217391,0.4,3,5,18.6,0.0,0.2365591397849462,0.1612903225806451,0.075268817204301,0.075268817204301,0.032258064516129,0.1612903225806451,0.064516129032258,0.0,1.0,0,2,5.8,11,1.2,4.586956521739131,92,62,0.6739130434782609,6.463946835769319,2.9792899700126263,19.67384266611772,99
train,audio_272.wav,3.0,False,True,True,2.5974025974025974,0.0,0.0,0.0,0.0,0.0,1.2987012987012987,0.0,0.0,3.896103896103896,2.5974025974025974,0.75,2,6,12.833333333333334,0.0,0.1688311688311688,0.1428571428571428,0.1038961038961039,0.0649350649350649,0.0389610389610389,0.1688311688311688,0.1038961038961039,0.6,0.4,0,2,3.8333333333333335,5,1.0,3.636363636363636,77,47,0.6103896103896104,5.356147093602983,3.278076898484003,26.52471390246737,84
train,audio_518.wav,3.5,False,True,True,0.7092198581560284,2.127659574468085,1.4184397163120568,1.4184397163120568,0.7092198581560284,2.8368794326241136,2.127659574468085,0.0,0.0,11.347517730496454,9.21985815602837,1.0,13,5,28.2,0.0,0.2624113475177305,0.1205673758865248,0.0638297872340425,0.0354609929078014,0.0425531914893617,0.1205673758865248,0.1205673758865248,0.0,1.0,0,1,5.0,9,1.8,4.205673758865248,141,59,0.41843971631205673,4.968696334292462,4.118857187767551,61.48893179283418,146
train,audio_34.wav,2.0,False,True,True,1.1111111111111112,0.0,0.0,1.1111111111111112,0.0,2.2222222222222223,0.0,0.0,0.0,4.444444444444445,4.444444444444445,0.2307692307692307,4,9,10.444444444444445,0.1111111111111111,0.1489361702127659,0.1489361702127659,0.0425531914893617,0.0957446808510638,0.0851063829787234,0.1914893617021276,0.0319148936170212,0.5,0.5,0,2,3.333333333333333,6,0.5555555555555556,3.577777777777778,90,53,0.5888888888888889,5.586690532964137,2.971319875409526,19.5176634870174,124
train,audio_87.wav,2.0,False,True,True,0.0,0.0,0.0,1.1363636363636365,0.0,3.409090909090909,1.1363636363636365,0.0,0.0,5.681818181818182,4.545454545454546,0.5,4,4,22.0,0.0,0.1818181818181818,0.1136363636363636,0.0681818181818181,0.0795454545454545,0.0681818181818181,0.1590909090909091,0.1363636363636363,1.0,0.0,0,2,5.25,9,0.75,3.988636363636364,88,39,0.4431818181818182,4.157413968934403,3.499795766977164,33.1086893804306,91
train,audio_211.wav,5.0,False,True,True,0.0,0.0,0.0,1.408450704225352,0.0,0.704225352112676,0.0,0.0,0.0,2.112676056338028,2.112676056338028,0.1,3,10,14.5,0.0,0.2620689655172414,0.1517241379310344,0.0482758620689655,0.0413793103448275,0.0689655172413793,0.1241379310344827,0.0344827586206896,0.0,1.0,0,2,5.5,11,0.9,4.408450704225352,142,75,0.528169014084507,6.293860187225168,3.373937482664571,29.1932489635375,169
train,audio_431.wav,3.0,False,True,True,0.0,0.0,0.99009900990099,0.99009900990099,0.0,1.98019801980198,0.0,0.0,0.0,3.96039603960396,3.96039603960396,1.0,4,3,34.666666666666664,0.0,0.2115384615384615,0.1538461538461538,0.048076923076923,0.0288461538461538,0.048076923076923,0.1634615384615384,0.1153846153846153,0.0,1.0,0,2,4.666666666666667,7,1.3333333333333333,4.247524752475248,101,51,0.504950495049505,5.074689670070945,3.8938267812007616,49.09841637379304,119
train,audio_555.wav,5.0,False,True,True,0.0,0.0,0.0,0.8064516129032258,0.0,3.225806451612903,0.0,0.0,0.0,4.032258064516129,4.032258064516129,0.75,5,1,126.0,0.0,0.2063492063492063,0.1111111111111111,0.0793650793650793,0.0952380952380952,0.0238095238095238,0.0873015873015873,0.1031746031746031,0.0,1.0,1,3,11.0,11,6.0,4.330645161290323,124,70,0.5645161290322581,6.286185570937122,3.721508604107481,41.32669272321332,132
train,audio_648.wav,5.0,False,True,True,0.0,0.0,0.0,0.0,0.0,0.0,0.0,0.0,0.0,0.0,0.0,0.0,0,8,15.625,0.0,0.168,0.136,0.08,0.072,0.128,0.136,0.064,0.0555555555555555,0.9444444444444444,1,4,4.125,6,0.625,4.162601626016261,123,65,0.5284552845528455,5.8608526253383095,3.001620870240977,20.11811937108716,142
train,audio_5051.wav,0.0,True,True,True,0.0,0.0,0.0,0.0,0.0,0.0,0.0,0.0,0.0,0.0,0.0,0.0,0,3,10.333333333333334,0.0,0.2258064516129032,0.1290322580645161,0.1612903225806451,0.032258064516129,0.064516129032258,0.1290322580645161,0.0967741935483871,0.3333333333333333,0.6666666666666666,0,2,2.333333333333333,4,0.6666666666666666,4.266666666666667,30,25,0.8333333333333334,4.564354645876384,4.856062995062934,128.51723181379165,36
train,audio_422.wav,2.0,False,True,True,0.0,1.7699115044247788,0.0,1.7699115044247788,0.0,7.079646017699115,0.0,0.8849557522123894,0.0,11.50442477876106,10.619469026548671,1.0,12,5,22.6,0.0,0.2654867256637168,0.1592920353982301,0.0353982300884955,0.0619469026548672,0.0265486725663716,0.1150442477876106,0.0973451327433628,0.1666666666666666,0.8333333333333334,1,4,7.4,13,1.2,4.274336283185841,113,66,0.584070796460177,6.208757731331742,4.207599524295691,67.19504598133007,132
train,audio_627.wav,2.5,False,True,True,0.7194244604316546,1.4388489208633093,0.0,0.7194244604316546,0.0,2.158273381294964,0.7194244604316546,0.0,0.0,5.755395683453237,5.035971223021583,0.6,7,2,71.0,0.0,0.2464788732394366,0.1197183098591549,0.1056338028169014,0.0422535211267605,0.056338028169014,0.1690140845070422,0.0492957746478873,0.4210526315789473,0.5789473684210527,0,3,7.0,11,7.5,4.539568345323741,139,76,0.5467625899280576,6.44623586556778,4.089224732952354,59.6935952830407,162
train,audio_122.wav,5.0,False,True,True,0.0,0.8928571428571429,0.0,0.0,0.0,0.8928571428571429,0.0,0.0,0.0,1.7857142857142858,1.7857142857142858,0.3333333333333333,2,6,18.83333333333333,0.0,0.3451327433628318,0.0884955752212389,0.0530973451327433,0.0088495575221238,0.0884955752212389,0.0265486725663716,0.0884955752212389,0.0,1.0,0,2,5.166666666666667,8,0.6666666666666666,4.714285714285714,112,75,0.6696428571428571,7.08683386892301,3.14076806640625,23.12161897924184,125
train,audio_88.wav,3.5,False,True,True,0.0,0.0,0.0,0.0,0.0,5.128205128205129,1.2820512820512822,0.0,0.0,6.410256410256411,5.128205128205129,1.0,4,2,39.5,0.0,0.2531645569620253,0.1518987341772152,0.0126582278481012,0.1392405063291139,0.050632911392405,0.1139240506329113,0.0759493670886076,0.0,1.0,0,2,7.0,8,1.5,5.141025641025641,78,51,0.6538461538461539,5.774612874137437,4.185033727575232,65.69571663659733,81
train,audio_165.wav,2.5,False,True,True,0.0,0.0,1.1363636363636365,1.1363636363636365,1.1363636363636365,5.681818181818182,0.0,0.0,0.0,9.090909090909092,9.090909090909092,0.5,8,5,17.8,0.0,0.2359550561797752,0.1348314606741573,0.0561797752808988,0.0561797752808988,0.0786516853932584,0.1685393258426966,0.0337078651685393,0.0,1.0,0,2,4.4,7,1.4,4.3977272727272725,88,51,0.5795454545454546,5.436618267068066,3.85645751953125,47.2975037626493,110
train,audio_276.wav,3.5,False,True,True,0.0,1.818181818181818,0.0,0.0,0.0,0.9090909090909092,1.818181818181818,0.0,0.9090909090909092,5.454545454545454,2.727272727272727,0.6666666666666666,3,1,112.0,0.0,0.1517857142857142,0.1339285714285714,0.0982142857142857,0.0803571428571428,0.0535714285714285,0.1875,0.0803571428571428,0.2727272727272727,0.7272727272727273,0,3,9.0,9,12.0,3.836363636363637,110,66,0.6,6.292853089020909,3.904907476706583,49.645486335774926,122
train,audio_746.wav,5.0,False,True,True,0.0,0.746268656716418,0.746268656716418,0.0,0.0,1.492537313432836,0.0,0.0,0.0,2.985074626865672,2.985074626865672,0.3333333333333333,4,4,33.75,0.0,0.1407407407407407,0.1629629629629629,0.0962962962962963,0.037037037037037,0.074074074074074,0.1629629629629629,0.074074074074074,0.2,0.8,1,4,8.75,12,3.0,3.880597014925373,134,81,0.6044776119402985,6.997334247209017,3.0994335254589163,22.18538026809216,143
train,audio_252.wav,3.5,False,True,True,0.0,0.0,3.92156862745098,1.96078431372549,0.0,0.0,0.0,0.0,0.0,5.882352941176471,5.882352941176471,1.0,3,2,26.0,0.0,0.2115384615384615,0.173076923076923,0.0961538461538461,0.0,0.0576923076923076,0.173076923076923,0.1153846153846153,0.0,1.0,0,2,8.0,11,1.5,4.176470588235294,51,35,0.6862745098039216,4.900980294098034,3.856613417803231,47.30487793655046,59
train,audio_266.wav,4.0,False,True,True,0.0,0.0,0.0,1.7543859649122806,0.0,3.508771929824561,1.7543859649122806,0.0,0.0,7.017543859649122,5.2631578947368425,1.0,3,3,19.0,0.0,0.3157894736842105,0.087719298245614,0.0526315789473684,0.0175438596491228,0.0350877192982456,0.0701754385964912,0.087719298245614,0.25,0.75,0,3,5.666666666666667,10,0.3333333333333333,4.614035087719298,57,44,0.7719298245614035,5.827942371086193,4.245121348987926,69.7642254484163,66
train,audio_611.wav,4.5,False,True,True,0.0,0.0,0.0,1.3888888888888888,0.0,1.3888888888888888,0.0,0.0,0.0,2.7777777777777777,2.7777777777777777,0.4,2,5,15.0,0.0,0.2933333333333333,0.08,0.1333333333333333,0.04,0.0533333333333333,0.1066666666666666,0.0933333333333333,0.0,1.0,0,1,4.4,5,0.4,4.958333333333333,72,50,0.6944444444444444,5.892556509887896,4.20074392735273,66.73595928425472,87
train,audio_5058.wav,0.0,True,True,True,0.0,0.0,0.0,1.1764705882352942,0.0,1.1764705882352942,1.1764705882352942,0.0,0.0,3.5294117647058822,2.3529411764705883,0.75,2,5,17.2,0.2,0.2209302325581395,0.1627906976744186,0.0465116279069767,0.0116279069767441,0.0697674418604651,0.1976744186046511,0.0581395348837209,0.0,1.0,0,1,4.8,7,0.8,3.952941176470589,85,55,0.6470588235294118,5.965587590013045,3.337641920998832,28.15266217040365,107
train,audio_81.wav,3.0,False,True,True,0.0,1.020408163265306,0.0,0.0,0.0,1.020408163265306,0.0,0.0,0.0,2.0408163265306123,2.0408163265306123,0.3333333333333333,2,6,16.833333333333332,0.0,0.1782178217821782,0.1188118811881188,0.0495049504950495,0.1089108910891089,0.0693069306930693,0.1782178217821782,0.0792079207920792,0.25,0.75,0,3,4.0,6,1.3333333333333333,4.071428571428571,98,64,0.6530612244897959,6.464976285134148,3.106759510869565,22.348506842132853,115
train,audio_3.wav,3.0,False,True,True,0.0,0.0,1.2658227848101269,2.5316455696202533,0.0,2.5316455696202533,1.2658227848101269,0.0,0.0,7.594936708860759,6.329113924050633,1.0,5,5,16.8,0.0,0.1785714285714285,0.2142857142857142,0.0357142857142857,0.0714285714285714,0.0595238095238095,0.1547619047619047,0.0476190476190476,0.2,0.8,0,2,3.8,5,2.0,4.2405063291139244,79,50,0.6329113924050633,5.62543950463012,4.409379200268817,82.21840649310283,93
train,audio_21.wav,2.0,False,True,True,1.25,0.0,0.0,1.25,0.0,2.5,0.0,0.0,0.0,5.0,5.0,0.75,4,5,16.2,0.0,0.1604938271604938,0.1358024691358024,0.074074074074074,0.037037037037037,0.0987654320987654,0.2098765432098765,0.1111111111111111,0.0,1.0,1,3,4.8,7,1.4,3.9625,80,48,0.6,5.366563145999495,3.554896147354789,34.98418657871158,92
train,audio_190.wav,3.0,False,True,True,0.0,0.0,0.0,0.0,0.0,2.34375,0.0,0.78125,0.0,3.125,2.34375,0.5,3,6,21.33333333333333,0.0,0.234375,0.140625,0.0625,0.0546875,0.0234375,0.1484375,0.0546875,0.0,1.0,0,1,4.833333333333333,6,1.3333333333333333,4.0703125,128,72,0.5625,6.363961030678928,3.661956211306014,38.93743827470187,159
train,audio_189.wav,5.0,False,True,True,0.0,0.0,0.0,1.550387596899225,0.0,0.7751937984496124,0.0,0.0,0.0,2.3255813953488373,2.3255813953488373,0.3333333333333333,3,6,21.83333333333333,0.0,0.1450381679389313,0.1450381679389313,0.0534351145038167,0.0458015267175572,0.1221374045801526,0.1679389312977099,0.1068702290076335,0.625,0.375,0,4,5.833333333333333,12,2.333333333333333,3.8372093023255816,129,73,0.5658914728682171,6.427291616177054,2.9635584734488223,19.36676540320228,138
train,audio_519.wav,3.0,False,True,True,1.5748031496062993,0.0,0.0,0.0,0.0,1.5748031496062993,2.3622047244094486,0.0,0.0,5.511811023622047,3.1496062992125986,1.0,4,2,64.0,0.0,0.21875,0.1484375,0.0390625,0.0078125,0.0859375,0.109375,0.09375,0.0,1.0,1,3,8.5,12,4.0,4.299212598425197,127,64,0.5039370078740157,5.679081660263129,4.0227537226856205,55.85470260993789,133
train,audio_748.wav,2.5,False,True,True,2.197802197802198,1.098901098901099,0.0,1.098901098901099,0.0,3.2967032967032965,1.098901098901099,0.0,0.0,8.791208791208792,7.6923076923076925,1.0,7,5,18.6,0.0,0.1720430107526881,0.1182795698924731,0.1075268817204301,0.032258064516129,0.053763440860215,0.2043010752688172,0.1075268817204301,0.6,0.4,1,4,4.2,6,1.2,3.571428571428572,91,53,0.5824175824175825,5.555909634626167,3.5858112410003065,36.08261754762118,102
train,audio_505.wav,3.0,False,True,True,2.150537634408602,0.0,0.0,3.225806451612903,0.0,0.0,0.0,0.0,0.0,5.376344086021505,5.376344086021505,0.6666666666666666,5,6,15.5,0.1666666666666666,0.1827956989247312,0.1935483870967742,0.075268817204301,0.010752688172043,0.053763440860215,0.2150537634408602,0.075268817204301,0.0,1.0,1,2,4.0,6,1.6666666666666667,3.946236559139785,93,46,0.4946236559139785,4.7699777957599565,3.4375862331565368,31.111770901505263,109
train,audio_361.wav,4.0,False,True,True,0.0,0.0,0.0,0.0,0.0,0.0,0.0,0.0,0.0,0.0,0.0,0.0,0,3,12.666666666666666,0.0,0.2631578947368421,0.2105263157894736,0.0263157894736842,0.0,0.1578947368421052,0.1842105263157894,0.0,0.0,1.0,0,2,4.666666666666667,6,1.3333333333333333,4.416666666666667,36,30,0.8333333333333334,5.0,3.567001065340909,35.410240761095885,55
train,audio_5052.wav,0.0,True,True,True,1.25,0.0,0.0,0.0,1.25,2.5,0.0,0.0,0.0,5.0,5.0,0.25,4,3,27.33333333333333,0.0,0.1219512195121951,0.1585365853658536,0.0609756097560975,0.1097560975609756,0.073170731707317,0.2195121951219512,0.048780487804878,0.1666666666666666,0.8333333333333334,3,4,5.333333333333333,7,1.0,3.675,80,48,0.6,5.366563145999495,3.9526911648837,52.07532170663051,88
train,audio_16.wav,4.0,False,True,True,1.0638297872340423,0.0,0.0,0.0,0.0,0.0,0.0,0.0,0.0,1.0638297872340423,1.0638297872340423,0.25,1,4,24.0,0.0,0.2916666666666667,0.0833333333333333,0.0208333333333333,0.0833333333333333,0.0729166666666666,0.0520833333333333,0.0520833333333333,0.0,1.0,0,1,6.25,9,1.25,4.553191489361702,94,67,0.7127659574468085,6.910522349933915,3.46203399122807,31.881757825777505,114
train,audio_327.wav,5.0,False,True,True,0.0,0.0,0.0,0.0,0.0,0.0,0.0,0.0,0.0,0.0,0.0,0.0,0,8,17.25,0.125,0.2971014492753623,0.108695652173913,0.0217391304347826,0.0797101449275362,0.0652173913043478,0.1014492753623188,0.0507246376811594,0.0,1.0,0,2,6.125,10,1.0,4.220588235294118,136,76,0.5588235294117647,6.516946235415335,3.0977108001708986,22.14719385427448,160
train,audio_313.wav,3.0,False,True,True,0.0,0.0,0.0,0.0,0.0,1.5625,0.0,0.0,0.0,1.5625,1.5625,0.25,1,4,16.5,0.0,0.303030303030303,0.1666666666666666,0.0303030303030303,0.0454545454545454,0.0606060606060606,0.1363636363636363,0.0454545454545454,0.0,1.0,0,2,4.75,6,1.0,4.6875,64,42,0.65625,5.25,3.5795479798928285,35.857328949612295,78
train,audio_589.wav,2.5,False,True,True,0.0,0.0,0.0,1.162790697674419,0.0,3.488372093023256,1.162790697674419,0.0,0.0,5.813953488372093,4.651162790697675,1.0,4,2,44.0,0.0,0.2613636363636363,0.1477272727272727,0.0681818181818181,0.0227272727272727,0.0795454545454545,0.125,0.0795454545454545,0.3333333333333333,0.6666666666666666,0,2,8.0,10,2.5,4.151162790697675,86,49,0.5697674418604651,5.283805886968482,3.707836223098467,40.76550357248647,106
train,audio_416.wav,3.5,False,True,True,0.0,0.8,0.0,0.8,0.0,1.6,0.0,0.0,0.0,3.2,3.2,0.4285714285714285,4,7,17.857142857142858,0.0,0.208,0.136,0.064,0.088,0.072,0.168,0.072,0.0,1.0,1,4,4.857142857142857,7,0.8571428571428571,3.92,125,58,0.464,5.187677707799512,3.294312803895324,26.958881664464453,143
train,audio_762.wav,5.0,False,True,True,0.0,0.0,0.0,0.0,0.0,2.158273381294964,0.7194244604316546,0.0,0.0,2.8776978417266186,2.158273381294964,0.4,3,6,23.5,0.0,0.1631205673758865,0.1347517730496454,0.0709219858156028,0.0709219858156028,0.0709219858156028,0.1843971631205673,0.0780141843971631,0.2941176470588235,0.7058823529411765,0,2,6.0,9,2.333333333333333,3.741007194244604,139,73,0.5251798561151079,6.191779186663788,2.977088980123299,19.63058835593668,147
train,audio_714.wav,3.0,False,True,True,1.4705882352941178,0.0,0.0,1.4705882352941178,0.0,0.0,0.0,0.0,0.0,2.9411764705882355,2.9411764705882355,0.5,2,4,17.25,0.25,0.1594202898550724,0.1159420289855072,0.072463768115942,0.0434782608695652,0.1304347826086956,0.1739130434782608,0.072463768115942,0.0,1.0,0,1,5.25,8,1.5,3.941176470588236,68,49,0.7205882352941176,5.942122813390158,3.760826512386924,42.98393805839863,76
train,audio_455.wav,3.0,False,True,True,0.0,0.0,0.0,1.1363636363636365,0.0,4.545454545454546,0.0,0.0,0.0,5.681818181818182,5.681818181818182,0.5,5,6,14.666666666666666,0.0,0.2045454545454545,0.1818181818181818,0.0568181818181818,0.0454545454545454,0.0568181818181818,0.1931818181818181,0.034090909090909,0.1111111111111111,0.8888888888888888,1,4,5.166666666666667,10,0.5,4.056818181818182,88,48,0.5454545454545454,5.116817192534651,4.077048885012136,58.97118206548089,103
train,audio_42.wav,3.0,False,True,True,0.0,0.0,0.0,0.0,0.0,0.0,2.9411764705882355,0.0,0.0,2.9411764705882355,0.0,0.5,0,5,14.0,0.0,0.2142857142857142,0.1285714285714285,0.1428571428571428,0.0857142857142857,0.0714285714285714,0.1428571428571428,0.0571428571428571,0.0,1.0,0,1,3.6,5,0.6,3.941176470588236,68,40,0.5882352941176471,4.85071250072666,3.9835205078125,53.70577339851826,75
train,audio_561.wav,4.0,False,True,True,1.0101010101010102,0.0,1.0101010101010102,1.0101010101010102,0.0,3.0303030303030303,0.0,0.0,1.0101010101010102,7.070707070707071,6.0606060606060606,0.8333333333333334,6,6,16.5,0.0,0.3636363636363636,0.1515151515151515,0.0505050505050505,0.0404040404040404,0.0202020202020202,0.0101010101010101,0.0707070707070707,0.8333333333333334,0.1666666666666666,0,2,5.5,7,1.0,5.111111111111111,99,74,0.7474747474747475,7.437279832918169,5.101752912494498,164.30967549312436,142
train,audio_226.wav,3.0,False,True,True,1.5625,0.0,0.0,0.0,0.0,6.25,1.5625,0.0,0.0,9.375,7.8125,1.0,5,2,34.5,0.0,0.1159420289855072,0.1739130434782608,0.0869565217391304,0.1014492753623188,0.1159420289855072,0.144927536231884,0.0869565217391304,0.1111111111111111,0.8888888888888888,0,3,5.0,6,2.0,4.484375,64,47,0.734375,5.875,3.853053262788956,47.13676467037419,73
train,audio_110.wav,3.5,False,True,True,0.0,0.0,0.0,1.2048192771084338,0.0,1.2048192771084338,2.409638554216868,0.0,0.0,4.819277108433735,2.409638554216868,0.25,2,4,20.75,0.0,0.144578313253012,0.0963855421686747,0.0602409638554216,0.0843373493975903,0.108433734939759,0.180722891566265,0.1204819277108433,0.8888888888888888,0.1111111111111111,0,3,5.0,8,0.75,4.156626506024097,83,54,0.6506024096385542,5.927270039443279,3.460630937056108,31.837057358372164,88
train,audio_739.wav,5.0,False,True,True,0.0,0.0,0.0,1.7857142857142858,0.8928571428571429,2.6785714285714284,0.8928571428571429,0.0,0.0,6.25,5.357142857142857,0.3333333333333333,6,6,19.166666666666668,0.0,0.2695652173913043,0.1130434782608695,0.017391304347826,0.0608695652173913,0.1130434782608695,0.0956521739130434,0.1043478260869565,0.0,1.0,3,2,4.166666666666667,8,1.3333333333333333,4.339285714285714,112,57,0.5089285714285714,5.385993740381488,3.9202601841517857,50.413559881136685,140
train,audio_504.wav,3.5,False,True,True,0.0,0.0,0.0,4.098360655737705,0.0,0.819672131147541,0.819672131147541,0.0,0.0,5.737704918032787,4.918032786885246,0.625,6,7,17.428571428571427,0.0,0.1885245901639344,0.1311475409836065,0.0491803278688524,0.0327868852459016,0.0983606557377049,0.221311475409836,0.0983606557377049,0.0714285714285714,0.9285714285714286,3,4,3.7142857142857135,7,0.8571428571428571,3.663934426229509,122,55,0.45081967213114754,4.979466032338519,3.49349661434398,32.90078818068131,136
train,audio_379.wav,4.0,False,True,True,0.6896551724137931,0.6896551724137931,0.6896551724137931,0.0,0.6896551724137931,1.3793103448275863,0.0,0.0,0.0,4.137931034482759,4.137931034482759,0.6,6,5,29.6,0.0,0.1351351351351351,0.1486486486486486,0.0743243243243243,0.0675675675675675,0.0945945945945946,0.1824324324324324,0.1148648648648648,0.5238095238095238,0.4761904761904761,0,3,5.0,6,2.4,3.841379310344828,145,84,0.5793103448275863,6.975820307714157,3.1600601480614325,23.572013697357647,161
train,audio_520.wav,2.5,False,True,True,1.8691588785046729,0.9345794392523364,0.9345794392523364,0.9345794392523364,0.0,2.803738317757009,0.9345794392523364,0.9345794392523364,0.0,9.345794392523365,7.4766355140186915,0.8,8,4,27.0,0.0,0.1851851851851851,0.1296296296296296,0.1018518518518518,0.0277777777777777,0.0648148148148148,0.1666666666666666,0.0925925925925925,0.5384615384615384,0.4615384615384615,0,4,5.5,9,2.25,3.925233644859813,107,57,0.5327102803738317,5.510397987560282,4.032043941437252,56.376022855541486,126
train,audio_5068.wav,0.0,True,True,True,0.0,0.0,0.0,0.0,0.0,1.0101010101010102,0.0,1.0101010101010102,0.0,2.0202020202020203,1.0101010101010102,0.4,1,5,20.0,0.0,0.18,0.09,0.06,0.11,0.08,0.18,0.13,0.0,1.0,0,2,4.6,7,1.0,4.434343434343434,99,60,0.6060606060606061,6.030226891555272,3.9260993890002767,50.70879611798535,113
train,audio_30.wav,2.0,False,True,True,0.0,2.3529411764705883,0.0,0.0,0.0,3.5294117647058822,1.1764705882352942,1.1764705882352942,0.0,8.235294117647058,5.882352941176471,0.6666666666666666,5,3,28.666666666666668,0.0,0.1744186046511628,0.127906976744186,0.0813953488372093,0.0697674418604651,0.0697674418604651,0.1744186046511628,0.1046511627906976,0.3,0.7,0,2,6.333333333333333,9,2.0,4.035294117647059,85,50,0.5882352941176471,5.423261445466404,3.976471271920712,53.32851996948384,94
train,audio_5041.wav,0.0,True,True,True,0.0,0.0,0.0,0.0,0.0,0.0,0.0,1.36986301369863,0.0,1.36986301369863,0.0,0.25,0,4,18.25,0.0,0.1506849315068493,0.136986301369863,0.0684931506849315,0.0547945205479452,0.1095890410958904,0.2054794520547945,0.0684931506849315,0.0,1.0,1,2,4.75,7,1.5,4.315068493150685,73,48,0.6575342465753424,5.617975065414267,3.976224232868976,53.315347369620405,83
train,audio_485.wav,3.0,False,True,True,0.8,0.0,0.0,8.0,0.0,2.4,0.0,0.0,0.0,11.2,11.2,0.875,14,8,15.875,0.0,0.1732283464566929,0.1496062992125984,0.0629921259842519,0.0551181102362204,0.1259842519685039,0.1653543307086614,0.1181102362204724,0.2727272727272727,0.7272727272727273,0,3,3.875,5,0.875,4.24,125,51,0.408,4.561578674099571,3.0247179578234267,20.588197152309696,143
train,audio_475.wav,2.0,False,True,True,0.0,0.0,0.0,0.0,0.0,1.36986301369863,0.0,0.0,0.0,1.36986301369863,1.36986301369863,0.25,1,4,19.0,0.0,0.2631578947368421,0.1578947368421052,0.0263157894736842,0.0657894736842105,0.0394736842105263,0.1842105263157894,0.1052631578947368,0.2222222222222222,0.7777777777777778,1,3,3.5,7,0.5,4.342465753424658,73,46,0.6301369863013698,5.383892771022007,3.866858697706653,47.79202084844726,93
train,audio_145.wav,4.0,False,True,True,0.0,0.0,0.0,0.78125,0.0,2.34375,0.78125,0.0,0.0,3.90625,3.125,0.6666666666666666,4,6,21.33333333333333,0.0,0.2890625,0.1328125,0.140625,0.015625,0.0703125,0.0546875,0.0546875,0.0,1.0,1,2,5.5,8,1.0,4.9453125,128,85,0.6640625,7.513009550107067,4.734916524684175,113.85395432672928,141
train,audio_308.wav,5.0,False,True,True,0.0,0.0,1.0526315789473684,0.0,0.0,2.1052631578947367,1.0526315789473684,0.0,0.0,4.2105263157894735,3.1578947368421053,0.6666666666666666,3,5,19.8,0.0,0.202020202020202,0.1717171717171717,0.0404040404040404,0.0404040404040404,0.101010101010101,0.1212121212121212,0.0909090909090909,0.2,0.8,0,3,5.4,9,1.4,3.926315789473685,95,61,0.6421052631578947,6.25846794771944,3.880561159368147,48.45139639909269,114
train,audio_184.wav,3.0,False,True,True,0.0,0.0,0.0,0.0,0.0,0.847457627118644,0.847457627118644,0.0,0.0,1.694915254237288,0.847457627118644,0.1111111111111111,1,9,13.77777777777778,0.0,0.1854838709677419,0.1693548387096774,0.0564516129032258,0.064516129032258,0.1209677419354838,0.1612903225806451,0.0725806451612903,0.0666666666666666,0.9333333333333332,0,3,4.0,8,1.1111111111111112,3.610169491525424,118,69,0.5847457627118644,6.351964863498432,3.180897216796875,24.06833838495105,150
train,audio_586.wav,2.5,False,True,True,2.727272727272727,0.0,2.727272727272727,1.818181818181818,0.0,0.9090909090909092,0.9090909090909092,0.0,0.0,9.090909090909092,8.181818181818182,0.8,9,4,28.0,0.0,0.2142857142857142,0.1160714285714285,0.0625,0.0803571428571428,0.0982142857142857,0.1428571428571428,0.1071428571428571,0.125,0.875,3,4,4.75,9,2.0,4.2,110,59,0.5363636363636364,5.625429276548995,3.785574668695119,44.06098375274205,121
train,audio_398.wav,3.5,False,True,True,0.0,2.409638554216868,0.0,2.409638554216868,1.2048192771084338,1.2048192771084338,1.2048192771084338,0.0,0.0,8.433734939759036,7.228915662650603,0.6666666666666666,6,6,14.0,0.1666666666666666,0.3095238095238095,0.119047619047619,0.1309523809523809,0.0357142857142857,0.0476190476190476,0.0833333333333333,0.0595238095238095,0.125,0.875,0,2,6.333333333333333,10,1.1666666666666667,4.734939759036145,83,57,0.6867469879518072,6.256562819412349,3.665258663216817,39.06623985558622,97
train,audio_726.wav,5.0,False,True,True,0.0,0.0,0.0,0.0,0.0,0.7751937984496124,0.0,0.0,0.0,0.7751937984496124,0.7751937984496124,0.1666666666666666,1,6,21.83333333333333,0.0,0.1908396946564885,0.1297709923664122,0.0381679389312977,0.099236641221374,0.0687022900763358,0.183206106870229,0.0610687022900763,0.0,1.0,0,3,4.833333333333333,6,1.6666666666666667,3.5736434108527133,129,65,0.5038759689922481,5.722930891116555,2.795190166226394,16.365740668402296,139
train,audio_466.wav,3.0,False,True,True,0.0,0.9174311926605504,0.9174311926605504,0.0,0.0,0.9174311926605504,1.834862385321101,0.0,0.0,4.587155963302752,2.752293577981652,0.6666666666666666,3,6,19.83333333333333,0.0,0.1680672268907563,0.1260504201680672,0.0588235294117647,0.0756302521008403,0.0840336134453781,0.2016806722689075,0.0588235294117647,0.0833333333333333,0.9166666666666666,0,2,4.0,7,1.5,3.963302752293578,109,69,0.6330275229357798,6.609001368025944,3.829959753787879,46.06068442883444,132
train,audio_218.wav,5.0,False,True,True,0.0,0.0,0.0,0.0,0.0,3.8461538461538463,0.9615384615384616,0.0,0.0,4.807692307692308,3.8461538461538463,0.6666666666666666,4,5,21.2,0.0,0.2169811320754717,0.1415094339622641,0.0660377358490566,0.0377358490566037,0.0849056603773584,0.1981132075471698,0.0660377358490566,0.0,1.0,1,2,4.6,7,0.6,4.076923076923077,104,71,0.6826923076923077,6.9621227974055335,3.723786417643229,41.42093451515335,120
train,audio_644.wav,3.0,False,True,True,1.0638297872340423,0.0,1.0638297872340423,0.0,0.0,2.127659574468085,1.0638297872340423,0.0,0.0,5.319148936170213,4.25531914893617,0.4,4,11,8.909090909090908,0.3636363636363636,0.1122448979591836,0.1632653061224489,0.0204081632653061,0.1326530612244898,0.0918367346938775,0.2244897959183673,0.0714285714285714,0.0,1.0,0,2,2.090909090909091,5,0.7272727272727273,4.085106382978723,94,52,0.5531914893617021,5.363390480545726,3.661970192026869,38.93798265196259,107
train,audio_351.wav,3.0,False,True,True,0.0,0.0,0.0,0.0,0.0,2.9411764705882355,0.9803921568627452,0.0,0.0,3.92156862745098,2.9411764705882355,0.75,3,3,35.0,0.0,0.1333333333333333,0.1428571428571428,0.0666666666666666,0.0285714285714285,0.0761904761904762,0.2571428571428571,0.0476190476190476,0.0,1.0,2,2,5.666666666666667,8,5.0,3.696078431372549,102,56,0.5490196078431373,5.5448262406693765,3.6554894080528846,38.68644994296279,117
train,audio_248.wav,5.0,False,True,True,0.0,1.492537313432836,0.0,0.0,0.0,0.0,0.0,0.0,0.0,1.492537313432836,1.492537313432836,0.2,1,5,13.6,0.0,0.2941176470588235,0.2058823529411764,0.0735294117647058,0.0441176470588235,0.0147058823529411,0.0588235294117647,0.088235294117647,0.0,1.0,0,1,4.8,8,1.2,4.582089552238806,67,54,0.8059701492537313,6.597149995240482,3.5671580921519888,35.4158015548676,88
train,audio_83.wav,3.0,False,True,True,0.8333333333333334,0.0,0.8333333333333334,1.6666666666666667,0.0,0.8333333333333334,0.0,0.0,0.0,4.166666666666667,4.166666666666667,0.3333333333333333,5,15,8.066666666666666,0.0,0.3471074380165289,0.1157024793388429,0.0826446280991735,0.0082644628099173,0.0495867768595041,0.1487603305785124,0.024793388429752,0.0,1.0,1,3,3.466666666666667,6,0.0,4.783333333333333,120,71,0.5916666666666667,6.4813835971444655,3.6613263811383927,38.91292202277454,140
train,audio_71.wav,2.0,False,True,True,0.0,0.0,1.9230769230769231,0.0,0.0,3.8461538461538463,0.0,0.0,0.0,5.769230769230769,5.769230769230769,1.0,6,1,104.0,0.0,0.25,0.0673076923076923,0.0769230769230769,0.048076923076923,0.0865384615384615,0.1442307692307692,0.0961538461538461,0.0833333333333333,0.9166666666666666,0,4,11.0,11,10.0,3.692307692307693,104,69,0.6634615384615384,6.766006662267349,4.859682355608259,128.98322480163012,112
train,audio_287.wav,5.0,False,True,True,0.0,0.0,0.0,0.8620689655172413,0.0,1.7241379310344829,0.0,0.0,0.0,2.586206896551724,2.586206896551724,0.4,3,5,24.2,0.0,0.140495867768595,0.1570247933884297,0.0909090909090909,0.0495867768595041,0.0909090909090909,0.1818181818181818,0.0909090909090909,0.0769230769230769,0.9230769230769232,0,4,5.6,7,1.2,4.206896551724138,116,77,0.6637931034482759,7.149270519816497,3.3697140821770057,29.070214177101835,134
train,audio_367.wav,2.0,False,True,True,1.4285714285714286,0.0,0.0,0.0,0.0,0.0,1.4285714285714286,0.0,0.0,2.857142857142857,1.4285714285714286,0.5,1,4,18.0,0.0,0.1666666666666666,0.1805555555555555,0.0833333333333333,0.0972222222222222,0.0972222222222222,0.1666666666666666,0.0277777777777777,0.2142857142857142,0.7857142857142857,0,3,5.5,8,2.75,3.8857142857142857,70,42,0.6,5.019960159204453,3.6796722412109375,39.63340174775131,80
train,audio_166.wav,3.0,False,True,True,0.0,0.0,1.0526315789473684,0.0,0.0,3.1578947368421053,3.1578947368421053,0.0,0.0,7.368421052631579,4.2105263157894735,0.4,4,5,19.4,0.0,0.3402061855670103,0.0927835051546391,0.134020618556701,0.0515463917525773,0.0824742268041237,0.0824742268041237,0.0618556701030927,0.0,1.0,0,1,5.0,8,0.8,4.652631578947369,95,66,0.6947368421052632,6.771457123762017,4.3892659833354335,80.58124928753466,124
train,audio_94.wav,2.0,False,True,True,1.2658227848101269,2.5316455696202533,1.2658227848101269,0.0,0.0,0.0,0.0,0.0,0.0,5.063291139240507,5.063291139240507,0.6,4,5,16.0,0.0,0.2,0.1,0.05,0.05,0.1,0.1875,0.0625,0.0,1.0,1,3,5.0,8,0.6,4.215189873417722,79,48,0.6075949367088608,5.400421924444915,3.549606662326389,34.79962679100066,90
train,audio_108.wav,1.0,False,True,True,0.7299270072992701,0.7299270072992701,0.0,1.45985401459854,0.7299270072992701,1.45985401459854,0.0,0.0,0.0,5.109489051094891,5.109489051094891,0.625,7,8,17.125,0.0,0.2335766423357664,0.1094890510948905,0.0291970802919708,0.0802919708029197,0.072992700729927,0.1313868613138686,0.0437956204379562,0.3076923076923077,0.6923076923076923,0,3,5.125,8,0.75,4.102189781021898,137,72,0.5255474452554745,6.151375135560679,3.749823847903481,42.51359248198873,158
train,audio_511.wav,4.0,False,True,True,0.8771929824561403,1.7543859649122806,0.8771929824561403,1.7543859649122806,0.0,3.508771929824561,0.0,0.0,0.0,8.771929824561404,8.771929824561404,0.6363636363636364,10,11,10.363636363636363,0.0909090909090909,0.2982456140350877,0.1228070175438596,0.0789473684210526,0.0789473684210526,0.043859649122807,0.0789473684210526,0.0350877192982456,0.0,1.0,0,1,4.2727272727272725,7,0.2727272727272727,4.912280701754386,114,85,0.7456140350877193,7.960979398444398,4.415464981742527,82.72029539219224,138
train,audio_5059.wav,0.0,True,True,True,0.0,0.0,0.7633587786259542,0.0,0.0,0.7633587786259542,0.0,0.0,0.0,1.5267175572519085,1.5267175572519085,0.25,2,7,19.428571428571427,0.0,0.1838235294117647,0.1102941176470588,0.0661764705882353,0.0735294117647058,0.1176470588235294,0.1838235294117647,0.0441176470588235,0.1764705882352941,0.8235294117647058,1,5,4.857142857142857,9,1.7142857142857142,3.755725190839695,131,84,0.6412213740458015,7.339114075952718,3.9412235236315993,51.481551677105465,161
train,audio_310.wav,5.0,False,True,True,0.0,1.0309278350515465,0.0,0.0,0.0,2.061855670103093,3.09278350515464,0.0,0.0,6.185567010309279,3.09278350515464,1.0,3,7,14.428571428571429,0.1428571428571428,0.1683168316831683,0.1782178217821782,0.0297029702970297,0.0792079207920792,0.0495049504950495,0.1881188118811881,0.0792079207920792,0.0,1.0,1,4,3.571428571428572,6,0.7142857142857143,3.701030927835052,97,58,0.5979381443298969,5.889007757774991,3.2287437564036887,25.247919502945525,122
train,audio_50.wav,3.0,False,True,True,0.0,0.0,0.0,1.0869565217391304,0.0,3.260869565217391,0.0,0.0,0.0,4.3478260869565215,4.3478260869565215,0.6666666666666666,4,2,47.5,0.0,0.2210526315789473,0.1684210526315789,0.0526315789473684,0.0526315789473684,0.0526315789473684,0.1052631578947368,0.0631578947368421,0.0,1.0,0,2,10.0,10,5.0,4.336956521739131,92,55,0.5978260869565217,5.734146386569557,3.678670437536507,39.59371674186161,107
train,audio_6.wav,3.0,False,True,True,0.0,0.0,0.0,2.702702702702702,0.0,1.351351351351351,0.0,0.0,0.0,4.054054054054054,4.054054054054054,0.75,3,4,19.25,0.0,0.1558441558441558,0.1298701298701298,0.0389610389610389,0.0649350649350649,0.0909090909090909,0.1558441558441558,0.0519480519480519,0.0,1.0,0,1,4.75,7,1.0,3.581081081081081,74,43,0.581081081081081,4.998648465984229,3.0639034695095484,21.410971327532256,90
train,audio_515.wav,2.5,False,True,True,0.0,0.0,0.0,0.0,0.0,3.0,1.0,0.0,0.0,4.0,3.0,0.6,3,6,16.666666666666668,0.1666666666666666,0.15,0.17,0.06,0.04,0.07,0.14,0.11,0.2,0.8,0,3,4.5,9,1.3333333333333333,4.46,100,54,0.54,5.4,4.483167891068892,88.51463371609731,110
train,audio_742.wav,4.5,False,True,True,0.0,0.0,0.0,0.0,0.0,1.6666666666666667,0.0,0.0,0.0,1.6666666666666667,1.6666666666666667,0.3333333333333333,1,3,20.0,0.0,0.2333333333333333,0.1166666666666666,0.0666666666666666,0.15,0.05,0.1666666666666666,0.1,0.0,1.0,0,1,5.333333333333333,9,0.3333333333333333,4.75,60,43,0.7166666666666667,5.551276129563964,3.941196326053504,51.48015152262374,66
train,audio_545.wav,2.5,False,True,True,1.8867924528301887,2.830188679245283,0.0,0.0,0.0,0.9433962264150944,0.0,0.0,0.0,5.660377358490566,5.660377358490566,0.6,6,5,21.6,0.0,0.2314814814814814,0.1481481481481481,0.0833333333333333,0.0833333333333333,0.0555555555555555,0.0925925925925925,0.0833333333333333,0.0,1.0,0,1,4.2,7,1.0,4.188679245283019,106,61,0.5754716981132075,5.924843760379312,4.255205724993322,70.47131340774433,117
train,audio_489.wav,3.0,False,True,True,0.0,0.0,0.0,0.0,0.0,3.508771929824561,0.8771929824561403,0.0,0.0,4.385964912280702,3.508771929824561,1.0,4,1,114.0,0.0,0.219298245614035,0.0789473684210526,0.0789473684210526,0.043859649122807,0.1052631578947368,0.0701754385964912,0.0789473684210526,0.375,0.625,2,4,9.0,9,6.0,4.2368421052631575,114,52,0.45614035087719296,4.870246220224809,3.535272532495959,34.30436249391687,116
train,audio_697.wav,5.0,False,True,True,0.0,1.5748031496062993,0.0,0.7874015748031497,0.0,0.7874015748031497,0.0,0.0,0.0,3.1496062992125986,3.1496062992125986,0.2,4,4,32.25,0.0,0.1627906976744186,0.1472868217054263,0.0852713178294573,0.0775193798449612,0.0930232558139534,0.1162790697674418,0.0697674418604651,0.0833333333333333,0.9166666666666666,1,5,7.0,11,2.5,4.496062992125984,127,84,0.6614173228346457,7.453794679095356,3.600657950202338,36.62232218283289,139
train,audio_225.wav,3.0,False,True,True,0.9433962264150944,0.0,0.9433962264150944,0.9433962264150944,0.0,0.9433962264150944,1.8867924528301887,0.0,0.0,5.660377358490566,3.7735849056603774,0.5,4,9,12.22222222222222,0.1111111111111111,0.209090909090909,0.1363636363636363,0.0636363636363636,0.0909090909090909,0.0636363636363636,0.2,0.0727272727272727,0.0,1.0,1,3,4.0,8,0.7777777777777778,4.273584905660377,106,62,0.5849056603773585,6.021972346615038,3.871769139024078,48.02727789751354,122
train,audio_553.wav,2.0,False,True,True,0.9523809523809524,0.9523809523809524,0.9523809523809524,0.0,0.0,1.9047619047619049,0.9523809523809524,1.9047619047619049,0.0,7.619047619047619,4.761904761904762,1.0,5,3,36.0,0.0,0.2037037037037037,0.1851851851851851,0.0462962962962962,0.037037037037037,0.0462962962962962,0.1574074074074074,0.074074074074074,0.4,0.6,0,2,5.666666666666667,8,4.0,4.075471698113208,105,54,0.5142857142857142,5.269860393922079,3.868818388210507,47.88577024776491,127
train,audio_237.wav,3.0,False,True,True,1.4705882352941178,2.9411764705882355,1.4705882352941178,0.0,0.0,1.4705882352941178,0.0,0.0,0.0,7.352941176470588,7.352941176470588,0.75,5,4,17.0,0.0,0.2058823529411764,0.1470588235294117,0.0294117647058823,0.0588235294117647,0.1176470588235294,0.1029411764705882,0.1470588235294117,0.0,1.0,0,2,4.5,5,1.0,4.838235294117647,68,48,0.7058823529411765,5.820855000871991,3.740845998128256,42.13362005516493,72
train,audio_197.wav,4.5,False,True,True,0.0,0.0,0.7936507936507936,0.7936507936507936,0.0,0.7936507936507936,0.0,0.0,0.0,2.380952380952381,2.380952380952381,0.2857142857142857,3,4,31.5,0.0,0.2301587301587301,0.1666666666666666,0.0873015873015873,0.0396825396825396,0.0634920634920634,0.0952380952380952,0.0714285714285714,0.0,1.0,0,1,4.25,7,3.5,4.450819672131147,126,83,0.6587301587301587,7.394227692910408,4.160827240386567,64.124547080032,154
train,audio_449.wav,4.0,False,True,True,0.0,0.6802721088435374,0.0,0.6802721088435374,0.0,3.401360544217687,1.3605442176870748,0.0,0.0,6.122448979591836,4.761904761904762,0.625,7,8,18.375,0.0,0.2857142857142857,0.1088435374149659,0.0612244897959183,0.0408163265306122,0.1224489795918367,0.0544217687074829,0.0884353741496598,0.0,1.0,0,2,5.875,10,1.125,4.340136054421769,147,76,0.5170068027210885,6.268374351201651,2.985439892881405,19.79520809253372,161
train,audio_567.wav,3.0,False,True,True,0.0,0.0,0.9615384615384616,0.9615384615384616,0.0,3.8461538461538463,0.0,0.0,0.0,5.769230769230769,5.769230769230769,0.6666666666666666,6,1,106.0,0.0,0.1981132075471698,0.1037735849056603,0.0943396226415094,0.0943396226415094,0.0943396226415094,0.1415094339622641,0.0849056603773584,0.0,1.0,1,3,11.0,11,12.0,3.9711538461538463,104,57,0.5480769230769231,5.589309851438245,4.425652398003472,83.56730858709503,117
train,audio_477.wav,2.0,False,True,True,0.0,0.0,0.0,2.5316455696202533,0.0,0.0,1.2658227848101269,0.0,0.0,3.79746835443038,2.5316455696202533,0.3333333333333333,2,6,13.166666666666666,0.0,0.189873417721519,0.1772151898734177,0.0126582278481012,0.0886075949367088,0.1012658227848101,0.1518987341772152,0.1139240506329113,0.0,1.0,3,2,3.5,9,1.0,4.227848101265823,79,53,0.6708860759493671,5.962965874907927,3.661634362262228,38.92490831391179,92
train,audio_728.wav,3.0,False,True,True,0.0,0.0,0.0,0.0,0.0,0.0,1.2048192771084338,0.0,0.0,1.2048192771084338,0.0,0.3333333333333333,0,4,21.5,0.0,0.1976744186046511,0.127906976744186,0.0581395348837209,0.0930232558139534,0.0232558139534883,0.1627906976744186,0.0930232558139534,0.0,1.0,0,1,5.0,7,1.5,3.9156626506024095,83,47,0.5662650602409639,5.158920219515446,3.4007352193196616,29.98613833314213,96
train,audio_377.wav,4.0,False,True,True,0.0,2.272727272727273,2.272727272727273,0.0,0.0,4.545454545454546,0.0,0.0,0.0,9.090909090909092,9.090909090909092,1.0,4,2,22.0,0.0,0.3636363636363636,0.1363636363636363,0.0909090909090909,0.1363636363636363,0.0227272727272727,0.0681818181818181,0.0909090909090909,0.0,1.0,0,2,4.5,5,1.0,5.454545454545454,44,34,0.7727272727272727,5.125692857821981,4.690297444661458,108.88556242041136,54
train,audio_633.wav,5.0,False,True,True,0.0,0.0,0.0,0.0,1.0101010101010102,1.0101010101010102,1.0101010101010102,0.0,0.0,3.0303030303030303,2.0202020202020203,0.6666666666666666,2,5,20.4,0.2,0.0980392156862745,0.1078431372549019,0.0784313725490196,0.088235294117647,0.1372549019607843,0.2254901960784313,0.0784313725490196,0.3846153846153846,0.6153846153846154,0,3,4.2,8,1.8,3.6262626262626254,99,53,0.5353535353535354,5.3267004208738244,2.949964610808486,19.10527759594006,109
train,audio_690.wav,4.0,False,True,True,0.0,0.0,0.0,1.2048192771084338,0.0,1.2048192771084338,0.0,0.0,0.0,2.409638554216868,2.409638554216868,0.4,2,6,14.5,0.0,0.1839080459770115,0.1034482758620689,0.0804597701149425,0.0459770114942528,0.0919540229885057,0.1379310344827586,0.1034482758620689,0.125,0.875,0,2,4.0,5,0.6666666666666666,3.855421686746988,83,56,0.6746987951807228,6.146798559422659,3.7224926994842233,41.36738214831206,103
train,audio_525.wav,4.5,False,True,True,0.0,1.3793103448275863,0.0,0.0,0.0,0.6896551724137931,2.0689655172413794,0.0,0.0,4.137931034482759,2.0689655172413794,0.25,3,12,12.25,0.0,0.2517006802721088,0.1496598639455782,0.0884353741496598,0.0884353741496598,0.0612244897959183,0.1360544217687075,0.0680272108843537,0.2,0.8,3,4,3.8333333333333335,9,0.75,4.448275862068965,145,84,0.5793103448275863,6.975820307714157,3.4164652380143634,30.46155016551626,161
train,audio_31.wav,3.0,False,True,True,0.0,0.0,1.1363636363636365,0.0,0.0,1.1363636363636365,0.0,0.0,0.0,2.272727272727273,2.272727272727273,0.5,2,4,22.0,0.0,0.1704545454545454,0.1931818181818181,0.0795454545454545,0.0454545454545454,0.0795454545454545,0.1136363636363636,0.1136363636363636,0.0,1.0,0,2,6.75,8,2.5,4.5,88,57,0.6477272727272727,6.076220416134897,3.2236293870575574,25.119121957239773,98
train,audio_676.wav,4.0,False,True,True,0.0,0.0,0.0,0.0,0.0,1.96078431372549,0.9803921568627452,0.0,0.0,2.9411764705882355,1.96078431372549,0.1428571428571428,2,6,17.0,0.0,0.2058823529411764,0.1372549019607843,0.0686274509803921,0.0784313725490196,0.0588235294117647,0.1764705882352941,0.1078431372549019,0.1538461538461538,0.8461538461538461,0,3,4.833333333333333,11,1.0,4.441176470588236,102,63,0.6176470588235294,6.237929520753048,3.526215938099644,33.99508441381071,114
train,audio_263.wav,4.0,False,True,True,0.0,2.1739130434782608,1.0869565217391304,0.0,0.0,0.0,0.0,0.0,0.0,3.260869565217391,3.260869565217391,0.1428571428571428,3,7,13.285714285714286,0.0,0.3118279569892473,0.1612903225806451,0.064516129032258,0.053763440860215,0.021505376344086,0.1075268817204301,0.053763440860215,0.125,0.875,0,3,5.428571428571429,12,1.1428571428571428,4.891304347826087,92,64,0.6956521739130435,6.672461249826393,3.56103295678491,35.19953797419846,111
train,audio_5070.wav,0.0,True,True,True,0.0,0.0,0.0,0.0,0.0,0.0,7.6923076923076925,0.0,0.0,7.6923076923076925,0.0,1.0,0,1,13.0,0.0,0.3076923076923077,0.0769230769230769,0.0769230769230769,0.1538461538461538,0.0,0.0769230769230769,0.0,1.0,0.0,0,1,3.0,3,0.0,4.153846153846154,13,11,0.8461538461538461,3.05085107923876,4.37628059387207,79.54163488932126,20
train,audio_510.wav,3.0,False,True,True,0.78125,0.0,0.0,0.0,0.0,1.5625,0.0,0.0,0.0,2.34375,2.34375,0.3333333333333333,3,9,14.22222222222222,0.0,0.1796875,0.1484375,0.0703125,0.0546875,0.0859375,0.21875,0.046875,0.9375,0.0625,0,3,4.111111111111111,7,1.2222222222222223,4.0546875,128,72,0.5625,6.363961030678928,3.0493437226835662,21.10149144716137,143
train,audio_577.wav,4.0,False,True,True,0.0,0.0,1.1904761904761905,1.1904761904761905,0.0,4.761904761904762,0.0,0.0,0.0,7.142857142857143,7.142857142857143,0.4,6,4,21.0,0.0,0.2619047619047619,0.119047619047619,0.1428571428571428,0.0238095238095238,0.0357142857142857,0.0714285714285714,0.0714285714285714,0.0,1.0,0,1,4.75,8,1.5,4.416666666666667,84,62,0.7380952380952381,6.764754597315764,4.376364698687803,79.54832500519828,103
train,audio_230.wav,4.5,False,True,True,0.0,0.0,0.7299270072992701,0.0,0.0,0.7299270072992701,0.7299270072992701,0.7299270072992701,0.0,2.9197080291970803,1.45985401459854,0.5,2,5,27.6,0.0,0.2681159420289855,0.1666666666666666,0.0652173913043478,0.036231884057971,0.036231884057971,0.1376811594202898,0.072463768115942,0.0,1.0,0,1,7.2,10,2.4,4.598540145985401,137,88,0.6423357664233577,7.518347387907496,3.067941902509702,21.497612931109536,153
train,audio_314.wav,3.5,False,True,True,0.0,1.2048192771084338,0.0,1.2048192771084338,0.0,1.2048192771084338,0.0,0.0,0.0,3.614457831325301,3.614457831325301,0.5,3,5,17.0,0.0,0.1647058823529411,0.1294117647058823,0.0470588235294117,0.0588235294117647,0.0705882352941176,0.1647058823529411,0.0352941176470588,0.0,1.0,0,1,4.8,8,1.4,3.891566265060241,83,45,0.5421686746987951,4.939391699536065,3.4070053855971536,30.174747092723983,101
train,audio_641.wav,4.0,False,True,True,0.0,0.0,0.0,1.851851851851852,0.0,0.0,0.0,0.0,0.0,1.851851851851852,1.851851851851852,0.25,1,4,13.5,0.0,0.2962962962962963,0.1481481481481481,0.0925925925925925,0.037037037037037,0.037037037037037,0.074074074074074,0.0555555555555555,0.0,1.0,0,1,4.5,7,0.75,4.5,54,46,0.8518518518518519,6.2598071204459,3.831188867962549,46.11733307565664,63
train,audio_689.wav,4.0,False,True,True,0.0,0.0,0.0,0.9090909090909092,0.0,1.818181818181818,1.818181818181818,0.0,0.0,4.545454545454546,2.727272727272727,0.6,3,4,28.0,0.0,0.1875,0.1339285714285714,0.0714285714285714,0.0625,0.0446428571428571,0.1517857142857142,0.1160714285714285,0.0,1.0,1,2,5.0,7,1.5,4.136363636363637,110,76,0.6909090909090909,7.246315678266502,4.140523567474146,62.835711573145296,139
train,audio_352.wav,4.5,False,True,True,0.0,0.9174311926605504,0.0,0.0,0.0,0.9174311926605504,0.0,0.0,0.0,1.834862385321101,1.834862385321101,0.1666666666666666,2,6,18.666666666666668,0.0,0.2589285714285714,0.1339285714285714,0.0803571428571428,0.0535714285714285,0.0625,0.1071428571428571,0.0982142857142857,0.0,1.0,0,3,4.666666666666667,6,1.3333333333333333,4.321100917431193,109,61,0.5596330275229358,5.842740339849024,3.4301354192918345,30.880824325899084,124
train,audio_193.wav,4.0,False,True,True,2.3255813953488373,0.0,0.0,0.0,0.0,0.0,0.0,0.0,0.0,2.3255813953488373,2.3255813953488373,0.5,1,2,22.5,0.0,0.3111111111111111,0.1111111111111111,0.0222222222222222,0.0444444444444444,0.0888888888888888,0.1333333333333333,0.0888888888888888,0.0,1.0,0,1,6.5,8,1.5,4.325581395348837,43,36,0.8372093023255814,5.489948531973768,3.5617281355947816,35.224016454590014,53
train,audio_5049.wav,0.0,True,True,True,0.0,0.0,0.0,0.0,0.0,2.083333333333333,0.0,0.0,0.0,2.083333333333333,2.083333333333333,0.0588235294117647,1,17,3.294117647058824,0.4117647058823529,0.0714285714285714,0.1964285714285714,0.0357142857142857,0.0357142857142857,0.125,0.2321428571428571,0.0357142857142857,0.0,1.0,1,2,1.5294117647058822,4,0.2352941176470588,3.4166666666666665,48,26,0.5416666666666666,3.7527767497325675,2.1977009020353617,9.004287943437893,76
train,audio_300.wav,5.0,False,True,True,0.0,0.9009009009009008,0.0,1.8018018018018016,0.0,0.9009009009009008,4.504504504504505,0.0,0.0,8.108108108108109,3.603603603603604,1.0,4,1,114.0,0.0,0.3070175438596491,0.1403508771929824,0.1052631578947368,0.0350877192982456,0.0350877192982456,0.087719298245614,0.0701754385964912,0.0,1.0,0,1,13.0,13,7.0,4.558558558558558,111,71,0.6396396396396397,6.7390217698427435,4.166060413388039,64.46100152284849,139
train,audio_581.wav,1.5,False,True,True,0.0,0.0,0.0,0.0,0.0,1.9230769230769231,1.9230769230769231,0.0,0.0,3.8461538461538463,1.9230769230769231,0.5,1,1,52.0,0.0,0.2115384615384615,0.173076923076923,0.0576923076923076,0.0384615384615384,0.0769230769230769,0.0961538461538461,0.0576923076923076,0.0,1.0,0,3,7.0,7,4.0,4.730769230769231,52,29,0.5576923076923077,4.021576422632911,4.039339882986886,56.78884314823269,56
train,audio_164.wav,2.5,False,True,True,0.0,0.0,0.0,0.0,0.0,1.5625,0.0,0.0,0.0,1.5625,1.5625,0.2,1,5,12.8,0.0,0.21875,0.15625,0.0625,0.046875,0.046875,0.21875,0.046875,0.1428571428571428,0.8571428571428571,0,2,3.6,5,1.4,3.5,64,32,0.5,4.0,3.3525965763972354,28.57683933811546,78
train,audio_502.wav,3.0,False,True,True,3.787878787878788,0.7575757575757576,0.0,0.7575757575757576,0.0,4.545454545454546,1.5151515151515151,0.7575757575757576,0.0,12.12121212121212,9.848484848484848,1.0,13,3,44.333333333333336,0.0,0.1654135338345864,0.112781954887218,0.0977443609022556,0.0827067669172932,0.0902255639097744,0.1654135338345864,0.0827067669172932,0.6428571428571429,0.3571428571428571,1,4,5.666666666666667,10,5.0,3.5681818181818183,132,57,0.4318181818181818,4.961213194737389,3.3091193062918527,27.36101818133103,140
train,audio_380.wav,4.0,False,True,True,0.0,0.0,0.0,0.0,0.0,2.2900763358778624,0.7633587786259542,0.0,0.0,3.053435114503817,2.2900763358778624,0.6,3,6,22.83333333333333,0.1666666666666666,0.2335766423357664,0.1240875912408759,0.0802919708029197,0.0437956204379562,0.0875912408759124,0.1167883211678832,0.0510948905109489,0.0,1.0,0,2,5.833333333333333,9,1.8333333333333333,3.862595419847328,131,75,0.5725190839694656,6.552780424957784,3.65669959699604,38.73329619762593,142
train,audio_15.wav,2.0,False,True,True,2.5316455696202533,0.0,0.0,0.0,0.0,1.2658227848101269,5.063291139240507,0.0,0.0,8.860759493670885,3.79746835443038,1.0,3,2,39.5,0.0,0.2025316455696202,0.0759493670886076,0.1139240506329113,0.0632911392405063,0.0632911392405063,0.1139240506329113,0.0759493670886076,0.7272727272727273,0.2727272727272727,0,2,6.0,6,2.5,4.253164556962025,79,45,0.569620253164557,5.062895554167108,3.1950748019748265,24.411999689786416,90
train,audio_238.wav,4.0,False,True,True,0.0,3.333333333333333,0.0,0.0,0.0,0.0,0.0,0.0,0.0,3.333333333333333,3.333333333333333,0.3333333333333333,1,3,10.0,0.0,0.3,0.2333333333333333,0.1,0.0,0.0333333333333333,0.0666666666666666,0.0666666666666666,0.0,1.0,0,2,4.0,6,0.6666666666666666,5.3,30,19,0.6333333333333333,3.468909530866052,4.290144267835115,72.97699597344888,38
train,audio_53.wav,3.0,False,True,True,0.0,0.0,0.0,0.0,0.0,1.2345679012345678,0.0,0.0,0.0,1.2345679012345678,1.2345679012345678,0.1428571428571428,1,7,11.571428571428571,0.0,0.2098765432098765,0.074074074074074,0.1111111111111111,0.1481481481481481,0.1234567901234567,0.1234567901234567,0.0617283950617283,1.0,0.0,0,1,3.7142857142857135,6,0.0,4.432098765432099,81,44,0.5432098765432098,4.888888888888889,3.056333876147713,21.249510847147324,97
train,audio_283.wav,4.0,False,True,True,0.0,0.0,0.0,0.0,0.0,0.0,0.0,0.0,0.0,0.0,0.0,0.0,0,5,10.6,0.0,0.1886792452830188,0.1886792452830188,0.0754716981132075,0.0754716981132075,0.0754716981132075,0.1698113207547169,0.0943396226415094,0.0,1.0,0,2,3.4,6,0.2,4.326923076923077,52,38,0.7307692307692307,5.269651864139677,3.3179109634891635,27.602627390192893,62
train,audio_614.wav,4.5,False,True,True,0.0,0.0,0.0,0.0,0.0,3.8461538461538463,1.9230769230769231,0.9615384615384616,0.0,6.730769230769231,3.8461538461538463,0.8,4,4,26.75,0.0,0.2336448598130841,0.102803738317757,0.0747663551401869,0.0747663551401869,0.0747663551401869,0.0560747663551401,0.0747663551401869,0.0,1.0,0,2,6.75,11,1.75,4.451923076923077,104,70,0.6730769230769231,6.864064729836442,3.5215798070875266,33.83784352502149,118
train,audio_121.wav,2.5,False,True,True,0.0,0.0,1.9047619047619049,0.0,0.0,1.9047619047619049,0.0,0.0,0.0,3.809523809523809,3.809523809523809,0.6,4,4,26.25,0.25,0.1428571428571428,0.1809523809523809,0.0285714285714285,0.0761904761904762,0.0380952380952381,0.1142857142857142,0.0952380952380952,0.0,1.0,1,3,7.75,17,1.0,3.304761904761905,105,55,0.5238095238095238,5.367450401216932,3.557273521079673,35.06745600672613,111
train,audio_216.wav,4.0,False,True,True,0.0,0.0,0.0,0.7407407407407407,0.0,1.4814814814814814,0.0,0.7407407407407407,0.0,2.962962962962963,2.2222222222222223,0.4285714285714285,3,6,23.0,0.0,0.1739130434782608,0.144927536231884,0.0652173913043478,0.0434782608695652,0.108695652173913,0.1159420289855072,0.0434782608695652,0.0,1.0,0,2,4.833333333333333,9,2.1666666666666665,4.288888888888889,135,69,0.5111111111111111,5.938574464184706,3.0501049954467025,21.11756155395285,163
train,audio_552.wav,2.0,False,True,True,1.550387596899225,0.0,0.0,0.0,0.0,0.7751937984496124,0.7751937984496124,0.0,0.0,3.10077519379845,2.3255813953488373,0.4,3,4,33.0,0.0,0.2045454545454545,0.0833333333333333,0.1136363636363636,0.0454545454545454,0.0757575757575757,0.1515151515151515,0.0909090909090909,0.6666666666666666,0.3333333333333333,0,2,7.0,14,1.75,3.7421875,129,72,0.5581395348837209,6.339246525544492,4.246339562821062,69.8492649805659,146
train,audio_514.wav,2.5,False,True,True,0.0,0.0,1.1363636363636365,0.0,1.1363636363636365,4.545454545454546,1.1363636363636365,0.0,0.0,7.954545454545454,6.818181818181818,1.0,6,1,88.0,0.0,0.2386363636363636,0.0795454545454545,0.1022727272727272,0.0227272727272727,0.0909090909090909,0.0681818181818181,0.125,0.0,1.0,3,2,9.0,9,2.0,4.363636363636363,88,45,0.5113636363636364,4.797016118001235,4.239363475512433,69.36368609920896,93
train,audio_593.wav,5.0,False,True,True,0.0,0.0,0.8064516129032258,0.0,0.0,0.0,0.8064516129032258,0.0,0.0,1.6129032258064515,0.8064516129032258,0.4,1,5,24.8,0.0,0.314516129032258,0.1532258064516129,0.0967741935483871,0.0080645161290322,0.0241935483870967,0.0887096774193548,0.064516129032258,0.0,1.0,0,1,6.8,10,1.0,5.459677419354839,124,86,0.6935483870967742,7.723027987151322,3.1681263875618257,23.76292011870848,139
train,audio_565.wav,3.0,False,True,True,2.816901408450704,0.0,1.408450704225352,8.450704225352112,0.0,1.408450704225352,1.408450704225352,0.0,0.0,15.492957746478874,14.084507042253522,0.5,10,3,24.33333333333333,0.0,0.273972602739726,0.1780821917808219,0.0547945205479452,0.0,0.0410958904109589,0.2191780821917808,0.0273972602739726,0.25,0.75,0,3,4.333333333333333,5,2.0,4.042253521126761,71,41,0.5774647887323944,4.865804798594798,4.300297995174632,73.72175915512699,85
train,audio_140.wav,3.0,False,True,True,0.0,1.3157894736842106,2.631578947368421,0.0,0.0,1.3157894736842106,0.0,1.3157894736842106,0.0,6.578947368421052,5.2631578947368425,0.4,4,5,15.4,0.0,0.2597402597402597,0.1558441558441558,0.0649350649350649,0.0389610389610389,0.0519480519480519,0.1558441558441558,0.0649350649350649,0.1,0.9,0,3,5.0,7,0.8,4.5,76,52,0.6842105263157895,5.9648090806346055,3.353829956054688,28.612107175274968,100
train,audio_117.wav,2.5,False,True,True,2.898550724637681,1.4492753623188406,0.0,1.4492753623188406,0.0,2.898550724637681,0.0,0.0,0.0,8.695652173913043,8.695652173913043,0.75,6,4,17.25,0.0,0.2463768115942029,0.1594202898550724,0.0289855072463768,0.0579710144927536,0.0869565217391304,0.1304347826086956,0.1159420289855072,0.7142857142857143,0.2857142857142857,0,3,4.5,6,1.5,4.768115942028985,69,47,0.6811594202898551,5.658135095031152,5.037059156200554,154.01641015745312,79
train,audio_495.wav,4.0,False,True,True,0.7575757575757576,0.0,0.7575757575757576,0.7575757575757576,0.0,1.5151515151515151,0.0,0.0,0.0,3.787878787878788,3.787878787878788,0.7142857142857143,5,6,22.0,0.0,0.25,0.0833333333333333,0.0681818181818181,0.0454545454545454,0.0606060606060606,0.1590909090909091,0.0909090909090909,0.9090909090909092,0.0909090909090909,0,2,5.666666666666667,12,1.5,3.992424242424242,132,73,0.553030303030303,6.353834442382971,3.5107141443201013,33.47216320577437,148
train,audio_652.wav,3.0,False,True,True,0.0,0.0,0.0,0.0,0.0,0.0,0.0,0.0,0.0,0.0,0.0,0.0,0,5,17.6,0.0,0.2045454545454545,0.1477272727272727,0.0795454545454545,0.0909090909090909,0.0454545454545454,0.1818181818181818,0.0568181818181818,0.0,1.0,0,2,3.2,5,1.0,4.247058823529412,85,53,0.6235294117647059,5.7486571321943885,3.660021860665138,38.862192415421546,109
train,audio_645.wav,3.0,False,True,True,1.834862385321101,0.0,0.0,0.0,0.0,1.834862385321101,1.834862385321101,0.0,0.0,5.504587155963303,3.669724770642202,0.75,4,8,14.25,0.125,0.1052631578947368,0.1666666666666666,0.0263157894736842,0.0350877192982456,0.0614035087719298,0.3333333333333333,0.0964912280701754,0.3888888888888889,0.6111111111111112,0,2,3.625,5,1.75,3.568807339449541,109,54,0.4954128440366973,5.172261940194217,3.23980963034708,25.528861364254126,122
train,audio_242.wav,2.0,False,True,True,1.5625,0.0,0.0,0.0,0.0,1.5625,1.5625,0.0,0.0,4.6875,3.125,0.5,2,4,16.25,0.0,0.2461538461538461,0.0769230769230769,0.1384615384615384,0.0923076923076923,0.0923076923076923,0.1076923076923077,0.0769230769230769,0.0,1.0,0,1,4.75,7,0.75,4.03125,64,41,0.640625,5.125,4.49247205579603,89.34203160326874,74
train,audio_4.wav,2.5,False,True,True,0.0,0.0,0.99009900990099,0.0,0.0,0.0,1.98019801980198,0.0,0.0,2.9702970297029703,0.99009900990099,0.4,1,5,20.8,0.0,0.2019230769230769,0.1346153846153846,0.0192307692307692,0.0673076923076923,0.048076923076923,0.1634615384615384,0.0673076923076923,0.0,1.0,0,2,4.6,8,1.4,3.584158415841584,101,58,0.5742574257425742,5.771215703217937,3.546649012072333,34.69685372429356,116
train,audio_93.wav,2.0,False,True,True,1.0101010101010102,0.0,0.0,2.0202020202020203,0.0,2.0202020202020203,1.0101010101010102,0.0,0.0,6.0606060606060606,5.05050505050505,0.75,5,4,25.5,0.0,0.1666666666666666,0.0980392156862745,0.0686274509803921,0.0490196078431372,0.0980392156862745,0.196078431372549,0.0686274509803921,0.0,1.0,0,2,5.75,8,1.0,3.272727272727273,99,44,0.4444444444444444,4.422166387140533,2.7560525596688645,15.737596947994668,109
train,audio_582.wav,2.0,False,True,True,7.894736842105263,0.0,0.0,0.0,2.631578947368421,0.0,0.0,0.0,0.0,10.526315789473683,10.526315789473683,1.0,4,1,38.0,0.0,0.1842105263157894,0.1578947368421052,0.0526315789473684,0.0526315789473684,0.0263157894736842,0.2368421052631578,0.1578947368421052,0.4,0.6,1,3,5.0,5,2.0,4.184210526315789,38,24,0.631578947368421,3.893314107138301,4.308370971679688,74.31932199467214,40
train,audio_222.wav,5.0,False,True,True,0.0,0.0,0.0,2.061855670103093,0.0,0.0,0.0,1.0309278350515465,0.0,3.09278350515464,2.061855670103093,0.375,2,8,12.625,0.125,0.1881188118811881,0.0891089108910891,0.099009900990099,0.099009900990099,0.0693069306930693,0.1386138613861386,0.1089108910891089,0.4615384615384615,0.5384615384615384,0,2,3.75,7,0.375,3.824742268041237,97,65,0.6701030927835051,6.599750073368524,3.298809660582984,27.0803848782887,119
train,audio_5042.wav,0.0,True,True,True,0.0,1.492537313432836,0.0,0.0,0.0,0.0,1.492537313432836,0.0,0.0,2.985074626865672,1.492537313432836,0.25,1,4,16.75,0.0,0.1940298507462686,0.1343283582089552,0.1492537313432835,0.0597014925373134,0.0597014925373134,0.0895522388059701,0.0298507462686567,0.0,1.0,1,2,3.5,5,1.0,4.746268656716418,67,46,0.6865671641791045,5.61979444039004,4.699983254457131,109.94533134244917,78
train,audio_253.wav,3.5,False,True,True,1.639344262295082,3.278688524590164,0.0,0.0,0.0,3.278688524590164,0.0,1.639344262295082,0.0,9.836065573770492,8.19672131147541,1.0,5,1,62.0,0.0,0.2258064516129032,0.1935483870967742,0.0483870967741935,0.0483870967741935,0.064516129032258,0.1612903225806451,0.0967741935483871,0.0,1.0,0,2,12.0,12,6.0,4.475409836065574,61,44,0.7213114754098361,5.633622717047423,3.6330042658625423,37.8262863059368,74
train,audio_167.wav,3.0,False,True,True,0.7874015748031497,0.7874015748031497,2.3622047244094486,1.5748031496062993,0.0,0.7874015748031497,0.0,0.0,0.0,6.299212598425197,6.299212598425197,0.4545454545454545,8,11,11.545454545454543,0.0,0.2755905511811024,0.1102362204724409,0.0787401574803149,0.0314960629921259,0.0787401574803149,0.1732283464566929,0.0472440944881889,0.0769230769230769,0.9230769230769232,0,3,4.363636363636363,7,0.3636363636363636,3.984251968503937,127,65,0.5118110236220472,5.76781731120474,2.996257678882496,20.010510867561216,148
train,audio_583.wav,3.0,False,True,True,0.0,0.0,0.9615384615384616,3.8461538461538463,0.0,0.9615384615384616,0.9615384615384616,0.0,0.0,6.730769230769231,5.769230769230769,0.7142857142857143,6,7,15.0,0.1428571428571428,0.1619047619047619,0.1619047619047619,0.0761904761904762,0.0380952380952381,0.0666666666666666,0.219047619047619,0.0857142857142857,0.0,1.0,0,1,4.142857142857143,8,1.2857142857142858,4.019230769230769,104,53,0.5096153846153846,5.197077581161877,4.022546941583807,55.84315410703795,110
train,audio_682.wav,5.0,False,True,True,1.550387596899225,0.7751937984496124,0.7751937984496124,0.7751937984496124,0.7751937984496124,0.7751937984496124,0.0,0.0,0.0,5.426356589147287,5.426356589147287,0.4285714285714285,7,7,18.714285714285715,0.0,0.2824427480916031,0.1145038167938931,0.0839694656488549,0.0305343511450381,0.0763358778625954,0.0916030534351145,0.0229007633587786,0.1,0.9,0,3,5.0,7,1.0,4.271317829457364,129,72,0.5581395348837209,6.339246525544492,3.1605578289916183,23.583747958777767,151
train,audio_5045.wav,0.0,True,True,True,0.0,0.0,1.2195121951219512,0.0,0.0,1.2195121951219512,0.0,1.2195121951219512,0.0,3.658536585365854,2.4390243902439024,0.375,2,8,10.625,0.0,0.2823529411764706,0.1647058823529411,0.0352941176470588,0.0352941176470588,0.0588235294117647,0.1411764705882353,0.0352941176470588,0.6,0.4,0,3,3.625,8,0.75,3.902439024390244,82,48,0.5853658536585366,5.300713251592634,3.611350581331073,37.01601220515349,106
train,audio_173.wav,3.0,False,True,True,1.5873015873015872,0.0,2.380952380952381,0.0,0.0,2.380952380952381,1.5873015873015872,0.0,0.0,7.936507936507937,6.349206349206349,1.0,8,2,63.0,0.0,0.2777777777777778,0.1507936507936507,0.0158730158730158,0.0158730158730158,0.0634920634920634,0.1507936507936507,0.0952380952380952,0.6153846153846154,0.3846153846153846,0,2,9.0,12,5.0,3.865079365079365,126,67,0.5317460317460317,5.968834402710811,4.334375718060662,76.27732546630212,136
train,audio_338.wav,5.0,False,True,True,1.2903225806451613,0.0,0.0,0.0,0.0,1.935483870967742,0.6451612903225806,0.0,0.0,3.870967741935484,3.225806451612903,0.5,5,6,26.33333333333333,0.0,0.2468354430379747,0.1075949367088607,0.1012658227848101,0.0949367088607595,0.0443037974683544,0.0696202531645569,0.0696202531645569,0.0,1.0,0,2,6.0,12,2.0,4.603896103896104,155,107,0.6903225806451613,8.594446819256738,3.710836856923205,40.888009627376206,188
train,audio_188.wav,5.0,False,True,True,0.0,0.0,0.0,0.0,0.0,0.8,0.8,0.0,0.0,1.6,0.8,0.2222222222222222,1,9,13.88888888888889,0.1111111111111111,0.24,0.128,0.056,0.072,0.096,0.104,0.08,0.0666666666666666,0.9333333333333332,0,3,4.666666666666667,8,1.2222222222222223,4.488,125,73,0.584,6.529318494299385,3.503162384033203,33.22034149830764,144
train,audio_59.wav,3.0,False,True,True,0.9615384615384616,0.0,0.0,0.0,0.0,0.0,0.0,0.0,0.0,0.9615384615384616,0.9615384615384616,0.25,1,5,21.0,0.0,0.2476190476190476,0.1142857142857142,0.0761904761904762,0.0571428571428571,0.0571428571428571,0.1523809523809524,0.0666666666666666,0.1,0.9,0,2,7.6,18,1.6,4.211538461538462,104,54,0.5192307692307693,5.2951356487309695,3.124797821044922,22.75529398685817,120
train,audio_318.wav,5.0,False,True,True,0.0,0.0,0.0,0.0,0.0,0.8,1.6,0.0,0.0,2.4,0.8,0.75,1,1,128.0,0.0,0.2265625,0.15625,0.0234375,0.0390625,0.1328125,0.15625,0.0390625,0.8333333333333334,0.1666666666666666,0,3,11.0,11,15.0,4.312,125,70,0.56,6.260990336999411,3.4233557472766285,30.672170566648536,142
train,audio_17.wav,2.0,False,True,True,0.0,0.0,0.9090909090909092,0.9090909090909092,0.9090909090909092,0.9090909090909092,0.0,0.0,0.0,3.636363636363636,3.636363636363636,0.6,4,4,28.25,0.0,0.1858407079646017,0.1150442477876106,0.0707964601769911,0.0265486725663716,0.0884955752212389,0.247787610619469,0.0884955752212389,0.75,0.25,0,3,7.0,9,2.75,4.072727272727272,110,55,0.5,5.244044240850758,3.0962772812954213,22.11546817895568,129
train,audio_551.wav,2.0,False,True,True,0.0,0.0,0.8849557522123894,2.6548672566371683,0.0,2.6548672566371683,1.7699115044247788,0.8849557522123894,0.0,8.849557522123893,6.1946902654867255,0.6,7,5,22.8,0.0,0.1842105263157894,0.0964912280701754,0.0526315789473684,0.0526315789473684,0.1491228070175438,0.1842105263157894,0.0350877192982456,0.0,1.0,2,3,4.0,6,1.6,3.973451327433629,113,62,0.5486725663716814,5.832469383978303,3.877252886372228,48.29137080290253,124
train,audio_275.wav,4.0,False,True,True,0.0,0.0,0.0,0.0,0.0,3.508771929824561,0.0,0.0,0.0,3.508771929824561,3.508771929824561,0.5,2,1,59.0,0.0,0.2711864406779661,0.1016949152542373,0.0677966101694915,0.0847457627118644,0.0847457627118644,0.0508474576271186,0.0847457627118644,0.0,1.0,0,2,7.0,7,6.0,4.2105263157894735,57,35,0.6140350877192983,4.635863249727653,3.294654967292906,26.96810758530601,63
train,audio_368.wav,5.0,False,True,True,0.7751937984496124,0.0,0.0,0.0,0.0,0.7751937984496124,0.0,0.0,0.0,1.550387596899225,1.550387596899225,0.2,2,10,13.6,0.0,0.1617647058823529,0.1470588235294117,0.1029411764705882,0.1029411764705882,0.0735294117647058,0.1691176470588235,0.0735294117647058,0.1764705882352941,0.8235294117647058,0,3,3.3,7,0.7,4.24031007751938,129,77,0.5968992248062015,6.779471978707304,3.1642247353830646,23.670386104808298,155
train,audio_730.wav,3.0,False,True,True,0.0,0.0,0.0,0.0,0.0,3.8461538461538463,0.0,0.0,0.0,3.8461538461538463,3.8461538461538463,0.3333333333333333,2,2,26.0,0.0,0.2307692307692307,0.1346153846153846,0.1153846153846153,0.0192307692307692,0.0384615384615384,0.1153846153846153,0.1153846153846153,0.0,1.0,0,1,8.0,12,0.0,4.615384615384615,52,38,0.7307692307692307,5.269651864139677,3.412314431709156,30.33537222228597,57
train,audio_5060.wav,0.0,True,True,True,0.0,0.0,0.0,0.0,0.0,0.0,2.0,0.0,0.0,2.0,0.0,0.3333333333333333,0,2,25.0,0.0,0.26,0.08,0.0,0.02,0.02,0.08,0.1,0.0,1.0,0,2,5.5,9,1.0,3.94,50,23,0.46,3.2526911934581184,2.9468214246961804,19.045320430356675,54
train,audio_685.wav,3.0,False,True,True,0.0,0.8695652173913043,0.0,0.0,0.0,2.608695652173913,1.7391304347826086,0.0,0.0,5.217391304347826,3.4782608695652173,0.75,4,3,38.333333333333336,0.0,0.1652173913043478,0.1130434782608695,0.0869565217391304,0.0347826086956521,0.0608695652173913,0.2,0.1130434782608695,0.7142857142857143,0.2857142857142857,1,3,6.666666666666667,11,3.6666666666666665,3.6869565217391305,115,60,0.5217391304347826,5.595028849441883,3.3373919103899574,28.14562458596503,117
train,audio_7.wav,3.0,False,True,True,0.0,0.0,0.0,1.4285714285714286,0.0,1.4285714285714286,2.857142857142857,0.0,0.0,5.714285714285714,2.857142857142857,1.0,2,2,35.0,0.0,0.2,0.1142857142857142,0.0428571428571428,0.0428571428571428,0.0571428571428571,0.2,0.0714285714285714,0.8888888888888888,0.1111111111111111,0,3,6.0,7,1.5,3.5142857142857142,70,41,0.5857142857142857,4.900437298271014,3.1217486732884456,22.686015407238312,76
train,audio_204.wav,5.0,False,True,True,0.0,0.0,0.7575757575757576,0.0,0.0,0.0,0.0,0.0,0.0,0.7575757575757576,0.7575757575757576,0.1111111111111111,1,9,15.444444444444445,0.0,0.1366906474820144,0.1294964028776978,0.0575539568345323,0.0935251798561151,0.0719424460431654,0.2230215827338129,0.079136690647482,0.0714285714285714,0.9285714285714286,0,3,4.888888888888889,8,1.0,4.106060606060606,132,84,0.6363636363636364,7.311261550139309,2.974725103997565,19.584238880580138,154
train,audio_5064.wav,0.0,True,True,True,0.0,1.5384615384615383,1.5384615384615383,0.0,1.5384615384615383,0.0,0.0,0.0,0.0,4.615384615384615,4.615384615384615,0.5,3,6,11.0,0.0,0.303030303030303,0.106060606060606,0.0454545454545454,0.0303030303030303,0.0757575757575757,0.106060606060606,0.0454545454545454,0.0,1.0,0,2,4.0,8,0.6666666666666666,4.646153846153847,65,48,0.7384615384615385,5.953667260282006,5.078038203251826,160.45895908753295,77
train,audio_127.wav,3.5,False,True,True,0.0,2.3255813953488373,1.162790697674419,0.0,1.162790697674419,3.488372093023256,0.0,1.162790697674419,1.162790697674419,10.465116279069768,8.13953488372093,0.8333333333333334,7,6,14.333333333333334,0.1666666666666666,0.3604651162790697,0.1511627906976744,0.1162790697674418,0.0465116279069767,0.0116279069767441,0.0465116279069767,0.0581395348837209,0.0,1.0,0,1,5.166666666666667,9,0.5,4.872093023255814,86,70,0.813953488372093,7.548294124240689,4.440468884389335,84.81470064103677,109
train,audio_412.wav,2.0,False,True,True,2.272727272727273,2.272727272727273,2.272727272727273,2.272727272727273,2.272727272727273,11.363636363636363,0.0,0.0,0.0,22.727272727272727,22.727272727272727,1.0,10,1,45.0,0.0,0.2222222222222222,0.1111111111111111,0.1111111111111111,0.0,0.0666666666666666,0.0888888888888888,0.1111111111111111,0.25,0.75,0,3,6.0,6,2.0,4.545454545454546,44,30,0.6818181818181818,4.522670168666455,5.301411531409439,200.6197913461,49
train,audio_132.wav,2.0,False,True,True,2.816901408450704,1.408450704225352,0.0,0.0,0.0,2.816901408450704,0.0,0.0,0.0,7.042253521126761,7.042253521126761,1.0,5,3,23.666666666666668,0.0,0.3098591549295774,0.1126760563380281,0.0845070422535211,0.056338028169014,0.0140845070422535,0.1267605633802817,0.1408450704225352,0.5,0.5,0,3,5.666666666666667,6,1.3333333333333333,4.549295774647887,71,45,0.6338028169014085,5.34051746187234,4.199493408203125,66.6525568482429,94
train,audio_156.wav,3.5,False,True,True,0.0,1.941747572815534,0.0,0.0,0.0,0.0,0.970873786407767,0.970873786407767,0.0,3.883495145631068,1.941747572815534,0.375,2,8,12.875,0.0,0.2135922330097087,0.0970873786407767,0.0970873786407767,0.0388349514563106,0.1262135922330097,0.145631067961165,0.0970873786407767,0.0,1.0,4,3,3.875,6,0.5,4.019417475728155,103,56,0.5436893203883495,5.517843957720042,3.3182824399290967,27.61288302069322,119
train,audio_426.wav,2.0,False,True,True,0.0,0.0,0.0,0.0,0.0,6.024096385542169,0.0,0.0,0.0,6.024096385542169,6.024096385542169,1.0,5,2,42.5,0.0,0.2588235294117647,0.1294117647058823,0.0117647058823529,0.0235294117647058,0.1529411764705882,0.0941176470588235,0.0705882352941176,0.0,1.0,6,3,7.0,8,4.0,4.614457831325301,83,44,0.5301204819277109,4.829627439546375,4.01418701171875,55.37825522387287,100
train,audio_709.wav,4.0,False,True,True,0.0,0.0,0.0,0.9345794392523364,0.0,0.0,0.0,0.0,0.0,0.9345794392523364,0.9345794392523364,0.25,1,4,27.0,0.0,0.1759259259259259,0.1574074074074074,0.0833333333333333,0.0185185185185185,0.0833333333333333,0.1574074074074074,0.0925925925925925,0.0,1.0,1,2,9.0,12,1.5,4.12037037037037,107,62,0.5794392523364486,5.9937662320831135,2.9673748185149336,19.44081687590476,113
train,audio_291.wav,5.0,False,True,True,0.0,0.0,0.0,0.0,0.0,1.1494252873563218,0.0,0.0,0.0,1.1494252873563218,1.1494252873563218,0.1428571428571428,1,7,12.571428571428571,0.0,0.1818181818181818,0.125,0.0568181818181818,0.1136363636363636,0.0795454545454545,0.1136363636363636,0.0681818181818181,0.0,1.0,0,2,5.142857142857143,8,0.4285714285714285,3.942528735632184,87,54,0.6206896551724138,5.789407688124092,2.785573641459147,16.209113429829806,96
train,audio_523.wav,3.5,False,True,True,0.0,0.9174311926605504,0.0,0.0,0.0,0.9174311926605504,0.0,0.9174311926605504,0.0,2.752293577981652,1.834862385321101,0.25,2,3,36.333333333333336,0.0,0.3119266055045872,0.1376146788990825,0.073394495412844,0.0275229357798165,0.0825688073394495,0.055045871559633,0.0275229357798165,0.0,1.0,3,3,7.666666666666667,12,2.6666666666666665,4.651376146788991,109,77,0.7064220183486238,7.375262396202865,4.463915424962198,86.82680826511083,124
train,audio_632.wav,4.5,False,True,True,0.0,1.941747572815534,0.0,0.0,0.0,0.0,0.970873786407767,0.0,0.0,2.912621359223301,1.941747572815534,0.5,2,4,26.0,0.0,0.25,0.0865384615384615,0.0865384615384615,0.0865384615384615,0.0576923076923076,0.1057692307692307,0.048076923076923,0.0,1.0,0,2,5.5,7,1.5,4.038834951456311,103,66,0.6407766990291263,6.503173235884335,3.647434470927821,38.3760846854894,113
train,audio_684.wav,3.0,False,True,True,0.0,1.834862385321101,0.0,0.9174311926605504,0.0,1.834862385321101,1.834862385321101,0.0,0.0,6.422018348623853,4.587155963302752,0.75,5,3,36.333333333333336,0.0,0.1834862385321101,0.1743119266055046,0.055045871559633,0.0458715596330275,0.0642201834862385,0.1834862385321101,0.091743119266055,0.0909090909090909,0.9090909090909092,1,4,6.0,7,3.333333333333333,3.853211009174312,109,62,0.5688073394495413,5.938522968371139,3.642417214133523,38.18402422508004,121
train,audio_512.wav,2.5,False,True,True,0.0,0.0,4.545454545454546,4.545454545454546,0.0,0.0,0.0,0.0,0.0,9.090909090909092,9.090909090909092,1.0,4,3,14.666666666666666,0.0,0.2954545454545454,0.0909090909090909,0.0454545454545454,0.0227272727272727,0.0681818181818181,0.2045454545454545,0.0681818181818181,0.2,0.8,1,3,4.0,5,0.6666666666666666,3.727272727272727,44,32,0.7272727272727273,4.824181513244218,4.339165299027054,76.64353819520178,54
train,audio_764.wav,5.0,False,True,True,0.7194244604316546,0.7194244604316546,0.0,0.7194244604316546,0.0,1.4388489208633093,0.0,0.0,0.0,3.597122302158273,3.597122302158273,0.5555555555555556,5,10,14.7,0.0,0.2244897959183673,0.1360544217687075,0.0952380952380952,0.0816326530612244,0.0680272108843537,0.1224489795918367,0.0612244897959183,0.0,1.0,0,2,4.1,8,0.8,4.2086330935251794,139,94,0.6762589928057554,7.972975938991727,3.5279954119426447,34.05563163243456,164
train,audio_585.wav,3.0,False,True,True,0.746268656716418,0.0,0.746268656716418,0.0,0.0,7.462686567164179,0.0,0.0,0.0,8.955223880597014,8.955223880597014,0.8333333333333334,12,4,33.75,0.0,0.2518518518518518,0.0814814814814814,0.0666666666666666,0.0296296296296296,0.1259259259259259,0.0962962962962963,0.0666666666666666,0.0,1.0,2,3,6.25,8,2.25,4.291044776119403,134,65,0.48507462686567165,5.61514476627884,3.939226960482663,51.37886804946071,146
train,audio_562.wav,2.0,False,True,True,0.0,0.0,0.0,0.8771929824561403,0.0,0.8771929824561403,0.8771929824561403,0.0,0.0,2.631578947368421,1.7543859649122806,0.2857142857142857,2,7,16.285714285714285,0.0,0.2368421052631578,0.087719298245614,0.0789473684210526,0.0175438596491228,0.087719298245614,0.1228070175438596,0.0526315789473684,0.1111111111111111,0.8888888888888888,2,3,4.0,7,0.7142857142857143,3.701754385964912,114,58,0.5087719298245614,5.432197707173825,4.44738466519836,85.40329346359239,141
train,audio_465.wav,3.5,False,True,True,0.0,0.0,3.603603603603604,1.8018018018018016,0.0,1.8018018018018016,0.0,0.0,0.0,7.207207207207207,7.207207207207207,0.6,8,10,11.2,0.0,0.2410714285714285,0.1696428571428571,0.0267857142857142,0.0535714285714285,0.0267857142857142,0.1964285714285714,0.0714285714285714,0.0,1.0,0,2,3.9,9,0.3,4.198198198198198,111,65,0.5855855855855856,6.169526972391243,3.7039681711504535,40.60812505733965,124
train,audio_37.wav,3.0,False,True,True,0.0,0.0,0.99009900990099,0.0,0.0,1.98019801980198,0.99009900990099,0.0,0.0,3.96039603960396,2.9702970297029703,0.3333333333333333,3,5,20.6,0.0,0.1941747572815534,0.145631067961165,0.058252427184466,0.0679611650485436,0.1067961165048543,0.1553398058252427,0.0679611650485436,0.0,1.0,0,1,4.8,6,2.2,4.138613861386139,101,58,0.5742574257425742,5.771215703217937,3.409760076349432,30.25798378252692,110
train,audio_47.wav,3.0,False,True,True,1.098901098901099,0.0,0.0,1.098901098901099,0.0,2.197802197802198,0.0,0.0,0.0,4.395604395604396,4.395604395604396,1.0,4,4,22.75,0.0,0.1538461538461538,0.1758241758241758,0.0549450549450549,0.0879120879120879,0.0659340659340659,0.1648351648351648,0.0549450549450549,0.6666666666666666,0.3333333333333333,0,3,6.0,7,2.25,3.978021978021978,91,65,0.7142857142857143,6.81385143869247,3.928439538455704,50.82760123625494,103
train,audio_233.wav,3.0,False,True,True,0.0,1.2048192771084338,1.2048192771084338,0.0,1.2048192771084338,2.409638554216868,0.0,0.0,0.0,6.024096385542169,6.024096385542169,0.6666666666666666,5,3,27.666666666666668,0.0,0.180722891566265,0.108433734939759,0.0602409638554216,0.0602409638554216,0.0843373493975903,0.2409638554216867,0.072289156626506,0.0,1.0,0,1,5.333333333333333,7,2.0,4.108433734939759,83,44,0.5301204819277109,4.829627439546375,3.4024078369140627,30.036335644456464,90
train,audio_621.wav,5.0,False,True,True,0.0,0.0,0.0,0.0,0.0,0.7751937984496124,0.0,0.0,0.0,0.7751937984496124,0.7751937984496124,0.25,1,3,45.0,0.0,0.1629629629629629,0.1185185185185185,0.1037037037037037,0.1037037037037037,0.0444444444444444,0.1259259259259259,0.1111111111111111,0.0,1.0,0,2,7.333333333333333,8,3.6666666666666665,4.069767441860465,129,87,0.6744186046511628,7.659922885032927,3.5348586537479574,34.290167585005086,153
train,audio_590.wav,3.0,False,True,True,0.0,1.1111111111111112,1.1111111111111112,0.0,0.0,1.1111111111111112,0.0,0.0,0.0,3.333333333333333,3.333333333333333,0.75,3,4,22.5,0.0,0.1444444444444444,0.1555555555555555,0.0666666666666666,0.0444444444444444,0.0888888888888888,0.1777777777777777,0.1111111111111111,0.0,1.0,0,2,4.75,5,1.75,3.7888888888888888,90,53,0.5888888888888889,5.586690532964137,3.78281576326578,43.939591197733016,101
train,audio_349.wav,3.5,False,True,True,1.0526315789473684,0.0,0.0,1.0526315789473684,0.0,0.0,1.0526315789473684,0.0,0.0,3.1578947368421053,2.1052631578947367,0.1666666666666666,2,5,20.6,0.0,0.116504854368932,0.0970873786407767,0.1262135922330097,0.029126213592233,0.1262135922330097,0.2427184466019417,0.087378640776699,0.3125,0.6875,3,3,5.6,8,2.0,3.389473684210526,95,55,0.5789473684210527,5.642880936468348,3.007127844769022,20.22921496154527,115
train,audio_387.wav,5.0,False,True,True,0.9523809523809524,0.0,0.0,0.9523809523809524,0.0,0.0,0.9523809523809524,0.0,0.0,2.857142857142857,1.9047619047619049,0.2857142857142857,2,7,15.285714285714286,0.0,0.1401869158878504,0.1401869158878504,0.0841121495327102,0.1214953271028037,0.0747663551401869,0.1962616822429906,0.0654205607476635,0.0,1.0,0,2,4.285714285714286,7,1.0,4.095238095238095,105,67,0.638095238095238,6.538530488755173,3.135096958705357,22.990864898465446,126
train,audio_630.wav,3.5,False,True,True,0.0,0.0,0.0,0.0,0.0,3.2,0.8,0.0,0.0,4.0,3.2,0.5,4,8,16.0,0.0,0.2109375,0.1484375,0.0625,0.1015625,0.0703125,0.1484375,0.0546875,0.0,1.0,0,2,4.875,7,1.375,4.184,125,66,0.528,5.903219460599445,3.5416153261325505,34.522639497252584,149
train,audio_5046.wav,0.0,True,True,True,1.709401709401709,0.0,0.0,0.0,0.0,2.5641025641025643,0.0,0.0,0.0,4.273504273504273,4.273504273504273,0.375,5,8,14.875,0.0,0.1596638655462184,0.1092436974789916,0.0756302521008403,0.1008403361344537,0.0672268907563025,0.1596638655462184,0.0924369747899159,0.7333333333333333,0.2666666666666666,0,3,3.25,5,0.75,3.692307692307693,117,68,0.5811965811965812,6.28660222388593,3.346524872048928,28.4038549050434,137
train,audio_183.wav,3.0,False,True,True,0.0,0.0,0.0,0.0,0.0,0.0,3.225806451612903,0.0,0.0,3.225806451612903,0.0,0.3333333333333333,0,3,21.0,0.0,0.1428571428571428,0.1746031746031746,0.0634920634920634,0.0476190476190476,0.0952380952380952,0.1587301587301587,0.0793650793650793,0.0,1.0,0,1,5.0,6,1.6666666666666667,3.6774193548387095,62,42,0.6774193548387096,5.334005334008001,3.552101476868587,34.88655379427098,67
train,audio_607.wav,4.0,False,True,True,0.0,0.0,0.0,0.0,0.0,4.132231404958677,0.0,0.0,0.0,4.132231404958677,4.132231404958677,0.75,5,2,61.5,0.0,0.2113821138211382,0.2195121951219512,0.024390243902439,0.032520325203252,0.048780487804878,0.1544715447154471,0.1138211382113821,0.0,1.0,0,2,9.5,10,5.0,4.454545454545454,121,68,0.5619834710743802,6.181818181818182,4.093806796603733,59.96774273709878,144
train,audio_133.wav,3.0,False,True,True,3.225806451612903,0.0,0.0,0.0,0.0,1.075268817204301,1.075268817204301,0.0,0.0,5.376344086021505,4.301075268817204,0.5,4,5,19.2,0.0,0.1666666666666666,0.1145833333333333,0.0729166666666666,0.0416666666666666,0.1041666666666666,0.15625,0.1041666666666666,0.5833333333333334,0.4166666666666667,0,4,5.2,8,1.2,3.771739130434783,93,55,0.5913978494623656,5.703234321017339,4.05553964468149,57.71630088851818,104
train,audio_443.wav,3.0,False,True,True,1.1111111111111112,0.0,0.0,0.0,0.0,0.0,1.1111111111111112,0.0,0.0,2.2222222222222223,1.1111111111111112,0.6666666666666666,1,3,30.0,0.0,0.1888888888888888,0.1444444444444444,0.1444444444444444,0.0444444444444444,0.0666666666666666,0.0888888888888888,0.1,0.1666666666666666,0.8333333333333334,1,3,5.666666666666667,8,4.0,4.4,90,48,0.5333333333333333,5.059644256269407,3.931014273930522,50.958637483705765,103
train,audio_55.wav,2.0,False,True,True,1.1111111111111112,0.0,1.1111111111111112,0.0,0.0,2.2222222222222223,0.0,0.0,0.0,4.444444444444445,4.444444444444445,0.6666666666666666,4,3,30.0,0.0,0.2222222222222222,0.1111111111111111,0.0222222222222222,0.0777777777777777,0.1111111111111111,0.1222222222222222,0.0555555555555555,0.0,1.0,0,1,7.0,12,3.333333333333333,4.033333333333333,90,57,0.6333333333333333,6.008327554319921,3.686403180112933,39.90107157745211,101
train,audio_686.wav,3.0,False,True,True,0.0,0.0,0.0,0.0,0.0,3.225806451612903,1.6129032258064515,1.6129032258064515,0.0,6.451612903225806,3.225806451612903,1.0,2,1,62.0,0.0,0.2903225806451613,0.064516129032258,0.064516129032258,0.0806451612903225,0.0483870967741935,0.032258064516129,0.0483870967741935,0.0,1.0,0,2,8.0,8,2.0,4.32258064516129,62,34,0.5483870967741935,4.318004318006477,3.889212215647978,48.87237046585074,68
train,audio_740.wav,4.0,False,True,True,0.0,0.0,0.0,0.0,0.0,0.0,1.694915254237288,0.0,0.0,1.694915254237288,0.0,0.3333333333333333,0,8,15.125,0.0,0.1157024793388429,0.1487603305785124,0.0826446280991735,0.0743801652892562,0.1322314049586777,0.1735537190082644,0.0909090909090909,0.0,1.0,0,2,4.375,7,1.125,3.941666666666667,118,62,0.5254237288135594,5.707562630969605,3.058355023784022,21.2925026775517,124
train,audio_699.wav,2.5,False,True,True,0.0,0.0,0.0,0.0,0.0,0.0,0.0,0.0,0.0,0.0,0.0,0.0,0,8,12.75,0.0,0.1274509803921568,0.2254901960784313,0.0686274509803921,0.0490196078431372,0.0490196078431372,0.2647058823529412,0.0686274509803921,0.0,1.0,0,2,3.25,6,1.375,3.919191919191919,99,62,0.6262626262626263,6.231234454607115,2.812439933655754,16.650494799219857,126
train,audio_44.wav,4.0,False,True,True,0.0,0.0,0.0,0.0,0.0,0.0,0.0,0.0,0.0,0.0,0.0,0.0,0,7,16.285714285714285,0.0,0.1491228070175438,0.1052631578947368,0.1228070175438596,0.0701754385964912,0.1228070175438596,0.1403508771929824,0.0350877192982456,0.0,1.0,0,3,5.0,8,1.1428571428571428,4.0181818181818185,110,75,0.6818181818181818,7.150969419341942,3.0666927142734943,21.47077513215079,137
train,audio_500.wav,3.5,False,True,True,0.0,0.0,1.0309278350515465,1.0309278350515465,0.0,3.09278350515464,1.0309278350515465,0.0,0.0,6.185567010309279,5.154639175257732,1.0,5,3,32.666666666666664,0.0,0.1938775510204081,0.1326530612244898,0.0612244897959183,0.0408163265306122,0.0714285714285714,0.1020408163265306,0.0714285714285714,0.4545454545454545,0.5454545454545454,1,3,5.666666666666667,9,1.3333333333333333,4.257731958762887,97,49,0.5051546391752577,4.975196209154734,4.335733654429611,76.38097557988092,103
train,audio_265.wav,2.5,False,True,True,2.6666666666666665,0.0,0.0,0.0,0.0,5.333333333333333,1.3333333333333333,0.0,0.0,9.333333333333334,8.0,1.0,6,2,39.0,0.0,0.1794871794871795,0.141025641025641,0.0384615384615384,0.0641025641025641,0.0769230769230769,0.2307692307692307,0.0769230769230769,0.3333333333333333,0.6666666666666666,0,3,6.5,8,3.5,4.2368421052631575,75,56,0.7466666666666667,6.466323014923808,4.883388857298259,132.07749812291368,79
train,audio_125.wav,2.0,False,True,True,1.2048192771084338,1.2048192771084338,3.614457831325301,0.0,0.0,2.409638554216868,0.0,0.0,0.0,8.433734939759036,8.433734939759036,0.6666666666666666,7,7,12.0,0.0,0.3333333333333333,0.0595238095238095,0.0952380952380952,0.0952380952380952,0.0714285714285714,0.1309523809523809,0.0833333333333333,0.5,0.5,0,2,4.571428571428571,7,0.2857142857142857,4.506024096385542,83,32,0.3855421686746988,3.512456319670091,3.7092278521993887,40.82227352576932,92
train,audio_413.wav,4.0,False,True,True,1.162790697674419,0.0,0.0,0.0,0.0,1.162790697674419,1.162790697674419,0.0,0.0,3.488372093023256,2.3255813953488373,0.5,2,4,22.25,0.0,0.247191011235955,0.1685393258426966,0.0898876404494382,0.0112359550561797,0.1011235955056179,0.146067415730337,0.1011235955056179,0.0909090909090909,0.9090909090909092,0,3,5.75,9,2.0,5.5,86,65,0.7558139534883721,7.009130258223497,3.476844631895727,32.35746112446968,98
train,audio_256.wav,4.5,False,True,True,0.0,0.0,1.9230769230769231,0.0,0.0,0.0,0.9615384615384616,0.0,0.0,2.8846153846153846,1.9230769230769231,0.4,2,5,21.2,0.0,0.2358490566037736,0.1132075471698113,0.0754716981132075,0.0471698113207547,0.0660377358490566,0.1226415094339622,0.0566037735849056,0.0,1.0,1,3,6.2,10,1.2,4.201923076923077,104,62,0.5961538461538461,6.079600189283705,4.048854696339574,57.33175715813528,116
train,audio_350.wav,4.5,False,True,True,0.819672131147541,0.0,0.0,0.0,0.0,2.459016393442623,0.0,1.639344262295082,0.0,4.918032786885246,3.278688524590164,0.6666666666666666,4,4,30.75,0.0,0.2195121951219512,0.1869918699186991,0.073170731707317,0.056910569105691,0.024390243902439,0.1382113821138211,0.1056910569105691,0.0769230769230769,0.9230769230769232,1,3,5.5,7,3.0,4.352459016393443,122,79,0.6475409836065574,7.152323937358964,4.109492710658482,60.91580779016232,140
train,audio_364.wav,5.0,False,True,True,0.0,0.0,0.0,0.7751937984496124,0.0,0.7751937984496124,0.0,0.0,0.0,1.550387596899225,1.550387596899225,0.25,2,8,16.375,0.0,0.2442748091603053,0.1221374045801526,0.0458015267175572,0.0610687022900763,0.1221374045801526,0.1450381679389313,0.0763358778625954,0.0,1.0,0,2,4.75,11,1.75,4.310077519379845,129,86,0.6666666666666666,7.571877794400365,3.430107612114448,30.879965629278235,154
train,audio_131.wav,2.5,False,True,True,0.0,0.0,0.0,4.545454545454546,0.0,0.0,0.0,0.0,0.0,4.545454545454546,4.545454545454546,0.6,3,5,13.2,0.0,0.2878787878787879,0.0909090909090909,0.106060606060606,0.0909090909090909,0.0757575757575757,0.1212121212121212,0.0606060606060606,0.4444444444444444,0.5555555555555556,0,2,4.2,6,0.4,4.515151515151516,66,39,0.5909090909090909,4.800568148193976,3.679749651653011,39.63646990565367,82
train,audio_168.wav,3.5,False,True,True,0.0,0.0,0.0,1.1111111111111112,0.0,4.444444444444445,0.0,0.0,0.0,5.555555555555555,5.555555555555555,0.5,5,6,15.166666666666666,0.3333333333333333,0.3736263736263736,0.0879120879120879,0.0439560439560439,0.0439560439560439,0.0659340659340659,0.0879120879120879,0.0549450549450549,0.0,1.0,1,2,4.333333333333333,9,1.0,4.622222222222222,90,68,0.7555555555555555,7.167829363048327,4.42094225761218,83.17462036584928,117
train,audio_557.wav,3.5,False,True,True,0.0,0.0,0.0,0.0,1.020408163265306,3.061224489795918,1.020408163265306,0.0,0.0,5.1020408163265305,4.081632653061225,1.0,4,5,20.8,0.0,0.125,0.125,0.0576923076923076,0.125,0.1057692307692307,0.173076923076923,0.0961538461538461,0.1666666666666666,0.8333333333333334,0,3,5.0,7,1.2,3.6666666666666665,98,65,0.6632653061224489,6.56599153958937,3.768609619140625,43.31979193487909,105
train,audio_670.wav,3.0,False,True,True,0.7575757575757576,0.0,0.0,0.7575757575757576,0.0,5.303030303030303,2.272727272727273,0.0,0.0,9.090909090909092,6.818181818181818,0.6,9,3,45.66666666666666,0.0,0.1386861313868613,0.1094890510948905,0.0510948905109489,0.072992700729927,0.1094890510948905,0.2627737226277372,0.0583941605839416,0.3529411764705882,0.6470588235294118,0,4,4.0,8,4.333333333333333,4.037878787878788,132,70,0.5303030303030303,6.092717958449424,3.7036263894714767,40.59424831572056,149
train,audio_342.wav,4.5,False,True,True,0.0,0.0,0.0,0.0,0.0,0.9523809523809524,0.0,0.9523809523809524,0.0,1.9047619047619049,0.9523809523809524,0.4,1,4,27.25,0.0,0.2018348623853211,0.091743119266055,0.0642201834862385,0.0642201834862385,0.128440366972477,0.2018348623853211,0.0642201834862385,0.2,0.8,0,4,5.0,7,2.0,3.8857142857142857,105,68,0.6476190476190476,6.636120496050026,3.9089913717130336,49.84864785230192,123
train,audio_2.wav,2.5,False,True,True,2.3255813953488373,0.0,0.0,1.162790697674419,0.0,1.162790697674419,0.0,0.0,0.0,4.651162790697675,4.651162790697675,0.4285714285714285,4,8,10.75,0.0,0.1511627906976744,0.1046511627906976,0.0348837209302325,0.0697674418604651,0.1395348837209302,0.1976744186046511,0.1046511627906976,0.2,0.8,0,3,3.5,6,0.375,3.86046511627907,86,50,0.5813953488372093,5.391638660171921,3.4750803094161182,32.3004224605192,95
train,audio_5048.wav,0.0,True,True,True,1.2345679012345678,0.0,0.0,0.0,0.0,1.2345679012345678,0.0,0.0,0.0,2.469135802469136,2.469135802469136,0.2222222222222222,2,10,8.5,0.1,0.0823529411764705,0.188235294117647,0.0352941176470588,0.0941176470588235,0.1294117647058823,0.2235294117647059,0.0823529411764705,0.3636363636363636,0.6363636363636364,1,4,2.5,5,0.4,3.4814814814814814,81,55,0.6790123456790124,6.111111111111111,3.430822507299558,30.90204946089487,99
train,audio_741.wav,4.0,False,True,True,0.0,0.0,0.0,0.0,0.0,0.0,0.0,0.0,0.0,0.0,0.0,0.0,0,3,21.0,0.0,0.2539682539682539,0.1111111111111111,0.0793650793650793,0.0952380952380952,0.1428571428571428,0.0952380952380952,0.0158730158730158,0.0,1.0,0,1,5.0,8,2.0,4.491803278688525,61,39,0.639344262295082,4.993438317382943,4.846333966936384,127.27294670782246,70
train,audio_294.wav,4.0,False,True,True,1.1764705882352942,0.0,0.0,0.0,0.0,0.0,1.1764705882352942,0.0,0.0,2.3529411764705883,1.1764705882352942,0.5,1,4,21.25,0.0,0.188235294117647,0.1294117647058823,0.1294117647058823,0.0117647058823529,0.0705882352941176,0.1647058823529411,0.1058823529411764,0.2307692307692307,0.7692307692307693,0,2,6.0,10,2.0,3.882352941176471,85,53,0.6235294117647059,5.7486571321943885,2.784147884971217,16.18601964816021,95
train,audio_370.wav,5.0,False,True,True,0.0,0.0,0.746268656716418,0.746268656716418,0.0,0.746268656716418,0.0,0.0,0.0,2.238805970149253,2.238805970149253,0.4285714285714285,3,7,20.0,0.0,0.1857142857142857,0.1714285714285714,0.0714285714285714,0.0642857142857142,0.0785714285714285,0.1785714285714285,0.0928571428571428,0.1052631578947368,0.8947368421052632,0,4,5.285714285714286,8,1.5714285714285714,4.253731343283582,134,84,0.6268656716417911,7.256494774883425,3.0187373966365665,20.46543563679249,154
train,audio_417.wav,3.5,False,True,True,0.0,0.0,0.0,0.7692307692307693,0.0,3.076923076923077,0.7692307692307693,0.0,0.0,4.615384615384615,3.8461538461538463,0.8,5,4,32.5,0.0,0.2923076923076923,0.1153846153846153,0.0923076923076923,0.0461538461538461,0.0538461538461538,0.1076923076923077,0.0769230769230769,0.5714285714285714,0.4285714285714285,0,4,6.5,11,1.0,4.120967741935484,130,62,0.47692307692307695,5.437759719703582,3.6935795084635417,40.18844467719343,150
train,audio_753.wav,4.0,False,True,True,1.0638297872340423,0.0,0.0,0.0,0.0,2.127659574468085,3.191489361702128,0.0,0.0,6.382978723404255,3.191489361702128,0.4,3,5,19.6,0.0,0.1836734693877551,0.1428571428571428,0.1020408163265306,0.1224489795918367,0.0612244897959183,0.1326530612244898,0.0714285714285714,0.0769230769230769,0.9230769230769232,0,3,4.0,8,1.8,4.659574468085107,94,58,0.6170212765957447,5.982243228301002,4.047567313058035,57.2579967016452,105
train,audio_533.wav,3.0,False,True,True,1.3605442176870748,0.0,0.0,1.3605442176870748,0.0,3.401360544217687,0.6802721088435374,0.0,0.0,6.802721088435374,6.122448979591836,0.5714285714285714,9,8,19.25,0.0,0.2012987012987013,0.1363636363636363,0.0584415584415584,0.0584415584415584,0.1103896103896103,0.1493506493506493,0.1233766233766233,0.0714285714285714,0.9285714285714286,5,4,4.625,8,1.25,4.190476190476191,147,70,0.47619047619047616,5.773502691896258,3.87362083292896,48.11629210336152,161
train,audio_239.wav,4.5,False,True,True,0.0,0.0,0.0,0.0,0.0,0.704225352112676,0.0,0.0,0.0,0.704225352112676,0.704225352112676,0.125,1,7,20.285714285714285,0.0,0.2464788732394366,0.1690140845070422,0.1056338028169014,0.0140845070422535,0.0352112676056338,0.0422535211267605,0.0492957746478873,0.0,1.0,0,2,5.285714285714286,8,1.8571428571428568,4.140845070422535,142,89,0.6267605633802817,7.4687140888405334,3.03390723538686,20.778259741968448,166
train,audio_566.wav,3.0,False,True,True,1.1494252873563218,0.0,1.1494252873563218,4.597701149425287,0.0,2.2988505747126435,0.0,1.1494252873563218,0.0,10.344827586206897,9.195402298850574,0.8571428571428571,8,6,15.166666666666666,0.0,0.2087912087912088,0.1538461538461538,0.0549450549450549,0.0549450549450549,0.0439560439560439,0.1648351648351648,0.0549450549450549,0.4166666666666667,0.5833333333333334,0,2,4.333333333333333,8,0.8333333333333334,3.8620689655172415,87,46,0.5287356321839081,4.931717660253856,3.69940311392558,40.42316913105464,97
train,audio_736.wav,4.0,False,True,True,0.0,0.8264462809917356,0.0,0.0,0.0,1.6528925619834711,0.0,0.0,0.0,2.479338842975207,2.479338842975207,0.3333333333333333,3,6,20.666666666666668,0.0,0.1532258064516129,0.1854838709677419,0.032258064516129,0.064516129032258,0.1129032258064516,0.1693548387096774,0.0806451612903225,0.0,1.0,1,2,5.333333333333333,11,1.8333333333333333,3.8677685950413214,121,66,0.5454545454545454,6.0,2.963050341084056,19.356927022711528,137
train,audio_541.wav,2.0,False,True,True,0.0,0.0,0.0,0.0,1.1363636363636365,4.545454545454546,2.272727272727273,0.0,0.0,7.954545454545454,5.681818181818182,0.75,5,5,17.8,0.0,0.2022471910112359,0.1348314606741573,0.0674157303370786,0.0898876404494382,0.0561797752808988,0.1685393258426966,0.0898876404494382,0.0,1.0,1,3,4.4,6,0.8,3.875,88,48,0.5454545454545454,5.116817192534651,4.283912171708777,72.52361055769717,94
train,audio_531.wav,3.5,False,True,True,0.0,1.834862385321101,0.0,0.9174311926605504,0.0,0.9174311926605504,1.834862385321101,0.0,0.0,5.504587155963303,3.669724770642202,0.6666666666666666,4,2,54.5,0.0,0.2201834862385321,0.128440366972477,0.036697247706422,0.055045871559633,0.073394495412844,0.091743119266055,0.110091743119266,0.0,1.0,1,3,7.5,11,3.0,4.009174311926605,109,54,0.4954128440366973,5.172261940194217,3.8855731102728073,48.6948419781468,124
train,audio_280.wav,5.0,False,True,True,0.0,0.0,0.0,0.9345794392523364,0.0,0.9345794392523364,0.0,0.0,0.0,1.8691588785046729,1.8691588785046729,0.25,2,5,22.0,0.0,0.1727272727272727,0.1454545454545454,0.0818181818181818,0.0636363636363636,0.1272727272727272,0.1181818181818181,0.0818181818181818,0.0,1.0,0,2,5.4,8,2.0,4.439252336448599,107,65,0.6074766355140186,6.283787178796813,3.118041724489446,22.60207518684177,114
train,audio_33.wav,4.0,False,True,True,2.409638554216868,0.0,0.0,0.0,0.0,0.0,0.0,0.0,0.0,2.409638554216868,2.409638554216868,0.5,2,4,20.75,0.0,0.2891566265060241,0.180722891566265,0.0481927710843373,0.0963855421686747,0.0481927710843373,0.0481927710843373,0.108433734939759,0.0,1.0,0,2,5.0,6,1.75,4.819277108433735,83,64,0.7710843373493976,7.024912639340182,3.915796423471102,50.18902731740121,93
train,audio_307.wav,5.0,False,True,True,0.0,0.0,0.6993006993006993,0.0,0.0,0.6993006993006993,1.3986013986013983,0.0,0.0,2.797202797202797,1.3986013986013983,0.3333333333333333,2,8,19.0,0.0,0.131578947368421,0.1381578947368421,0.0526315789473684,0.1381578947368421,0.0921052631578947,0.131578947368421,0.0986842105263157,0.0,1.0,1,4,3.875,7,1.25,4.034965034965035,143,82,0.5734265734265734,6.857184482058144,3.1800544463008285,24.04806284448508,166
train,audio_617.wav,4.5,False,True,True,0.0,1.0638297872340423,0.0,0.0,0.0,2.127659574468085,0.0,0.0,0.0,3.191489361702128,3.191489361702128,0.3333333333333333,3,5,19.0,0.0,0.1894736842105263,0.1684210526315789,0.0631578947368421,0.0947368421052631,0.0421052631578947,0.1157894736842105,0.1052631578947368,0.0,1.0,1,2,5.0,6,1.4,4.074468085106383,94,58,0.6170212765957447,5.982243228301002,3.819345746721541,45.57438137629534,112
train,audio_613.wav,5.0,False,True,True,0.7633587786259542,0.0,0.0,0.0,0.0,0.7633587786259542,0.0,0.0,0.0,1.5267175572519085,1.5267175572519085,0.1666666666666666,2,6,22.0,0.0,0.1893939393939394,0.1363636363636363,0.1212121212121212,0.0909090909090909,0.0454545454545454,0.0909090909090909,0.0833333333333333,0.0769230769230769,0.9230769230769232,0,3,5.666666666666667,8,1.3333333333333333,3.938931297709924,131,84,0.6412213740458015,7.339114075952718,3.01827810861014,20.456038265464173,143
train,audio_472.wav,2.5,False,True,True,0.0,0.0,0.0,0.0,0.0,0.0,0.0,0.0,0.0,0.0,0.0,0.0,0,1,37.0,0.0,0.1081081081081081,0.054054054054054,0.081081081081081,0.1621621621621621,0.2162162162162162,0.1081081081081081,0.1081081081081081,1.0,0.0,0,1,5.0,5,1.0,4.243243243243243,37,23,0.6216216216216216,3.7811767080232177,4.078169631958008,59.03731088759103,40
train,audio_568.wav,3.0,False,True,True,0.0,0.0,0.0,1.1363636363636365,0.0,2.272727272727273,0.0,0.0,0.0,3.409090909090909,3.409090909090909,0.2857142857142857,3,7,12.571428571428571,0.0,0.2159090909090909,0.1704545454545454,0.0454545454545454,0.0454545454545454,0.0568181818181818,0.2045454545454545,0.0568181818181818,0.0,1.0,2,3,3.142857142857143,5,0.5714285714285714,3.659090909090909,88,49,0.5568181818181818,5.223417550712456,3.263341267903646,26.136721196407223,96
train,audio_521.wav,4.0,False,True,True,0.0,0.0,0.7633587786259542,0.7633587786259542,0.0,1.5267175572519085,0.0,0.0,0.0,3.053435114503817,3.053435114503817,0.3,4,10,13.2,0.0,0.2121212121212121,0.1818181818181818,0.0833333333333333,0.053030303030303,0.0378787878787878,0.1818181818181818,0.0984848484848484,0.0666666666666666,0.9333333333333332,0,3,4.5,7,0.7,4.412213740458015,131,78,0.5954198473282443,6.814891641956096,3.248257723721591,25.74544514065193,154
train,audio_401.wav,5.0,False,True,True,0.0,0.0,0.7692307692307693,0.7692307692307693,0.0,1.5384615384615383,2.3076923076923075,0.0,0.0,5.384615384615385,3.076923076923077,0.5,4,5,26.8,0.0,0.1940298507462686,0.1194029850746268,0.0671641791044776,0.1343283582089552,0.0522388059701492,0.1791044776119403,0.0970149253731343,0.0,1.0,0,1,5.0,8,2.4,3.9461538461538463,130,80,0.6153846153846154,7.0164641544562345,3.816183236929087,45.43047961420938,156
train,audio_573.wav,2.5,False,True,True,0.0,0.0,0.0,1.0638297872340423,0.0,5.319148936170213,0.0,0.0,0.0,6.382978723404255,6.382978723404255,1.0,6,1,96.0,0.0,0.1875,0.0729166666666666,0.0833333333333333,0.03125,0.1041666666666666,0.1458333333333333,0.0729166666666666,0.1538461538461538,0.8461538461538461,0,2,8.0,8,8.0,3.638297872340425,94,49,0.5212765957446809,5.053964106668087,4.333380298079732,76.20143527001628,107
train,audio_180.wav,3.0,False,True,True,0.8695652173913043,0.0,0.0,0.0,0.0,1.7391304347826086,0.8695652173913043,0.0,0.0,3.4782608695652173,2.608695652173913,1.0,3,5,23.6,0.0,0.1271186440677966,0.1779661016949152,0.0423728813559322,0.1271186440677966,0.0847457627118644,0.1949152542372881,0.1016949152542373,0.0,1.0,1,2,4.6,6,1.6,3.4434782608695653,115,56,0.48695652173913045,5.222026926145757,3.461159403009932,31.853886605706464,129
train,audio_320.wav,3.5,False,True,True,0.0,1.7241379310344829,0.0,0.0,0.0,0.0,0.0,0.0,0.0,1.7241379310344829,1.7241379310344829,0.2,1,5,11.6,0.0,0.2413793103448276,0.1379310344827586,0.1034482758620689,0.0172413793103448,0.0689655172413793,0.1551724137931034,0.0344827586206896,0.0,1.0,0,1,4.2,6,0.6,3.672413793103448,58,33,0.5689655172413793,4.333112284370844,2.913867950439453,18.427939249724776,72
train,audio_85.wav,3.0,False,True,True,0.0,0.0,0.0,0.0,0.0,2.3255813953488373,0.0,0.0,0.0,2.3255813953488373,2.3255813953488373,0.5,2,4,23.25,0.0,0.1612903225806451,0.0967741935483871,0.064516129032258,0.086021505376344,0.0967741935483871,0.1397849462365591,0.1075268817204301,0.0,1.0,2,2,4.5,6,1.75,4.186046511627907,86,55,0.6395348837209303,5.930802526189113,3.27501779232385,26.44369597117973,106
train,audio_296.wav,2.0,False,True,True,0.0,0.0,0.0,0.0,0.0,0.970873786407767,0.970873786407767,0.0,0.0,1.941747572815534,0.970873786407767,0.5,1,4,25.75,0.0,0.2233009708737864,0.087378640776699,0.0776699029126213,0.0485436893203883,0.058252427184466,0.174757281553398,0.0776699029126213,0.6666666666666666,0.3333333333333333,0,2,5.25,7,2.25,3.436893203883495,103,47,0.4563106796116505,4.631047607372178,3.6039591822130927,36.74342074237264,116
train,audio_250.wav,3.0,False,True,True,0.0,0.0,2.702702702702702,0.0,0.0,0.0,0.0,0.0,0.0,2.702702702702702,2.702702702702702,0.5,1,2,19.0,0.0,0.1052631578947368,0.131578947368421,0.1052631578947368,0.0789473684210526,0.131578947368421,0.2368421052631578,0.1052631578947368,0.6,0.4,0,2,4.5,5,2.0,3.756756756756757,37,29,0.7837837837837838,4.767570631855362,2.8517662048339845,17.3183425847459,40
train,audio_346.wav,5.0,False,True,True,0.0,0.0,0.0,0.8333333333333334,0.0,0.0,0.0,0.0,0.8333333333333334,1.6666666666666667,0.8333333333333334,0.25,1,8,15.125,0.0,0.3801652892561983,0.1157024793388429,0.0578512396694214,0.0165289256198347,0.0330578512396694,0.0413223140495867,0.0743801652892562,0.0,1.0,0,2,6.875,12,0.375,4.8,120,81,0.675,7.394254526319743,3.507217600375791,33.35533069025765,158
train,audio_335.wav,4.0,False,True,True,0.0,0.0,0.0,0.0,0.0,0.0,0.99009900990099,0.0,0.0,0.99009900990099,0.0,0.25,0,4,25.75,0.25,0.116504854368932,0.1553398058252427,0.058252427184466,0.0388349514563106,0.0970873786407767,0.2621359223300971,0.058252427184466,0.0,1.0,0,2,4.25,6,2.25,3.584158415841584,101,54,0.5346534653465347,5.3732008271339415,3.440845235188802,31.213329626257103,120
train,audio_20.wav,2.0,False,True,True,0.0,1.1235955056179776,0.0,0.0,1.1235955056179776,4.49438202247191,1.1235955056179776,0.0,0.0,7.865168539325842,6.741573033707865,1.0,6,1,89.0,0.0,0.1797752808988764,0.1910112359550561,0.0674157303370786,0.0337078651685393,0.0561797752808988,0.2134831460674157,0.0786516853932584,0.8666666666666667,0.1333333333333333,0,2,6.0,6,10.0,3.955056179775281,89,54,0.6067415730337079,5.723988552034344,4.171943589012222,64.8413546608162,101
train,audio_5071.wav,0.0,True,True,True,1.851851851851852,0.0,0.0,1.851851851851852,1.851851851851852,0.0,0.0,1.851851851851852,0.0,7.407407407407407,5.555555555555555,0.6666666666666666,3,2,28.0,0.0,0.1428571428571428,0.1607142857142857,0.0535714285714285,0.0714285714285714,0.0714285714285714,0.1428571428571428,0.1071428571428571,0.0,1.0,1,2,5.5,6,2.0,3.574074074074074,54,41,0.7592592592592593,5.579393303006127,3.6878223687830105,39.9577389274782,71
train,audio_558.wav,4.0,False,True,True,0.0,0.0,1.2345679012345678,1.2345679012345678,0.0,3.703703703703704,0.0,0.0,0.0,6.172839506172839,6.172839506172839,0.3333333333333333,5,6,13.5,0.0,0.3209876543209876,0.1111111111111111,0.0864197530864197,0.074074074074074,0.0864197530864197,0.074074074074074,0.0864197530864197,0.2,0.8,0,3,4.833333333333333,7,0.8333333333333334,4.864197530864198,81,62,0.7654320987654321,6.888888888888889,4.000115219427615,54.60444116316312,98
train,audio_289.wav,2.5,False,True,True,1.7241379310344829,3.4482758620689653,1.7241379310344829,0.0,0.0,1.7241379310344829,0.0,1.7241379310344829,0.0,10.344827586206897,8.620689655172415,1.0,5,3,19.666666666666668,0.0,0.1694915254237288,0.1694915254237288,0.1186440677966101,0.0338983050847457,0.0677966101694915,0.135593220338983,0.0677966101694915,0.0,1.0,0,1,4.666666666666667,5,2.333333333333333,3.7413793103448274,58,37,0.6379310344827587,4.858338015809735,4.55614749968998,95.21595284785676,63
train,audio_620.wav,5.0,False,True,True,0.0,0.0,0.0,0.0,0.0,0.0,0.0,0.0,0.0,0.0,0.0,0.0,0,10,13.9,0.1,0.2589928057553957,0.1366906474820144,0.079136690647482,0.0503597122302158,0.0863309352517985,0.1223021582733813,0.0287769784172661,0.0,1.0,0,2,3.6,6,1.0,4.816793893129771,131,78,0.5954198473282443,6.814891641956096,3.336471373776356,28.119727429490062,166
train,audio_665.wav,3.0,False,True,True,0.0,2.1739130434782608,1.0869565217391304,1.0869565217391304,0.0,1.0869565217391304,0.0,1.0869565217391304,0.0,6.521739130434782,5.434782608695652,0.4,5,5,18.4,0.0,0.2717391304347826,0.0978260869565217,0.0543478260869565,0.0217391304347826,0.0652173913043478,0.0652173913043478,0.0760869565217391,0.0,1.0,3,2,4.6,6,0.2,4.152173913043479,92,50,0.5434782608695652,5.21286035142687,3.558113846124387,35.09693645310689,102
train,audio_751.wav,4.0,False,True,True,0.8264462809917356,0.0,0.0,0.8264462809917356,0.0,0.8264462809917356,0.0,0.0,0.0,2.479338842975207,2.479338842975207,0.4,3,6,20.666666666666668,0.0,0.1693548387096774,0.1209677419354838,0.0806451612903225,0.0967741935483871,0.064516129032258,0.1693548387096774,0.0967741935483871,0.5333333333333333,0.4666666666666667,0,3,5.333333333333333,8,1.0,3.611570247933885,121,63,0.5206611570247934,5.7272727272727275,2.881733915231524,17.845188413669003,137
train,audio_442.wav,2.0,False,True,True,1.4285714285714286,0.0,1.4285714285714286,1.4285714285714286,0.0,4.285714285714286,0.0,0.0,0.0,8.571428571428571,8.571428571428571,1.0,6,2,35.5,0.0,0.2394366197183098,0.0985915492957746,0.056338028169014,0.1126760563380281,0.056338028169014,0.0985915492957746,0.0845070422535211,0.0,1.0,0,1,6.5,8,1.5,4.563380281690141,70,50,0.7142857142857143,5.976143046671968,4.953967130636867,141.73613583116344,79
train,audio_362.wav,5.0,False,True,True,0.0,0.7299270072992701,0.0,0.0,0.0,0.0,0.0,0.0,0.0,0.7299270072992701,0.7299270072992701,0.1666666666666666,1,6,23.166666666666668,0.0,0.2589928057553957,0.1294964028776978,0.0503597122302158,0.0719424460431654,0.0863309352517985,0.079136690647482,0.0719424460431654,0.0,1.0,0,2,6.166666666666667,9,0.8333333333333334,4.313868613138686,137,79,0.5766423357664233,6.749425495962411,3.4284977107853085,30.830291927176013,154
train,audio_311.wav,3.5,False,True,True,1.1494252873563218,0.0,0.0,1.1494252873563218,0.0,1.1494252873563218,0.0,0.0,0.0,3.4482758620689653,3.4482758620689653,0.4,3,5,17.4,0.2,0.1724137931034483,0.1034482758620689,0.1264367816091954,0.0919540229885057,0.0689655172413793,0.1034482758620689,0.0459770114942528,0.0,1.0,0,1,4.4,7,0.6,4.057471264367816,87,49,0.5632183908045977,5.253351420705195,3.052900401824111,21.17667630657932,109
train,audio_724.wav,5.0,False,True,True,0.0,0.0,0.0,0.746268656716418,0.0,0.746268656716418,0.0,0.0,0.0,1.492537313432836,1.492537313432836,0.25,2,8,17.0,0.0,0.2426470588235294,0.1323529411764706,0.0588235294117647,0.0661764705882353,0.0735294117647058,0.0735294117647058,0.0661764705882353,0.0,1.0,0,2,5.25,10,0.625,4.365671641791045,134,74,0.5522388059701493,6.3926263493020645,3.014827880859375,20.38558188973447,150
train,audio_39.wav,3.0,False,True,True,1.075268817204301,0.0,0.0,1.075268817204301,0.0,1.075268817204301,2.150537634408602,0.0,0.0,5.376344086021505,3.225806451612903,0.4,3,5,18.8,0.0,0.202127659574468,0.1170212765957446,0.0851063829787234,0.0212765957446808,0.0425531914893617,0.2127659574468085,0.0851063829787234,0.6428571428571429,0.3571428571428571,0,2,5.0,6,1.2,3.956989247311828,93,54,0.5806451612903226,5.599539151544296,3.4620270681853342,31.881537107769603,101
train,audio_290.wav,2.0,False,True,True,0.0,0.0,0.0,0.0,0.0,0.0,0.0,0.0,0.0,0.0,0.0,0.0,0,2,12.0,0.0,0.2083333333333333,0.125,0.0833333333333333,0.0,0.125,0.2083333333333333,0.0416666666666666,0.0,1.0,0,1,3.5,4,2.0,4.208333333333333,24,21,0.875,4.286607049870562,3.2836276463099887,26.67235528144917,28
train,audio_23.wav,2.5,False,True,True,0.0,0.0,1.408450704225352,0.0,0.0,0.0,0.0,0.0,0.0,1.408450704225352,1.408450704225352,0.3333333333333333,1,3,24.0,0.0,0.2222222222222222,0.125,0.0416666666666666,0.0138888888888888,0.0416666666666666,0.1527777777777778,0.125,0.3333333333333333,0.6666666666666666,0,2,5.0,7,2.0,3.788732394366197,71,47,0.6619718309859155,5.5778737935111105,3.3832032738662345,29.46500458405774,82
train,audio_624.wav,3.0,False,True,True,0.0,0.0,0.0,0.0,1.1363636363636365,5.681818181818182,0.0,0.0,0.0,6.818181818181818,6.818181818181818,0.5,6,4,22.25,0.0,0.1685393258426966,0.1235955056179775,0.0674157303370786,0.0561797752808988,0.0674157303370786,0.1910112359550561,0.0449438202247191,0.0,1.0,0,1,4.75,8,1.5,3.909090909090909,88,55,0.625,5.8630196997792865,3.473844320467203,32.26052415732291,101
train,audio_206.wav,5.0,False,True,True,0.0,0.704225352112676,0.0,0.0,0.0,0.704225352112676,0.0,0.0,0.0,1.408450704225352,1.408450704225352,0.2,2,11,13.181818181818182,0.0,0.1517241379310344,0.096551724137931,0.0896551724137931,0.0896551724137931,0.0896551724137931,0.1793103448275862,0.1034482758620689,0.7894736842105263,0.2105263157894736,0,2,3.727272727272727,6,0.4545454545454545,3.943661971830986,142,78,0.5492957746478874,6.545614594714175,2.9523510300969504,19.150925244457326,166
train,audio_288.wav,4.5,False,True,True,1.2195121951219512,0.0,0.0,0.0,0.0,0.0,0.0,0.0,0.0,1.2195121951219512,1.2195121951219512,0.1666666666666666,1,6,14.833333333333334,0.0,0.1910112359550561,0.146067415730337,0.0561797752808988,0.0786516853932584,0.0674157303370786,0.1348314606741573,0.0898876404494382,0.1,0.9,0,2,3.333333333333333,4,0.8333333333333334,4.426829268292683,82,53,0.6463414634146342,5.852870881966866,3.5443707808707523,34.617896245389545,103
train,audio_60.wav,3.0,False,True,True,0.0,1.2820512820512822,0.0,1.2820512820512822,0.0,3.8461538461538463,0.0,0.0,0.0,6.410256410256411,6.410256410256411,1.0,5,4,19.5,0.0,0.2307692307692307,0.1538461538461538,0.0384615384615384,0.0128205128205128,0.0641025641025641,0.141025641025641,0.0256410256410256,0.0,1.0,0,2,6.5,10,1.5,3.8846153846153846,78,57,0.7307692307692307,6.453979094624195,3.6972552212801846,40.33643768163986,88
train,audio_80.wav,2.0,False,True,True,1.8867924528301887,2.830188679245283,0.9433962264150944,1.8867924528301887,0.0,1.8867924528301887,0.9433962264150944,0.0,0.0,10.37735849056604,9.433962264150944,0.8,10,5,21.8,0.0,0.1743119266055046,0.1192660550458715,0.0642201834862385,0.110091743119266,0.0642201834862385,0.1376146788990825,0.1009174311926605,0.2,0.8,1,4,7.6,14,2.0,3.858490566037736,106,66,0.6226415094339622,6.410486691557943,3.845945485432943,46.80291491221027,120
train,audio_214.wav,4.0,False,True,True,0.0,0.7194244604316546,0.0,0.0,0.0,1.4388489208633093,0.0,0.0,0.0,2.158273381294964,2.158273381294964,0.25,3,12,12.25,0.1666666666666666,0.1564625850340136,0.0952380952380952,0.0748299319727891,0.1496598639455782,0.0680272108843537,0.1496598639455782,0.0884353741496598,0.1764705882352941,0.8235294117647058,0,2,3.6666666666666665,6,0.6666666666666666,3.784172661870504,139,86,0.6187050359712231,7.294424795247751,3.7211858910250375,41.31335821054398,166
train,audio_599.wav,2.0,False,True,True,0.0,0.0,0.0,0.0,0.0,1.6260162601626016,0.8130081300813008,0.0,0.0,2.4390243902439024,1.6260162601626016,0.75,2,3,41.333333333333336,0.0,0.2258064516129032,0.1129032258064516,0.0725806451612903,0.1290322580645161,0.032258064516129,0.064516129032258,0.0725806451612903,0.125,0.875,1,3,6.666666666666667,8,1.6666666666666667,4.560975609756097,123,61,0.4959349593495935,5.5001847714713366,3.826612931968522,45.90678520546771,137
train,audio_5063.wav,0.0,True,True,True,1.3888888888888888,0.0,0.0,0.0,0.0,1.3888888888888888,0.0,1.3888888888888888,0.0,4.166666666666667,2.7777777777777777,0.5,2,5,15.0,0.0,0.16,0.12,0.0933333333333333,0.0533333333333333,0.0933333333333333,0.16,0.1066666666666666,0.4,0.6,0,3,3.6,5,0.6,3.430555555555556,72,42,0.5833333333333334,4.949747468305833,3.308529808407738,27.344893672154885,84
train,audio_207.wav,4.0,False,True,True,0.0,0.0,0.0,0.0,0.0,0.0,0.0,0.0,0.0,0.0,0.0,0.0,0,5,17.2,0.0,0.1744186046511628,0.1627906976744186,0.0930232558139534,0.0581395348837209,0.0465116279069767,0.127906976744186,0.0930232558139534,0.0,1.0,0,1,6.0,8,1.0,4.305882352941176,85,54,0.6352941176470588,5.857122361103717,2.6991774036038305,14.867496744095448,93
train,audio_438.wav,3.0,False,True,True,0.0,1.4285714285714286,0.0,1.4285714285714286,0.0,1.4285714285714286,0.0,0.0,0.0,4.285714285714286,4.285714285714286,0.5,3,4,17.5,0.0,0.1857142857142857,0.1571428571428571,0.0428571428571428,0.0142857142857142,0.1,0.1857142857142857,0.0142857142857142,0.0,1.0,0,1,4.5,6,0.75,3.8,70,38,0.5428571428571428,4.541868715470696,2.9503840396278784,19.113292580706588,76
train,audio_332.wav,5.0,False,True,True,0.0,0.0,0.0,0.0,0.0,1.6,0.0,0.0,0.0,1.6,1.6,0.2857142857142857,2,7,20.0,0.0,0.2071428571428571,0.1857142857142857,0.0357142857142857,0.1142857142857142,0.0857142857142857,0.1071428571428571,0.0857142857142857,0.0,1.0,6,3,4.857142857142857,9,1.5714285714285714,4.5,125,74,0.592,6.618761213399377,3.357738044691382,28.72414460971368,161
train,audio_159.wav,5.0,False,True,True,0.0,0.0,2.061855670103093,0.0,0.0,4.123711340206185,1.0309278350515465,0.0,0.0,7.216494845360825,6.185567010309279,1.0,6,3,33.333333333333336,0.0,0.34,0.08,0.1,0.02,0.03,0.05,0.08,0.0,1.0,0,2,7.333333333333333,12,1.0,4.77319587628866,97,67,0.6907216494845361,6.802819306395248,4.649238137637868,104.5053365576065,136
train,audio_478.wav,2.0,False,True,True,0.0,0.0,2.702702702702702,0.0,0.0,2.702702702702702,1.351351351351351,0.0,0.0,6.756756756756757,5.405405405405405,0.6666666666666666,4,2,37.0,0.0,0.1756756756756756,0.1216216216216216,0.0675675675675675,0.054054054054054,0.081081081081081,0.1486486486486486,0.0945945945945946,0.0,1.0,1,3,6.5,7,3.5,4.1891891891891895,74,46,0.6216216216216216,5.347391382215687,4.400328845512576,81.47765782212969,82
train,audio_46.wav,3.0,False,True,True,1.0526315789473684,0.0,0.0,0.0,0.0,0.0,0.0,0.0,0.0,1.0526315789473684,1.0526315789473684,0.1428571428571428,1,7,13.714285714285714,0.0,0.21875,0.1354166666666666,0.0833333333333333,0.0833333333333333,0.0625,0.1041666666666666,0.0625,0.4,0.6,4,3,3.571428571428572,5,0.2857142857142857,4.6,95,69,0.7263157894736842,7.079250629387563,4.065230610214662,58.278346555027824,107
train,audio_130.wav,3.0,False,True,True,1.1494252873563218,0.0,0.0,0.0,1.1494252873563218,2.2988505747126435,0.0,0.0,0.0,4.597701149425287,4.597701149425287,0.5,4,4,21.75,0.0,0.1034482758620689,0.2068965517241379,0.1034482758620689,0.0114942528735632,0.0344827586206896,0.2183908045977011,0.057471264367816,0.3,0.7,0,2,4.5,6,1.75,3.8620689655172415,87,41,0.47126436781609193,4.395661392834959,2.868097037912529,17.6034875367759,107
train,audio_437.wav,2.5,False,True,True,0.0,0.0,1.6129032258064515,0.0,0.0,0.0,0.0,0.0,0.0,1.6129032258064515,1.6129032258064515,0.1666666666666666,1,6,10.5,0.0,0.238095238095238,0.1587301587301587,0.0793650793650793,0.0476190476190476,0.0634920634920634,0.1111111111111111,0.0476190476190476,0.0,1.0,1,2,3.5,4,0.5,4.096774193548387,62,37,0.5967741935483871,4.699004699007048,3.369885588345462,29.07520032571696,73
train,audio_771.wav,5.0,False,True,True,0.0,0.0,0.0,0.8620689655172413,0.0,1.7241379310344829,0.0,0.0,0.0,2.586206896551724,2.586206896551724,0.4,3,4,29.0,0.0,0.2758620689655172,0.1379310344827586,0.1120689655172413,0.1034482758620689,0.0258620689655172,0.0258620689655172,0.0603448275862069,0.0,1.0,0,1,7.5,11,2.0,4.775862068965517,116,77,0.6637931034482759,7.149270519816497,3.62676882276348,37.59115648118372,153
train,audio_759.wav,4.0,False,True,True,0.9174311926605504,0.0,0.0,0.9174311926605504,0.0,2.752293577981652,0.9174311926605504,0.0,0.0,5.504587155963303,4.587155963302752,0.5,5,6,18.666666666666668,0.0,0.1696428571428571,0.1785714285714285,0.0714285714285714,0.0714285714285714,0.0625,0.1607142857142857,0.0714285714285714,0.0,1.0,1,3,4.5,10,1.0,4.201834862385321,109,73,0.6697247706422018,6.992131882114405,3.581753089779713,35.93648554261431,122
train,audio_25.wav,3.0,False,True,True,1.162790697674419,1.162790697674419,0.0,1.162790697674419,1.162790697674419,1.162790697674419,0.0,0.0,0.0,5.813953488372093,5.813953488372093,0.6666666666666666,5,6,14.333333333333334,0.0,0.2558139534883721,0.127906976744186,0.0813953488372093,0.0465116279069767,0.0232558139534883,0.1046511627906976,0.0465116279069767,1.0,0.0,0,1,5.833333333333333,10,0.6666666666666666,3.872093023255814,86,50,0.5813953488372093,5.391638660171921,2.824993522799745,16.860835774725558,98
train,audio_191.wav,3.0,False,True,True,0.0,0.0,0.0,1.818181818181818,0.0,0.0,0.0,0.0,1.818181818181818,3.636363636363636,1.818181818181818,0.5,1,3,19.0,0.0,0.1052631578947368,0.1578947368421052,0.0175438596491228,0.0526315789473684,0.1228070175438596,0.175438596491228,0.1052631578947368,0.0,1.0,0,1,5.0,6,1.3333333333333333,3.5090909090909093,55,35,0.6363636363636364,4.719399037242694,3.5554948493615903,35.00513795261152,67
train,audio_182.wav,3.0,False,True,True,0.0,0.0,0.0,0.0,0.0,2.3255813953488373,0.0,0.0,0.0,2.3255813953488373,2.3255813953488373,0.5,1,3,15.333333333333334,0.0,0.1304347826086956,0.1739130434782608,0.0869565217391304,0.0869565217391304,0.1304347826086956,0.2391304347826087,0.0434782608695652,0.0,1.0,0,2,3.6666666666666665,5,2.0,3.5348837209302326,43,36,0.8372093023255814,5.489948531973768,3.511277940538194,33.49104000563535,54
train,audio_236.wav,3.0,False,True,True,1.3888888888888888,0.0,0.0,1.3888888888888888,1.3888888888888888,1.3888888888888888,1.3888888888888888,0.0,0.0,6.944444444444445,5.555555555555555,0.2,4,4,18.25,0.0,0.1095890410958904,0.1643835616438356,0.1095890410958904,0.0410958904109589,0.0684931506849315,0.2054794520547945,0.0136986301369863,0.0,1.0,0,2,6.5,13,1.0,3.430555555555556,72,37,0.5138888888888888,4.360491817317043,2.700420331351365,14.885987457264816,79
train,audio_24.wav,3.0,False,True,True,1.020408163265306,0.0,0.0,1.020408163265306,0.0,1.020408163265306,2.0408163265306123,0.0,0.0,5.1020408163265305,3.061224489795918,0.6666666666666666,3,3,33.0,0.0,0.1818181818181818,0.1212121212121212,0.0808080808080808,0.0808080808080808,0.0505050505050505,0.1515151515151515,0.0808080808080808,0.4166666666666667,0.5833333333333334,0,2,5.666666666666667,7,1.6666666666666667,3.663265306122449,98,60,0.6122448979591837,6.0609152673132645,4.029019869290865,56.205795215160656,117
train,audio_428.wav,3.0,False,True,True,0.7633587786259542,0.7633587786259542,1.5267175572519085,0.7633587786259542,1.5267175572519085,4.580152671755725,0.0,0.0,0.0,9.923664122137405,9.923664122137405,0.75,13,10,13.2,0.1,0.1212121212121212,0.1439393939393939,0.106060606060606,0.0833333333333333,0.106060606060606,0.1666666666666666,0.1287878787878787,0.0909090909090909,0.9090909090909092,5,3,3.3,6,1.1,4.007575757575758,131,59,0.45038167938931295,5.154853934300124,3.936653868792808,51.246835449887655,146
train,audio_678.wav,5.0,False,True,True,0.0,0.0,0.0,0.7751937984496124,0.0,1.550387596899225,0.7751937984496124,0.0,0.0,3.10077519379845,2.3255813953488373,0.2307692307692307,3,13,10.615384615384617,0.3076923076923077,0.1956521739130435,0.1304347826086956,0.0434782608695652,0.1521739130434782,0.1014492753623188,0.1304347826086956,0.0507246376811594,0.0625,0.9375,0,4,3.076923076923077,7,0.7692307692307693,4.253846153846154,129,92,0.7131782945736435,8.100148338195739,3.45851126433797,31.76964468810333,173
train,audio_591.wav,2.0,False,True,True,0.0,0.0,0.0,1.851851851851852,0.0,1.851851851851852,0.0,0.0,0.0,3.703703703703704,3.703703703703704,0.3333333333333333,2,3,18.0,0.0,0.2407407407407407,0.2037037037037037,0.074074074074074,0.1111111111111111,0.0,0.037037037037037,0.1296296296296296,0.0,1.0,0,1,5.0,6,1.0,4.5,54,45,0.8333333333333334,6.123724356957945,4.688079833984375,108.64436417535642,73
train,audio_597.wav,2.0,False,True,True,0.0,0.0,0.0,0.7352941176470589,0.0,1.4705882352941178,1.4705882352941178,0.0,0.0,3.676470588235294,2.2058823529411766,0.6,3,5,27.2,0.0,0.1470588235294117,0.1397058823529411,0.088235294117647,0.088235294117647,0.0588235294117647,0.1764705882352941,0.0735294117647058,0.1666666666666666,0.8333333333333334,0,2,5.8,9,2.0,4.044117647058823,136,71,0.5220588235294118,6.088199772559063,4.10450909588788,60.612982080793714,148
train,audio_580.wav,1.5,False,True,True,1.3157894736842106,1.3157894736842106,0.0,2.631578947368421,0.0,1.3157894736842106,0.0,0.0,0.0,6.578947368421052,6.578947368421052,0.6,5,4,19.0,0.0,0.3289473684210526,0.0921052631578947,0.0263157894736842,0.0263157894736842,0.1052631578947368,0.1184210526315789,0.0,0.0,1.0,0,1,4.75,9,2.25,3.881578947368421,76,39,0.5131578947368421,4.473606810475954,3.447142714754157,31.4105151660298,109
train,audio_19.wav,3.0,False,True,True,0.99009900990099,0.99009900990099,0.0,0.0,0.0,0.0,0.0,0.0,0.0,1.98019801980198,1.98019801980198,0.3333333333333333,2,6,16.833333333333332,0.0,0.1782178217821782,0.1386138613861386,0.0693069306930693,0.0495049504950495,0.0792079207920792,0.1683168316831683,0.0693069306930693,0.8461538461538461,0.1538461538461538,1,4,4.666666666666667,8,1.1666666666666667,3.98019801980198,101,61,0.6039603960396039,6.069726860280934,3.0413797129755435,20.93410637728833,115
train,audio_476.wav,2.0,False,True,True,0.0,1.020408163265306,0.0,1.020408163265306,0.0,3.061224489795918,0.0,0.0,0.0,5.1020408163265305,5.1020408163265305,0.75,5,3,32.666666666666664,0.0,0.2040816326530612,0.1122448979591836,0.1224489795918367,0.0306122448979591,0.0510204081632653,0.1020408163265306,0.0714285714285714,0.0,1.0,3,2,6.333333333333333,12,2.0,3.326530612244898,98,40,0.40816326530612246,4.040610178208843,3.119914899553572,22.64445250815896,105
train,audio_375.wav,3.5,False,True,True,0.0,0.0,0.0,0.0,2.380952380952381,0.0,0.0,0.0,0.0,2.380952380952381,2.380952380952381,0.5,1,2,21.0,0.0,0.2857142857142857,0.0952380952380952,0.0476190476190476,0.0714285714285714,0.0476190476190476,0.0238095238095238,0.0952380952380952,0.0,1.0,0,1,6.0,8,1.5,4.809523809523809,42,32,0.7619047619047619,4.937707198786941,4.423289299011231,83.37006391052512,48
train,audio_642.wav,3.0,False,True,True,0.0,0.0,0.0,0.0,0.0,0.0,0.0,0.0,0.0,0.0,0.0,0.0,0,1,27.0,0.0,0.2592592592592592,0.1111111111111111,0.074074074074074,0.0,0.074074074074074,0.1111111111111111,0.037037037037037,0.0,1.0,0,1,8.0,8,2.0,3.888888888888889,27,20,0.7407407407407407,3.849001794597505,3.375884464808873,29.25014306593184,28
train,audio_66.wav,2.0,False,True,True,0.0,4.166666666666667,0.0,0.0,0.0,4.166666666666667,0.0,0.0,0.0,8.333333333333334,8.333333333333334,1.0,4,2,24.0,0.0,0.3958333333333333,0.1458333333333333,0.0416666666666666,0.0208333333333333,0.0416666666666666,0.0416666666666666,0.0833333333333333,0.4,0.6,0,2,6.5,8,3.0,5.354166666666667,48,41,0.8541666666666666,5.917840259193665,5.960783894856771,387.9140889432251,60
train,audio_186.wav,5.0,False,True,True,0.0,0.0,0.0,0.0,0.7194244604316546,2.158273381294964,2.158273381294964,0.0,0.0,5.035971223021583,2.8776978417266186,0.5714285714285714,4,7,20.142857142857142,0.0,0.1631205673758865,0.1560283687943262,0.0638297872340425,0.0354609929078014,0.0567375886524822,0.2198581560283688,0.0851063829787234,0.0,1.0,0,2,6.428571428571429,10,2.0,4.028776978417266,139,81,0.5827338129496403,6.870330330407765,3.3501251422806293,28.50630076405376,151
train,audio_713.wav,4.0,False,True,True,2.112676056338028,0.0,0.0,0.0,0.0,1.408450704225352,0.0,0.0,0.0,3.5211267605633805,3.5211267605633805,0.75,5,2,71.0,0.0,0.1690140845070422,0.1267605633802817,0.0774647887323943,0.1478873239436619,0.1338028169014084,0.0633802816901408,0.0985915492957746,0.0,1.0,6,3,7.5,8,6.0,4.366197183098592,142,78,0.5492957746478874,6.545614594714175,3.464320806809414,31.954748953148727,162
train,audio_354.wav,3.5,False,True,True,0.8695652173913043,0.0,0.0,0.0,0.0,3.4782608695652173,0.0,0.0,0.0,4.3478260869565215,4.3478260869565215,0.3333333333333333,5,5,23.6,0.0,0.2542372881355932,0.1864406779661017,0.0508474576271186,0.0084745762711864,0.059322033898305,0.1016949152542373,0.0423728813559322,0.1111111111111111,0.8888888888888888,0,3,4.6,7,3.0,4.086956521739131,115,66,0.5739130434782609,6.1545317343860715,3.356307983398437,28.68309667985772,134
train,audio_768.wav,5.0,False,True,True,0.0,0.0,0.6896551724137931,0.0,0.0,0.0,0.6896551724137931,0.0,0.0,1.3793103448275863,0.6896551724137931,0.0909090909090909,1,11,13.636363636363637,0.0,0.1866666666666666,0.1466666666666666,0.0533333333333333,0.08,0.0666666666666666,0.16,0.08,0.0,1.0,0,2,3.8181818181818175,7,0.8181818181818182,4.062068965517241,145,91,0.6275862068965518,7.557138666690337,3.07734861828032,21.700788977168383,168
train,audio_14.wav,3.5,False,True,True,1.3157894736842106,0.0,0.0,1.3157894736842106,0.0,0.0,0.0,0.0,0.0,2.631578947368421,2.631578947368421,0.25,2,4,19.25,0.0,0.2857142857142857,0.1168831168831168,0.0779220779220779,0.0649350649350649,0.0909090909090909,0.0909090909090909,0.0519480519480519,0.0,1.0,2,3,7.0,11,0.5,4.828947368421052,76,57,0.75,6.53834841531101,3.759043147054951,42.90735030570336,89
train,audio_208.wav,4.0,False,True,True,0.0,0.0,0.0,0.8333333333333334,0.0,1.6666666666666667,0.0,0.0,0.0,2.5,2.5,0.2857142857142857,3,6,20.166666666666668,0.0,0.140495867768595,0.1818181818181818,0.0743801652892562,0.0743801652892562,0.0909090909090909,0.1157024793388429,0.1074380165289256,0.0,1.0,0,2,5.666666666666667,8,1.5,4.008333333333334,120,64,0.5333333333333333,5.8423739467217715,2.8185397270030546,16.752369768880797,133
train,audio_418.wav,2.5,False,True,True,0.9345794392523364,0.0,0.9345794392523364,0.9345794392523364,0.0,0.9345794392523364,0.0,0.0,0.0,3.7383177570093458,3.7383177570093458,0.4285714285714285,4,7,15.428571428571429,0.0,0.2777777777777778,0.0925925925925925,0.0925925925925925,0.0648148148148148,0.074074074074074,0.074074074074074,0.074074074074074,0.1666666666666666,0.8333333333333334,1,4,4.571428571428571,6,0.8571428571428571,4.345794392523365,107,62,0.5794392523364486,5.9937662320831135,3.817994530521222,45.51284211964361,134
train,audio_212.wav,5.0,False,True,True,0.6944444444444444,0.0,0.0,0.6944444444444444,0.0,1.3888888888888888,0.0,0.0,0.0,2.7777777777777777,2.7777777777777777,0.1818181818181818,4,12,12.333333333333334,0.0,0.2432432432432432,0.1081081081081081,0.1148648648648648,0.0675675675675675,0.0743243243243243,0.1013513513513513,0.0743243243243243,0.0,1.0,1,2,3.333333333333333,8,0.5,4.333333333333333,144,79,0.5486111111111112,6.583333333333333,3.7423095703125,42.19533079754663,175
train,audio_177.wav,2.0,False,True,True,0.9009009009009008,0.0,0.0,1.8018018018018016,0.0,4.504504504504505,0.0,0.0,0.0,7.207207207207207,7.207207207207207,0.3636363636363636,8,11,10.454545454545457,0.0,0.2869565217391304,0.1478260869565217,0.0434782608695652,0.0434782608695652,0.0434782608695652,0.0869565217391304,0.0347826086956521,0.1428571428571428,0.8571428571428571,0,2,3.8181818181818175,6,0.4545454545454545,4.621621621621622,111,66,0.5945945945945946,6.264442771966494,3.5015739327046407,33.16761449094843,134
train,audio_503.wav,2.5,False,True,True,1.5267175572519085,0.0,0.7633587786259542,3.053435114503817,0.0,1.5267175572519085,0.0,0.0,0.0,6.870229007633588,6.870229007633588,0.5714285714285714,9,6,22.0,0.0,0.2272727272727272,0.0909090909090909,0.0757575757575757,0.0378787878787878,0.053030303030303,0.1818181818181818,0.0984848484848484,0.6875,0.3125,2,3,3.333333333333333,8,0.5,3.946564885496183,131,68,0.5190839694656488,5.941187585295058,3.969293731489992,52.94712274566092,153
train,audio_564.wav,2.0,False,True,True,3.92156862745098,0.0,0.0,0.0,0.0,3.92156862745098,1.96078431372549,0.0,0.0,9.803921568627452,7.84313725490196,1.0,4,2,25.5,0.0,0.2549019607843137,0.0784313725490196,0.0392156862745098,0.0392156862745098,0.0980392156862745,0.0392156862745098,0.0980392156862745,0.3333333333333333,0.6666666666666666,2,4,4.5,8,0.0,4.313725490196078,51,31,0.6078431372549019,4.34086826048683,4.491692469670222,89.27240893693782,52
train,audio_257.wav,4.5,False,True,True,2.061855670103093,0.0,1.0309278350515465,1.0309278350515465,0.0,3.09278350515464,1.0309278350515465,0.0,0.0,8.24742268041237,7.216494845360825,1.0,7,2,48.5,0.0,0.3711340206185567,0.1030927835051546,0.0618556701030927,0.0412371134020618,0.0206185567010309,0.0412371134020618,0.0721649484536082,0.0,1.0,0,2,12.5,15,3.0,4.989690721649485,97,75,0.7731958762886598,7.615096238502144,4.92492091966712,137.6784535544099,115
train,audio_408.wav,4.0,False,True,True,0.0,0.0,0.0,0.0,0.0,0.0,0.0,0.0,0.0,0.0,0.0,0.0,0,6,16.333333333333332,0.0,0.1428571428571428,0.1836734693877551,0.0612244897959183,0.1122448979591836,0.0612244897959183,0.1530612244897959,0.0612244897959183,0.0,1.0,0,2,4.833333333333333,6,1.1666666666666667,3.979591836734694,98,55,0.5612244897959183,5.555838995037159,3.0461325905539773,21.03384044627561,110
train,audio_468.wav,2.5,False,True,True,0.0,0.9090909090909092,0.0,0.9090909090909092,0.0,3.636363636363636,0.9090909090909092,0.0,0.0,6.363636363636363,5.454545454545454,0.8333333333333334,6,6,18.5,0.0,0.2252252252252252,0.1351351351351351,0.063063063063063,0.054054054054054,0.054054054054054,0.1351351351351351,0.0990990990990991,0.0,1.0,0,2,6.5,9,1.1666666666666667,4.254545454545455,110,61,0.5545454545454546,5.816121794398113,3.868487161303324,47.86991181870184,126
train,audio_574.wav,2.5,False,True,True,0.8,0.0,0.0,0.0,0.0,1.6,0.0,0.0,0.0,2.4,2.4,0.3333333333333333,3,5,25.0,0.0,0.288,0.088,0.08,0.024,0.128,0.144,0.056,0.125,0.875,1,4,5.4,8,2.6,4.648,125,63,0.504,5.63489130329947,4.209307620399876,67.30991965730095,152
train,audio_26.wav,4.0,False,True,True,0.8620689655172413,0.0,0.0,0.8620689655172413,0.0,0.8620689655172413,0.0,0.0,0.0,2.586206896551724,2.586206896551724,0.5,3,3,39.333333333333336,0.0,0.1779661016949152,0.1101694915254237,0.0254237288135593,0.1271186440677966,0.0847457627118644,0.1101694915254237,0.0762711864406779,0.1428571428571428,0.8571428571428571,0,2,5.333333333333333,7,2.6666666666666665,3.775862068965517,116,68,0.5862068965517241,6.313641498019764,2.9657345094542573,19.40895406740721,138
train,audio_480.wav,3.0,False,True,True,0.0,0.0,0.0,0.8403361344537815,0.8403361344537815,0.8403361344537815,1.680672268907563,0.0,0.0,4.201680672268908,2.5210084033613445,1.0,3,1,119.0,0.0,0.2184873949579832,0.1176470588235294,0.0756302521008403,0.0168067226890756,0.0924369747899159,0.134453781512605,0.0924369747899159,0.0,1.0,1,2,12.0,12,3.0,4.26890756302521,119,56,0.47058823529411764,5.133511583357984,3.4897100730020494,32.77644355266038,122
train,audio_706.wav,3.0,False,True,True,0.0,0.0,0.7299270072992701,0.7299270072992701,0.7299270072992701,2.18978102189781,0.0,0.0,0.0,4.37956204379562,4.37956204379562,0.4,6,8,17.375,0.0,0.1798561151079136,0.1007194244604316,0.0503597122302158,0.0647482014388489,0.1007194244604316,0.1726618705035971,0.079136690647482,0.8235294117647058,0.1764705882352941,0,4,4.875,8,0.875,3.510948905109489,137,60,0.43795620437956206,5.126145946300565,3.2816256819100214,26.61901158961462,145
train,audio_57.wav,2.5,False,True,True,0.8403361344537815,0.0,0.8403361344537815,0.8403361344537815,0.0,4.201680672268908,0.8403361344537815,0.0,0.0,7.563025210084033,6.722689075630252,1.0,8,3,40.0,0.0,0.225,0.1666666666666666,0.0416666666666666,0.05,0.1083333333333333,0.15,0.1,0.1111111111111111,0.8888888888888888,0,3,7.666666666666667,8,4.0,4.151260504201681,119,70,0.5882352941176471,6.416889479197479,3.78404568550282,43.99366672556392,133
train,audio_209.wav,5.0,False,True,True,0.0,0.0,0.0,0.0,0.0,1.6666666666666667,0.8333333333333334,0.0,0.0,2.5,1.6666666666666667,0.6,2,4,30.5,0.0,0.1475409836065573,0.1393442622950819,0.0983606557377049,0.081967213114754,0.0901639344262295,0.2049180327868852,0.0901639344262295,0.2666666666666666,0.7333333333333333,0,3,6.0,9,3.25,4.0588235294117645,120,73,0.6083333333333333,6.663957782979521,3.1920736848021583,24.33884624423501,139
train,audio_712.wav,4.0,False,True,True,0.7299270072992701,0.0,0.0,0.7299270072992701,0.0,2.18978102189781,0.0,0.0,0.0,3.6496350364963503,3.6496350364963503,0.2857142857142857,5,7,20.0,0.0,0.1928571428571428,0.1214285714285714,0.0857142857142857,0.1071428571428571,0.0785714285714285,0.1357142857142857,0.0285714285714285,0.2,0.8,2,3,5.0,8,1.1428571428571428,4.035971223021583,137,87,0.635036496350365,7.43291162213582,3.559496008831522,35.1454796693907,161
train,audio_353.wav,3.0,False,True,True,0.0,0.0,0.0,0.0,0.0,2.380952380952381,1.1904761904761905,0.0,0.0,3.571428571428572,2.380952380952381,1.0,2,3,28.33333333333333,0.0,0.1294117647058823,0.188235294117647,0.0705882352941176,0.0588235294117647,0.0588235294117647,0.1764705882352941,0.1647058823529411,0.0,1.0,0,1,4.333333333333333,6,0.6666666666666666,3.642857142857143,84,47,0.5595238095238095,5.128120420545821,3.441442549856085,31.23197937518741,95
train,audio_575.wav,2.0,False,True,True,0.0,0.0,0.0,0.0,0.0,0.8547008547008547,0.8547008547008547,0.0,0.0,1.709401709401709,0.8547008547008547,0.5,1,4,30.0,0.0,0.1833333333333333,0.0916666666666666,0.0666666666666666,0.05,0.1333333333333333,0.2583333333333333,0.075,0.0,1.0,0,3,6.25,11,3.5,3.871794871794872,117,66,0.5641025641025641,6.1017021584775195,3.7931283804086537,44.39506792104408,130
train,audio_383.wav,3.5,False,True,True,0.0,0.0,0.0,1.3157894736842106,0.0,2.631578947368421,0.0,0.0,0.0,3.947368421052632,3.947368421052632,0.5,3,4,19.0,0.0,0.2236842105263158,0.1842105263157894,0.0394736842105263,0.0263157894736842,0.0263157894736842,0.2105263157894736,0.0789473684210526,0.0,1.0,0,2,5.0,6,1.5,4.276315789473684,76,46,0.6052631578947368,5.27656187902292,3.121251176043254,22.67473198403756,82
train,audio_781.wav,5.0,False,True,True,0.0,0.0,0.0,0.0,1.098901098901099,2.197802197802198,1.098901098901099,0.0,0.0,4.395604395604396,3.2967032967032965,0.4,3,5,18.8,0.0,0.1170212765957446,0.2127659574468085,0.0744680851063829,0.0212765957446808,0.0744680851063829,0.2446808510638297,0.0212765957446808,0.0,1.0,1,3,6.0,9,2.6,4.230769230769231,91,58,0.6373626373626373,6.080052052987126,3.235206310565655,25.411613922517507,104
train,audio_118.wav,4.5,False,True,True,0.0,0.0,0.0,0.0,0.0,0.0,0.0,0.0,0.0,0.0,0.0,0.0,0,5,17.2,0.0,0.3488372093023256,0.127906976744186,0.0813953488372093,0.0116279069767441,0.0813953488372093,0.0116279069767441,0.0813953488372093,0.0,1.0,0,2,4.4,6,1.2,4.534883720930233,86,56,0.6511627906976745,6.038635299392551,3.6844554227941178,39.823429611658334,102
train,audio_337.wav,5.0,False,True,True,0.6944444444444444,0.6944444444444444,0.0,0.0,0.0,4.166666666666667,0.6944444444444444,0.0,0.0,6.25,5.555555555555555,0.5,8,7,21.428571428571427,0.0,0.22,0.0933333333333333,0.0733333333333333,0.08,0.0733333333333333,0.14,0.1,0.1176470588235294,0.8823529411764706,0,2,5.571428571428571,8,1.2857142857142858,4.166666666666667,144,89,0.6180555555555556,7.416666666666667,3.247268497242647,25.719989657301515,170
train,audio_715.wav,3.0,False,True,True,0.0,0.704225352112676,0.704225352112676,0.0,0.0,1.408450704225352,0.0,0.0,0.0,2.816901408450704,2.816901408450704,0.3333333333333333,4,6,24.33333333333333,0.0,0.2191780821917808,0.1232876712328767,0.0684931506849315,0.0821917808219178,0.0684931506849315,0.1027397260273972,0.0821917808219178,0.0,1.0,0,2,7.5,15,1.5,4.633802816901408,142,79,0.5563380281690141,6.629532730543844,4.071504617039161,58.64513471157227,158
train,audio_323.wav,3.5,False,True,True,0.0,0.0,0.0,0.0,0.0,1.098901098901099,0.0,0.0,0.0,1.098901098901099,1.098901098901099,0.2,1,3,31.0,0.0,0.2150537634408602,0.2043010752688172,0.032258064516129,0.064516129032258,0.043010752688172,0.086021505376344,0.0967741935483871,0.0,1.0,1,2,5.333333333333333,11,2.6666666666666665,4.813186813186813,91,57,0.6263736263736264,5.9752235693149345,3.982432582922149,53.64737732191478,114
train,audio_374.wav,4.0,False,True,True,0.0,0.0,0.0,0.0,0.0,2.6666666666666665,1.3333333333333333,0.0,0.0,4.0,2.6666666666666665,1.0,2,3,25.666666666666668,0.0,0.1558441558441558,0.1818181818181818,0.0649350649350649,0.0909090909090909,0.0649350649350649,0.2337662337662337,0.0649350649350649,0.1428571428571428,0.8571428571428571,2,4,5.333333333333333,7,0.3333333333333333,3.973333333333333,75,50,0.6666666666666666,5.773502691896257,3.372955322265625,29.164590586354272,88
train,audio_348.wav,3.5,False,True,True,0.0,0.0,0.0,0.0,0.0,1.36986301369863,1.36986301369863,0.0,0.0,2.73972602739726,1.36986301369863,0.6666666666666666,1,6,12.833333333333334,0.1666666666666666,0.1298701298701298,0.2337662337662337,0.0519480519480519,0.0389610389610389,0.0909090909090909,0.2077922077922078,0.1038961038961039,0.0,1.0,0,2,2.6666666666666665,7,1.1666666666666667,4.2465753424657535,73,47,0.6438356164383562,5.500933918218137,3.3906084225501543,29.68400719665713,81
train,audio_547.wav,3.0,False,True,True,0.0,0.0,1.2987012987012987,1.2987012987012987,0.0,1.2987012987012987,0.0,0.0,0.0,3.896103896103896,3.896103896103896,0.25,3,4,19.25,0.0,0.3766233766233766,0.0909090909090909,0.0909090909090909,0.0779220779220779,0.0259740259740259,0.0779220779220779,0.0389610389610389,0.2,0.8,0,2,5.0,8,0.25,4.987012987012987,77,57,0.7402597402597403,6.495752858199363,4.573182605561756,96.85186105927332,105
train,audio_41.wav,4.0,False,True,True,0.0,0.0,0.0,0.0,0.0,0.99009900990099,0.0,0.0,0.0,0.99009900990099,0.99009900990099,0.3333333333333333,1,2,51.0,0.0,0.1666666666666666,0.1666666666666666,0.0,0.0686274509803921,0.0686274509803921,0.2058823529411764,0.088235294117647,0.0,1.0,0,1,7.5,9,4.5,4.257425742574258,101,61,0.6039603960396039,6.069726860280934,2.91973876953125,18.53644454311876,107
train,audio_284.wav,4.5,False,True,True,0.0,0.0,0.0,0.0,0.0,1.834862385321101,1.834862385321101,0.0,0.0,3.669724770642202,1.834862385321101,0.6666666666666666,2,2,56.5,0.0,0.2743362831858407,0.1327433628318584,0.0884955752212389,0.0353982300884955,0.0442477876106194,0.1327433628318584,0.0884955752212389,0.0909090909090909,0.9090909090909092,0,3,10.0,10,5.5,4.339449541284404,109,71,0.6513761467889908,6.800566625070174,3.7195671081542967,41.24653495470323,120
train,audio_13.wav,3.0,False,True,True,0.0,0.0,0.0,0.0,0.0,1.834862385321101,2.752293577981652,0.0,0.0,4.587155963302752,1.834862385321101,1.0,2,2,55.5,0.0,0.2162162162162162,0.1261261261261261,0.081081081081081,0.054054054054054,0.045045045045045,0.09009009009009,0.0990990990990991,0.0,1.0,0,1,6.0,8,4.0,3.8623853211009176,109,64,0.5871559633027523,6.130088225415369,3.6249052902747847,37.521169371673565,116
train,audio_548.wav,3.5,False,True,True,0.819672131147541,0.819672131147541,0.0,1.639344262295082,0.0,4.918032786885246,0.819672131147541,0.0,0.0,9.01639344262295,8.19672131147541,0.75,10,7,17.714285714285715,0.0,0.2580645161290322,0.1129032258064516,0.0806451612903225,0.032258064516129,0.0887096774193548,0.1532258064516129,0.0403225806451612,0.0909090909090909,0.9090909090909092,0,3,4.428571428571429,6,1.1428571428571428,4.114754098360656,122,82,0.6721311475409836,7.423931175486519,4.060055940047555,57.97755425538888,138
train,audio_687.wav,4.5,False,True,True,0.8333333333333334,0.0,0.0,0.0,0.0,2.5,0.0,0.0,0.0,3.333333333333333,3.333333333333333,0.4285714285714285,4,5,24.8,0.0,0.2258064516129032,0.1048387096774193,0.0806451612903225,0.0725806451612903,0.0967741935483871,0.1370967741935483,0.1048387096774193,0.0,1.0,0,1,5.0,7,2.2,4.125,120,75,0.625,6.846531968814577,3.415643664373868,30.43653403655483,138
train,audio_104.wav,2.5,False,True,True,0.0,0.970873786407767,0.0,0.0,0.0,0.0,0.0,0.0,0.0,0.970873786407767,0.970873786407767,0.1666666666666666,1,6,17.166666666666668,0.0,0.174757281553398,0.145631067961165,0.0485436893203883,0.0679611650485436,0.087378640776699,0.145631067961165,0.0776699029126213,0.0,1.0,0,1,4.333333333333333,7,0.6666666666666666,3.718446601941748,103,51,0.49514563106796117,5.025179318637895,2.6718897585008965,14.467283047503647,122
train,audio_181.wav,3.0,False,True,True,0.0,1.020408163265306,0.0,1.020408163265306,0.0,1.020408163265306,0.0,0.0,0.0,3.061224489795918,3.061224489795918,0.75,3,3,32.666666666666664,0.0,0.2857142857142857,0.1836734693877551,0.0306122448979591,0.0918367346938775,0.010204081632653,0.0816326530612244,0.0612244897959183,0.0,1.0,0,1,5.0,6,2.0,4.418367346938775,98,66,0.673469387755102,6.667006794044591,4.262430063883463,70.9822654810428,120
train,audio_755.wav,4.0,False,True,True,0.0,0.0,0.0,1.0,0.0,1.0,1.0,0.0,0.0,3.0,2.0,0.4,2,4,25.5,0.0,0.2254901960784313,0.1470588235294117,0.0784313725490196,0.0490196078431372,0.0196078431372549,0.0980392156862745,0.088235294117647,0.0,1.0,0,1,5.5,7,1.25,4.09,100,56,0.56,5.6,3.3744834617332176,29.20919221836304,108
train,audio_733.wav,5.0,False,True,True,0.0,0.0,0.0,0.0,0.0,0.7352941176470589,0.7352941176470589,0.7352941176470589,0.0,2.2058823529411766,0.7352941176470589,0.3333333333333333,1,9,15.333333333333334,0.0,0.1739130434782608,0.1594202898550724,0.072463768115942,0.036231884057971,0.0869565217391304,0.2246376811594203,0.0579710144927536,0.0,1.0,1,3,4.0,7,2.0,3.8308823529411766,136,69,0.5073529411764706,5.916701187416555,3.195645454602364,24.42593443712477,156
train,audio_5072.wav,0.0,True,True,True,0.7575757575757576,0.0,0.0,0.7575757575757576,0.7575757575757576,2.272727272727273,0.0,0.0,0.0,4.545454545454546,4.545454545454546,0.7142857142857143,6,7,18.857142857142858,0.0,0.1287878787878787,0.1969696969696969,0.0606060606060606,0.0909090909090909,0.0757575757575757,0.2045454545454545,0.053030303030303,0.0,1.0,2,3,5.285714285714286,10,0.7142857142857143,3.704545454545455,132,57,0.4318181818181818,4.961213194737389,2.9191170716897035,18.52492405705808,156
train,audio_776.wav,4.5,False,True,True,0.0,0.0,0.0,1.36986301369863,0.0,1.36986301369863,0.0,0.0,0.0,2.73972602739726,2.73972602739726,0.4,2,5,14.8,0.0,0.1351351351351351,0.1756756756756756,0.0675675675675675,0.0405405405405405,0.081081081081081,0.2027027027027027,0.1081081081081081,0.0,1.0,0,2,4.0,6,1.0,3.671232876712329,73,56,0.7671232876712328,6.554304242983312,3.2269569396972657,25.202846379272565,80
train,audio_70.wav,2.0,False,True,True,0.0,0.0,0.0,0.0,0.0,4.285714285714286,0.0,0.0,0.0,4.285714285714286,4.285714285714286,0.6666666666666666,3,2,35.0,0.0,0.2428571428571428,0.1714285714285714,0.0857142857142857,0.0142857142857142,0.0428571428571428,0.1142857142857142,0.0714285714285714,0.0,1.0,0,1,6.5,9,2.5,4.271428571428571,70,47,0.6714285714285714,5.61757446387165,3.748039921627769,42.43781897455575,79
train,audio_49.wav,3.0,False,True,True,0.0,0.0,0.0,1.0526315789473684,0.0,2.1052631578947367,1.0526315789473684,0.0,0.0,4.2105263157894735,3.1578947368421053,1.0,3,2,49.5,0.0,0.1818181818181818,0.101010101010101,0.0808080808080808,0.0404040404040404,0.0808080808080808,0.101010101010101,0.1212121212121212,0.0,1.0,0,1,7.5,10,4.0,3.7578947368421054,95,53,0.5578947368421052,5.437685266051317,3.4305631197415867,30.894034893233403,104
train,audio_527.wav,5.0,False,True,True,1.5625,0.0,0.0,0.78125,0.78125,0.0,0.0,0.0,0.0,3.125,3.125,0.3333333333333333,4,8,16.125,0.125,0.2868217054263566,0.1240310077519379,0.0697674418604651,0.0155038759689922,0.0542635658914728,0.0775193798449612,0.0697674418604651,0.0,1.0,1,3,4.875,7,0.75,4.8203125,128,79,0.6171875,6.982679464217156,3.2626885550362723,26.119666988527307,140
train,audio_273.wav,3.5,False,True,True,0.0,0.0,0.9615384615384616,0.0,0.0,0.0,0.0,0.0,0.0,0.9615384615384616,0.9615384615384616,0.125,1,8,13.375,0.25,0.1682242990654205,0.1588785046728972,0.0560747663551401,0.1214953271028037,0.0560747663551401,0.2242990654205607,0.0560747663551401,0.0,1.0,0,2,3.5,6,1.0,4.173076923076923,104,64,0.6153846153846154,6.275716324421889,3.99287586827432,54.2105678528365,124
train,audio_139.wav,4.0,False,True,True,0.0,0.0,1.639344262295082,1.639344262295082,0.0,1.639344262295082,3.278688524590164,0.0,0.0,8.19672131147541,4.918032786885246,0.5,3,4,15.25,0.0,0.2622950819672131,0.2786885245901639,0.081967213114754,0.0163934426229508,0.0491803278688524,0.0163934426229508,0.0983606557377049,0.0,1.0,0,1,6.75,9,1.5,5.901639344262295,61,51,0.8360655737704918,6.529880876577695,3.965185546875,52.73005237845515,70
train,audio_467.wav,3.0,False,True,True,0.0,0.8333333333333334,0.0,1.6666666666666667,0.0,3.333333333333333,0.8333333333333334,0.8333333333333334,0.0,7.5,5.833333333333333,0.8333333333333334,7,4,31.0,0.0,0.2661290322580645,0.0887096774193548,0.0403225806451612,0.0887096774193548,0.0887096774193548,0.1048387096774193,0.0483870967741935,0.0714285714285714,0.9285714285714286,2,3,5.0,7,2.25,4.191666666666666,120,62,0.5166666666666667,5.659799760886717,4.527675961488045,92.5432369215808,149
train,audio_407.wav,4.5,False,True,True,0.0,0.0,0.847457627118644,0.0,0.0,0.847457627118644,1.694915254237288,0.0,0.0,3.389830508474576,1.694915254237288,0.2,2,4,29.75,0.0,0.1596638655462184,0.1932773109243697,0.0756302521008403,0.0672268907563025,0.1176470588235294,0.1260504201680672,0.0504201680672268,0.125,0.875,0,3,5.75,8,3.5,4.161016949152542,118,66,0.559322033898305,6.0757924781289345,3.2840561977652616,26.68378820774422,129
train,audio_404.wav,4.5,False,True,True,0.0,0.0,0.0,1.4814814814814814,0.0,2.2222222222222223,0.7407407407407407,0.0,0.0,4.444444444444445,3.703703703703704,0.5714285714285714,5,6,23.166666666666668,0.0,0.2086330935251798,0.1079136690647482,0.0935251798561151,0.1223021582733813,0.0719424460431654,0.1079136690647482,0.0647482014388489,0.0,1.0,0,2,5.166666666666667,9,1.3333333333333333,4.231343283582089,135,87,0.6444444444444445,7.487767802667673,3.703835738332648,40.60274756499861,152
train,audio_534.wav,3.0,False,True,True,0.0,0.0,0.6493506493506493,0.6493506493506493,0.0,1.948051948051948,0.6493506493506493,0.0,0.0,3.896103896103896,3.2467532467532467,0.6,5,3,51.66666666666666,0.0,0.1741935483870967,0.1096774193548387,0.0580645161290322,0.032258064516129,0.1741935483870967,0.1548387096774193,0.0774193548387096,0.0,1.0,14,3,7.666666666666667,13,3.0,4.103896103896104,154,70,0.45454545454545453,5.640760748177662,3.5331559444497698,34.23183107697321,163
train,audio_96.wav,3.0,False,True,True,0.0,0.0,0.0,1.3157894736842106,0.0,3.947368421052632,0.0,0.0,0.0,5.2631578947368425,5.2631578947368425,0.5,4,3,25.666666666666668,0.0,0.1948051948051948,0.1298701298701298,0.0779220779220779,0.0909090909090909,0.0649350649350649,0.1818181818181818,0.0649350649350649,0.1428571428571428,0.8571428571428571,0,3,5.333333333333333,7,1.3333333333333333,3.934210526315789,76,49,0.6447368421052632,5.620685479828762,3.347960127160904,28.44465095236025,94
train,audio_137.wav,2.5,False,True,True,2.197802197802198,0.0,1.098901098901099,2.197802197802198,0.0,2.197802197802198,0.0,0.0,0.0,7.6923076923076925,7.6923076923076925,0.5,7,4,22.75,0.0,0.1538461538461538,0.1208791208791208,0.0439560439560439,0.0989010989010989,0.1098901098901098,0.1868131868131868,0.0879120879120879,0.8461538461538461,0.1538461538461538,0,3,5.0,7,1.75,4.0989010989010985,91,61,0.6703296703296703,6.394537504003702,4.243702898121843,69.66533847214608,99
train,audio_150.wav,2.5,False,True,True,0.8771929824561403,0.0,1.7543859649122806,0.0,0.0,2.631578947368421,0.8771929824561403,0.0,0.0,6.140350877192983,5.2631578947368425,0.6666666666666666,6,9,12.666666666666666,0.0,0.2105263157894736,0.1842105263157894,0.0350877192982456,0.0614035087719298,0.0614035087719298,0.1491228070175438,0.0350877192982456,0.0,1.0,0,1,3.6666666666666665,6,0.6666666666666666,3.991228070175439,114,48,0.42105263157894735,4.495611895592131,3.4510929020306538,31.534837970907024,131
train,audio_339.wav,5.0,False,True,True,0.0,0.0,0.0,0.0,0.0,0.9523809523809524,0.0,0.0,0.0,0.9523809523809524,0.9523809523809524,0.2,1,4,27.25,0.0,0.2568807339449541,0.1009174311926605,0.073394495412844,0.073394495412844,0.1009174311926605,0.073394495412844,0.0825688073394495,0.0,1.0,2,2,6.75,12,2.0,4.371428571428571,105,69,0.6571428571428571,6.733710503344879,4.245346195441632,69.7799134507337,121
train,audio_409.wav,5.0,False,True,True,0.0,0.0,0.0,0.8333333333333334,0.0,0.0,0.8333333333333334,0.0,0.0,1.6666666666666667,0.8333333333333334,0.1666666666666666,1,9,13.666666666666666,0.0,0.1788617886178861,0.1544715447154471,0.032520325203252,0.089430894308943,0.08130081300813,0.1463414634146341,0.089430894308943,0.0,1.0,0,1,4.0,10,1.1111111111111112,3.7916666666666665,120,66,0.55,6.024948132556827,2.902251041296757,18.215102201668643,132
train,audio_78.wav,2.0,False,True,True,0.0,0.0,0.9615384615384616,0.9615384615384616,0.9615384615384616,4.807692307692308,0.9615384615384616,0.0,0.0,8.653846153846153,7.6923076923076925,1.0,8,2,52.5,0.0,0.1809523809523809,0.1142857142857142,0.0666666666666666,0.0476190476190476,0.1238095238095238,0.1809523809523809,0.0476190476190476,0.1111111111111111,0.8888888888888888,1,4,8.0,11,7.5,3.8365384615384617,104,52,0.5,5.099019513592785,4.022361158288043,55.83278034548776,115
train,audio_244.wav,3.5,False,True,True,0.0,0.0,1.96078431372549,3.92156862745098,0.0,0.9803921568627452,0.9803921568627452,0.0,0.0,7.84313725490196,6.862745098039215,1.0,7,2,51.0,0.0,0.1666666666666666,0.1470588235294117,0.0490196078431372,0.1078431372549019,0.0392156862745098,0.1862745098039215,0.0980392156862745,0.0,1.0,0,2,8.5,12,3.5,3.872549019607843,102,62,0.6078431372549019,6.138914766455381,3.771530826534845,43.44652304520247,113
train,audio_752.wav,4.0,False,True,True,1.2048192771084338,0.0,0.0,1.2048192771084338,0.0,2.409638554216868,0.0,0.0,0.0,4.819277108433735,4.819277108433735,0.75,4,4,21.25,0.0,0.1764705882352941,0.0941176470588235,0.0941176470588235,0.1058823529411764,0.0470588235294117,0.1647058823529411,0.0470588235294117,0.8,0.2,0,2,5.5,7,1.25,3.867469879518072,83,54,0.6506024096385542,5.927270039443279,3.24802981140793,25.73957810529389,93
train,audio_508.wav,3.0,False,True,True,0.8771929824561403,0.0,0.0,0.0,0.0,1.7543859649122806,0.0,0.0,0.0,2.631578947368421,2.631578947368421,0.375,3,10,11.4,0.0,0.1842105263157894,0.1403508771929824,0.087719298245614,0.0263157894736842,0.087719298245614,0.2017543859649122,0.0701754385964912,0.5,0.5,2,4,4.0,6,0.9,3.780701754385965,114,60,0.5263157894736842,5.619514869490164,3.2311043739318848,25.307590586868145,128
train,audio_664.wav,2.5,False,True,True,2.6666666666666665,0.0,1.3333333333333333,0.0,0.0,1.3333333333333333,1.3333333333333333,0.0,0.0,6.666666666666667,5.333333333333333,1.0,4,2,39.0,0.0,0.1538461538461538,0.0897435897435897,0.1153846153846153,0.1025641025641025,0.0897435897435897,0.1538461538461538,0.0769230769230769,0.6666666666666666,0.3333333333333333,0,3,6.0,8,4.5,4.173333333333333,75,43,0.5733333333333334,4.965212315030781,3.891568206077398,48.98764904722562,86
train,audio_701.wav,2.5,False,True,True,0.0,0.0,1.1764705882352942,1.1764705882352942,0.0,0.0,1.1764705882352942,0.0,0.0,3.5294117647058822,2.3529411764705883,0.75,2,5,17.6,0.4,0.2840909090909091,0.1022727272727272,0.0795454545454545,0.0568181818181818,0.0681818181818181,0.1022727272727272,0.0795454545454545,0.0,1.0,1,3,5.6,7,1.0,4.117647058823529,85,56,0.6588235294117647,6.074052818922373,3.754674275716146,42.720302504133926,108
train,audio_5044.wav,0.0,True,True,True,0.0,0.0,0.0,0.0,0.0,0.0,0.0,0.0,0.0,0.0,0.0,0.0,0,1,35.0,0.0,0.1142857142857142,0.1142857142857142,0.0857142857142857,0.0857142857142857,0.0857142857142857,0.2571428571428571,0.0571428571428571,0.3333333333333333,0.6666666666666666,0,3,7.0,7,3.0,3.636363636363636,32,28,0.875,4.949747468305833,2.692453808254666,14.767869015718778,36
train,audio_734.wav,4.5,False,True,True,0.0,0.0,0.0,0.0,0.0,1.639344262295082,0.819672131147541,0.0,0.0,2.459016393442623,1.639344262295082,0.3333333333333333,2,5,24.8,0.0,0.1774193548387097,0.2016129032258064,0.0564516129032258,0.0161290322580645,0.0967741935483871,0.2338709677419354,0.0564516129032258,0.0,1.0,0,3,5.6,9,2.6,3.950819672131148,122,59,0.48360655737704916,5.341609016508593,3.220554896763393,25.04201205814252,133
train,audio_51.wav,3.0,False,True,True,1.2658227848101269,0.0,0.0,0.0,0.0,0.0,0.0,0.0,0.0,1.2658227848101269,1.2658227848101269,0.1428571428571428,1,7,11.428571428571429,0.0,0.1875,0.075,0.0875,0.15,0.125,0.15,0.0375,0.75,0.25,2,3,3.857142857142857,7,0.4285714285714285,4.291139240506329,79,48,0.6075949367088608,5.400421924444915,3.029199973824098,20.680680883331128,97
train,audio_704.wav,2.0,False,True,True,0.0,1.7857142857142858,0.0,1.7857142857142858,0.0,7.142857142857143,0.0,0.0,0.0,10.714285714285714,10.714285714285714,0.3333333333333333,6,2,28.0,0.0,0.3035714285714285,0.1785714285714285,0.0178571428571428,0.0892857142857142,0.0,0.1071428571428571,0.0535714285714285,0.0,1.0,0,1,8.5,12,1.0,4.571428571428571,56,48,0.8571428571428571,6.4142698058981855,4.971997822800728,144.31491518889774,73
train,audio_129.wav,3.5,False,True,True,0.0,0.0,1.1764705882352942,0.0,0.0,2.3529411764705883,0.0,0.0,0.0,3.5294117647058822,3.5294117647058822,0.4,3,5,17.0,0.0,0.3294117647058823,0.1764705882352941,0.0470588235294117,0.0352941176470588,0.0117647058823529,0.0352941176470588,0.0588235294117647,0.0,1.0,0,2,5.0,6,1.8,5.0,85,60,0.7058823529411765,6.507913734559685,3.5981093897964014,36.52910681549552,99
train,audio_107.wav,4.0,False,True,True,0.0,0.0,0.0,0.0,0.0,1.7699115044247788,0.0,0.8849557522123894,0.0,2.6548672566371683,1.7699115044247788,0.3333333333333333,2,8,14.625,0.125,0.3418803418803419,0.094017094017094,0.0512820512820512,0.017094017094017,0.0598290598290598,0.1025641025641025,0.0769230769230769,0.0,1.0,0,2,4.75,12,0.5,4.241071428571429,113,65,0.5752212389380531,6.114685644493382,3.8547842843191966,47.21843008678946,140
train,audio_143.wav,5.0,False,True,True,0.0,0.0,0.9009009009009008,0.9009009009009008,0.0,1.8018018018018016,0.0,0.9009009009009008,0.0,4.504504504504505,3.603603603603604,0.25,4,8,14.0,0.0,0.3125,0.1160714285714285,0.1160714285714285,0.0625,0.0446428571428571,0.0267857142857142,0.0446428571428571,0.0,1.0,0,2,5.125,8,0.75,4.603603603603603,111,82,0.7387387387387387,7.783095565170492,3.641081355168269,38.13304980888534,130
train,audio_458.wav,3.0,False,True,True,0.0,0.0,1.3986013986013983,0.0,0.0,1.3986013986013983,0.0,0.0,0.0,2.797202797202797,2.797202797202797,0.4,4,10,14.3,0.0,0.2307692307692307,0.1608391608391608,0.0769230769230769,0.0489510489510489,0.0419580419580419,0.0979020979020979,0.0559440559440559,0.8461538461538461,0.1538461538461538,0,3,4.7,11,0.8,4.286713286713287,143,87,0.6083916083916084,7.275305487061689,3.0761352918162848,21.67447480268231,161
train,audio_424.wav,3.0,False,True,True,0.9615384615384616,0.9615384615384616,0.0,0.0,0.0,3.8461538461538463,0.0,0.0,0.0,5.769230769230769,5.769230769230769,1.0,6,4,26.25,0.0,0.1809523809523809,0.1142857142857142,0.1047619047619047,0.0285714285714285,0.019047619047619,0.1809523809523809,0.1333333333333333,0.3,0.7,0,2,6.0,8,1.0,4.134615384615385,104,54,0.5192307692307693,5.2951356487309695,3.928487515230792,50.83003983914537,109
train,audio_563.wav,2.0,False,True,True,1.851851851851852,0.925925925925926,0.0,0.0,1.851851851851852,2.7777777777777777,2.7777777777777777,0.0,0.0,10.185185185185183,7.407407407407407,1.0,8,3,36.0,0.0,0.1944444444444444,0.0925925925925925,0.0833333333333333,0.0092592592592592,0.1111111111111111,0.1481481481481481,0.0833333333333333,0.4,0.6,4,5,6.666666666666667,8,1.6666666666666667,3.9134615384615374,108,54,0.5,5.196152422706632,4.42610364082532,83.60502624450719,117
train,audio_625.wav,2.5,False,True,True,1.3333333333333333,0.0,2.6666666666666665,1.3333333333333333,0.0,1.3333333333333333,0.0,0.0,0.0,6.666666666666667,6.666666666666667,1.0,5,3,25.0,0.0,0.3066666666666666,0.16,0.0133333333333333,0.0533333333333333,0.0133333333333333,0.12,0.0666666666666666,0.0,1.0,1,2,5.333333333333333,8,2.6666666666666665,4.546666666666667,75,48,0.64,5.5425625842204065,4.495024948977353,89.5704036472411,89
train,audio_302.wav,5.0,False,True,True,0.0,0.0,0.0,0.0,0.0,0.0,0.0,0.0,0.0,0.0,0.0,0.0,0,4,24.0,0.0,0.1979166666666666,0.09375,0.1041666666666666,0.0625,0.0625,0.125,0.1041666666666666,0.1666666666666666,0.8333333333333334,0,2,6.5,9,2.0,4.105263157894737,95,52,0.5473684210526316,5.335087430842802,3.7443451752533785,42.28131130288116,111
train,audio_154.wav,3.0,False,True,True,0.0,0.0,0.0,1.098901098901099,0.0,4.395604395604396,1.098901098901099,1.098901098901099,0.0,7.6923076923076925,5.494505494505495,0.75,5,4,23.0,0.0,0.2282608695652173,0.1304347826086956,0.0869565217391304,0.0652173913043478,0.0760869565217391,0.0869565217391304,0.108695652173913,0.0,1.0,0,2,5.25,6,0.75,4.252747252747253,91,59,0.6483516483516484,6.1848805366593185,3.894514954205856,49.13221620726692,103
train,audio_754.wav,4.0,False,True,True,0.0,1.2048192771084338,0.0,0.0,0.0,1.2048192771084338,0.0,0.0,0.0,2.409638554216868,2.409638554216868,0.3333333333333333,2,2,42.0,0.0,0.1904761904761904,0.119047619047619,0.0952380952380952,0.0595238095238095,0.0952380952380952,0.1547619047619047,0.0714285714285714,0.0,1.0,0,2,6.0,8,1.0,4.325301204819277,83,53,0.6385542168674698,5.8175057794535885,3.69619390015961,40.29365047789741,93
train,audio_749.wav,3.0,False,True,True,0.0,0.0,0.0,1.3157894736842106,0.0,1.3157894736842106,1.3157894736842106,0.0,0.0,3.947368421052632,2.631578947368421,0.6666666666666666,2,2,38.0,0.0,0.3289473684210526,0.0526315789473684,0.0,0.0263157894736842,0.1184210526315789,0.0789473684210526,0.0394736842105263,0.0,1.0,0,1,6.5,8,2.0,3.9210526315789473,76,41,0.5394736842105263,4.703022544346516,3.872722459876019,48.07308513402285,92
train,audio_366.wav,5.0,False,True,True,0.0,0.6622516556291391,0.0,0.6622516556291391,0.0,2.6490066225165565,0.0,0.0,0.0,3.9735099337748334,3.9735099337748334,0.5714285714285714,6,6,26.0,0.0,0.1794871794871795,0.1474358974358974,0.0769230769230769,0.0384615384615384,0.0769230769230769,0.1282051282051282,0.0897435897435897,0.2727272727272727,0.7272727272727273,2,3,6.666666666666667,11,1.6666666666666667,3.867549668874173,151,81,0.5364238410596026,6.5916865160463916,2.546491033380682,12.762242836810763,165
train,audio_693.wav,3.0,False,True,True,0.0,0.0,0.0,0.0,0.0,3.125,0.0,0.0,0.0,3.125,3.125,0.6666666666666666,2,3,21.33333333333333,0.3333333333333333,0.34375,0.109375,0.0625,0.0,0.046875,0.03125,0.078125,0.0,1.0,0,1,5.333333333333333,8,1.6666666666666667,5.046875,64,50,0.78125,6.25,5.134141005478896,169.71847000566706,77
train,audio_608.wav,5.0,False,True,True,0.0,0.0,0.0,0.0,0.0,0.0,0.9090909090909092,1.818181818181818,0.0,2.727272727272727,0.0,0.4,0,6,19.5,0.0,0.1623931623931624,0.1282051282051282,0.094017094017094,0.0598290598290598,0.0683760683760683,0.2051282051282051,0.1111111111111111,0.125,0.875,0,3,5.166666666666667,8,1.3333333333333333,4.074074074074074,110,70,0.6363636363636364,6.674238124719146,3.2482115730406744,25.744256998245195,126
train,audio_220.wav,4.0,False,True,True,0.0,0.0,0.0,0.684931506849315,0.0,0.684931506849315,0.684931506849315,0.0,0.0,2.054794520547945,1.36986301369863,0.5,2,8,18.625,0.25,0.1476510067114094,0.1610738255033557,0.1006711409395973,0.0671140939597315,0.0604026845637583,0.1812080536912751,0.046979865771812,0.0833333333333333,0.9166666666666666,0,3,4.375,12,1.5,3.9246575342465753,146,92,0.6301369863013698,7.613974175141785,3.2207645256362274,25.04726213716863,167
train,audio_761.wav,4.0,False,True,True,0.0,0.0,0.0,0.0,0.0,1.818181818181818,0.0,0.0,0.0,1.818181818181818,1.818181818181818,0.1666666666666666,2,6,19.666666666666668,0.0,0.2288135593220339,0.1610169491525423,0.059322033898305,0.0423728813559322,0.059322033898305,0.1186440677966101,0.059322033898305,0.0666666666666666,0.9333333333333332,0,2,4.666666666666667,6,1.8333333333333333,4.163636363636364,110,71,0.6454545454545455,6.769584383643705,3.657663981119792,38.77066799102524,132
train,audio_640.wav,3.0,False,True,True,0.0,0.0,1.1494252873563218,2.2988505747126435,0.0,1.1494252873563218,0.0,0.0,0.0,4.597701149425287,4.597701149425287,0.4,4,5,17.4,0.0,0.2183908045977011,0.1724137931034483,0.0344827586206896,0.0114942528735632,0.1149425287356321,0.0919540229885057,0.1034482758620689,0.0,1.0,5,2,5.8,8,1.6,4.367816091954023,87,49,0.5632183908045977,5.253351420705195,3.1795791314572703,24.03663515934561,98
train,audio_67.wav,4.0,False,True,True,0.0,0.0,0.8333333333333334,0.8333333333333334,0.0,0.8333333333333334,0.0,0.0,0.0,2.5,2.5,0.25,3,8,15.0,0.0,0.225,0.125,0.0916666666666666,0.0916666666666666,0.0416666666666666,0.1333333333333333,0.0666666666666666,0.9375,0.0625,0,2,4.375,7,1.0,4.158333333333333,120,65,0.5416666666666666,5.9336610396393,3.008573924396055,20.25848917849501,141
train,audio_299.wav,4.0,False,True,True,0.0,0.0,2.752293577981652,0.0,0.0,0.9174311926605504,0.0,0.0,0.0,3.669724770642202,3.669724770642202,0.3076923076923077,4,13,8.615384615384615,0.0,0.2053571428571428,0.1071428571428571,0.1071428571428571,0.125,0.1071428571428571,0.1517857142857142,0.0357142857142857,0.2352941176470588,0.7647058823529411,0,2,2.6923076923076925,4,0.3846153846153846,4.26605504587156,109,63,0.5779816513761468,6.034305596893254,3.247153759002685,25.717038760250013,128
train,audio_102.wav,2.0,False,True,True,2.380952380952381,1.1904761904761905,0.0,0.0,0.0,2.380952380952381,0.0,0.0,0.0,5.9523809523809526,5.9523809523809526,0.5714285714285714,5,7,13.571428571428571,0.0,0.2105263157894736,0.1789473684210526,0.0421052631578947,0.0631578947368421,0.0736842105263157,0.1789473684210526,0.0631578947368421,0.1428571428571428,0.8571428571428571,1,4,4.428571428571429,10,1.2857142857142858,4.238095238095238,84,45,0.5357142857142857,4.909902530309829,3.133596884237753,22.95640274340488,111
train,audio_258.wav,3.5,False,True,True,1.6129032258064515,0.0,0.0,0.0,0.0,3.225806451612903,0.0,0.0,0.0,4.838709677419355,4.838709677419355,0.4,3,5,12.6,0.0,0.1904761904761904,0.1587301587301587,0.0793650793650793,0.1428571428571428,0.0634920634920634,0.1428571428571428,0.0634920634920634,0.0,1.0,0,2,4.8,7,0.6,4.516129032258065,62,47,0.7580645161290323,5.969005969008953,3.603767796566612,36.73638925192456,76
train,audio_679.wav,4.5,False,True,True,0.0,0.0,0.0,0.8547008547008547,0.0,2.5641025641025643,0.8547008547008547,0.8547008547008547,0.0,5.128205128205129,3.418803418803418,0.4444444444444444,4,8,14.75,0.125,0.2711864406779661,0.0932203389830508,0.059322033898305,0.1016949152542373,0.059322033898305,0.0847457627118644,0.0338983050847457,0.0,1.0,0,2,4.625,12,0.5,4.188034188034188,117,79,0.6752136752136753,7.303552583632183,4.215379835008742,67.71988336891106,143
train,audio_82.wav,4.0,False,True,True,0.0,1.36986301369863,0.0,0.0,0.0,1.36986301369863,0.0,0.0,0.0,2.73972602739726,2.73972602739726,0.4,2,5,14.6,0.0,0.3972602739726027,0.1232876712328767,0.1506849315068493,0.0410958904109589,0.0273972602739726,0.0273972602739726,0.0684931506849315,0.0,1.0,0,1,6.0,9,0.4,5.671232876712328,73,66,0.9041095890410958,7.724715714944618,3.8139474969161182,45.32902233144236,95
train,audio_325.wav,5.0,False,True,True,0.0,0.0,0.0,0.9009009009009008,0.0,2.702702702702702,0.0,0.0,0.0,3.603603603603604,3.603603603603604,1.0,4,3,38.66666666666666,0.0,0.2068965517241379,0.1206896551724138,0.0603448275862069,0.1724137931034483,0.0344827586206896,0.1120689655172413,0.0603448275862069,0.0,1.0,0,1,6.0,8,2.333333333333333,4.216216216216216,111,68,0.6126126126126126,6.454274371116994,3.758005701509633,42.862859348730325,133
train,audio_399.wav,3.0,False,True,True,0.0,0.0,0.0,0.0,0.7751937984496124,1.550387596899225,0.0,0.0,0.0,2.3255813953488373,2.3255813953488373,0.4285714285714285,3,7,18.571428571428573,0.0,0.2076923076923077,0.1153846153846153,0.1153846153846153,0.0769230769230769,0.0538461538461538,0.1461538461538461,0.0769230769230769,0.3125,0.6875,0,3,4.714285714285714,8,1.7142857142857142,3.604651162790698,129,62,0.4806201550387597,5.458795619218868,3.916666006113028,50.232689805691145,154
train,audio_285.wav,4.0,False,True,True,0.0,0.0,0.0,2.1739130434782608,0.0,0.0,0.0,0.0,0.0,2.1739130434782608,2.1739130434782608,0.3333333333333333,1,3,15.333333333333334,0.0,0.1521739130434782,0.217391304347826,0.0652173913043478,0.0652173913043478,0.0434782608695652,0.1304347826086956,0.0652173913043478,0.0,1.0,0,2,5.0,6,1.0,4.652173913043479,46,40,0.8695652173913043,5.897678246195885,3.883120069316789,48.57553792511683,51
train,audio_784.wav,4.5,False,True,True,0.0,0.0,0.0,1.1904761904761905,0.0,1.1904761904761905,1.1904761904761905,0.0,0.0,3.571428571428572,2.380952380952381,0.2857142857142857,2,7,12.0,0.0,0.2261904761904762,0.1785714285714285,0.1309523809523809,0.0238095238095238,0.0119047619047619,0.1309523809523809,0.0357142857142857,0.0,1.0,0,1,4.571428571428571,12,0.8571428571428571,4.845238095238095,84,55,0.6547619047619048,6.000991981489791,3.8022270981146367,44.80084935752896,98
train,audio_0.wav,3.0,False,True,True,1.1363636363636365,1.1363636363636365,0.0,2.272727272727273,1.1363636363636365,1.1363636363636365,1.1363636363636365,0.0,0.0,7.954545454545454,6.818181818181818,0.75,6,4,22.25,0.0,0.1573033707865168,0.1797752808988764,0.0112359550561797,0.0337078651685393,0.0449438202247191,0.2359550561797752,0.0561797752808988,0.75,0.25,0,3,5.75,8,1.25,3.409090909090909,88,46,0.5227272727272727,4.90361647617904,3.151858038651316,23.37946419750048,95
train,audio_435.wav,3.5,False,True,True,0.0,0.7142857142857143,0.0,1.4285714285714286,0.0,4.285714285714286,0.0,0.7142857142857143,0.0,7.142857142857143,6.428571428571429,0.8,9,3,46.66666666666666,0.0,0.2857142857142857,0.1,0.0285714285714285,0.0357142857142857,0.0642857142857142,0.1428571428571428,0.0928571428571428,0.0,1.0,0,2,8.666666666666666,12,2.0,4.014285714285714,140,69,0.4928571428571429,5.831564357626764,3.685131508231963,39.85036275603128,149
train,audio_91.wav,5.0,False,True,True,1.1904761904761905,1.1904761904761905,0.0,0.0,0.0,0.0,0.0,0.0,0.0,2.380952380952381,2.380952380952381,0.5,2,4,21.0,0.0,0.25,0.1547619047619047,0.0833333333333333,0.0357142857142857,0.0714285714285714,0.1071428571428571,0.0595238095238095,0.0,1.0,0,2,5.0,7,1.25,5.154761904761905,84,67,0.7976190476190477,7.310299322905745,4.157578874342512,63.9165850300036,101
train,audio_109.wav,2.0,False,True,True,0.0,0.0,1.2345679012345678,2.469135802469136,0.0,3.703703703703704,1.2345679012345678,0.0,0.0,8.641975308641975,7.407407407407407,0.75,6,4,20.25,0.0,0.2345679012345679,0.1481481481481481,0.074074074074074,0.037037037037037,0.1111111111111111,0.1481481481481481,0.0493827160493827,0.125,0.875,3,4,4.25,5,1.25,4.493827160493828,81,44,0.5432098765432098,4.888888888888889,4.126286097935268,61.94742850020626,98
train,audio_772.wav,3.0,False,True,True,1.8867924528301887,0.0,0.0,0.0,0.0,0.0,0.0,0.0,0.0,1.8867924528301887,1.8867924528301887,0.25,1,4,13.5,0.25,0.2407407407407407,0.1296296296296296,0.074074074074074,0.037037037037037,0.0555555555555555,0.1296296296296296,0.0555555555555555,0.4,0.6,0,3,4.25,6,0.5,3.547169811320755,53,36,0.6792452830188679,4.944980302152805,3.05634217343088,21.24968716108744,59
train,audio_270.wav,3.5,False,True,True,0.0,0.0,0.8264462809917356,0.0,0.0,2.479338842975207,4.132231404958677,0.0,0.0,7.43801652892562,3.3057851239669422,1.0,4,2,64.0,0.0,0.1640625,0.0859375,0.0625,0.09375,0.125,0.171875,0.078125,0.6923076923076923,0.3076923076923077,2,5,7.0,9,5.5,3.8181818181818175,121,63,0.5206611570247934,5.7272727272727275,3.4163646429357395,30.45848603760304,142
train,audio_528.wav,2.5,False,True,True,0.0,0.0,0.7575757575757576,0.7575757575757576,0.7575757575757576,3.787878787878788,0.7575757575757576,0.0,0.0,6.818181818181818,6.0606060606060606,0.7142857142857143,8,5,27.2,0.0,0.2794117647058823,0.0808823529411764,0.0220588235294117,0.0808823529411764,0.1102941176470588,0.0441176470588235,0.0735294117647058,0.2222222222222222,0.7777777777777778,7,4,4.6,7,0.6,4.305343511450381,132,65,0.49242424242424243,5.65752381856018,4.026451978854791,56.06165004488627,167
train,audio_441.wav,2.0,False,True,True,0.9803921568627452,0.9803921568627452,0.9803921568627452,0.0,1.96078431372549,1.96078431372549,0.9803921568627452,0.0,0.0,7.84313725490196,6.862745098039215,1.0,7,2,51.0,0.0,0.3039215686274509,0.1470588235294117,0.0392156862745098,0.0196078431372549,0.0588235294117647,0.088235294117647,0.0686274509803921,0.125,0.875,0,2,12.0,12,3.0,3.774509803921569,102,48,0.47058823529411764,4.752708206288037,4.325733345095851,75.62094878234431,119
train,audio_381.wav,5.0,False,True,True,0.8064516129032258,0.0,0.0,0.0,0.0,1.6129032258064515,0.8064516129032258,0.8064516129032258,0.0,4.032258064516129,2.419354838709677,0.5,3,3,43.333333333333336,0.0,0.2153846153846154,0.1538461538461538,0.0461538461538461,0.0615384615384615,0.023076923076923,0.1384615384615384,0.0769230769230769,0.0,1.0,0,1,7.0,10,2.333333333333333,3.612903225806452,124,68,0.5483870967741935,6.106580268910347,3.2591024862753377,26.02616781412704,148
train,audio_86.wav,2.0,False,True,True,0.0,0.0,1.3157894736842106,0.0,0.0,3.947368421052632,0.0,0.0,0.0,5.2631578947368425,5.2631578947368425,0.6666666666666666,4,2,39.5,0.0,0.2531645569620253,0.1645569620253164,0.050632911392405,0.0379746835443038,0.050632911392405,0.1772151898734177,0.050632911392405,0.2222222222222222,0.7777777777777778,1,4,6.0,7,4.5,4.197368421052632,76,43,0.5657894736842105,4.932438278217077,3.4821605009191177,32.529927146994964,85
train,audio_101.wav,4.0,False,True,True,0.99009900990099,2.9702970297029703,0.99009900990099,0.0,0.0,0.99009900990099,0.99009900990099,0.99009900990099,0.0,7.920792079207921,5.9405940594059405,0.4615384615384615,6,13,7.923076923076923,0.0769230769230769,0.2524271844660194,0.1262135922330097,0.0679611650485436,0.0485436893203883,0.0776699029126213,0.1844660194174757,0.0388349514563106,0.0,1.0,0,1,2.8461538461538463,9,0.3846153846153846,3.96039603960396,101,49,0.48514851485148514,4.875682232028947,3.091968071169969,22.02037301921653,123
train,audio_333.wav,4.5,False,True,True,0.0,0.0,0.0,1.0526315789473684,0.0,0.0,0.0,0.0,0.0,1.0526315789473684,1.0526315789473684,0.2,1,5,19.6,0.0,0.1632653061224489,0.1122448979591836,0.0612244897959183,0.1020408163265306,0.1224489795918367,0.1530612244897959,0.0612244897959183,0.125,0.875,1,5,4.6,7,1.2,4.3052631578947365,95,60,0.631578947368421,6.155870112510925,3.389031001499721,29.637219930155005,112
train,audio_149.wav,2.5,False,True,True,0.8849557522123894,0.0,1.7699115044247788,0.0,0.8849557522123894,1.7699115044247788,0.0,0.0,0.0,5.3097345132743365,5.3097345132743365,0.625,6,9,12.555555555555555,0.1111111111111111,0.2831858407079646,0.0973451327433628,0.0530973451327433,0.0973451327433628,0.0884955752212389,0.1415929203539823,0.0884955752212389,0.25,0.75,0,3,3.4444444444444446,7,0.3333333333333333,4.061946902654867,113,53,0.4690265486725664,4.985820602433066,3.9281179668098094,50.81125914858536,151
train,audio_719.wav,3.0,False,True,True,0.0,0.0,0.7874015748031497,0.7874015748031497,0.0,4.724409448818897,0.7874015748031497,0.7874015748031497,0.0,7.874015748031496,6.299212598425197,1.0,8,2,64.0,0.0,0.2265625,0.1328125,0.0546875,0.0859375,0.0390625,0.15625,0.0390625,0.0625,0.9375,0,2,10.5,15,8.0,3.9133858267716537,127,71,0.5590551181102362,6.300231216854408,3.846990021181778,46.851827771153424,142
train,audio_638.wav,3.0,False,True,True,0.0,0.0,0.970873786407767,0.0,0.0,0.970873786407767,0.0,0.0,0.0,1.941747572815534,1.941747572815534,0.5,2,3,34.333333333333336,0.0,0.1941747572815534,0.1359223300970873,0.029126213592233,0.087378640776699,0.087378640776699,0.174757281553398,0.0776699029126213,0.0,1.0,1,3,6.0,11,4.0,4.116504854368932,103,62,0.6019417475728155,6.109041524618617,3.708175794213219,40.77934871054945,113
train,audio_147.wav,3.0,False,True,True,0.0,1.9047619047619049,0.0,1.9047619047619049,0.0,0.9523809523809524,0.0,0.0,0.0,4.761904761904762,4.761904761904762,0.5555555555555556,5,9,11.77777777777778,0.0,0.1886792452830188,0.2075471698113207,0.0188679245283018,0.0660377358490566,0.0377358490566037,0.1792452830188679,0.0660377358490566,0.0,1.0,0,1,3.6666666666666665,9,0.7777777777777778,4.266666666666667,105,53,0.5047619047619047,5.172270386627226,3.298938569568453,27.083876008243653,126
train,audio_62.wav,4.0,False,True,True,0.0,0.0,0.0,0.0,0.0,0.0,1.2658227848101269,0.0,0.0,1.2658227848101269,0.0,0.3333333333333333,0,3,26.666666666666668,0.0,0.2,0.1625,0.075,0.0875,0.0375,0.1625,0.0625,0.6153846153846154,0.3846153846153846,0,2,6.666666666666667,7,2.333333333333333,3.974683544303797,79,58,0.7341772151898734,6.525509825370939,3.939569887907609,51.39649029378028,92
train,audio_763.wav,5.0,False,True,True,0.0,0.0,0.0,0.0,0.0,0.819672131147541,0.819672131147541,0.0,0.0,1.639344262295082,0.819672131147541,0.3333333333333333,1,5,24.6,0.0,0.1788617886178861,0.2032520325203252,0.056910569105691,0.048780487804878,0.073170731707317,0.1056910569105691,0.08130081300813,0.0,1.0,0,2,6.6,11,1.6,4.565573770491803,122,76,0.6229508196721312,6.880716699231408,3.0977008876515857,22.14697432087573,134
train,audio_498.wav,2.0,False,True,True,0.0,1.96078431372549,0.0,3.92156862745098,0.0,3.92156862745098,0.0,0.0,0.0,9.803921568627452,9.803921568627452,0.6666666666666666,5,3,17.0,0.0,0.3137254901960784,0.1372549019607843,0.0392156862745098,0.0,0.0588235294117647,0.0980392156862745,0.0588235294117647,0.0,1.0,0,1,4.333333333333333,5,1.6666666666666667,4.647058823529412,51,39,0.7647058823529411,5.461092327709238,4.275715146745954,71.93156254277234,56
train,audio_1.wav,3.5,False,True,True,0.0,0.9345794392523364,0.9345794392523364,0.0,0.0,0.9345794392523364,0.0,0.0,0.0,2.803738317757009,2.803738317757009,0.6,3,6,18.166666666666668,0.0,0.1926605504587156,0.1559633027522936,0.018348623853211,0.0825688073394495,0.036697247706422,0.1651376146788991,0.1009174311926605,0.0,1.0,1,2,3.8333333333333335,6,1.3333333333333333,3.6728971962616814,107,66,0.616822429906542,6.380460827701379,3.9848142530097337,53.77529995003971,122
train,audio_304.wav,5.0,False,True,True,1.818181818181818,0.0,0.0,0.0,0.0,0.9090909090909092,0.0,0.0,0.0,2.727272727272727,2.727272727272727,0.4,3,5,22.4,0.0,0.2410714285714285,0.1696428571428571,0.0535714285714285,0.0803571428571428,0.0714285714285714,0.1428571428571428,0.0892857142857142,0.3333333333333333,0.6666666666666666,1,4,6.2,9,1.8,4.527272727272727,110,78,0.7090909090909091,7.43700819611562,3.8227930068969727,45.73175923158904,128
train,audio_347.wav,5.0,False,True,True,0.0,0.0,0.0,1.0526315789473684,0.0,0.0,1.0526315789473684,0.0,0.0,2.1052631578947367,1.0526315789473684,0.6666666666666666,1,3,32.333333333333336,0.0,0.1237113402061855,0.1752577319587628,0.0309278350515463,0.0412371134020618,0.0927835051546391,0.1855670103092783,0.1546391752577319,0.8461538461538461,0.1538461538461538,0,3,6.0,7,3.0,3.768421052631579,95,51,0.5368421052631579,5.232489595634286,3.370343803179146,29.08852606659144,101
train,audio_560.wav,4.0,False,True,True,0.0,0.0,0.0,0.0,0.0,0.9615384615384616,0.0,0.0,0.0,0.9615384615384616,0.9615384615384616,0.1666666666666666,1,6,17.333333333333332,0.0,0.2884615384615384,0.1538461538461538,0.0865384615384615,0.0192307692307692,0.0576923076923076,0.0769230769230769,0.0865384615384615,0.0,1.0,0,1,6.166666666666667,10,0.5,5.346153846153846,104,73,0.7019230769230769,7.158238932543718,3.689485437729779,40.02424669044032,119
train,audio_452.wav,3.5,False,True,True,2.542372881355932,0.0,2.542372881355932,0.847457627118644,0.0,4.237288135593221,1.694915254237288,0.0,0.0,11.864406779661016,10.169491525423728,1.0,12,4,29.5,0.0,0.1525423728813559,0.1694915254237288,0.059322033898305,0.0762711864406779,0.0508474576271186,0.1525423728813559,0.135593220338983,0.2666666666666666,0.7333333333333333,0,2,7.5,12,1.25,3.8728813559322033,118,53,0.4491525423728814,4.879045474861114,3.79508154296875,44.48186344084762,125
train,audio_716.wav,4.5,False,True,True,0.0,0.9090909090909092,0.0,0.0,0.0,0.9090909090909092,0.9090909090909092,0.0,0.0,2.727272727272727,1.818181818181818,0.2857142857142857,2,6,19.166666666666668,0.0,0.1652173913043478,0.0956521739130434,0.0869565217391304,0.1478260869565217,0.0608695652173913,0.1652173913043478,0.0782608695652174,0.0,1.0,0,2,4.5,8,0.8333333333333334,4.227272727272728,110,71,0.6454545454545455,6.769584383643705,3.734320438269413,41.85956973380158,132
train,audio_473.wav,2.0,False,True,True,3.225806451612903,0.0,0.0,1.075268817204301,1.075268817204301,2.150537634408602,0.0,0.0,0.0,7.526881720430108,7.526881720430108,0.5,7,4,23.5,0.0,0.2127659574468085,0.0851063829787234,0.0957446808510638,0.0744680851063829,0.0425531914893617,0.1382978723404255,0.0851063829787234,0.5833333333333334,0.4166666666666667,0,2,4.25,7,1.0,3.954022988505747,93,54,0.5806451612903226,5.599539151544296,4.179238918608269,65.31612340609033,113
train,audio_95.wav,4.0,False,True,True,2.0408163265306123,1.020408163265306,0.0,1.020408163265306,0.0,0.0,0.0,0.0,0.0,4.081632653061225,4.081632653061225,0.5,4,6,16.333333333333332,0.0,0.2857142857142857,0.1122448979591836,0.1122448979591836,0.010204081632653,0.0612244897959183,0.0714285714285714,0.0510204081632653,0.8,0.2,0,2,5.0,8,1.1666666666666667,4.673469387755102,98,70,0.7142857142857143,7.0710678118654755,3.0659893488479875,21.45567864106133,118
train,audio_732.wav,4.0,False,True,True,0.0,0.0,0.0,0.0,0.0,3.4482758620689653,0.0,0.0,0.0,3.4482758620689653,3.4482758620689653,0.5,4,4,30.5,0.0,0.1475409836065573,0.1311475409836065,0.0573770491803278,0.0983606557377049,0.1147540983606557,0.1885245901639344,0.0491803278688524,0.0,1.0,5,3,6.0,9,3.25,3.460869565217392,116,61,0.5258620689655172,5.663707814400082,3.095372517903646,22.09546796205177,132
train,audio_292.wav,5.0,False,True,True,0.0,0.0,0.0,1.3888888888888888,0.0,2.083333333333333,0.6944444444444444,2.7777777777777777,0.0,6.944444444444445,3.4722222222222223,0.6,5,4,37.0,0.0,0.1081081081081081,0.1554054054054054,0.081081081081081,0.0608108108108108,0.081081081081081,0.2027027027027027,0.0743243243243243,0.0,1.0,0,1,10.25,14,4.25,3.8333333333333335,144,71,0.4930555555555556,5.916666666666667,2.80320778871194,16.49748242087552,156
train,audio_469.wav,2.5,False,True,True,0.0,0.819672131147541,0.0,0.819672131147541,0.0,2.459016393442623,0.819672131147541,1.639344262295082,0.0,6.557377049180328,4.098360655737705,0.8,5,3,40.66666666666666,0.0,0.2131147540983606,0.081967213114754,0.1311475409836065,0.081967213114754,0.0573770491803278,0.1475409836065573,0.1065573770491803,0.2142857142857142,0.7857142857142857,0,2,6.0,9,1.3333333333333333,4.081967213114754,122,54,0.4426229508196721,4.8889302862960005,4.2729034423828125,71.7295963222317,132
train,audio_329.wav,2.0,False,True,True,0.0,0.9523809523809524,0.0,0.9523809523809524,0.9523809523809524,3.809523809523809,0.9523809523809524,0.0,0.0,7.619047619047619,6.666666666666667,0.6666666666666666,7,3,35.333333333333336,0.0,0.2169811320754717,0.1415094339622641,0.0566037735849056,0.0660377358490566,0.0377358490566037,0.1792452830188679,0.0754716981132075,0.0,1.0,0,2,6.0,8,2.333333333333333,3.914285714285714,105,60,0.5714285714285714,5.855400437691199,3.9422052317652208,51.53211635093314,116
train,audio_169.wav,2.0,False,True,True,0.0,2.061855670103093,0.0,0.0,0.0,2.061855670103093,1.0309278350515465,1.0309278350515465,0.0,6.185567010309279,4.123711340206185,0.4,4,4,24.75,0.0,0.1919191919191919,0.1212121212121212,0.0808080808080808,0.0303030303030303,0.0909090909090909,0.1616161616161616,0.0808080808080808,0.3333333333333333,0.6666666666666666,0,2,5.5,10,2.0,4.11340206185567,97,61,0.6288659793814433,6.193611607315077,3.838401591883296,46.45116714632236,113
train,audio_174.wav,2.5,False,True,True,0.0,0.7575757575757576,0.0,0.0,0.7575757575757576,2.272727272727273,0.7575757575757576,0.0,0.7575757575757576,5.303030303030303,3.787878787878788,0.8333333333333334,5,8,16.625,0.0,0.225563909774436,0.0676691729323308,0.0526315789473684,0.037593984962406,0.0676691729323308,0.2180451127819548,0.1203007518796992,0.4444444444444444,0.5555555555555556,0,2,4.25,11,1.0,4.121212121212121,132,64,0.48484848484848486,5.570484990582331,4.241265237742457,69.49572485092777,145
train,audio_513.wav,2.5,False,True,True,3.571428571428572,1.7857142857142858,0.0,0.0,0.0,3.571428571428572,1.7857142857142858,0.0,0.0,10.714285714285714,8.928571428571429,0.3333333333333333,5,2,28.0,0.0,0.2678571428571428,0.125,0.0892857142857142,0.0178571428571428,0.0892857142857142,0.125,0.0892857142857142,0.2,0.8,0,3,5.5,7,1.0,4.535714285714286,56,35,0.625,4.677071733467427,4.319857197423136,75.17789192876049,62
train,audio_584.wav,3.0,False,True,True,0.0,0.0,0.0,0.0,0.0,4.424778761061947,0.0,0.0,0.0,4.424778761061947,4.424778761061947,0.3333333333333333,5,5,23.0,0.0,0.1913043478260869,0.0782608695652174,0.1217391304347826,0.0260869565217391,0.0782608695652174,0.1913043478260869,0.0869565217391304,0.1,0.9,0,2,6.2,8,1.2,3.787610619469026,113,54,0.4778761061946903,5.079892689271425,3.470042407028074,32.13810529738928,123
train,audio_345.wav,5.0,False,True,True,0.0,0.0,0.0,0.0,0.7874015748031497,0.7874015748031497,0.7874015748031497,0.0,0.0,2.3622047244094486,1.5748031496062993,0.2,2,6,22.0,0.0,0.0757575757575757,0.1363636363636363,0.0757575757575757,0.1363636363636363,0.1363636363636363,0.2272727272727272,0.0833333333333333,0.5,0.5,0,4,5.166666666666667,8,2.1666666666666665,3.8125,127,82,0.6456692913385826,7.276323377212133,3.346844179410461,28.412925913153263,141
train,audio_750.wav,4.0,False,True,True,0.0,0.0,0.0,0.0,0.0,1.0309278350515465,0.0,0.0,0.0,1.0309278350515465,1.0309278350515465,0.2,1,6,16.5,0.0,0.1616161616161616,0.1414141414141414,0.0707070707070707,0.0808080808080808,0.0505050505050505,0.1616161616161616,0.1313131313131313,0.125,0.875,0,2,3.8333333333333335,6,0.6666666666666666,3.9587628865979374,97,57,0.5876288659793815,5.787473141261629,3.0352439536704674,20.806052993402307,111
train,audio_116.wav,3.0,False,True,True,0.0,2.0202020202020203,0.0,0.0,0.0,2.0202020202020203,0.0,0.0,0.0,4.040404040404041,4.040404040404041,0.75,4,3,33.0,0.0,0.2626262626262626,0.1313131313131313,0.0707070707070707,0.0606060606060606,0.0909090909090909,0.1212121212121212,0.0505050505050505,0.0,1.0,2,2,5.333333333333333,9,2.6666666666666665,4.424242424242424,99,60,0.6060606060606061,6.030226891555272,3.91542731391059,50.170505486088366,108
train,audio_114.wav,2.5,False,True,True,1.1235955056179776,2.247191011235955,0.0,0.0,0.0,6.741573033707865,2.247191011235955,2.247191011235955,0.0,14.606741573033707,10.112359550561798,0.7142857142857143,9,7,13.285714285714286,0.0,0.2688172043010752,0.0967741935483871,0.064516129032258,0.010752688172043,0.086021505376344,0.1182795698924731,0.064516129032258,0.0909090909090909,0.9090909090909092,0,3,4.142857142857143,7,0.2857142857142857,4.719101123595506,89,48,0.5393258426966292,5.087989824030529,3.531297084263393,34.16825799411943,105
train,audio_157.wav,3.0,False,True,True,0.0,0.0,2.0202020202020203,1.0101010101010102,0.0,6.0606060606060606,1.0101010101010102,0.0,1.0101010101010102,11.11111111111111,9.090909090909092,1.0,9,2,49.5,0.0,0.2828282828282828,0.1111111111111111,0.1111111111111111,0.0404040404040404,0.0303030303030303,0.1111111111111111,0.1111111111111111,0.0,1.0,0,1,7.0,12,4.5,4.303030303030303,99,62,0.6262626262626263,6.231234454607115,4.554149962308114,95.0259452595034,114
train,audio_385.wav,4.5,False,True,True,1.7543859649122806,0.0,0.8771929824561403,0.0,0.0,0.0,0.0,0.0,0.0,2.631578947368421,2.631578947368421,0.375,3,10,12.0,0.0,0.2333333333333333,0.1166666666666666,0.1166666666666666,0.075,0.075,0.1416666666666666,0.05,0.0,1.0,0,1,3.1,6,0.5,4.4298245614035086,114,81,0.7105263157894737,7.586345073811721,3.345373352961753,28.371166148446587,134
train,audio_264.wav,2.5,False,True,True,1.7543859649122806,1.7543859649122806,0.0,1.7543859649122806,0.0,3.508771929824561,1.7543859649122806,0.0,0.0,10.526315789473683,8.771929824561404,1.0,5,2,29.5,0.0,0.1864406779661017,0.1864406779661017,0.0338983050847457,0.0508474576271186,0.0508474576271186,0.1864406779661017,0.135593220338983,0.2,0.8,0,2,6.5,9,4.5,3.526315789473684,57,47,0.8245614035087719,6.225302078205706,4.602422714233398,99.72562990916067,64
train,audio_390.wav,5.0,False,True,True,0.0,0.0,0.0,0.0,0.0,0.0,1.5151515151515151,0.0,0.0,1.5151515151515151,0.0,0.1428571428571428,0,7,19.857142857142858,0.0,0.1654676258992805,0.1294964028776978,0.0287769784172661,0.1007194244604316,0.1007194244604316,0.1870503597122302,0.079136690647482,0.125,0.875,0,4,5.142857142857143,7,1.2857142857142858,4.303030303030303,132,84,0.6363636363636364,7.311261550139309,3.056790278508113,21.2592113875617,156
train,audio_766.wav,4.5,False,True,True,0.0,0.0,0.0,0.0,0.0,3.09278350515464,0.0,0.0,0.0,3.09278350515464,3.09278350515464,0.5,3,3,33.666666666666664,0.0,0.1782178217821782,0.1287128712871287,0.0693069306930693,0.0693069306930693,0.0495049504950495,0.2079207920792079,0.099009900990099,0.0769230769230769,0.9230769230769232,0,2,5.666666666666667,7,2.333333333333333,3.701030927835052,97,53,0.5463917525773195,5.381334675208182,3.33591545952691,28.10409961658589,108
train,audio_571.wav,2.0,False,True,True,0.0,0.0,0.0,0.0,0.0,0.0,1.2820512820512822,1.2820512820512822,0.0,2.5641025641025643,0.0,0.4,0,5,15.8,0.0,0.2531645569620253,0.0632911392405063,0.0886075949367088,0.0886075949367088,0.0886075949367088,0.0759493670886076,0.0632911392405063,0.1,0.9,0,2,4.2,8,0.6,4.448717948717949,78,40,0.5128205128205128,4.529108136578382,3.5553672860521788,35.000672866164535,109
train,audio_393.wav,4.5,False,True,True,0.0,0.0,0.0,0.0,0.0,2.5,0.0,0.0,0.0,2.5,2.5,0.25,3,11,11.090909090909092,0.0909090909090909,0.1229508196721311,0.1639344262295081,0.0655737704918032,0.0573770491803278,0.0983606557377049,0.2377049180327868,0.1147540983606557,0.0666666666666666,0.9333333333333332,4,3,3.272727272727273,6,0.8181818181818182,3.85,120,63,0.525,5.751086853804244,3.335031150875235,28.079257903637103,133
train,audio_691.wav,4.0,False,True,True,0.0,0.0,0.8547008547008547,0.8547008547008547,0.0,2.5641025641025643,0.0,0.0,0.0,4.273504273504273,4.273504273504273,0.4285714285714285,5,7,17.428571428571427,0.0,0.1885245901639344,0.1311475409836065,0.0983606557377049,0.0655737704918032,0.0655737704918032,0.1393442622950819,0.0901639344262295,0.0909090909090909,0.9090909090909092,0,3,4.857142857142857,7,0.5714285714285714,4.094017094017094,117,77,0.6581196581196581,7.118652518223773,3.4895289324331973,32.77050694672663,138
test,audio_128.wav,,False,False,True,1.020408163265306,0.0,0.0,0.0,1.020408163265306,0.0,1.020408163265306,1.020408163265306,0.0,4.081632653061225,2.0408163265306123,0.5,2,3,34.0,0.0,0.1568627450980392,0.1078431372549019,0.0784313725490196,0.0392156862745098,0.0490196078431372,0.1862745098039215,0.0980392156862745,0.6363636363636364,0.3636363636363636,0,2,6.666666666666667,9,3.0,3.846938775510204,98,48,0.4897959183673469,4.848732213850612,3.242748363597973,25.60399422164425,111
test,audio_156.wav,,False,False,True,0.0,0.0,1.4285714285714286,0.0,0.0,1.4285714285714286,1.4285714285714286,0.0,0.0,4.285714285714286,2.857142857142857,0.5,2,4,17.5,0.0,0.2714285714285714,0.1285714285714285,0.0714285714285714,0.0571428571428571,0.0285714285714285,0.1142857142857142,0.1,0.0,1.0,0,1,5.25,7,1.0,5.628571428571429,70,57,0.8142857142857143,6.812803073206044,3.835921438116776,46.33610385547332,76
test,audio_19.wav,,False,False,True,0.0,0.0,0.970873786407767,0.0,0.0,0.0,0.0,0.0,0.0,0.970873786407767,0.970873786407767,0.1428571428571428,1,7,15.285714285714286,0.0,0.1588785046728972,0.1121495327102803,0.0841121495327102,0.1121495327102803,0.102803738317757,0.1962616822429906,0.0747663551401869,0.0,1.0,0,1,4.571428571428571,8,0.8571428571428571,4.475728155339806,103,68,0.6601941747572816,6.700239091517194,2.8972371419270835,18.12400208647472,135
test,audio_108.wav,,False,False,True,1.639344262295082,1.639344262295082,0.0,3.278688524590164,0.0,8.19672131147541,0.0,0.0,0.0,14.754098360655735,14.754098360655735,0.5,9,3,21.0,0.0,0.2063492063492063,0.1587301587301587,0.0634920634920634,0.0317460317460317,0.0952380952380952,0.1904761904761904,0.1428571428571428,0.0,1.0,0,1,5.333333333333333,8,1.3333333333333333,4.491803278688525,61,43,0.7049180327868853,5.505585837114527,4.641730643607475,103.72370110025946,74
test,audio_206.wav,,False,False,True,1.0869565217391304,0.0,0.0,0.0,1.0869565217391304,2.1739130434782608,1.0869565217391304,0.0,0.0,5.434782608695652,4.3478260869565215,0.75,4,5,18.6,0.0,0.1935483870967742,0.0967741935483871,0.043010752688172,0.075268817204301,0.064516129032258,0.1397849462365591,0.1182795698924731,0.7272727272727273,0.2727272727272727,0,4,4.2,5,0.6,3.7065217391304346,92,54,0.5869565217391305,5.629889179541019,3.656213684082031,38.71447976074651,100
test,audio_161.wav,,False,False,True,0.0,3.809523809523809,1.9047619047619049,0.0,0.9523809523809524,0.9523809523809524,1.9047619047619049,0.0,0.0,9.523809523809524,7.619047619047619,1.0,8,3,35.0,0.0,0.2285714285714285,0.0857142857142857,0.1428571428571428,0.0666666666666666,0.0857142857142857,0.0761904761904762,0.0857142857142857,0.0909090909090909,0.9090909090909092,1,3,7.333333333333333,11,3.0,4.761904761904762,105,67,0.638095238095238,6.538530488755173,4.520982173451206,91.92584077415128,114
test,audio_215.wav,,False,False,True,1.9230769230769231,0.0,0.9615384615384616,0.9615384615384616,0.0,1.9230769230769231,0.0,0.0,0.0,5.769230769230769,5.769230769230769,0.4444444444444444,6,9,11.555555555555555,0.0,0.25,0.0865384615384615,0.1538461538461538,0.048076923076923,0.0865384615384615,0.1153846153846153,0.1057692307692307,0.0,1.0,1,3,4.111111111111111,7,0.3333333333333333,4.336538461538462,104,65,0.625,6.373774391990981,3.953764884702621,52.131266040518895,124
test,audio_213.wav,,False,False,True,0.0,1.4705882352941178,0.0,1.4705882352941178,0.0,1.4705882352941178,0.0,0.0,0.0,4.411764705882353,4.411764705882353,0.5,3,4,17.0,0.0,0.2647058823529412,0.1176470588235294,0.0588235294117647,0.0588235294117647,0.0735294117647058,0.1323529411764706,0.1029411764705882,1.0,0.0,0,1,4.75,6,1.5,4.294117647058823,68,40,0.5882352941176471,4.85071250072666,3.571841320359564,35.582050823478525,83
test,audio_11.wav,,False,False,True,0.0,0.0,0.0,0.0,1.3157894736842106,0.0,0.0,0.0,0.0,1.3157894736842106,1.3157894736842106,0.1666666666666666,1,6,12.666666666666666,0.0,0.1052631578947368,0.0921052631578947,0.0789473684210526,0.131578947368421,0.1052631578947368,0.2631578947368421,0.0657894736842105,0.125,0.875,0,2,4.0,7,0.3333333333333333,3.736842105263158,76,44,0.5789473684210527,5.047146145152358,2.677507920698686,14.548791339235418,88
test,audio_155.wav,,False,False,True,1.075268817204301,0.0,0.0,2.150537634408602,0.0,1.075268817204301,0.0,0.0,0.0,4.301075268817204,4.301075268817204,0.6,4,5,19.2,0.0,0.25,0.1145833333333333,0.0416666666666666,0.0625,0.0729166666666666,0.1145833333333333,0.0729166666666666,0.0,1.0,0,1,4.8,7,1.0,3.849462365591398,93,53,0.5698924731182796,5.495843982071254,3.1546338952105977,23.444452393771165,115
test,audio_39.wav,,False,False,True,1.6,0.0,0.0,0.8,0.8,4.8,0.8,0.0,0.0,8.8,8.0,0.8,10,4,32.25,0.0,0.1705426356589147,0.1550387596899224,0.0775193798449612,0.0620155038759689,0.0465116279069767,0.2093023255813953,0.1085271317829457,0.0,1.0,0,2,6.5,10,2.75,3.84,125,66,0.528,5.903219460599445,4.135405441810345,62.51493210020621,145
test,audio_168.wav,,False,False,True,0.0,1.2820512820512822,0.0,0.0,0.0,1.2820512820512822,1.2820512820512822,0.0,0.0,3.8461538461538463,2.5641025641025643,0.6666666666666666,2,2,41.0,0.0,0.1951219512195122,0.1219512195121951,0.0365853658536585,0.024390243902439,0.1219512195121951,0.1585365853658536,0.0853658536585365,0.0,1.0,1,4,7.0,9,3.0,4.037974683544304,78,50,0.6410256410256411,5.661385170722978,3.165794009254092,23.70756058408032,84
test,audio_133.wav,,False,False,True,0.0,0.0,1.075268817204301,0.0,0.0,0.0,1.075268817204301,0.0,0.0,2.150537634408602,1.075268817204301,0.5,1,4,23.25,0.0,0.3333333333333333,0.1075268817204301,0.021505376344086,0.0967741935483871,0.053763440860215,0.1397849462365591,0.1075268817204301,0.5,0.5,0,3,4.5,5,0.25,4.440860215053763,93,50,0.5376344086021505,5.184758473652126,4.190519999682419,66.05713171855959,123
test,audio_28.wav,,False,False,True,0.0,0.0,0.0,0.0,0.0,2.7777777777777777,0.0,0.0,0.0,2.7777777777777777,2.7777777777777777,0.5,1,2,18.0,0.0,0.1111111111111111,0.2777777777777778,0.0277777777777777,0.0555555555555555,0.0277777777777777,0.1944444444444444,0.1111111111111111,0.0,1.0,0,1,3.5,4,1.5,3.6666666666666665,36,25,0.6944444444444444,4.166666666666667,3.53138427734375,34.1712373596725,40
test,audio_40.wav,,False,False,True,2.542372881355932,0.0,0.0,1.694915254237288,0.0,1.694915254237288,0.847457627118644,0.0,0.0,6.779661016949152,5.932203389830509,0.75,7,6,21.0,0.1666666666666666,0.1746031746031746,0.1031746031746031,0.0952380952380952,0.0634920634920634,0.0634920634920634,0.1349206349206349,0.119047619047619,0.0714285714285714,0.9285714285714286,0,3,5.333333333333333,9,1.3333333333333333,3.547008547008547,118,64,0.5423728813559322,5.89167755454927,3.6704203287760415,39.268408033778286,144
test,audio_181.wav,,False,False,True,0.0,0.925925925925926,0.0,2.7777777777777777,0.0,1.851851851851852,0.0,0.0,0.925925925925926,6.481481481481482,5.555555555555555,0.7777777777777778,6,9,12.11111111111111,0.0,0.2018348623853211,0.1376146788990825,0.036697247706422,0.0642201834862385,0.0091743119266055,0.1834862385321101,0.018348623853211,0.8571428571428571,0.1428571428571428,0,2,4.0,7,0.3333333333333333,4.444444444444445,108,65,0.6018518518518519,6.2546279162209455,3.716814878175585,41.13317107797168,139
test,audio_201.wav,,False,False,True,0.0,0.0,0.0,0.9009009009009008,0.0,1.8018018018018016,0.0,0.0,0.0,2.702702702702702,2.702702702702702,0.2857142857142857,3,7,15.857142857142858,0.0,0.2162162162162162,0.1171171171171171,0.018018018018018,0.063063063063063,0.054054054054054,0.1441441441441441,0.09009009009009,0.8461538461538461,0.1538461538461538,0,3,4.285714285714286,6,0.7142857142857143,3.90990990990991,111,63,0.5675675675675675,5.979695373240744,3.3968864889705883,29.87095157605754,119
test,audio_182.wav,,False,False,True,0.0,0.0,0.0,0.0,0.0,0.9803921568627452,2.9411764705882355,0.0,0.0,3.92156862745098,0.9803921568627452,1.0,1,4,26.5,0.0,0.1415094339622641,0.160377358490566,0.0377358490566037,0.1132075471698113,0.0943396226415094,0.1509433962264151,0.1132075471698113,0.125,0.875,0,3,4.0,7,2.25,3.9607843137254894,102,57,0.5588235294117647,5.643840994967044,3.128835128525556,22.84734980928428,118
test,audio_126.wav,,False,False,True,0.0,0.0,0.0,0.0,0.0,0.0,1.2820512820512822,0.0,0.0,1.2820512820512822,0.0,0.2,0,5,15.6,0.0,0.2564102564102564,0.1025641025641025,0.0384615384615384,0.0256410256410256,0.0384615384615384,0.1538461538461538,0.0769230769230769,0.0,1.0,0,1,4.4,8,1.0,3.9743589743589753,78,46,0.5897435897435898,5.20847435706514,3.929705219884073,50.891973515994245,93
test,audio_10.wav,,False,False,True,1.0,0.0,5.0,0.0,0.0,3.0,0.0,0.0,0.0,9.0,9.0,0.7142857142857143,9,7,14.571428571428571,0.0,0.2254901960784313,0.0980392156862745,0.1176470588235294,0.0392156862745098,0.088235294117647,0.1274509803921568,0.088235294117647,0.0,1.0,1,3,4.857142857142857,7,1.1428571428571428,3.81,100,60,0.6,6.0,4.198538358094262,66.58893070448298,122
test,audio_134.wav,,False,False,True,1.5873015873015872,0.0,0.0,0.0,0.0,1.5873015873015872,0.0,0.0,0.0,3.1746031746031744,3.1746031746031744,0.3333333333333333,2,2,32.0,0.0,0.25,0.125,0.015625,0.03125,0.0625,0.109375,0.078125,0.5555555555555556,0.4444444444444444,0,3,5.0,5,2.0,3.888888888888889,63,42,0.6666666666666666,5.2915026221291805,3.569811248779297,35.509889983951325,80
test,audio_69.wav,,False,False,True,0.0,0.0,0.0,0.0,1.6666666666666667,1.6666666666666667,0.8333333333333334,0.0,0.0,4.166666666666667,3.333333333333333,0.6666666666666666,4,5,25.4,0.0,0.2677165354330709,0.1023622047244094,0.0708661417322834,0.0551181102362204,0.0629921259842519,0.1338582677165354,0.0551181102362204,0.0,1.0,0,1,6.0,7,1.2,4.441666666666666,120,72,0.6,6.572670690061993,3.796309187605574,44.53650489521836,148
test,audio_112.wav,,False,False,True,0.0,1.3333333333333333,0.0,0.0,0.0,1.3333333333333333,0.0,0.0,0.0,2.6666666666666665,2.6666666666666665,0.25,2,4,18.75,0.0,0.28,0.1866666666666666,0.04,0.0533333333333333,0.0266666666666666,0.1066666666666666,0.08,0.0,1.0,0,1,7.0,13,2.5,4.586666666666667,75,49,0.6533333333333333,5.658032638058332,3.155380060643325,23.46195236186032,81
test,audio_180.wav,,False,False,True,0.0,2.5,1.25,0.0,0.0,3.75,0.0,0.0,0.0,7.5,7.5,0.8,6,5,16.6,0.2,0.2409638554216867,0.1325301204819277,0.072289156626506,0.0,0.0843373493975903,0.180722891566265,0.0481927710843373,0.125,0.875,1,4,4.2,7,0.8,4.125,80,42,0.525,4.695742752749558,3.93004916576629,50.90948061129707,94
test,audio_177.wav,,False,False,True,0.0,2.380952380952381,0.0,2.380952380952381,0.0,4.761904761904762,0.0,0.0,0.0,9.523809523809524,9.523809523809524,0.75,8,5,16.8,0.0,0.1547619047619047,0.0833333333333333,0.1071428571428571,0.1666666666666666,0.0714285714285714,0.1785714285714285,0.0714285714285714,0.0,1.0,0,1,4.6,7,1.0,4.119047619047619,84,58,0.6904761904761905,6.32831881684378,4.270406743531586,71.55073249895845,93
test,audio_77.wav,,False,False,True,0.0,0.6756756756756757,0.0,0.0,0.6756756756756757,1.351351351351351,0.0,0.0,0.0,2.702702702702702,2.702702702702702,0.3333333333333333,4,5,30.2,0.0,0.1920529801324503,0.1655629139072847,0.0596026490066225,0.086092715231788,0.0993377483443708,0.1390728476821192,0.0728476821192053,0.0714285714285714,0.9285714285714286,0,3,6.6,9,2.6,3.8926174496644297,148,92,0.6216216216216216,7.562353416046435,3.268749558782003,26.278459121726804,166
test,audio_111.wav,,False,False,True,0.0,0.78125,1.5625,1.5625,0.0,0.78125,0.0,0.0,0.0,4.6875,4.6875,0.4444444444444444,6,9,14.555555555555555,0.1111111111111111,0.2137404580152671,0.1221374045801526,0.0610687022900763,0.0458015267175572,0.0610687022900763,0.1755725190839694,0.0381679389312977,0.0,1.0,1,3,3.555555555555556,7,1.0,4.125,128,70,0.546875,6.18718433538229,3.448668614329908,31.45848104404536,149
test,audio_18.wav,,False,False,True,1.3157894736842106,0.0,0.0,0.0,0.0,0.0,1.3157894736842106,0.0,0.0,2.631578947368421,1.3157894736842106,0.25,1,4,20.5,0.0,0.2317073170731707,0.1097560975609756,0.0975609756097561,0.024390243902439,0.1097560975609756,0.1585365853658536,0.073170731707317,0.0,1.0,1,4,5.25,10,1.0,4.144736842105263,76,55,0.7236842105263158,6.308932681440448,3.797857174928161,44.60550022836139,87
test,audio_175.wav,,False,False,True,0.0,0.0,0.0,0.0,0.0,1.0416666666666667,0.0,0.0,0.0,1.0416666666666667,1.0416666666666667,0.2,1,5,19.2,0.0,0.3333333333333333,0.1041666666666666,0.1354166666666666,0.0520833333333333,0.03125,0.03125,0.0520833333333333,0.1666666666666666,0.8333333333333334,0,2,5.0,7,1.4,5.239583333333333,96,80,0.8333333333333334,8.16496580927726,3.692442165585015,40.14276261884695,127
test,audio_33.wav,,False,False,True,1.0638297872340423,0.0,0.0,0.0,0.0,2.127659574468085,1.0638297872340423,0.0,0.0,4.25531914893617,3.191489361702128,0.6666666666666666,3,2,47.0,0.0,0.1702127659574468,0.0957446808510638,0.0531914893617021,0.1276595744680851,0.1382978723404255,0.1489361702127659,0.1063829787234042,0.125,0.875,3,4,5.5,6,5.5,4.531914893617022,94,58,0.6170212765957447,5.982243228301002,3.440367212835348,31.198412522608564,106
test,audio_15.wav,,False,False,True,0.0,0.0,0.0,0.0,0.0,1.0101010101010102,2.0202020202020203,0.0,0.0,3.0303030303030303,1.0101010101010102,0.5,1,3,33.333333333333336,0.3333333333333333,0.21,0.13,0.02,0.08,0.07,0.14,0.07,0.2857142857142857,0.7142857142857143,3,4,7.0,10,2.333333333333333,4.212121212121212,99,53,0.5353535353535354,5.3267004208738244,3.565300897720757,35.35008856522944,109
test,audio_4.wav,,False,False,True,0.0,2.0408163265306123,0.0,0.0,0.0,1.020408163265306,1.020408163265306,0.0,0.0,4.081632653061225,3.061224489795918,1.0,3,2,49.0,0.0,0.3061224489795918,0.0510204081632653,0.0918367346938775,0.0306122448979591,0.0612244897959183,0.0510204081632653,0.0714285714285714,0.0,1.0,0,2,8.0,10,2.0,4.438775510204081,98,61,0.6224489795918368,6.161930521768485,3.940507111725984,51.44468288876078,108
test,audio_27.wav,,False,False,True,0.0,0.0,0.0,0.0,0.0,2.1739130434782608,1.0869565217391304,0.0,0.0,3.260869565217391,2.1739130434782608,0.3333333333333333,2,3,30.666666666666668,0.0,0.2391304347826087,0.1304347826086956,0.0760869565217391,0.0108695652173913,0.0434782608695652,0.1630434782608695,0.0869565217391304,0.0,1.0,0,1,6.666666666666667,7,1.6666666666666667,3.847826086956522,92,54,0.5869565217391305,5.629889179541019,3.898706289438101,49.338577959635046,104
test,audio_96.wav,,False,False,True,0.0,0.0,2.3255813953488373,2.3255813953488373,0.0,0.0,1.162790697674419,0.0,0.0,5.813953488372093,4.651162790697675,0.6,4,5,17.8,0.0,0.146067415730337,0.0898876404494382,0.0898876404494382,0.146067415730337,0.0898876404494382,0.1011235955056179,0.0674157303370786,0.8333333333333334,0.1666666666666666,0,2,5.4,9,1.0,4.406976744186046,86,47,0.5465116279069767,5.068140340561605,4.033807248485331,56.47551878914599,98
test,audio_116.wav,,False,False,True,4.0,0.0,0.0,0.0,0.0,4.0,1.0,0.0,0.0,9.0,8.0,0.8,8,5,20.4,0.0,0.2352941176470588,0.1470588235294117,0.0392156862745098,0.0588235294117647,0.0490196078431372,0.1372549019607843,0.0980392156862745,1.0,0.0,0,3,4.2,5,0.8,3.83,100,63,0.63,6.3,4.319994360999724,75.18820430452281,113
test,audio_1.wav,,False,False,True,1.7699115044247788,0.0,0.8849557522123894,2.6548672566371683,0.8849557522123894,0.8849557522123894,0.0,0.0,0.0,7.079646017699115,7.079646017699115,0.8571428571428571,8,7,16.142857142857142,0.0,0.1946902654867256,0.0884955752212389,0.0530973451327433,0.0265486725663716,0.0707964601769911,0.1858407079646017,0.0707964601769911,0.5,0.5,0,2,4.714285714285714,7,0.5714285714285714,3.575221238938053,113,50,0.4424778761061947,4.703604341917986,3.4562008154653285,31.69632727902715,137
test,audio_22.wav,,False,False,True,0.0,0.0,0.0,0.0,0.0,1.9047619047619049,0.0,0.0,0.0,1.9047619047619049,1.9047619047619049,0.2857142857142857,2,7,15.428571428571429,0.0,0.1759259259259259,0.1666666666666666,0.0555555555555555,0.074074074074074,0.1111111111111111,0.1666666666666666,0.074074074074074,0.0,1.0,0,2,3.857142857142857,6,1.5714285714285714,4.047619047619048,105,63,0.6,6.148170459575759,3.297398721018145,27.04220303430425,124
test,audio_114.wav,,False,False,True,3.191489361702128,1.0638297872340423,0.0,1.0638297872340423,0.0,1.0638297872340423,0.0,0.0,0.0,6.382978723404255,6.382978723404255,1.0,6,3,31.666666666666668,0.0,0.2421052631578947,0.0947368421052631,0.0526315789473684,0.031578947368421,0.0842105263157894,0.1263157894736842,0.0947368421052631,0.4,0.6,0,3,5.0,5,1.0,4.393617021276596,94,48,0.5106382978723404,4.950821982042208,3.5583476128979266,35.10514190974685,107
test,audio_146.wav,,False,False,True,0.0,0.0,0.0,1.162790697674419,0.0,2.3255813953488373,0.0,0.0,0.0,3.488372093023256,3.488372093023256,0.6,3,6,14.666666666666666,0.0,0.125,0.125,0.1136363636363636,0.1136363636363636,0.0909090909090909,0.25,0.1363636363636363,0.0,1.0,0,1,3.333333333333333,7,0.6666666666666666,3.744186046511628,86,42,0.4883720930232558,4.528976474544414,3.134421300406408,22.97533617644249,99
test,audio_46.wav,,False,False,True,0.0,0.0,0.0,0.0,0.0,0.6451612903225806,0.0,0.0,0.0,0.6451612903225806,0.6451612903225806,0.1428571428571428,1,6,26.0,0.0,0.1602564102564102,0.1474358974358974,0.0769230769230769,0.0833333333333333,0.1025641025641025,0.1153846153846153,0.0705128205128205,0.0,1.0,1,3,5.833333333333333,10,1.8333333333333333,4.225806451612903,155,98,0.632258064516129,7.871549423244489,3.49816959809492,33.05489281303529,187
test,audio_144.wav,,False,False,True,0.0,0.0,0.0,1.0101010101010102,0.0,0.0,1.0101010101010102,0.0,0.0,2.0202020202020203,1.0101010101010102,0.25,1,10,9.9,0.0,0.1818181818181818,0.1515151515151515,0.0505050505050505,0.1111111111111111,0.0101010101010101,0.2121212121212121,0.1111111111111111,0.0769230769230769,0.9230769230769232,0,3,3.2,5,0.3,3.757575757575758,99,52,0.5252525252525253,5.2261966393479025,3.256596447172619,25.9610268768506,105
test,audio_75.wav,,False,False,True,0.0,0.0,0.0,0.0,0.0,0.9523809523809524,0.9523809523809524,0.0,0.0,1.9047619047619049,0.9523809523809524,0.1666666666666666,1,5,21.8,0.0,0.3211009174311927,0.055045871559633,0.0825688073394495,0.0642201834862385,0.0825688073394495,0.1192660550458715,0.0275229357798165,0.0,1.0,0,1,5.6,8,1.2,4.542857142857143,105,69,0.6571428571428571,6.733710503344879,3.666354682501845,39.10908068075819,127
test,audio_200.wav,,False,False,True,0.0,1.162790697674419,3.488372093023256,0.0,0.0,2.3255813953488373,1.162790697674419,0.0,0.0,8.13953488372093,6.976744186046512,0.5714285714285714,6,7,12.428571428571429,0.0,0.2528735632183908,0.1379310344827586,0.0804597701149425,0.0919540229885057,0.0804597701149425,0.1379310344827586,0.0459770114942528,0.0,1.0,0,1,4.285714285714286,8,1.2857142857142858,4.930232558139535,86,59,0.686046511627907,6.362133619002867,3.82978006011074,46.05240835867891,103
test,audio_196.wav,,False,False,True,0.99009900990099,0.0,0.0,1.98019801980198,0.0,2.9702970297029703,0.0,0.0,0.0,5.9405940594059405,5.9405940594059405,0.5555555555555556,6,9,11.22222222222222,0.0,0.2376237623762376,0.0594059405940594,0.1287128712871287,0.0396039603960396,0.1386138613861386,0.0297029702970297,0.0495049504950495,0.0,1.0,4,3,3.888888888888889,6,0.1111111111111111,4.099009900990099,101,46,0.45544554455445546,4.57717107496595,3.6236182903421335,37.47291069034022,116
test,audio_190.wav,,False,False,True,0.0,0.0,0.0,1.7241379310344829,0.8620689655172413,0.8620689655172413,0.0,0.0,0.0,3.4482758620689653,3.4482758620689653,0.6,4,4,29.5,0.0,0.1440677966101695,0.1271186440677966,0.0508474576271186,0.059322033898305,0.1101694915254237,0.2203389830508474,0.0508474576271186,0.25,0.75,0,3,8.0,14,3.25,3.9913793103448274,116,62,0.5344827586206896,5.756555483488608,3.2176119290865386,24.96842256495549,130
test,audio_158.wav,,False,False,True,1.2820512820512822,0.0,0.0,0.0,0.0,3.8461538461538463,0.0,2.5641025641025643,0.0,7.6923076923076925,5.128205128205129,0.4,4,5,15.6,0.0,0.2435897435897435,0.141025641025641,0.0641025641025641,0.0512820512820512,0.0512820512820512,0.1666666666666666,0.0641025641025641,0.125,0.875,0,3,3.8,5,0.6,4.243589743589744,78,44,0.5641025641025641,4.98201895023622,3.859589651729284,47.4458780396971,89
test,audio_17.wav,,False,False,True,1.0869565217391304,1.0869565217391304,2.1739130434782608,1.0869565217391304,0.0,5.434782608695652,0.0,0.0,0.0,10.869565217391305,10.869565217391305,0.7142857142857143,10,7,13.142857142857142,0.0,0.2934782608695652,0.0434782608695652,0.1413043478260869,0.0978260869565217,0.0978260869565217,0.0652173913043478,0.0543478260869565,0.0,1.0,0,2,3.7142857142857135,7,0.2857142857142857,4.869565217391305,92,46,0.5,4.79583152331272,4.058328683035715,57.877498554103376,105
test,audio_105.wav,,False,False,True,0.0,0.0,0.0,0.0,0.0,2.459016393442623,0.819672131147541,0.0,0.0,3.278688524590164,2.459016393442623,0.5,3,6,21.0,0.0,0.365079365079365,0.1746031746031746,0.0634920634920634,0.0238095238095238,0.0158730158730158,0.0555555555555555,0.0952380952380952,0.0,1.0,0,1,5.333333333333333,7,1.3333333333333333,5.344262295081967,122,87,0.7131147540983607,7.876609905699112,4.173509870256696,64.9429940356322,154
test,audio_141.wav,,False,False,True,0.0,0.0,0.0,1.492537313432836,0.0,0.0,0.0,0.0,0.0,1.492537313432836,1.492537313432836,0.5,1,2,33.5,0.0,0.2686567164179104,0.1044776119402985,0.1044776119402985,0.0597014925373134,0.1044776119402985,0.1194029850746268,0.1343283582089552,0.5555555555555556,0.4444444444444444,0,2,7.5,8,3.0,4.611940298507463,67,46,0.6865671641791045,5.61979444039004,3.769175490287885,43.34431229226743,73
test,audio_129.wav,,False,False,True,1.1111111111111112,0.0,0.0,0.0,0.0,0.0,1.1111111111111112,0.0,0.0,2.2222222222222223,1.1111111111111112,0.1666666666666666,1,6,15.166666666666666,0.0,0.1648351648351648,0.0989010989010989,0.0439560439560439,0.1648351648351648,0.1208791208791208,0.1868131868131868,0.0659340659340659,0.4285714285714285,0.5714285714285714,0,3,4.0,6,1.1666666666666667,4.5,90,59,0.6555555555555556,6.219146064997813,3.2925079345703123,26.910268289503005,100
test,audio_6.wav,,False,False,True,0.0,0.0,0.0,0.0,0.925925925925926,0.925925925925926,0.0,0.0,0.0,1.851851851851852,1.851851851851852,0.3333333333333333,2,6,18.0,0.0,0.1944444444444444,0.1296296296296296,0.0277777777777777,0.0925925925925925,0.1203703703703703,0.1481481481481481,0.0833333333333333,0.0,1.0,0,2,4.166666666666667,5,2.0,4.12037037037037,108,64,0.5925925925925926,6.158402871356008,3.3831138610839844,29.46237015379649,128
test,audio_70.wav,,False,False,True,0.0,0.0,0.0,0.0,0.0,1.2903225806451613,0.0,0.0,0.0,1.2903225806451613,1.2903225806451613,0.0909090909090909,2,11,14.454545454545457,0.0,0.1886792452830188,0.1446540880503144,0.1069182389937107,0.0566037735849056,0.0754716981132075,0.1383647798742138,0.0754716981132075,0.0,1.0,0,1,4.2727272727272725,7,1.0909090909090908,4.270967741935484,155,95,0.6129032258064516,7.630583624573739,2.8789238823784724,17.79511323735364,180
test,audio_35.wav,,False,False,True,0.925925925925926,0.0,0.0,0.0,0.0,1.851851851851852,0.0,0.0,0.0,2.7777777777777777,2.7777777777777777,0.125,3,7,15.571428571428571,0.1428571428571428,0.128440366972477,0.128440366972477,0.073394495412844,0.0458715596330275,0.1559633027522936,0.2293577981651376,0.1192660550458715,0.0,1.0,1,2,3.571428571428572,11,1.0,3.7222222222222223,108,56,0.5185185185185185,5.388602512436507,2.5495633678276,12.801513009760736,119
test,audio_203.wav,,False,False,True,0.9345794392523364,0.0,0.0,0.0,0.9345794392523364,0.0,0.9345794392523364,0.0,0.0,2.803738317757009,1.8691588785046729,0.25,2,8,13.75,0.0,0.1818181818181818,0.0909090909090909,0.0727272727272727,0.1,0.1,0.2,0.0636363636363636,0.0,1.0,0,1,3.5,6,1.0,4.320754716981132,107,70,0.6542056074766355,6.767155423319645,3.412257080078125,30.33363248909984,125
test,audio_90.wav,,False,False,True,0.0,0.0,0.0,0.0,0.0,0.0,0.0,0.0,0.0,0.0,0.0,0.0,0,3,25.33333333333333,0.0,0.2236842105263158,0.131578947368421,0.0921052631578947,0.0921052631578947,0.0921052631578947,0.0789473684210526,0.0921052631578947,0.0909090909090909,0.9090909090909092,0,2,8.333333333333334,11,4.333333333333333,4.63013698630137,73,52,0.7123287671232876,6.0861396541987896,4.062955947149368,58.145933607126736,84
test,audio_16.wav,,False,False,True,0.0,0.0,1.36986301369863,1.36986301369863,0.0,1.36986301369863,0.0,0.0,0.0,4.109589041095891,4.109589041095891,0.75,3,3,24.33333333333333,0.0,0.3013698630136986,0.1095890410958904,0.0547945205479452,0.0547945205479452,0.0684931506849315,0.136986301369863,0.0821917808219178,0.0,1.0,0,1,5.666666666666667,8,1.3333333333333333,4.342465753424658,73,44,0.6027397260273972,5.149810476629745,3.81766110374814,45.497669449189694,84
test,audio_138.wav,,False,False,True,1.1494252873563218,0.0,0.0,1.1494252873563218,0.0,2.2988505747126435,4.597701149425287,0.0,1.1494252873563218,10.344827586206897,4.597701149425287,0.8333333333333334,4,6,14.833333333333334,0.0,0.4269662921348314,0.1011235955056179,0.0337078651685393,0.0674157303370786,0.0224719101123595,0.1123595505617977,0.0674157303370786,0.7142857142857143,0.2857142857142857,0,2,4.666666666666667,8,0.1666666666666666,4.872093023255814,87,61,0.7011494252873564,6.539886462510548,4.559679303850446,95.55283149078868,105
test,audio_100.wav,,False,False,True,0.970873786407767,0.0,0.0,0.0,0.0,0.970873786407767,0.970873786407767,0.0,0.0,2.912621359223301,1.941747572815534,0.5,2,4,25.75,0.0,0.3398058252427184,0.174757281553398,0.029126213592233,0.0388349514563106,0.0,0.087378640776699,0.0970873786407767,0.1111111111111111,0.8888888888888888,0,2,6.75,11,1.75,4.572815533980583,103,74,0.7184466019417476,7.29143665841577,4.727438449859619,113.0057214644834,128
test,audio_115.wav,,False,False,True,1.0638297872340423,1.0638297872340423,0.0,2.127659574468085,0.0,2.127659574468085,0.0,0.0,0.0,6.382978723404255,6.382978723404255,0.5714285714285714,6,7,13.714285714285714,0.0,0.21875,0.1041666666666666,0.0625,0.0520833333333333,0.0416666666666666,0.1979166666666666,0.09375,0.8461538461538461,0.1538461538461538,0,2,4.857142857142857,8,0.5714285714285714,3.8404255319148937,94,53,0.5638297872340425,5.466532605171604,3.8461817090756414,46.81397217320163,107
test,audio_118.wav,,False,False,True,4.285714285714286,2.857142857142857,1.4285714285714286,0.0,0.0,1.4285714285714286,0.0,0.0,0.0,10.0,10.0,1.0,7,3,23.33333333333333,0.0,0.3428571428571428,0.1428571428571428,0.1285714285714285,0.0428571428571428,0.0571428571428571,0.0428571428571428,0.0857142857142857,0.0,1.0,0,1,5.666666666666667,6,1.0,5.771428571428571,70,59,0.8428571428571429,7.051848795072923,3.625244140625,37.53388558738105,81
test,audio_137.wav,,False,False,True,0.0,0.0,0.8403361344537815,1.680672268907563,0.0,2.5210084033613445,0.8403361344537815,0.0,0.0,5.882352941176471,5.042016806722689,0.8,6,4,29.75,0.25,0.1428571428571428,0.1848739495798319,0.1092436974789916,0.0252100840336134,0.0336134453781512,0.2016806722689075,0.0840336134453781,0.2142857142857142,0.7857142857142857,0,2,5.5,9,3.25,4.19327731092437,119,78,0.6554621848739496,7.150248276820048,4.0652923583984375,58.281945248186304,132
test,audio_101.wav,,False,False,True,0.0,0.0,0.0,0.9345794392523364,0.0,2.803738317757009,1.8691588785046729,0.0,0.0,5.607476635514018,3.7383177570093458,1.0,4,2,53.5,0.0,0.1682242990654205,0.1308411214953271,0.0747663551401869,0.02803738317757,0.0560747663551401,0.205607476635514,0.1308411214953271,0.6363636363636364,0.3636363636363636,3,3,9.5,10,6.0,4.037383177570093,107,55,0.514018691588785,5.31705068975115,3.949224371659128,51.895099910523335,114
test,audio_193.wav,,False,False,True,1.2048192771084338,1.2048192771084338,1.2048192771084338,1.2048192771084338,0.0,7.228915662650603,0.0,0.0,0.0,12.048192771084338,12.048192771084338,1.0,10,4,21.0,0.0,0.119047619047619,0.2023809523809523,0.0714285714285714,0.1071428571428571,0.0714285714285714,0.2142857142857142,0.0833333333333333,0.0,1.0,0,2,4.25,6,2.5,4.192771084337349,83,51,0.6144578313253012,5.597977259474208,3.697900325693983,40.36246729063029,94
test,audio_102.wav,,False,False,True,0.0,0.0,0.0,0.0,0.0,0.6896551724137931,0.0,0.0,0.0,0.6896551724137931,0.6896551724137931,0.1,1,11,13.272727272727272,0.0,0.1643835616438356,0.0890410958904109,0.0821917808219178,0.0616438356164383,0.0890410958904109,0.2328767123287671,0.0616438356164383,0.4705882352941176,0.5294117647058824,1,3,4.090909090909091,7,0.3636363636363636,3.682758620689655,145,74,0.5103448275862069,6.145365509176758,2.6763294147995285,14.53165560208346,159
test,audio_52.wav,,False,False,True,0.0,0.0,2.142857142857143,0.0,0.0,2.142857142857143,0.0,0.0,0.0,4.285714285714286,4.285714285714286,0.25,6,10,15.4,0.0,0.1298701298701298,0.0974025974025974,0.0714285714285714,0.0259740259740259,0.1103896103896103,0.2467532467532467,0.0909090909090909,0.05,0.95,0,3,3.9,9,1.2,3.707142857142857,140,72,0.5142857142857142,6.08511063404532,3.4179713393702653,30.507462913470576,165
test,audio_172.wav,,False,False,True,0.0,0.0,1.1764705882352942,0.0,0.0,2.3529411764705883,1.1764705882352942,0.0,0.0,4.705882352941177,3.5294117647058822,0.5,3,5,17.4,0.0,0.2068965517241379,0.0919540229885057,0.0229885057471264,0.0344827586206896,0.1264367816091954,0.1494252873563218,0.1494252873563218,0.2857142857142857,0.7142857142857143,0,4,3.8,6,0.6,4.188235294117647,85,48,0.5647058823529412,5.206330987647748,4.219889115314095,68.02594083611764,98
test,audio_191.wav,,False,False,True,0.0,0.0,0.0,0.0,0.0,1.4705882352941178,0.0,0.0,0.0,1.4705882352941178,1.4705882352941178,0.2,1,5,14.0,0.0,0.2285714285714285,0.0714285714285714,0.1142857142857142,0.0714285714285714,0.1,0.0857142857142857,0.0714285714285714,0.1428571428571428,0.8571428571428571,0,3,4.2,7,0.8,4.191176470588236,68,47,0.6911764705882353,5.699587188353825,3.2295882161458334,25.26924935937365,75
test,audio_194.wav,,False,False,True,0.0,0.99009900990099,0.0,0.0,0.99009900990099,1.98019801980198,0.0,0.0,0.0,3.96039603960396,3.96039603960396,0.5,4,6,17.166666666666668,0.0,0.1650485436893204,0.0970873786407767,0.087378640776699,0.0679611650485436,0.087378640776699,0.1941747572815534,0.0388349514563106,0.1428571428571428,0.8571428571428571,0,3,5.0,8,1.3333333333333333,4.069306930693069,101,54,0.5346534653465347,5.3732008271339415,2.9144514698093222,18.43869544714333,118
test,audio_67.wav,,False,False,True,1.98019801980198,0.0,0.0,0.0,0.0,3.96039603960396,0.0,0.0,0.0,5.9405940594059405,5.9405940594059405,0.8,6,5,20.2,0.0,0.2277227722772277,0.1188118811881188,0.1386138613861386,0.0495049504950495,0.0792079207920792,0.0594059405940594,0.0693069306930693,0.0,1.0,1,2,6.4,7,1.2,5.237623762376238,101,68,0.6732673267326733,6.766252893427926,4.16723496573312,64.53675882510251,112
test,audio_160.wav,,False,False,True,0.0,0.0,0.0,0.0,0.0,2.5641025641025643,0.0,0.0,0.0,2.5641025641025643,2.5641025641025643,0.3333333333333333,2,3,26.0,0.0,0.1794871794871795,0.1923076923076923,0.0384615384615384,0.0897435897435897,0.0256410256410256,0.1153846153846153,0.0769230769230769,0.0,1.0,0,2,7.0,9,2.0,3.7948717948717934,78,45,0.5769230769230769,5.095246653650681,3.2873736213235296,26.772456629405347,85
test,audio_179.wav,,False,False,True,0.0,0.0,0.0,0.0,0.0,2.7777777777777777,1.3888888888888888,0.0,0.0,4.166666666666667,2.7777777777777777,1.0,2,2,41.5,0.0,0.0963855421686747,0.1927710843373494,0.0120481927710843,0.036144578313253,0.180722891566265,0.2650602409638554,0.072289156626506,0.0,1.0,0,2,6.5,7,5.5,3.4027777777777777,72,36,0.5,4.242640687119286,3.598713039122906,36.55116424302835,97
test,audio_55.wav,,False,False,True,1.5873015873015872,1.5873015873015872,0.7936507936507936,0.7936507936507936,0.0,3.1746031746031744,0.0,0.0,0.0,7.936507936507937,7.936507936507937,0.6666666666666666,10,5,25.4,0.0,0.2755905511811024,0.1102362204724409,0.0393700787401574,0.0393700787401574,0.0629921259842519,0.1181102362204724,0.0629921259842519,0.0,1.0,3,3,7.4,12,1.4,4.309523809523809,126,68,0.5396825396825397,6.057921483348286,3.935095943621735,51.16705887410585,134
test,audio_145.wav,,False,False,True,0.0,0.0,1.1904761904761905,0.0,0.0,1.1904761904761905,1.1904761904761905,0.0,0.0,3.571428571428572,2.380952380952381,0.5,2,6,14.166666666666666,0.1666666666666666,0.2117647058823529,0.0588235294117647,0.1294117647058823,0.1058823529411764,0.1294117647058823,0.1176470588235294,0.0705882352941176,0.0,1.0,0,1,3.6666666666666665,7,0.8333333333333334,4.261904761904762,84,57,0.6785714285714286,6.219209871725783,3.59627685546875,36.46222727154388,95
test,audio_197.wav,,False,False,True,0.0,4.25531914893617,0.0,1.0638297872340423,0.0,0.0,0.0,0.0,0.0,5.319148936170213,5.319148936170213,0.4,5,5,19.0,0.0,0.3052631578947368,0.1684210526315789,0.0421052631578947,0.0526315789473684,0.0736842105263157,0.0736842105263157,0.0842105263157894,0.0,1.0,0,3,5.8,8,1.6,4.595744680851064,94,67,0.7127659574468085,6.910522349933915,3.9760194505964006,53.30443044945693,112
test,audio_139.wav,,False,False,True,1.2345679012345678,0.0,0.0,0.0,0.0,2.469135802469136,1.2345679012345678,0.0,0.0,4.938271604938271,3.703703703703704,0.5,3,4,21.0,0.0,0.25,0.0714285714285714,0.0833333333333333,0.119047619047619,0.0714285714285714,0.1785714285714285,0.0833333333333333,0.125,0.875,0,2,6.0,12,1.25,4.280487804878049,81,50,0.6172839506172839,5.555555555555555,3.865195416389628,47.712595344856176,94
test,audio_91.wav,,False,False,True,0.0,3.333333333333333,0.0,1.1111111111111112,0.0,1.1111111111111112,0.0,0.0,0.0,5.555555555555555,5.555555555555555,0.6,5,5,18.0,0.0,0.3555555555555555,0.1111111111111111,0.0777777777777777,0.0333333333333333,0.0777777777777777,0.0111111111111111,0.0888888888888888,0.0,1.0,0,2,5.0,8,0.4,4.733333333333333,90,65,0.7222222222222222,6.851601597031489,3.710245169845282,40.863823876341485,102
test,audio_8.wav,,False,False,True,3.571428571428572,0.0,0.0,0.0,0.0,0.0,0.0,0.0,0.0,3.571428571428572,3.571428571428572,0.5,2,4,14.0,0.0,0.2321428571428571,0.1607142857142857,0.1071428571428571,0.0,0.0714285714285714,0.1785714285714285,0.0535714285714285,0.1,0.9,0,3,4.75,7,1.25,4.125,56,29,0.5178571428571429,3.8752880077301537,2.9415151742788463,18.94452884007685,65
test,audio_136.wav,,False,False,True,0.0,0.0,0.0,0.0,0.0,1.4285714285714286,0.0,0.0,0.0,1.4285714285714286,1.4285714285714286,0.1666666666666666,1,6,11.666666666666666,0.0,0.2142857142857142,0.1,0.0857142857142857,0.0857142857142857,0.1142857142857142,0.1428571428571428,0.0857142857142857,0.3333333333333333,0.6666666666666666,0,3,3.5,5,0.3333333333333333,3.971428571428572,70,50,0.7142857142857143,5.976143046671968,2.781662180453916,16.14583594909514,79
test,audio_199.wav,,False,False,True,1.162790697674419,3.488372093023256,1.162790697674419,2.3255813953488373,1.162790697674419,4.651162790697675,0.0,0.0,0.0,13.953488372093023,13.953488372093023,0.75,12,4,21.75,0.25,0.2528735632183908,0.1264367816091954,0.057471264367816,0.1379310344827586,0.0344827586206896,0.0919540229885057,0.1034482758620689,0.2222222222222222,0.7777777777777778,0,3,4.25,7,1.25,4.534883720930233,86,53,0.6162790697674418,5.715136979782236,4.418315095721551,82.95639395652579,106
test,audio_110.wav,,False,False,True,0.0,1.3986013986013983,0.0,0.6993006993006993,0.0,1.3986013986013983,0.0,0.0,0.0,3.4965034965034967,3.4965034965034967,0.5555555555555556,5,9,16.22222222222222,0.0,0.2534246575342466,0.1027397260273972,0.0753424657534246,0.0410958904109589,0.0890410958904109,0.1232876712328767,0.0684931506849315,0.1875,0.8125,0,3,5.333333333333333,9,0.8888888888888888,4.125874125874126,143,90,0.6293706293706294,7.526178090063817,3.00808565116223,20.24859991499922,162
test,audio_208.wav,,False,False,True,0.0,2.2222222222222223,0.0,1.1111111111111112,0.0,4.444444444444445,0.0,0.0,0.0,7.777777777777778,7.777777777777778,1.0,7,1,90.0,0.0,0.1888888888888888,0.0666666666666666,0.0888888888888888,0.1333333333333333,0.0777777777777777,0.1777777777777777,0.0666666666666666,1.0,0.0,0,1,11.0,11,8.0,3.8777777777777778,90,50,0.5555555555555556,5.270462766947299,3.5887304812061545,36.18810527258888,98
test,audio_152.wav,,False,False,True,0.970873786407767,0.0,0.0,0.0,0.0,0.0,0.970873786407767,0.0,0.0,1.941747572815534,0.970873786407767,0.2857142857142857,1,7,15.0,0.0,0.2571428571428571,0.1238095238095238,0.0666666666666666,0.0666666666666666,0.0476190476190476,0.1333333333333333,0.0666666666666666,0.3333333333333333,0.6666666666666666,0,2,6.0,10,0.5714285714285714,4.689320388349515,103,75,0.7281553398058253,7.389969586232199,2.831097514689469,16.964068926180378,119
test,audio_94.wav,,False,False,True,0.0,0.0,0.0,0.9615384615384616,1.9230769230769231,3.8461538461538463,0.0,0.0,0.0,6.730769230769231,6.730769230769231,0.5,7,5,20.8,0.0,0.1923076923076923,0.1538461538461538,0.0096153846153846,0.048076923076923,0.0769230769230769,0.1826923076923076,0.0673076923076923,0.3333333333333333,0.6666666666666666,0,3,5.8,8,1.8,3.6634615384615374,104,56,0.5384615384615384,5.491251783869154,3.035750397538717,20.816592760038105,113
test,audio_174.wav,,False,False,True,0.0,1.2820512820512822,0.0,0.0,0.0,6.410256410256411,0.0,0.0,0.0,7.6923076923076925,7.6923076923076925,0.5,6,4,19.5,0.0,0.3461538461538461,0.1153846153846153,0.1153846153846153,0.0512820512820512,0.0641025641025641,0.0512820512820512,0.0512820512820512,0.0,1.0,0,1,7.5,13,0.5,5.461538461538462,78,65,0.8333333333333334,7.359800721939871,4.477594375610352,88.0226682987398,96
test,audio_23.wav,,False,False,True,0.8333333333333334,0.0,0.8333333333333334,0.8333333333333334,0.0,0.8333333333333334,0.0,0.0,0.0,3.333333333333333,3.333333333333333,0.2857142857142857,4,7,17.285714285714285,0.0,0.3636363636363636,0.1239669421487603,0.0909090909090909,0.024793388429752,0.0661157024793388,0.024793388429752,0.0661157024793388,0.0,1.0,0,1,5.571428571428571,8,0.7142857142857143,5.6,120,74,0.6166666666666667,6.7552448758970485,3.696444155564949,40.30373544358628,134
test,audio_56.wav,,False,False,True,1.4814814814814814,0.0,0.7407407407407407,2.2222222222222223,0.7407407407407407,2.962962962962963,0.0,0.0,0.0,8.148148148148149,8.148148148148149,0.8333333333333334,11,5,27.2,0.0,0.1985294117647058,0.1691176470588235,0.0441176470588235,0.088235294117647,0.0661764705882353,0.0955882352941176,0.1176470588235294,0.0,1.0,1,3,5.0,9,2.0,4.333333333333333,135,72,0.5333333333333333,6.196773353931867,5.042263997395834,154.82013091883016,150
test,audio_97.wav,,False,False,True,0.0,1.25,1.25,1.25,0.0,0.0,0.0,0.0,0.0,3.75,3.75,0.3333333333333333,3,5,16.0,0.0,0.35,0.075,0.0875,0.0375,0.0625,0.025,0.0625,0.0,1.0,0,1,4.8,7,0.8,4.375,80,56,0.7,6.260990336999411,3.8703524271647134,47.95928525770489,96
test,audio_148.wav,,False,False,True,0.0,0.0,0.9345794392523364,0.0,0.9345794392523364,0.9345794392523364,1.8691588785046729,0.0,0.0,4.672897196261682,2.803738317757009,0.5,3,7,15.857142857142858,0.0,0.1801801801801801,0.1981981981981982,0.0,0.1081081081081081,0.036036036036036,0.2162162162162162,0.081081081081081,0.1,0.9,3,3,4.0,6,0.2857142857142857,3.869158878504673,107,53,0.4953271028037383,5.1237033919420165,3.03245947265625,20.748199517194205,125
test,audio_59.wav,,False,False,True,0.8547008547008547,0.0,0.0,3.418803418803418,0.0,1.709401709401709,0.0,0.0,0.0,5.982905982905983,5.982905982905983,0.75,7,8,14.625,0.0,0.2051282051282051,0.1623931623931624,0.1111111111111111,0.0769230769230769,0.0256410256410256,0.1538461538461538,0.1025641025641025,0.0588235294117647,0.9411764705882352,0,3,4.5,7,0.875,4.145299145299146,117,68,0.5811965811965812,6.28660222388593,3.873505803464933,48.11075763038976,131
test,audio_5.wav,,False,False,True,0.0,0.0,0.0,0.0,0.0,0.0,1.1764705882352942,0.0,1.1764705882352942,2.3529411764705883,0.0,0.25,0,9,9.666666666666666,0.2222222222222222,0.160919540229885,0.0919540229885057,0.0804597701149425,0.1034482758620689,0.0919540229885057,0.1494252873563218,0.0804597701149425,0.25,0.75,0,2,3.0,5,0.2222222222222222,3.541176470588235,85,46,0.5411764705882353,4.989400529829092,3.352761062921262,28.58154022969192,102
test,audio_119.wav,,False,False,True,0.0,0.0,0.0,0.0,0.0,2.3622047244094486,0.0,0.0,0.0,2.3622047244094486,2.3622047244094486,0.75,3,2,63.5,0.0,0.2283464566929134,0.1732283464566929,0.0393700787401574,0.0472440944881889,0.0472440944881889,0.1259842519685039,0.1023622047244094,0.0714285714285714,0.9285714285714286,1,4,9.5,11,5.5,4.433070866141732,127,72,0.5669291338582677,6.38896686779602,3.5526656087239585,34.90623996286579,150
test,audio_80.wav,,False,False,True,0.9345794392523364,0.0,0.0,0.0,0.0,3.7383177570093458,0.0,0.0,0.0,4.672897196261682,4.672897196261682,0.5,5,8,13.375,0.0,0.1775700934579439,0.1588785046728972,0.1401869158878504,0.0186915887850467,0.0560747663551401,0.1869158878504672,0.0467289719626168,0.0,1.0,0,1,4.25,7,0.75,3.4299065420560746,107,39,0.3644859813084112,3.7702723072780877,2.83731640625,17.06989535172389,125
test,audio_58.wav,,False,False,True,0.7518796992481203,1.5037593984962403,1.5037593984962403,0.7518796992481203,0.0,2.255639097744361,0.7518796992481203,0.0,0.0,7.518796992481203,6.7669172932330826,0.6666666666666666,9,6,22.166666666666668,0.0,0.3007518796992481,0.0526315789473684,0.0902255639097744,0.0827067669172932,0.0902255639097744,0.0300751879699248,0.0676691729323308,0.0,1.0,2,3,4.833333333333333,7,0.6666666666666666,4.165413533834586,133,68,0.5112781954887218,5.896347792764016,4.506307230367289,90.58668434765214,154
test,audio_123.wav,,False,False,True,0.0,2.150537634408602,0.0,1.075268817204301,0.0,2.150537634408602,2.150537634408602,1.075268817204301,1.075268817204301,9.67741935483871,5.376344086021505,0.8571428571428571,5,7,13.285714285714286,0.1428571428571428,0.4516129032258064,0.0967741935483871,0.053763440860215,0.021505376344086,0.032258064516129,0.075268817204301,0.075268817204301,0.0,1.0,0,1,5.714285714285714,10,0.1428571428571428,4.763440860215054,93,59,0.6344086021505376,6.118014998909509,3.3995729039927,29.95130523240612,122
test,audio_188.wav,,False,False,True,0.0,0.0,2.5316455696202533,0.0,0.0,0.0,0.0,0.0,0.0,2.5316455696202533,2.5316455696202533,0.2,2,5,15.8,0.0,0.1265822784810126,0.2025316455696202,0.0126582278481012,0.1012658227848101,0.0759493670886076,0.240506329113924,0.0632911392405063,0.0,1.0,1,2,5.0,7,1.6,4.189873417721519,79,48,0.6075949367088608,5.400421924444915,3.2762374877929688,26.47596890491714,92
test,audio_121.wav,,False,False,True,1.1764705882352942,3.5294117647058822,0.0,1.1764705882352942,0.0,1.1764705882352942,2.3529411764705883,0.0,0.0,9.411764705882351,7.0588235294117645,0.6666666666666666,6,3,28.666666666666668,0.0,0.2325581395348837,0.0930232558139534,0.0813953488372093,0.0581395348837209,0.0697674418604651,0.1744186046511628,0.1046511627906976,0.0909090909090909,0.9090909090909092,0,3,6.0,7,1.6666666666666667,3.8117647058823527,85,55,0.6470588235294118,5.965587590013045,4.13642333984375,62.57859832401433,100
test,audio_107.wav,,False,False,True,0.0,0.0,0.0,0.0,0.0,0.0,0.0,0.0,0.0,0.0,0.0,0.0,0,1,8.0,0.0,0.5,0.0,0.125,0.0,0.125,0.125,0.0,0.0,1.0,0,1,4.0,4,0.0,5.375,8,8,1.0,2.82842712474619,4.69272698296441,109.15042568238717,9
test,audio_214.wav,,False,False,True,0.0,0.0,0.0,0.0,0.0,1.9047619047619049,0.0,0.0,0.0,1.9047619047619049,1.9047619047619049,0.25,2,9,12.11111111111111,0.0,0.2110091743119266,0.1009174311926605,0.0642201834862385,0.0825688073394495,0.110091743119266,0.1834862385321101,0.055045871559633,0.3333333333333333,0.6666666666666666,1,4,3.7777777777777777,7,0.6666666666666666,4.180952380952381,105,69,0.6571428571428571,6.733710503344879,3.653837233323317,38.62258593976383,130
test,audio_73.wav,,False,False,True,0.0,0.8130081300813008,0.0,0.0,0.0,0.0,0.0,0.0,0.0,0.8130081300813008,0.8130081300813008,0.1111111111111111,1,9,14.333333333333334,0.0,0.2015503875968992,0.1395348837209302,0.0775193798449612,0.0775193798449612,0.0852713178294573,0.1472868217054263,0.0465116279069767,0.0769230769230769,0.9230769230769232,2,4,4.444444444444445,8,0.7777777777777778,4.40650406504065,123,84,0.6829268292682927,7.574024931206431,3.504441604115605,33.26286481884053,153
test,audio_169.wav,,False,False,True,0.0,0.0,1.0526315789473684,0.0,0.0,2.1052631578947367,0.0,0.0,0.0,3.1578947368421053,3.1578947368421053,0.75,3,3,31.666666666666668,0.0,0.2631578947368421,0.1263157894736842,0.0526315789473684,0.0736842105263157,0.0421052631578947,0.1473684210526315,0.0736842105263157,0.1818181818181818,0.8181818181818182,0,2,7.0,11,3.333333333333333,4.042105263157895,95,64,0.6736842105263158,6.566261453344986,3.64486409124927,38.27757024127338,107
test,audio_7.wav,,False,False,True,0.0,0.0,0.0,1.4814814814814814,0.0,2.2222222222222223,0.7407407407407407,0.0,0.0,4.444444444444445,3.703703703703704,0.6666666666666666,5,6,22.666666666666668,0.0,0.2279411764705882,0.1397058823529411,0.0147058823529411,0.0514705882352941,0.0955882352941176,0.088235294117647,0.0441176470588235,0.0,1.0,4,3,5.166666666666667,7,1.6666666666666667,3.659259259259259,135,58,0.42962962962962964,4.991845201778449,2.953839807702391,19.179457947239072,149
test,audio_42.wav,,False,False,True,1.1494252873563218,0.0,0.0,0.0,0.0,1.1494252873563218,0.0,0.0,0.0,2.2988505747126435,2.2988505747126435,0.25,2,5,17.8,0.0,0.1235955056179775,0.146067415730337,0.0898876404494382,0.0674157303370786,0.1011235955056179,0.2022471910112359,0.0786516853932584,0.8461538461538461,0.1538461538461538,1,4,4.4,9,1.2,3.2988505747126435,87,50,0.5747126436781609,5.360562674188974,2.7200927734375,15.181730640960778,100
test,audio_88.wav,,False,False,True,0.0,0.0,0.0,0.0,0.0,2.5,0.0,0.0,0.0,2.5,2.5,0.5,3,5,26.4,0.0,0.0984848484848484,0.1212121212121212,0.0454545454545454,0.1136363636363636,0.1439393939393939,0.2424242424242424,0.0681818181818181,0.1818181818181818,0.8181818181818182,0,4,5.0,9,2.4,3.622950819672131,120,70,0.5833333333333334,6.390096504226938,2.8098866230732686,16.608035144056426,148
test,audio_64.wav,,False,False,True,0.0,0.0,1.5625,3.125,0.0,3.125,1.5625,0.0,0.0,9.375,7.8125,1.0,5,1,64.0,0.0,0.1875,0.171875,0.015625,0.03125,0.125,0.1875,0.078125,0.1666666666666666,0.8333333333333334,0,3,11.0,11,7.0,3.875,64,44,0.6875,5.5,4.758455088440801,116.56570301863032,71
test,audio_195.wav,,False,False,True,0.0,1.351351351351351,0.0,0.0,0.0,1.351351351351351,0.0,0.0,0.0,2.702702702702702,2.702702702702702,0.3333333333333333,2,3,25.0,0.0,0.24,0.1333333333333333,0.0933333333333333,0.08,0.0933333333333333,0.0933333333333333,0.08,0.0,1.0,0,2,6.666666666666667,8,2.333333333333333,4.351351351351352,74,55,0.7432432432432432,6.393620130910061,3.919469940528441,50.373736624020445,89
test,audio_57.wav,,False,False,True,0.0,0.0,0.0,0.6993006993006993,0.6993006993006993,4.195804195804196,1.3986013986013983,0.0,0.0,6.993006993006993,5.594405594405594,0.5,8,7,20.714285714285715,0.0,0.1862068965517241,0.1448275862068965,0.0551724137931034,0.0551724137931034,0.096551724137931,0.1793103448275862,0.1241379310344827,0.0,1.0,3,3,4.285714285714286,9,2.4285714285714284,3.909090909090909,143,70,0.48951048951048953,5.853694070049635,4.1733422217431,64.93210735180733,154
test,audio_13.wav,,False,False,True,1.075268817204301,0.0,1.075268817204301,0.0,0.0,6.451612903225806,0.0,0.0,0.0,8.602150537634408,8.602150537634408,0.8,8,5,18.6,0.2,0.2473118279569892,0.075268817204301,0.0967741935483871,0.0967741935483871,0.086021505376344,0.1505376344086021,0.075268817204301,0.0833333333333333,0.9166666666666666,0,2,4.6,7,1.2,4.279569892473118,93,52,0.5591397849462365,5.3921488125982115,3.78437608775526,44.008204733706215,101
test,audio_125.wav,,False,False,True,0.0,0.0,0.0,0.0,0.0,1.2820512820512822,0.0,1.2820512820512822,0.0,2.5641025641025643,1.2820512820512822,0.5,1,4,20.5,0.0,0.2439024390243902,0.073170731707317,0.1097560975609756,0.048780487804878,0.073170731707317,0.0975609756097561,0.0975609756097561,0.0,1.0,0,1,6.5,8,0.75,4.205128205128205,78,44,0.5641025641025641,4.98201895023622,3.2959244467995386,27.00236478502402,88
test,audio_209.wav,,False,False,True,0.0,1.0101010101010102,1.0101010101010102,0.0,0.0,2.0202020202020203,1.0101010101010102,0.0,0.0,5.05050505050505,4.040404040404041,0.75,4,3,34.0,0.0,0.3137254901960784,0.1078431372549019,0.0392156862745098,0.0098039215686274,0.0784313725490196,0.0,0.0490196078431372,0.0,1.0,1,2,8.333333333333334,10,2.0,4.111111111111111,99,66,0.6666666666666666,6.6332495807108,4.37242958762429,79.23590861114052,110
test,audio_211.wav,,False,False,True,1.1111111111111112,1.1111111111111112,1.1111111111111112,2.2222222222222223,1.1111111111111112,2.2222222222222223,0.0,0.0,0.0,8.88888888888889,8.88888888888889,0.7142857142857143,8,7,12.857142857142858,0.0,0.2666666666666666,0.0888888888888888,0.1111111111111111,0.0333333333333333,0.1111111111111111,0.1666666666666666,0.0888888888888888,0.4545454545454545,0.5454545454545454,0,3,4.285714285714286,6,0.5714285714285714,4.455555555555556,90,58,0.6444444444444445,6.1137368096588665,4.141456460053066,62.89435789326817,106
test,audio_63.wav,,False,False,True,0.0,0.925925925925926,0.925925925925926,1.851851851851852,0.0,3.703703703703704,0.0,0.0,0.0,7.407407407407407,7.407407407407407,0.6,8,4,27.25,0.0,0.1834862385321101,0.073394495412844,0.1376146788990825,0.055045871559633,0.091743119266055,0.1926605504587156,0.1009174311926605,0.4285714285714285,0.5714285714285714,0,3,4.0,8,1.75,3.657407407407408,108,61,0.5648148148148148,5.869727736761195,3.533676275686056,34.24964760280329,119
test,audio_86.wav,,False,False,True,0.0,0.0,0.9523809523809524,0.0,0.0,2.857142857142857,0.0,0.0,0.0,3.809523809523809,3.809523809523809,0.5,4,7,15.571428571428571,0.0,0.3027522935779816,0.1651376146788991,0.0275229357798165,0.055045871559633,0.0642201834862385,0.1559633027522936,0.073394495412844,0.2727272727272727,0.7272727272727273,0,4,4.0,12,1.0,4.457142857142857,105,73,0.6952380952380952,7.124070532524293,3.4098070187676224,30.259404198793863,133
test,audio_78.wav,,False,False,True,0.0,0.0,0.0,0.0,0.9433962264150944,0.9433962264150944,0.0,0.0,0.0,1.8867924528301887,1.8867924528301887,0.2857142857142857,2,7,15.285714285714286,0.1428571428571428,0.2336448598130841,0.1588785046728972,0.0747663551401869,0.1214953271028037,0.0560747663551401,0.0934579439252336,0.0373831775700934,0.0,1.0,0,1,4.142857142857143,6,1.4285714285714286,4.481132075471698,106,75,0.7075471698113207,7.284643967679481,3.5803094908248547,35.88464509705309,129
test,audio_38.wav,,False,False,True,0.0,2.5974025974025974,2.5974025974025974,0.0,0.0,3.896103896103896,1.2987012987012987,0.0,0.0,10.38961038961039,9.090909090909092,1.0,7,6,13.333333333333334,0.1666666666666666,0.25,0.0875,0.1,0.1,0.0875,0.125,0.0875,0.0,1.0,0,2,3.0,5,0.5,4.987012987012987,77,55,0.7142857142857143,6.267831705280087,4.234914365022079,69.05576489140412,92
test,audio_186.wav,,False,False,True,2.247191011235955,0.0,0.0,1.1235955056179776,0.0,3.3707865168539324,1.1235955056179776,0.0,0.0,7.865168539325842,6.741573033707865,0.6666666666666666,6,7,12.857142857142858,0.0,0.1555555555555555,0.1333333333333333,0.0666666666666666,0.0444444444444444,0.1,0.2666666666666666,0.0888888888888888,0.5,0.5,0,2,3.7142857142857135,5,0.2857142857142857,3.853932584269663,89,53,0.5955056179775281,5.617988764033708,3.723988234394728,41.42929479719536,99
test,audio_154.wav,,False,False,True,0.0,0.0,0.0,2.857142857142857,0.0,2.857142857142857,0.0,0.0,0.0,5.714285714285714,5.714285714285714,0.5,4,7,10.285714285714286,0.0,0.3472222222222222,0.0694444444444444,0.0555555555555555,0.0833333333333333,0.0833333333333333,0.125,0.0277777777777777,0.2,0.8,0,2,3.7142857142857135,7,0.4285714285714285,4.5,70,44,0.6285714285714286,5.259005881071332,3.566414211107337,35.389466207806926,92
test,audio_21.wav,,False,False,True,1.1111111111111112,0.0,0.0,1.1111111111111112,0.0,3.333333333333333,0.0,0.0,0.0,5.555555555555555,5.555555555555555,0.6666666666666666,5,6,15.166666666666666,0.0,0.3626373626373626,0.0989010989010989,0.0329670329670329,0.0219780219780219,0.0109890109890109,0.1538461538461538,0.0439560439560439,0.75,0.25,0,2,4.5,6,0.1666666666666666,4.617977528089888,90,54,0.6,5.692099788303083,3.7704879097316577,43.40123555592516,138
test,audio_120.wav,,False,False,True,0.0,0.0,1.2987012987012987,0.0,0.0,2.5974025974025974,1.2987012987012987,0.0,0.0,5.194805194805195,3.896103896103896,1.0,3,2,38.5,0.0,0.1948051948051948,0.1428571428571428,0.0779220779220779,0.0909090909090909,0.0909090909090909,0.1558441558441558,0.0909090909090909,0.0,1.0,1,3,6.0,8,3.0,4.753246753246753,77,50,0.6493506493506493,5.698028822981897,4.396736236939947,81.18546567044763,83
test,audio_183.wav,,False,False,True,1.0,0.0,1.0,2.0,0.0,1.0,3.0,1.0,0.0,9.0,5.0,1.0,5,4,26.25,0.0,0.2285714285714285,0.1238095238095238,0.0571428571428571,0.0952380952380952,0.0857142857142857,0.1428571428571428,0.0857142857142857,0.0833333333333333,0.9166666666666666,0,3,5.75,12,1.75,4.14,100,51,0.51,5.1,3.776202786353328,43.64997835256114,124
test,audio_25.wav,,False,False,True,0.0,0.0,0.9523809523809524,0.0,0.0,5.714285714285714,0.0,0.0,0.0,6.666666666666667,6.666666666666667,1.0,7,2,53.0,0.0,0.2264150943396226,0.1320754716981132,0.0660377358490566,0.0471698113207547,0.0660377358490566,0.1415094339622641,0.0754716981132075,0.3333333333333333,0.6666666666666666,0,2,12.5,17,4.5,4.419047619047619,105,75,0.7142857142857143,7.319250547113999,4.590880267387997,98.58116976813956,113
test,audio_122.wav,,False,False,True,0.0,0.0,2.803738317757009,0.0,0.0,0.9345794392523364,0.9345794392523364,0.0,0.0,4.672897196261682,3.7383177570093458,0.5714285714285714,4,7,15.285714285714286,0.0,0.205607476635514,0.2429906542056074,0.0186915887850467,0.0093457943925233,0.0,0.2710280373831775,0.0560747663551401,0.0714285714285714,0.9285714285714286,0,2,3.857142857142857,6,0.7142857142857143,4.130841121495327,107,46,0.42990654205607476,4.446987849610053,3.658755467942924,38.81300876725761,121
test,audio_36.wav,,False,False,True,1.45985401459854,0.7299270072992701,0.7299270072992701,0.0,0.0,3.6496350364963503,1.45985401459854,0.7299270072992701,0.0,8.75912408759124,6.569343065693431,0.8,9,6,23.5,0.0,0.1631205673758865,0.1773049645390071,0.0567375886524822,0.0921985815602836,0.0780141843971631,0.1985815602836879,0.0709219858156028,0.6190476190476191,0.3809523809523809,0,3,5.5,7,2.5,3.8905109489051095,137,80,0.583941605839416,6.834861261734087,4.219819680238381,68.02121761374578,156
test,audio_76.wav,,False,False,True,0.0,0.684931506849315,0.0,0.684931506849315,0.0,0.684931506849315,0.0,0.0,0.0,2.054794520547945,2.054794520547945,0.2,3,14,11.142857142857142,0.0,0.2307692307692307,0.1025641025641025,0.0833333333333333,0.0705128205128205,0.0961538461538461,0.1153846153846153,0.0512820512820512,0.0,1.0,0,3,3.2142857142857144,7,0.5714285714285714,3.986206896551724,146,88,0.6027397260273972,7.2829318197008375,3.298191292576058,27.06364441108285,189
test,audio_163.wav,,False,False,True,0.0,0.0,0.0,0.0,0.0,0.0,1.7241379310344829,1.7241379310344829,0.0,3.4482758620689653,0.0,0.5,0,4,14.5,0.0,0.3275862068965517,0.1034482758620689,0.1379310344827586,0.0172413793103448,0.0517241379310344,0.1379310344827586,0.0862068965517241,0.0,1.0,0,1,5.0,6,0.5,5.482758620689655,58,40,0.6896551724137931,5.252257314388902,4.783973487647804,119.5785512008203,74
test,audio_83.wav,,False,False,True,0.925925925925926,0.0,0.0,0.0,0.0,1.851851851851852,0.0,0.0,0.0,2.7777777777777777,2.7777777777777777,0.4,3,6,18.5,0.0,0.1621621621621621,0.1441441441441441,0.072072072072072,0.054054054054054,0.0990990990990991,0.1621621621621621,0.0990990990990991,0.0,1.0,2,2,4.5,7,1.1666666666666667,3.851851851851852,108,65,0.6018518518518519,6.2546279162209455,2.9669587733381886,19.43273030011863,118
test,audio_103.wav,,False,False,True,0.0,0.0,1.4705882352941178,0.0,0.0,5.882352941176471,0.0,0.0,0.0,7.352941176470588,7.352941176470588,0.5,5,6,11.333333333333334,0.0,0.2647058823529412,0.1764705882352941,0.0735294117647058,0.0588235294117647,0.088235294117647,0.1470588235294117,0.0588235294117647,0.5,0.5,0,3,3.6666666666666665,5,0.6666666666666666,4.720588235294118,68,52,0.7647058823529411,6.305926250944657,4.506673422204443,90.61986252643344,83
test,audio_93.wav,,False,False,True,1.851851851851852,0.0,0.925925925925926,2.7777777777777777,0.925925925925926,0.925925925925926,0.925925925925926,0.0,0.0,8.333333333333334,7.407407407407407,0.7142857142857143,8,7,16.0,0.2857142857142857,0.1160714285714285,0.125,0.0357142857142857,0.0803571428571428,0.125,0.2142857142857142,0.1071428571428571,0.1428571428571428,0.8571428571428571,0,3,4.285714285714286,8,1.8571428571428568,4.092592592592593,108,65,0.6018518518518519,6.2546279162209455,3.548050653366816,34.74552036588189,126
test,audio_26.wav,,False,False,True,0.0,0.0,0.0,1.1235955056179776,0.0,0.0,0.0,0.0,0.0,1.1235955056179776,1.1235955056179776,0.1111111111111111,1,9,9.88888888888889,0.0,0.146067415730337,0.1573033707865168,0.0449438202247191,0.1348314606741573,0.0786516853932584,0.2134831460674157,0.0449438202247191,1.0,0.0,0,2,2.888888888888889,6,0.4444444444444444,4.112359550561798,89,55,0.6179775280898876,5.82998834003498,3.0627083914620536,21.38539882933237,105
test,audio_72.wav,,False,False,True,0.0,0.0,0.0,0.0,0.0,2.027027027027027,0.6756756756756757,0.0,0.0,2.702702702702702,2.027027027027027,0.3636363636363636,3,11,13.636363636363637,0.0909090909090909,0.1866666666666666,0.1266666666666666,0.1266666666666666,0.0666666666666666,0.0733333333333333,0.1333333333333333,0.02,0.0,1.0,0,2,5.363636363636363,8,1.0,4.263513513513513,148,90,0.6081081081081081,7.397954428741079,3.1943102580745046,24.39334277725206,164
test,audio_210.wav,,False,False,True,1.5873015873015872,0.7936507936507936,0.7936507936507936,0.0,0.0,2.380952380952381,0.0,0.7936507936507936,0.0,6.349206349206349,5.555555555555555,0.4285714285714285,7,3,42.66666666666666,0.0,0.2890625,0.109375,0.0234375,0.0078125,0.0546875,0.15625,0.0859375,0.4666666666666667,0.5333333333333333,0,2,6.666666666666667,9,3.6666666666666665,4.219512195121951,126,56,0.4444444444444444,4.988876515698588,3.668850880748821,39.20682664529235,159
test,audio_104.wav,,False,False,True,0.0,0.0,0.0,0.0,0.0,0.0,2.4390243902439024,0.0,0.0,2.4390243902439024,0.0,0.5,0,2,20.5,0.0,0.4146341463414634,0.1219512195121951,0.024390243902439,0.1463414634146341,0.024390243902439,0.1707317073170731,0.048780487804878,0.0,1.0,0,1,5.5,8,1.0,4.2926829268292686,41,24,0.5853658536585366,3.7481702853265455,3.847109759295429,46.8574380565076,54
test,audio_81.wav,,False,False,True,0.0,2.631578947368421,0.0,0.0,0.0,0.8771929824561403,2.631578947368421,0.0,0.0,6.140350877192983,3.508771929824561,0.5,4,5,23.2,0.0,0.2844827586206896,0.1034482758620689,0.0775862068965517,0.043103448275862,0.043103448275862,0.1034482758620689,0.0517241379310344,0.0,1.0,1,2,5.6,10,1.8,4.298245614035087,114,63,0.5526315789473685,5.900490612964672,3.2899470706637817,26.84144291854273,139
test,audio_166.wav,,False,False,True,0.0,0.0,1.1764705882352942,1.1764705882352942,0.0,1.1764705882352942,0.0,0.0,0.0,3.5294117647058822,3.5294117647058822,0.75,3,3,28.33333333333333,0.0,0.2470588235294117,0.1176470588235294,0.0235294117647058,0.0352941176470588,0.1058823529411764,0.1529411764705882,0.0823529411764705,0.375,0.625,1,4,6.0,8,2.333333333333333,4.094117647058823,85,53,0.6235294117647059,5.7486571321943885,3.52914794921875,34.09490464481027,100
test,audio_202.wav,,False,False,True,0.0,0.0,0.0,1.8691588785046729,0.0,2.803738317757009,0.0,0.0,0.0,4.672897196261682,4.672897196261682,0.1666666666666666,5,5,21.8,0.0,0.1009174311926605,0.1192660550458715,0.0642201834862385,0.036697247706422,0.128440366972477,0.2752293577981651,0.1009174311926605,0.1538461538461538,0.8461538461538461,1,4,4.6,9,1.6,4.140186915887851,107,60,0.5607476635514018,5.800418934273981,3.324129740397136,27.77481682090833,120
test,audio_185.wav,,False,False,True,1.020408163265306,0.0,2.0408163265306123,3.061224489795918,0.0,4.081632653061225,0.0,0.0,0.0,10.20408163265306,10.20408163265306,0.6,10,4,24.75,0.0,0.1919191919191919,0.1212121212121212,0.0707070707070707,0.0505050505050505,0.101010101010101,0.2222222222222222,0.101010101010101,0.2142857142857142,0.7857142857142857,0,3,5.0,7,2.25,4.13265306122449,98,62,0.6326530612244898,6.262945776223707,3.587656091760706,36.14924603294967,108
test,audio_9.wav,,False,False,True,2.409638554216868,1.2048192771084338,1.2048192771084338,0.0,0.0,1.2048192771084338,1.2048192771084338,0.0,0.0,7.228915662650603,6.024096385542169,1.0,5,3,28.0,0.0,0.238095238095238,0.1309523809523809,0.119047619047619,0.0714285714285714,0.1071428571428571,0.1071428571428571,0.0595238095238095,0.1538461538461538,0.8461538461538461,1,4,5.333333333333333,7,2.6666666666666665,4.192771084337349,83,50,0.6024096385542169,5.488212999484517,4.54756514231364,94.40227215625455,96
test,audio_207.wav,,False,False,True,0.0,1.1764705882352942,1.1764705882352942,0.0,0.0,3.5294117647058822,2.3529411764705883,0.0,0.0,8.235294117647058,5.882352941176471,1.0,5,5,17.8,0.0,0.2134831460674157,0.1011235955056179,0.0898876404494382,0.0337078651685393,0.0786516853932584,0.1910112359550561,0.0561797752808988,0.1,0.9,0,2,4.0,7,1.0,3.7058823529411766,85,49,0.5764705882352941,5.314796216557077,3.9240617848405934,50.60557685979015,99
test,audio_127.wav,,False,False,True,0.0,0.0,0.99009900990099,0.0,0.99009900990099,0.99009900990099,0.0,0.0,0.0,2.9702970297029703,2.9702970297029703,0.4285714285714285,3,9,11.444444444444445,0.1111111111111111,0.1359223300970873,0.1262135922330097,0.058252427184466,0.1553398058252427,0.087378640776699,0.1650485436893204,0.0970873786407767,0.0714285714285714,0.9285714285714286,0,4,3.2222222222222223,8,0.6666666666666666,4.138613861386139,101,61,0.6039603960396039,6.069726860280934,3.4470184578383263,31.406612434766306,121
test,audio_12.wav,,False,False,True,1.351351351351351,2.702702702702702,1.351351351351351,0.0,0.0,1.351351351351351,1.351351351351351,0.0,0.0,8.108108108108109,6.756756756756757,1.0,5,1,77.0,0.0,0.1818181818181818,0.0649350649350649,0.0259740259740259,0.0389610389610389,0.1168831168831168,0.1818181818181818,0.1038961038961039,0.7777777777777778,0.2222222222222222,0,3,10.0,10,3.0,3.6666666666666665,74,36,0.4864864864864865,4.184914994777494,3.8250278379858993,45.83407627694309,82
test,audio_132.wav,,False,False,True,0.0,0.0,1.1764705882352942,0.0,0.0,1.1764705882352942,0.0,0.0,0.0,2.3529411764705883,2.3529411764705883,0.25,2,4,21.25,0.0,0.2588235294117647,0.1411764705882353,0.1176470588235294,0.1058823529411764,0.0470588235294117,0.0705882352941176,0.1058823529411764,0.1111111111111111,0.8888888888888888,0,2,4.25,5,0.75,4.658823529411765,85,52,0.611764705882353,5.640191903285061,3.528841059258644,34.084442866273506,94
test,audio_109.wav,,False,False,True,4.3478260869565215,0.0,0.0,1.4492753623188406,0.0,1.4492753623188406,1.4492753623188406,0.0,0.0,8.695652173913043,7.246376811594203,1.0,5,5,13.8,0.0,0.2318840579710145,0.1159420289855072,0.0434782608695652,0.0579710144927536,0.0579710144927536,0.1014492753623188,0.1159420289855072,0.3333333333333333,0.6666666666666666,0,2,3.8,7,0.8,4.376811594202898,69,45,0.6521739130434783,5.417363388859614,3.583727872824367,36.007522423076246,79
test,audio_32.wav,,False,False,True,0.0,0.925925925925926,0.0,0.0,0.0,0.0,0.925925925925926,0.0,0.0,1.851851851851852,0.925925925925926,0.4,1,6,18.166666666666668,0.1666666666666666,0.1651376146788991,0.091743119266055,0.073394495412844,0.2110091743119266,0.0642201834862385,0.128440366972477,0.036697247706422,0.0,1.0,0,1,4.666666666666667,6,0.8333333333333334,4.342592592592593,108,63,0.5833333333333334,6.06217782649107,3.7229088955238216,41.38460267223909,122
test,audio_178.wav,,False,False,True,1.1904761904761905,0.0,0.0,1.1904761904761905,0.0,2.380952380952381,0.0,0.0,0.0,4.761904761904762,4.761904761904762,0.5,4,5,17.2,0.0,0.1976744186046511,0.1395348837209302,0.0581395348837209,0.0348837209302325,0.0581395348837209,0.1860465116279069,0.0930232558139534,0.3636363636363636,0.6363636363636364,0,2,4.2,7,1.4,3.892857142857143,84,57,0.6785714285714286,6.219209871725783,3.2420255220853367,25.58549327916173,91
test,audio_61.wav,,False,False,True,0.0,0.8695652173913043,0.0,0.8695652173913043,0.8695652173913043,0.8695652173913043,0.0,0.0,0.0,3.4782608695652173,3.4782608695652173,0.3333333333333333,4,9,12.88888888888889,0.0,0.2586206896551724,0.0948275862068965,0.0775862068965517,0.043103448275862,0.0517241379310344,0.1120689655172413,0.0344827586206896,0.5833333333333334,0.4166666666666667,0,2,4.555555555555555,8,0.5555555555555556,3.8,115,61,0.5304347826086957,5.688279330265914,3.310727883841245,27.40506591850873,131
test,audio_34.wav,,False,False,True,0.8620689655172413,0.0,1.7241379310344829,0.0,0.0,0.8620689655172413,0.0,0.0,0.0,3.4482758620689653,3.4482758620689653,0.3333333333333333,4,11,10.818181818181818,0.0,0.226890756302521,0.1260504201680672,0.0336134453781512,0.0168067226890756,0.134453781512605,0.1008403361344537,0.042016806722689,0.0,1.0,0,2,3.8181818181818175,9,0.2727272727272727,3.956896551724138,116,63,0.5431034482758621,5.849403152577134,3.3138258713942306,27.490098117952527,130
test,audio_106.wav,,False,False,True,0.0,0.0,0.0,1.8867924528301887,0.0,3.7735849056603774,0.0,0.0,0.0,5.660377358490566,5.660377358490566,0.3333333333333333,3,3,17.666666666666668,0.0,0.3396226415094339,0.1509433962264151,0.0188679245283018,0.0,0.0943396226415094,0.0754716981132075,0.0754716981132075,0.1428571428571428,0.8571428571428571,0,3,4.666666666666667,5,0.6666666666666666,4.735849056603773,53,33,0.6226415094339622,4.532898610306738,4.0960265612993085,60.10100486586515,61
test,audio_49.wav,,False,False,True,0.0,0.0,0.0,0.0,0.0,0.970873786407767,0.0,0.0,0.0,0.970873786407767,0.970873786407767,0.1428571428571428,1,6,17.666666666666668,0.0,0.2358490566037736,0.1037735849056603,0.1132075471698113,0.0660377358490566,0.0754716981132075,0.160377358490566,0.0377358490566037,0.0,1.0,0,1,4.666666666666667,10,1.6666666666666667,4.252427184466019,103,73,0.7087378640776699,7.19290373059934,3.68735534187377,39.93908194516216,127
test,audio_149.wav,,False,False,True,0.0,0.0,1.162790697674419,1.162790697674419,0.0,0.0,0.0,0.0,0.0,2.3255813953488373,2.3255813953488373,0.5,2,4,21.75,0.0,0.264367816091954,0.0804597701149425,0.0344827586206896,0.0689655172413793,0.0804597701149425,0.0919540229885057,0.0919540229885057,0.1111111111111111,0.8888888888888888,0,4,7.5,13,1.25,4.232558139534884,86,55,0.6395348837209303,5.930802526189113,3.157902308872768,23.52120392182349,98
test,audio_30.wav,,False,False,True,0.0,0.0,0.0,0.0,0.0,3.508771929824561,0.0,0.0,0.0,3.508771929824561,3.508771929824561,0.3333333333333333,4,6,19.0,0.0,0.2982456140350877,0.087719298245614,0.0789473684210526,0.043859649122807,0.0526315789473684,0.043859649122807,0.0789473684210526,0.0,1.0,0,1,6.166666666666667,8,0.8333333333333334,5.078947368421052,114,71,0.6228070175438597,6.6497592622300274,3.241671225182096,25.576430023761507,133
test,audio_131.wav,,False,False,True,0.0,0.0,0.0,2.150537634408602,0.0,0.0,0.0,0.0,0.0,2.150537634408602,2.150537634408602,0.4,2,5,18.6,0.0,0.2473118279569892,0.1290322580645161,0.053763440860215,0.032258064516129,0.064516129032258,0.1612903225806451,0.0967741935483871,0.0,1.0,0,2,5.2,8,1.4,3.903225806451613,93,48,0.5161290322580645,4.977368134706041,3.0570824032738093,21.26542263689289,105
test,audio_162.wav,,False,False,True,1.020408163265306,0.0,1.020408163265306,3.061224489795918,0.0,3.061224489795918,2.0408163265306123,0.0,0.0,10.20408163265306,8.16326530612245,0.8,8,3,32.666666666666664,0.0,0.2346938775510204,0.1020408163265306,0.1224489795918367,0.0714285714285714,0.0306122448979591,0.1020408163265306,0.1122448979591836,0.0,1.0,1,2,5.666666666666667,8,2.6666666666666665,4.214285714285714,98,50,0.5102040816326531,5.050762722761053,4.556877486202695,95.28548458475838,109
test,audio_204.wav,,False,False,True,0.0,1.0638297872340423,1.0638297872340423,0.0,0.0,2.127659574468085,0.0,0.0,0.0,4.25531914893617,4.25531914893617,0.6,4,5,19.2,0.0,0.2708333333333333,0.1354166666666666,0.0416666666666666,0.0416666666666666,0.0416666666666666,0.1041666666666666,0.09375,0.4444444444444444,0.5555555555555556,0,2,7.4,13,0.6,4.074468085106383,94,59,0.6276595744680851,6.085385352926881,3.211996375967604,24.82860400843629,109
test,audio_198.wav,,False,False,True,1.834862385321101,0.0,0.0,0.9174311926605504,0.9174311926605504,1.834862385321101,0.0,0.0,0.0,5.504587155963303,5.504587155963303,0.25,6,4,27.5,0.0,0.2454545454545454,0.1363636363636363,0.0363636363636363,0.009090909090909,0.109090909090909,0.1181818181818181,0.1,0.0,1.0,2,3,7.0,10,2.0,4.220183486238532,109,63,0.5779816513761468,6.034305596893254,3.29186281383547,26.89291351601329,117
test,audio_135.wav,,False,False,True,0.0,0.0,1.1494252873563218,1.1494252873563218,0.0,0.0,1.1494252873563218,0.0,0.0,3.4482758620689653,2.2988505747126435,0.4,2,4,22.5,0.0,0.1777777777777777,0.1333333333333333,0.0555555555555555,0.0888888888888888,0.0666666666666666,0.1555555555555555,0.1,0.3333333333333333,0.6666666666666666,0,2,5.5,10,1.5,4.0,87,54,0.6206896551724138,5.789407688124092,3.65392098060021,38.62582061160844,104
test,audio_187.wav,,False,False,True,0.0,1.162790697674419,0.0,1.162790697674419,0.0,1.162790697674419,1.162790697674419,0.0,0.0,4.651162790697675,3.488372093023256,0.6666666666666666,3,2,45.5,0.0,0.0769230769230769,0.1318681318681318,0.1098901098901098,0.0769230769230769,0.1208791208791208,0.2417582417582417,0.0879120879120879,0.0,1.0,1,2,9.5,12,5.5,3.779069767441861,86,52,0.6046511627906976,5.607304206578798,3.2131520280934343,24.85731382352424,99
test,audio_3.wav,,False,False,True,1.0526315789473684,2.1052631578947367,0.0,0.0,0.0,3.1578947368421053,0.0,0.0,0.0,6.315789473684211,6.315789473684211,0.5,6,6,16.5,0.0,0.202020202020202,0.1515151515151515,0.0404040404040404,0.0404040404040404,0.0707070707070707,0.1212121212121212,0.0606060606060606,0.1818181818181818,0.8181818181818182,2,5,5.0,9,1.3333333333333333,3.947368421052632,95,51,0.5368421052631579,5.232489595634286,3.836664322319381,46.37053900411811,109
test,audio_98.wav,,False,False,True,1.5267175572519085,0.7633587786259542,0.0,1.5267175572519085,0.0,0.0,0.0,0.0,0.0,3.816793893129771,3.816793893129771,0.6,5,5,26.6,0.0,0.1353383458646616,0.1428571428571428,0.075187969924812,0.0676691729323308,0.1353383458646616,0.1428571428571428,0.0676691729323308,0.0,1.0,0,3,8.4,11,1.8,4.015151515151516,131,75,0.5725190839694656,6.552780424957784,3.381591574118956,29.41755409186053,137
test,audio_159.wav,,False,False,True,1.1363636363636365,0.0,0.0,0.0,0.0,0.0,0.0,0.0,0.0,1.1363636363636365,1.1363636363636365,0.25,1,4,22.0,0.0,0.2386363636363636,0.1363636363636363,0.0681818181818181,0.0113636363636363,0.0909090909090909,0.0113636363636363,0.0909090909090909,0.1666666666666666,0.8333333333333334,2,4,5.75,8,1.25,4.420454545454546,88,47,0.5340909090909091,5.010216834356845,3.257579844485047,25.98656943809376,93
test,audio_167.wav,,False,False,True,1.36986301369863,0.0,0.0,2.73972602739726,0.0,5.47945205479452,0.0,0.0,0.0,9.58904109589041,9.58904109589041,1.0,7,2,38.5,0.0,0.1298701298701298,0.1818181818181818,0.0519480519480519,0.1038961038961039,0.0649350649350649,0.1688311688311688,0.1038961038961039,0.2,0.8,0,2,6.5,7,3.0,3.6986301369863015,73,44,0.6027397260273972,5.149810476629745,3.764504825367647,43.142337578631896,85
test,audio_205.wav,,False,False,True,1.2048192771084338,2.409638554216868,0.0,0.0,1.2048192771084338,0.0,2.409638554216868,0.0,0.0,7.228915662650603,4.819277108433735,0.5,4,6,13.833333333333334,0.1666666666666666,0.2048192771084337,0.1566265060240964,0.0602409638554216,0.0963855421686747,0.108433734939759,0.144578313253012,0.0963855421686747,0.0714285714285714,0.9285714285714286,0,4,3.333333333333333,5,1.3333333333333333,4.289156626506024,83,50,0.6024096385542169,5.488212999484517,3.5136703019289626,33.57125859434852,97
test,audio_95.wav,,False,False,True,0.0,0.0,0.0,1.3157894736842106,0.0,0.0,1.3157894736842106,0.0,0.0,2.631578947368421,1.3157894736842106,0.25,1,4,19.25,0.0,0.2077922077922078,0.1298701298701298,0.1298701298701298,0.0649350649350649,0.0779220779220779,0.1168831168831168,0.1038961038961039,0.0,1.0,0,1,5.0,7,1.25,4.092105263157895,76,56,0.7368421052631579,6.423640548375729,3.6548046733057777,38.65996905367181,86
test,audio_68.wav,,False,False,True,0.0,0.0,0.7751937984496124,0.0,0.0,0.0,0.0,0.0,0.0,0.7751937984496124,0.7751937984496124,0.1111111111111111,1,9,14.88888888888889,0.0,0.2388059701492537,0.1119402985074626,0.0671641791044776,0.0597014925373134,0.0597014925373134,0.1641791044776119,0.0522388059701492,0.0,1.0,0,1,4.555555555555555,7,0.6666666666666666,3.9612403100775193,129,75,0.5813953488372093,6.603381797442179,3.643858689528245,38.23910524590256,156
test,audio_31.wav,,False,False,True,0.0,1.7241379310344829,0.0,0.0,0.0,1.7241379310344829,0.0,0.0,0.0,3.4482758620689653,3.4482758620689653,0.6,4,5,23.2,0.0,0.3275862068965517,0.1293103448275862,0.0948275862068965,0.0,0.0172413793103448,0.0086206896551724,0.0775862068965517,0.0,1.0,0,1,7.6,10,1.0,4.931034482758621,116,82,0.7068965517241379,7.613508865259127,4.445079746531017,85.2066725029451,134
test,audio_157.wav,,False,False,True,1.2820512820512822,1.2820512820512822,0.0,0.0,0.0,0.0,2.5641025641025643,0.0,0.0,5.128205128205129,2.5641025641025643,1.0,2,1,78.0,0.0,0.2179487179487179,0.0897435897435897,0.0384615384615384,0.141025641025641,0.1025641025641025,0.141025641025641,0.1025641025641025,0.5,0.5,0,2,9.0,9,5.0,4.461538461538462,78,46,0.5897435897435898,5.20847435706514,4.288984627559267,72.89241795922169,87
test,audio_89.wav,,False,False,True,0.0,0.0,0.0,0.819672131147541,0.0,4.098360655737705,0.0,0.0,0.0,4.918032786885246,4.918032786885246,0.5714285714285714,6,9,13.88888888888889,0.1111111111111111,0.232,0.112,0.12,0.072,0.048,0.104,0.064,0.1176470588235294,0.8823529411764706,0,3,4.555555555555555,9,0.5555555555555556,4.426229508196721,122,69,0.5655737704918032,6.246966476933778,4.104976851851852,60.64134079661829,135
test,audio_82.wav,,False,False,True,0.0,1.098901098901099,0.0,1.098901098901099,0.0,2.197802197802198,1.098901098901099,1.098901098901099,0.0,6.593406593406593,4.395604395604396,0.5,4,8,11.625,0.125,0.2043010752688172,0.1397849462365591,0.1182795698924731,0.064516129032258,0.064516129032258,0.0967741935483871,0.043010752688172,0.0,1.0,0,1,3.625,7,0.5,3.769230769230769,91,62,0.6813186813186813,6.499365987675894,3.4829653785342263,32.556120296902655,105
test,audio_53.wav,,False,False,True,1.550387596899225,0.0,0.0,0.0,0.0,1.550387596899225,0.7751937984496124,0.0,0.0,3.875968992248062,3.10077519379845,0.4285714285714285,4,6,21.5,0.0,0.2635658914728682,0.0697674418604651,0.0232558139534883,0.0620155038759689,0.1085271317829457,0.0620155038759689,0.0620155038759689,0.2,0.8,2,3,5.0,8,0.8333333333333334,4.333333333333333,129,64,0.49612403100775193,5.634885800483993,3.6996434877996576,40.43288697273201,146
test,audio_37.wav,,False,False,True,1.7647058823529411,0.5882352941176471,0.0,0.0,0.0,3.5294117647058822,0.5882352941176471,0.0,0.0,6.470588235294118,5.882352941176471,1.0,10,2,86.0,0.0,0.1802325581395348,0.1337209302325581,0.1046511627906976,0.063953488372093,0.0697674418604651,0.1802325581395348,0.0348837209302325,0.5625,0.4375,1,4,13.0,17,10.5,3.958823529411765,170,89,0.5235294117647059,6.825988400741596,3.503643329326923,33.23632250789464,182
test,audio_113.wav,,False,False,True,0.0,1.8691588785046729,0.9345794392523364,0.0,0.0,1.8691588785046729,0.0,0.0,0.0,4.672897196261682,4.672897196261682,0.75,5,3,35.666666666666664,0.0,0.1495327102803738,0.1214953271028037,0.102803738317757,0.0841121495327102,0.1121495327102803,0.1401869158878504,0.1121495327102803,0.0,1.0,0,1,7.0,8,3.0,3.9813084112149535,107,51,0.4766355140186916,4.930356094132884,3.260741678873698,26.068864700421265,120
test,audio_85.wav,,False,False,True,0.0,0.0,0.0,2.5477707006369426,0.0,1.910828025477707,0.0,0.0,0.0,4.45859872611465,4.45859872611465,0.6666666666666666,7,5,32.4,0.0,0.2098765432098765,0.1481481481481481,0.0432098765432098,0.0432098765432098,0.0493827160493827,0.1296296296296296,0.0679012345679012,0.9444444444444444,0.0555555555555555,1,5,5.2,7,2.0,3.732484076433121,157,84,0.535031847133758,6.703929829528026,2.8657090928819446,17.561501526285387,180
test,audio_173.wav,,False,False,True,0.0,0.0,0.0,0.0,0.0,0.0,2.083333333333333,0.0,0.0,2.083333333333333,0.0,0.5,0,4,24.5,0.0,0.1326530612244898,0.0714285714285714,0.0816326530612244,0.1428571428571428,0.1428571428571428,0.1632653061224489,0.0612244897959183,0.125,0.875,0,2,6.25,8,2.5,4.020833333333333,96,65,0.6770833333333334,6.634034720037775,3.307746814546131,27.32349116837128,105
test,audio_41.wav,,False,False,True,0.0,0.0,0.0,0.7518796992481203,0.0,0.0,0.7518796992481203,0.0,0.0,1.5037593984962403,0.7518796992481203,0.25,1,7,19.714285714285715,0.0,0.2536231884057971,0.1231884057971014,0.0579710144927536,0.1014492753623188,0.0434782608695652,0.144927536231884,0.0579710144927536,0.0,1.0,0,1,4.857142857142857,11,1.8571428571428568,4.150375939849624,133,81,0.6090225563909775,7.023590753145371,3.851212590377523,47.050081130555576,161
test,audio_51.wav,,False,False,True,0.0,0.7407407407407407,0.0,1.4814814814814814,0.0,2.2222222222222223,0.0,0.0,0.0,4.444444444444445,4.444444444444445,0.5714285714285714,6,8,17.125,0.125,0.1751824817518248,0.1021897810218978,0.1021897810218978,0.0364963503649635,0.0583941605839416,0.1824817518248175,0.1021897810218978,0.0,1.0,1,3,4.75,9,1.125,3.4814814814814814,135,57,0.4222222222222222,4.905778905196062,3.776084243067053,43.64480424736525,151
test,audio_143.wav,,False,False,True,0.0,1.0869565217391304,0.0,0.0,0.0,1.0869565217391304,0.0,1.0869565217391304,0.0,3.260869565217391,2.1739130434782608,0.375,2,9,11.11111111111111,0.0,0.22,0.06,0.06,0.07,0.09,0.24,0.07,0.1666666666666666,0.8333333333333334,0,3,4.222222222222222,9,0.4444444444444444,3.858695652173913,92,56,0.6086956521739131,5.838403593598094,3.161209378923689,23.599118955100312,112
test,audio_92.wav,,False,False,True,0.0,0.970873786407767,0.0,0.0,0.0,1.941747572815534,0.0,0.0,0.0,2.912621359223301,2.912621359223301,0.4285714285714285,3,6,17.333333333333332,0.0,0.2788461538461538,0.1346153846153846,0.125,0.0673076923076923,0.048076923076923,0.0192307692307692,0.0769230769230769,0.0,1.0,0,1,5.166666666666667,8,0.6666666666666666,5.019417475728155,103,78,0.7572815533980582,7.685568369681487,4.438134365394467,84.6169300507665,122
test,audio_74.wav,,False,False,True,0.0,0.0,0.0,0.6451612903225806,0.0,0.6451612903225806,0.6451612903225806,0.0,0.0,1.935483870967742,1.2903225806451613,0.2857142857142857,2,5,31.8,0.0,0.1572327044025157,0.0943396226415094,0.0943396226415094,0.0754716981132075,0.0880503144654088,0.2075471698113207,0.0880503144654088,0.6,0.4,0,3,7.4,15,3.0,3.8516129032258064,155,87,0.5612903225806452,6.98800816145174,3.2018652921597632,24.578333238091524,169
test,audio_0.wav,,False,False,True,0.0,0.0,0.0,1.2195121951219512,0.0,2.4390243902439024,0.0,1.2195121951219512,0.0,4.878048780487805,3.658536585365854,0.6666666666666666,3,2,45.5,0.0,0.1978021978021978,0.1208791208791208,0.0329670329670329,0.0659340659340659,0.1648351648351648,0.1318681318681318,0.0439560439560439,0.0,1.0,6,3,9.0,10,5.0,4.463414634146342,82,55,0.6707317073170732,6.073733934116559,3.539832998853211,34.461163656430024,109
test,audio_147.wav,,False,False,True,0.0,1.6129032258064515,0.0,0.0,0.0,2.419354838709677,0.0,0.0,0.0,4.032258064516129,4.032258064516129,0.6,5,4,31.5,0.0,0.2142857142857142,0.1269841269841269,0.0476190476190476,0.0396825396825396,0.1111111111111111,0.1666666666666666,0.0555555555555555,0.0,1.0,0,1,7.25,10,3.5,3.806451612903226,124,62,0.5,5.567764362830022,3.165514959805253,23.70094592531738,138
test,audio_130.wav,,False,False,True,0.0,0.0,1.0,1.0,0.0,3.0,0.0,0.0,0.0,5.0,5.0,1.0,5,4,25.75,0.0,0.1844660194174757,0.1262135922330097,0.029126213592233,0.0097087378640776,0.116504854368932,0.203883495145631,0.0485436893203883,0.0,1.0,10,2,5.25,6,0.75,3.5353535353535355,100,43,0.43,4.3,2.9064010228866186,18.29085161107507,117
test,audio_192.wav,,False,False,True,1.075268817204301,0.0,0.0,1.075268817204301,0.0,3.225806451612903,2.150537634408602,0.0,0.0,7.526881720430108,5.376344086021505,0.75,5,3,31.33333333333333,0.0,0.1702127659574468,0.1595744680851064,0.0531914893617021,0.1063829787234042,0.0425531914893617,0.1595744680851064,0.0957446808510638,0.0,1.0,1,2,6.333333333333333,8,2.333333333333333,4.204301075268817,93,56,0.6021505376344086,5.806929490490382,3.888617789391244,48.84332807825105,101
test,audio_43.wav,,False,False,True,0.0,0.0,0.0,0.0,0.0,2.4242424242424243,0.6060606060606061,0.0,0.6060606060606061,3.636363636363636,2.4242424242424243,0.6666666666666666,4,6,29.5,0.0,0.1525423728813559,0.1129943502824858,0.0790960451977401,0.1468926553672316,0.0903954802259887,0.1242937853107344,0.0847457627118644,0.0,1.0,1,3,4.666666666666667,10,3.0,4.193939393939394,165,104,0.6303030303030303,8.096389019279838,3.3899879455566406,29.66559466598288,192
test,audio_65.wav,,False,False,True,1.2987012987012987,0.0,0.0,0.0,0.0,2.5974025974025974,1.2987012987012987,0.0,0.0,5.194805194805195,3.896103896103896,1.0,3,4,19.5,0.0,0.1538461538461538,0.1025641025641025,0.0384615384615384,0.1282051282051282,0.1025641025641025,0.2179487179487179,0.0384615384615384,0.5,0.5,0,3,3.75,5,1.25,3.7142857142857135,77,48,0.6233766233766234,5.470107670062621,4.164336794898624,64.34999104611563,84
test,audio_14.wav,,False,False,True,1.0101010101010102,0.0,0.0,1.0101010101010102,0.0,2.0202020202020203,1.0101010101010102,2.0202020202020203,0.0,7.070707070707071,4.040404040404041,0.6666666666666666,4,6,17.0,0.0,0.2254901960784313,0.1274509803921568,0.0392156862745098,0.0784313725490196,0.1078431372549019,0.1764705882352941,0.0686274509803921,0.1875,0.8125,0,2,4.333333333333333,6,1.3333333333333333,4.05050505050505,99,61,0.6161616161616161,6.130730673081194,3.738511992663872,42.03539462965278,123
test,audio_117.wav,,False,False,True,0.0,0.0,0.0,1.818181818181818,0.0,0.9090909090909092,0.0,0.0,0.0,2.727272727272727,2.727272727272727,0.4,3,5,22.2,0.0,0.081081081081081,0.1171171171171171,0.072072072072072,0.1531531531531531,0.09009009009009,0.1531531531531531,0.081081081081081,0.0,1.0,0,1,5.6,10,1.4,4.0181818181818185,110,59,0.5363636363636364,5.625429276548995,3.2588513382082063,26.019632213121817,123
test,audio_212.wav,,False,False,True,1.0869565217391304,1.0869565217391304,1.0869565217391304,0.0,0.0,4.3478260869565215,1.0869565217391304,0.0,0.0,8.695652173913043,7.608695652173913,1.0,7,1,93.0,0.0,0.1720430107526881,0.1182795698924731,0.043010752688172,0.032258064516129,0.1612903225806451,0.2258064516129032,0.086021505376344,0.0,1.0,5,3,9.0,9,11.0,3.9239130434782608,92,61,0.6630434782608695,6.359689628740781,4.661982633629624,105.84572756198692,98
test,audio_79.wav,,False,False,True,0.0,0.0,0.8695652173913043,0.0,0.0,2.608695652173913,0.0,0.0,0.0,3.4782608695652173,3.4782608695652173,0.4285714285714285,4,11,11.181818181818182,0.0909090909090909,0.1788617886178861,0.0975609756097561,0.1138211382113821,0.056910569105691,0.1138211382113821,0.2276422764227642,0.008130081300813,0.0,1.0,0,2,3.272727272727273,6,0.9090909090909092,4.069565217391304,115,61,0.5304347826086957,5.688279330265914,3.567662198778609,35.43365939586829,142
test,audio_171.wav,,False,False,True,2.150537634408602,0.0,2.150537634408602,0.0,0.0,3.225806451612903,1.075268817204301,0.0,0.0,8.602150537634408,7.526881720430108,0.75,7,3,31.33333333333333,0.0,0.1595744680851064,0.1276595744680851,0.0425531914893617,0.1170212765957446,0.0425531914893617,0.2234042553191489,0.0957446808510638,0.0,1.0,2,2,4.666666666666667,6,1.3333333333333333,3.956989247311828,93,52,0.5591397849462365,5.3921488125982115,3.367887033999545,29.017149985449645,103
test,audio_60.wav,,False,False,True,1.5625,0.0,0.0,1.5625,0.0,0.78125,0.0,0.0,0.0,3.90625,3.90625,0.4444444444444444,5,9,14.444444444444445,0.0,0.2384615384615384,0.1384615384615384,0.0538461538461538,0.0307692307692307,0.0384615384615384,0.1692307692307692,0.0538461538461538,0.4285714285714285,0.5714285714285714,0,3,4.333333333333333,6,0.6666666666666666,4.224,128,74,0.578125,6.540737725975564,4.343274568256579,76.95913512061668,152
test,audio_153.wav,,False,False,True,0.0,0.0,0.9523809523809524,0.9523809523809524,0.0,0.9523809523809524,0.9523809523809524,0.0,0.0,3.809523809523809,2.857142857142857,0.5,3,6,18.166666666666668,0.0,0.1926605504587156,0.0825688073394495,0.073394495412844,0.1559633027522936,0.0825688073394495,0.1559633027522936,0.0458715596330275,0.375,0.625,1,4,6.166666666666667,16,0.5,3.923809523809524,105,66,0.6285714285714286,6.440940481460319,3.2066136021767893,24.69531630013445,124
test,audio_176.wav,,False,False,True,0.0,0.0,0.0,1.36986301369863,1.36986301369863,1.36986301369863,2.73972602739726,0.0,0.0,6.849315068493151,4.109589041095891,0.5,3,5,15.0,0.0,0.1866666666666666,0.12,0.0533333333333333,0.0533333333333333,0.0933333333333333,0.2266666666666666,0.08,0.5384615384615384,0.4615384615384615,0,2,3.2,6,0.6,4.013698630136986,73,49,0.6712328767123288,5.7350162126103985,3.4236682710193453,30.68175784623949,84
test,audio_2.wav,,False,False,True,0.0,0.8333333333333334,0.0,0.8333333333333334,0.0,1.6666666666666667,0.8333333333333334,0.8333333333333334,0.0,5.0,3.333333333333333,0.8,4,5,24.6,0.0,0.1707317073170731,0.1300813008130081,0.040650406504065,0.073170731707317,0.065040650406504,0.1463414634146341,0.08130081300813,1.0,0.0,0,1,6.4,9,1.4,3.608333333333333,120,53,0.44166666666666665,4.838215924628967,2.977540428958722,19.63945256290604,134
test,audio_50.wav,,False,False,True,0.0,0.0,0.0,1.4705882352941178,0.0,0.0,0.0,0.0,0.0,1.4705882352941178,1.4705882352941178,0.25,1,4,17.25,0.25,0.3043478260869565,0.1304347826086956,0.0289855072463768,0.0579710144927536,0.0579710144927536,0.072463768115942,0.072463768115942,0.0,1.0,0,2,4.75,7,1.25,4.676470588235294,68,47,0.6911764705882353,5.699587188353825,3.8013861240484776,44.76318884305496,78
test,audio_29.wav,,False,False,True,0.0,0.0,2.631578947368421,0.0,0.0,0.0,0.0,0.0,0.0,2.631578947368421,2.631578947368421,0.5,1,2,19.0,0.0,0.3421052631578947,0.2105263157894736,0.0263157894736842,0.0,0.0,0.0,0.1052631578947368,0.0,1.0,0,1,6.0,10,1.0,4.947368421052632,38,33,0.868421052631579,5.353306897315164,4.47036396373402,87.38852347929779,44
test,audio_142.wav,,False,False,True,1.1494252873563218,0.0,0.0,0.0,0.0,1.1494252873563218,0.0,0.0,0.0,2.2988505747126435,2.2988505747126435,0.4,2,5,17.4,0.0,0.3103448275862069,0.1034482758620689,0.057471264367816,0.0689655172413793,0.0459770114942528,0.1264367816091954,0.1034482758620689,0.4285714285714285,0.5714285714285714,0,2,6.2,9,1.2,4.954022988505747,87,68,0.7816091954022989,7.290365236897005,3.4812240600585938,32.49947905266953,96
test,audio_47.wav,,False,False,True,1.2820512820512822,0.0,1.2820512820512822,0.0,0.0,0.0,0.0,0.0,0.0,2.5641025641025643,2.5641025641025643,0.4,2,5,15.8,0.0,0.1772151898734177,0.2151898734177215,0.050632911392405,0.0759493670886076,0.050632911392405,0.1518987341772152,0.0632911392405063,0.0,1.0,1,3,6.0,9,1.2,4.076923076923077,78,44,0.5641025641025641,4.98201895023622,3.0666624635130493,21.470125634699645,91
test,audio_84.wav,,False,False,True,0.0,0.0,0.0,0.0,0.0,1.075268817204301,0.0,0.0,0.0,1.075268817204301,1.075268817204301,0.1111111111111111,1,9,10.444444444444445,0.0,0.2553191489361702,0.1489361702127659,0.0744680851063829,0.0319148936170212,0.0851063829787234,0.0851063829787234,0.0425531914893617,0.0,1.0,0,2,4.0,9,0.6666666666666666,4.236559139784946,93,63,0.6774193548387096,6.532795676801679,3.0335127804257453,20.77006527061109,109
test,audio_164.wav,,False,False,True,0.0,0.0,0.0,1.7857142857142858,0.0,0.0,1.7857142857142858,0.0,0.0,3.571428571428572,1.7857142857142858,0.5,1,1,57.0,0.0,0.1929824561403508,0.1403508771929824,0.0,0.0175438596491228,0.1052631578947368,0.2280701754385964,0.1052631578947368,0.0,1.0,0,1,9.0,9,5.0,3.821428571428572,56,37,0.6607142857142857,4.944332975379851,3.484067886594742,32.592033475595834,63
test,audio_48.wav,,False,False,True,0.0,0.0,0.0,0.0,0.0,0.0,0.0,0.0,0.0,0.0,0.0,0.0,0,3,21.33333333333333,0.0,0.1875,0.125,0.09375,0.03125,0.109375,0.171875,0.125,0.375,0.625,0,3,7.333333333333333,10,3.0,3.936507936507936,63,43,0.6825396825396826,5.417490779798923,2.9171292986188617,18.488137285867424,70
test,audio_189.wav,,False,False,True,0.0,1.408450704225352,0.0,0.0,1.408450704225352,1.408450704225352,2.816901408450704,1.408450704225352,0.0,8.450704225352112,4.225352112676056,1.0,3,2,36.0,0.0,0.2361111111111111,0.125,0.1388888888888889,0.0555555555555555,0.0694444444444444,0.1111111111111111,0.0833333333333333,0.0,1.0,0,1,8.5,11,2.5,4.422535211267606,71,39,0.5492957746478874,4.628448466956028,3.3949611012528584,29.813493744827607,82
test,audio_151.wav,,False,False,True,0.0,0.0,0.0,0.0,0.0,0.0,0.0,0.0,0.0,0.0,0.0,0.0,0,4,22.0,0.0,0.1363636363636363,0.1704545454545454,0.0681818181818181,0.0568181818181818,0.0795454545454545,0.1704545454545454,0.1704545454545454,0.0,1.0,0,2,5.0,7,2.0,4.0344827586206895,87,55,0.632183908045977,5.896618941607871,3.1470909511920104,23.26827747589332,97
test,audio_66.wav,,False,False,True,0.0,0.0,0.0,0.0,0.0,2.083333333333333,0.0,2.083333333333333,0.0,4.166666666666667,2.083333333333333,0.2,1,5,9.6,0.0,0.0833333333333333,0.2291666666666666,0.0208333333333333,0.0208333333333333,0.0625,0.3541666666666667,0.0833333333333333,0.0,1.0,1,2,2.4,4,1.0,3.125,48,27,0.5625,3.897114317029974,2.886285750592341,17.92660192318798,61
test,audio_44.wav,,False,False,True,0.0,0.0,1.5873015873015872,0.0,0.0,0.0,0.0,0.0,0.0,1.5873015873015872,1.5873015873015872,0.1428571428571428,1,6,10.833333333333334,0.0,0.2769230769230769,0.2,0.0461538461538461,0.0461538461538461,0.1076923076923077,0.1384615384615384,0.0,0.0,1.0,1,3,3.8333333333333335,6,1.1666666666666667,4.551724137931035,63,46,0.7301587301587301,5.795455252808151,3.110542716560783,22.433215975411496,91
test,audio_150.wav,,False,False,True,0.9009009009009008,0.0,0.0,0.0,0.9009009009009008,1.8018018018018016,0.9009009009009008,0.0,0.0,4.504504504504505,3.603603603603604,0.75,4,3,38.333333333333336,0.0,0.1739130434782608,0.1565217391304348,0.017391304347826,0.0434782608695652,0.1217391304347826,0.2434782608695652,0.0347826086956521,0.2857142857142857,0.7142857142857143,0,4,7.0,8,3.6666666666666665,4.330357142857143,111,64,0.5765765765765766,6.0746111728159935,3.407741001674107,30.19695228805141,126
test,audio_87.wav,,False,False,True,0.819672131147541,0.0,0.0,0.0,0.0,0.819672131147541,0.819672131147541,0.0,0.0,2.459016393442623,1.639344262295082,0.3,2,10,12.7,0.1,0.2283464566929134,0.1417322834645669,0.0708661417322834,0.0472440944881889,0.1023622047244094,0.2047244094488189,0.0472440944881889,0.1875,0.8125,0,4,3.8,7,0.9,4.016393442622951,122,66,0.5409836065573771,5.975359238806223,2.980416317114094,19.696014726153145,149
test,audio_99.wav,,False,False,True,0.0,0.0,0.0,0.0,0.0,4.166666666666667,2.7777777777777777,0.0,0.0,6.944444444444445,4.166666666666667,0.6666666666666666,3,2,37.5,0.0,0.28,0.08,0.0,0.0533333333333333,0.12,0.0933333333333333,0.1066666666666666,0.6,0.4,0,2,9.0,13,3.5,4.25,72,53,0.7361111111111112,6.24610990048117,4.3005259444073936,73.7385658890325,82
test,audio_62.wav,,False,False,True,0.0,0.0,0.0,2.479338842975207,0.0,1.6528925619834711,0.0,0.0,0.0,4.132231404958677,4.132231404958677,0.5714285714285714,5,7,17.285714285714285,0.0,0.2644628099173554,0.1818181818181818,0.0661157024793388,0.0330578512396694,0.024793388429752,0.1818181818181818,0.0826446280991735,0.0,1.0,0,2,4.285714285714286,7,1.0,4.4958677685950414,121,80,0.6611570247933884,7.2727272727272725,3.949626410185401,51.915967934605874,134
test,audio_20.wav,,False,False,True,0.0,0.0,0.0,0.0,0.0,1.098901098901099,2.197802197802198,1.098901098901099,0.0,4.395604395604396,1.098901098901099,1.0,1,2,45.5,0.0,0.2307692307692307,0.1098901098901098,0.0659340659340659,0.0439560439560439,0.0219780219780219,0.1428571428571428,0.0659340659340659,0.0,1.0,0,1,6.5,7,3.0,4.12087912087912,91,59,0.6483516483516484,6.1848805366593185,3.811813766891892,45.23240554924589,111
test,audio_124.wav,,False,False,True,0.0,2.0202020202020203,1.0101010101010102,1.0101010101010102,0.0,1.0101010101010102,1.0101010101010102,0.0,0.0,6.0606060606060606,5.05050505050505,1.0,5,3,34.666666666666664,0.0,0.2596153846153846,0.1153846153846153,0.0288461538461538,0.0673076923076923,0.0673076923076923,0.1346153846153846,0.0673076923076923,0.0,1.0,0,2,5.666666666666667,8,1.6666666666666667,4.131313131313132,99,61,0.6161616161616161,6.130730673081194,3.818464726987093,45.5342471290455,115
test,audio_54.wav,,False,False,True,0.7751937984496124,0.0,0.0,0.7751937984496124,0.0,2.3255813953488373,0.0,0.0,0.0,3.875968992248062,3.875968992248062,0.5714285714285714,5,5,25.8,0.0,0.2170542635658914,0.1085271317829457,0.0852713178294573,0.0310077519379844,0.1085271317829457,0.1472868217054263,0.0465116279069767,0.25,0.75,2,4,6.2,14,2.0,3.9612403100775193,129,72,0.5581395348837209,6.339246525544492,3.811939961201436,45.23811398161145,148
test,audio_45.wav,,False,False,True,0.0,0.0,0.0,0.5714285714285714,0.5714285714285714,1.1428571428571428,0.0,0.0,0.0,2.2857142857142856,2.2857142857142856,0.8,4,3,60.0,0.0,0.1222222222222222,0.1666666666666666,0.0722222222222222,0.0833333333333333,0.0777777777777777,0.2055555555555555,0.1,0.0,1.0,0,3,7.333333333333333,8,7.666666666666667,3.84,175,96,0.5485714285714286,7.256917881777163,2.847734559257076,17.248661724115156,212
test,audio_71.wav,,False,False,True,0.0,0.0,0.0,0.0,0.0,1.2987012987012987,0.0,0.0,0.0,1.2987012987012987,1.2987012987012987,0.2,2,10,15.4,0.0,0.1558441558441558,0.1363636363636363,0.0714285714285714,0.0519480519480519,0.1298701298701298,0.1753246753246753,0.0649350649350649,0.0,1.0,4,3,4.4,7,1.5,3.935064935064935,154,81,0.525974025974026,6.5271660086055805,2.5202040398257903,12.43113285100842,174
test,audio_184.wav,,False,False,True,0.9345794392523364,0.9345794392523364,0.0,2.803738317757009,0.0,2.803738317757009,0.9345794392523364,0.0,0.0,8.411214953271028,7.4766355140186915,1.0,8,4,26.75,0.0,0.2897196261682243,0.1121495327102803,0.0560747663551401,0.0747663551401869,0.0654205607476635,0.0841121495327102,0.102803738317757,0.0,1.0,0,2,7.75,12,1.0,4.588785046728972,107,56,0.5233644859813084,5.413724338655716,4.030119323730469,56.26762490947909,120
test,audio_24.wav,,False,False,True,1.1494252873563218,0.0,0.0,1.1494252873563218,0.0,0.0,0.0,0.0,0.0,2.2988505747126435,2.2988505747126435,0.2857142857142857,2,8,11.25,0.0,0.2,0.1666666666666666,0.0444444444444444,0.0888888888888888,0.0555555555555555,0.1555555555555555,0.1444444444444444,0.125,0.875,0,3,3.125,5,0.75,3.8505747126436782,87,40,0.45977011494252873,4.288450139351179,2.869197629532724,17.62287245312658,106
test,audio_140.wav,,False,False,True,0.99009900990099,1.98019801980198,0.99009900990099,0.99009900990099,0.0,0.0,1.98019801980198,0.0,0.0,6.930693069306931,4.950495049504951,0.6666666666666666,5,5,20.4,0.0,0.1470588235294117,0.1176470588235294,0.0490196078431372,0.1078431372549019,0.0980392156862745,0.196078431372549,0.0686274509803921,0.1538461538461538,0.8461538461538461,0,2,5.2,7,1.6,3.940594059405941,101,63,0.6237623762376238,6.268734298322932,3.4410773383246527,31.2205751787689,108
test,audio_165.wav,,False,False,True,0.0,0.0,0.0,1.4492753623188406,0.0,1.4492753623188406,0.0,0.0,0.0,2.898550724637681,2.898550724637681,0.25,2,5,14.4,0.2,0.2638888888888889,0.0972222222222222,0.0555555555555555,0.0833333333333333,0.0694444444444444,0.2083333333333333,0.0555555555555555,0.2857142857142857,0.7142857142857143,1,4,2.4,6,0.8,4.652173913043479,69,47,0.6811594202898551,5.658135095031152,4.109898307106712,60.94052003670401,88
test,audio_170.wav,,False,False,True,1.2345679012345678,0.0,0.0,0.0,0.0,0.0,0.0,0.0,0.0,1.2345679012345678,1.2345679012345678,0.1666666666666666,1,6,14.333333333333334,0.0,0.2441860465116279,0.0930232558139534,0.0348837209302325,0.0813953488372093,0.0465116279069767,0.127906976744186,0.0465116279069767,0.125,0.875,2,3,3.8333333333333335,6,0.6666666666666666,4.407407407407407,81,39,0.48148148148148145,4.333333333333333,2.7274212703526577,15.29339858644932,107
