split,filename,n_words,words_per_sec,mean_word_prob,min_word_prob,mean_no_speech_prob,mean_avg_logprob,max_compression_ratio,trigram_repeat,filler_frac
train,audio_192.wav,99,1.6361371463041272,0.693263063418933,0.001365650910884142,0.19210483133792877,-0.6276806027626436,1.5026178010471205,0.010309278350515427,0.04040404040404041
train,audio_436.wav,111,1.8476999984394424,0.8138373359159359,9.036231494974345e-05,0.19111559871170256,-0.32917417921344927,1.589928057553957,0.00917431192660545,0.05405405405405406
train,audio_447.wav,147,2.44695405198737,0.9020548356768765,0.2637280821800232,0.3062839576353629,-0.22580036735223008,1.8246445497630333,0.05517241379310345,0.006802721088435374
train,audio_126.wav,105,2.3302263648468706,0.8458354813711983,0.18976573646068573,0.17303919047117233,-0.29060667417382685,1.8848920863309353,0.07766990291262132,0.0
train,audio_61.wav,80,1.7660044150110377,0.8773102224804461,0.07151759415864944,0.14514968544244766,-0.2660947190667051,1.7623762376237624,0.02564102564102566,0.0
train,audio_639.wav,94,1.5647189175973657,0.691600400637439,0.07030100375413895,0.5074834227561951,-0.62359974844274,1.4662162162162162,0.0,0.0
train,audio_703.wav,44,0.843558282208589,0.6556334315629845,0.02336895279586315,0.26601510774344206,-0.882660639591706,1.2282608695652173,0.0,0.0
train,audio_509.wav,130,2.163972971145293,0.9298924026724238,0.24563968367874622,0.07042095644606484,-0.20253183706542163,1.5932203389830508,0.0078125,0.015384615384615385
train,audio_672.wav,117,1.9475756740307637,0.9234629787685099,0.030186103656888008,0.24125327840447425,-0.21521980840875737,1.6388888888888888,0.008695652173912993,0.0
train,audio_344.wav,118,1.9642216199626505,0.9061280534498125,0.0012941815657541156,0.031897306558676064,-0.24619182178178622,1.5778894472361809,0.0431034482758621,0.025423728813559324
train,audio_592.wav,113,1.8809918903032161,0.7928609754615478,0.07681191712617874,0.3704102262854576,-0.4281946230348933,1.6828478964401294,0.009090909090909038,0.0
train,audio_705.wav,110,1.8310540525075556,0.807346738231453,0.05985935404896736,0.13871162049472333,-0.4033023641635845,1.5238095238095237,0.009345794392523366,0.03669724770642202
train,audio_497.wav,77,1.281737836755289,0.8183476033547966,0.0064751566387712955,0.168967017903924,-0.40588558125658103,1.3943661971830985,0.040000000000000036,0.012987012987012988
train,audio_702.wav,98,1.6313027013249133,0.8157658127649706,0.09369245916604996,0.08156036554525296,-0.39232873887694875,1.4615384615384615,0.03125,0.01020408163265306
train,audio_598.wav,137,2.280494592668501,0.793130413015031,0.030965687707066536,0.431086669365565,-0.46115018139366337,1.7313432835820894,0.059259259259259234,0.029197080291970802
train,audio_99.wav,84,1.8641810918774966,0.8968757327113833,0.32751598954200745,0.3405105143785477,-0.30070540061811124,1.650887573964497,0.04878048780487809,0.07142857142857142
train,audio_194.wav,53,1.9970797418868635,0.9613203631257111,0.43046295642852783,0.0016783675528131425,-0.1939440367096349,1.364963503649635,0.0,0.018867924528301886
train,audio_5055.wav,45,0.7490013315579228,0.5693038899238066,8.838807116262615e-05,0.4463905819824764,-1.1670369148254396,1.2803030303030303,0.0,0.022222222222222223
train,audio_178.wav,101,1.6812405391205738,0.778755257748338,0.019003573805093765,0.3008035487598843,-0.4334294007568763,1.4305555555555556,0.0,0.0297029702970297
train,audio_609.wav,102,2.218678499618665,0.9421074548188377,0.30669116973876953,0.08978147804737091,-0.1662259706376053,1.52,0.0,0.0196078431372549
train,audio_77.wav,95,2.3773773773773774,0.9210323914811995,0.002410493092611432,0.04601805377751589,-0.18688101132710777,1.6216216216216217,0.010752688172043001,0.031578947368421054
train,audio_18.wav,101,2.243846085488314,0.9305768381841112,0.33936193585395813,0.17960451046625772,-0.19135825293404715,1.670391061452514,0.010101010101010055,0.009900990099009901
train,audio_9.wav,79,1.7532179316466932,0.9537512232482686,0.6236756443977356,0.06372878979891539,-0.17373831838803222,1.515527950310559,0.03947368421052633,0.0
train,audio_138.wav,76,1.7690875232774674,0.903801095132765,0.23349972069263458,0.13932447284460067,-0.24425145402739318,1.66,0.027027027027026973,0.07894736842105263
train,audio_269.wav,112,1.8641810918774968,0.8386385783863565,0.043687235563993454,0.3165662279352546,-0.35280410557717923,1.6424242424242423,0.027272727272727226,0.008928571428571428
train,audio_717.wav,102,1.6978864850524606,0.8903316431130994,0.0012028077617287636,0.14310076336065927,-0.2826761529559181,1.407185628742515,0.0,0.0196078431372549
train,audio_529.wav,120,1.9975135118264242,0.8562087989088873,0.0024564587511122227,0.48027853454862324,-0.33080608053548205,1.6136363636363635,0.016949152542372836,0.016666666666666666
train,audio_578.wav,142,2.3637243223279354,0.8427631450126148,0.10545442998409271,0.43201050758361814,-0.3568316248250125,1.6422413793103448,0.0071428571428571175,0.0
train,audio_171.wav,94,1.5645805592543276,0.7124638025853651,0.04086817800998688,0.17981811364491782,-0.523001971180621,1.553763440860215,0.03260869565217395,0.02127659574468085
train,audio_596.wav,120,1.9975135118264242,0.8976853426338899,0.06574460864067078,0.3873425667936152,-0.3160639126919325,1.567099567099567,0.0,0.0
train,audio_5066.wav,97,1.6146567553930262,0.6028754577309507,0.012561922892928123,0.35467931628227234,-0.5920043414198232,2.2444444444444445,0.0736842105263158,0.030927835051546393
train,audio_501.wav,135,2.2472027008047273,0.8823393334945043,0.12309934198856354,0.3486953867333276,-0.23638807713659735,1.728476821192053,0.03759398496240607,0.007407407407407408
train,audio_8.wav,94,2.0861074123391035,0.877597783474212,0.2565953731536865,0.29176850404058186,-0.27453646292397443,1.75,0.08695652173913049,0.010638297872340425
train,audio_84.wav,89,1.9751442521083,0.89652515093932,0.26470649242401123,0.05607632361352444,-0.21930874488917174,1.5338345864661653,0.04597701149425293,0.011235955056179775
train,audio_11.wav,75,1.758087201125176,0.9061542477319017,0.0005407490534707904,0.20652400562539697,-0.21597780674805134,1.8323699421965318,0.04109589041095896,0.013333333333333334
train,audio_142.wav,39,0.6491344873501997,0.9065455703590161,0.025818172842264175,0.1933903880417347,-0.4274734406025855,1.288888888888889,0.05405405405405406,0.02564102564102564
train,audio_610.wav,110,2.3871527777777777,0.9474716714837335,0.41453316807746887,0.113338041305542,-0.17462281627931456,1.6257668711656441,0.0,0.00909090909090909
train,audio_654.wav,101,1.6812405391205738,0.8381094180490121,0.08855070173740387,0.16599795275500842,-0.39720524303496824,1.7922077922077921,0.04040404040404044,0.0297029702970297
train,audio_170.wav,153,2.5466045272969375,0.8830219218446538,0.04786915332078934,0.2650608582930131,-0.21978835719910628,1.6700507614213198,0.08609271523178808,0.013071895424836602
train,audio_255.wav,95,1.5812250332889481,0.857907396633374,0.11271359771490097,0.2635468939940135,-0.3792613449936393,1.4933333333333334,0.010752688172043001,0.010526315789473684
train,audio_162.wav,98,1.6311584553928096,0.8629591526577667,0.11204922199249268,0.4096557689564569,-0.2780597549641993,1.6592592592592592,0.03125,0.02040816326530612
train,audio_5069.wav,5,0.08322972965943434,0.518149679619819,0.005248813424259424,0.8295115232467651,-0.9241815294538226,0.7142857142857143,0.0,0.0
train,audio_769.wav,104,1.7311783769162343,0.912323615155541,0.18310672044754028,0.27176764820303234,-0.27686181625882106,1.6357142857142857,0.07843137254901966,0.0
train,audio_720.wav,131,2.1829444963449216,0.8990155715523785,0.16329245269298553,0.14613146914376152,-0.2343696803491058,1.6505376344086022,0.03100775193798455,0.0
train,audio_623.wav,104,1.7311783769162343,0.8761968845132148,0.00026212993543595076,0.08948824889957904,-0.29188083280105986,1.9012345679012346,0.12745098039215685,0.0673076923076923
train,audio_718.wav,104,1.7311783769162343,0.8878176372605734,0.07290992885828018,0.07550574839115143,-0.3312476164629671,1.6206896551724137,0.009803921568627416,0.04807692307692308
train,audio_136.wav,69,1.5312916111850865,0.873566664647365,0.303241103887558,0.20098877623677253,-0.22633473350888206,1.5085714285714287,0.0,0.014492753623188406
train,audio_119.wav,74,1.64225477141589,0.8762889360790853,0.16537079215049744,0.1767738351598382,-0.29680693610364617,1.49645390070922,0.02777777777777779,0.0
train,audio_542.wav,114,1.8976378362351032,0.9335630788353452,0.19814972579479218,0.25790730201535755,-0.21162427897871616,1.7686567164179106,0.0267857142857143,0.008771929824561403
train,audio_5073.wav,111,1.8476999984394424,0.6746579628974736,0.024750540032982826,0.4517201979955037,-0.5837097579318955,1.6363636363636365,0.04587155963302747,0.0
train,audio_322.wav,105,1.7478243228481212,0.84911765172368,0.13845637440681458,0.08588290161320142,-0.32145094510379024,1.6835443037974684,0.009708737864077666,0.009523809523809525
train,audio_5039.wav,34,0.5659621616841536,0.5212843405404105,0.0003135119623038918,0.050189994275569916,-0.90377071925572,1.2135922330097086,0.0,0.029411764705882353
train,audio_707.wav,110,1.8310540525075556,0.768478337853131,0.010023788549005985,0.09865733794867992,-0.4435852151065257,1.6863905325443787,0.03703703703703709,0.1
train,audio_148.wav,131,2.1804260985352863,0.8492987168142359,0.03632831200957298,0.37908367677168414,-0.2795142332438623,1.7019230769230769,0.09302325581395354,0.007633587786259542
train,audio_316.wav,110,1.8310540525075556,0.7970513570598665,0.0007965700933709741,0.20192576365338433,-0.3545428902129226,1.8022598870056497,0.0092592592592593,0.11818181818181818
train,audio_647.wav,123,2.0474513496220847,0.9394817578235293,0.09057105332612991,0.13407754409126937,-0.17856676188424553,1.7628865979381443,0.03305785123966942,0.0
train,audio_286.wav,114,1.8976378362351032,0.9111301152329696,0.3856179416179657,0.19312462210655212,-0.26995750929236284,1.7395833333333333,0.0267857142857143,0.008771929824561403
train,audio_92.wav,89,2.1497584541062804,0.8946092908971766,0.13319163024425507,0.286304172873497,-0.25921749503988967,1.84375,0.09195402298850575,0.0
train,audio_462.wav,91,1.5147810798017052,0.8723077355669095,0.08558093756437302,0.12808746844530106,-0.33382056688651063,1.3724137931034484,0.011235955056179803,0.0
train,audio_376.wav,104,2.2684980062029245,0.9616426820747362,0.35258054733276367,0.05361132090911269,-0.15638009106653455,1.4935897435897436,0.0,0.028846153846153848
train,audio_76.wav,82,1.8197958277851751,0.9336755068563833,0.05643349885940552,0.06866808608174324,-0.24432733399527415,1.593939393939394,0.03749999999999998,0.036585365853658534
train,audio_105.wav,85,1.8863737239236573,0.8364005203980281,9.776202205102891e-05,0.39811229705810547,-0.31422219625333464,1.9241379310344828,0.02409638554216864,0.09411764705882353
train,audio_355.wav,86,1.4285076559082184,0.7904556923610873,0.018976064398884773,0.14388935108269965,-0.4778914658131933,1.5,0.04761904761904767,0.011627906976744186
train,audio_663.wav,88,1.4648432420060444,0.8479115481234409,0.013047806918621063,0.2354373186826706,-0.35468918174428216,1.4615384615384615,0.023255813953488413,0.07954545454545454
train,audio_767.wav,113,1.8809918903032161,0.9046092636603038,0.003952286206185818,0.12380181004603703,-0.2385575000273029,1.6257309941520468,0.0,0.017699115044247787
train,audio_655.wav,104,1.7311783769162343,0.897317261122785,0.0005491051124408841,0.15584060443299158,-0.290192193169219,1.514792899408284,0.009803921568627416,0.04807692307692308
train,audio_372.wav,124,2.066298607227254,0.9469905393498559,0.079665407538414,0.09027736301400832,-0.14099372365189924,1.580110497237569,0.0,0.056451612903225805
train,audio_667.wav,129,2.1473270252134062,0.9530312631866421,0.04569427669048309,0.05540275508537888,-0.16473093266247615,1.53,0.0,0.007751937984496124
train,audio_517.wav,99,1.6479486472568001,0.7723964791970722,0.030548004433512688,0.21126557290554046,-0.4770780191188906,1.4193548387096775,0.030927835051546393,0.0
train,audio_765.wav,101,1.6786610600495289,0.9538059860069101,0.0013483156217262149,0.07276522964239121,-0.21062424537486996,1.6111111111111112,0.0,0.04950495049504951
train,audio_38.wav,85,1.8863737239236573,0.9248040049099456,0.11297567188739777,0.0415639178827405,-0.20116771592034235,1.8431372549019607,0.04878048780487809,0.0
train,audio_371.wav,132,2.1972648630090665,0.9244746952223583,0.02172439731657505,0.06888063118094578,-0.20763982627577296,1.6806282722513088,0.0,0.06060606060606061
train,audio_507.wav,95,1.5813648635292525,0.8408892931710733,0.10463272035121918,0.21532810692276275,-0.3303171273664639,1.6578947368421053,0.07526881720430112,0.010526315789473684
train,audio_5056.wav,56,0.9320905459387484,0.5131999016074198,0.030996065586805344,0.6933891375859579,-0.9514822194304579,2.1058823529411765,0.33999999999999997,0.0
train,audio_282.wav,113,1.8809918903032161,0.9095519168582638,0.10874595493078232,0.11919115616806916,-0.23977063596248627,1.8013698630136987,0.04504504504504503,0.017699115044247787
train,audio_459.wav,116,1.9309297280988769,0.8784890056041808,0.13873429596424103,0.1506200995710161,-0.31186734846641784,1.5076923076923077,0.0,0.008620689655172414
train,audio_303.wav,99,1.6479486472568001,0.9343489701499039,0.10898411273956299,0.21123071666806936,-0.193496244712898,1.7028571428571428,0.010309278350515427,0.0
train,audio_297.wav,95,2.17119594329179,0.9437646908231648,0.00015369588800240308,0.05459277544702802,-0.1588921148556404,1.5424528301886793,0.0,0.031578947368421054
train,audio_432.wav,98,1.6313027013249133,0.8007484221621892,0.03422648832201958,0.3224922776222229,-0.3473842313379273,1.4545454545454546,0.02083333333333337,0.04081632653061224
train,audio_454.wav,148,2.4635999979192564,0.8446437841331637,0.0654708743095398,0.22990393191576003,-0.28785612249792203,2.116788321167883,0.09589041095890416,0.006756756756756757
train,audio_482.wav,135,2.2472027008047273,0.9108918270211162,0.14757271111011505,0.18039537221193314,-0.20388141582439737,1.6540284360189574,0.06015037593984962,0.02962962962962963
train,audio_484.wav,94,1.7326969358683244,0.8426121275158639,0.07841908931732178,0.28565764001437594,-0.32745727027355986,1.6296296296296295,0.0,0.031914893617021274
train,audio_757.wav,101,1.6812405391205738,0.8706252026085807,0.15755413472652435,0.12570078990289144,-0.2794185196985304,1.4146341463414633,0.020408163265306145,0.02
train,audio_773.wav,79,1.3150297286190626,0.8735290651645842,0.397802472114563,0.09967687291403611,-0.2929952939608802,1.349056603773585,0.0,0.0
train,audio_668.wav,127,2.1140351333496326,0.9413255850865146,0.19377005100250244,0.06612343595109203,-0.19870816768219174,1.8115942028985508,0.016000000000000014,0.015748031496062992
train,audio_240.wav,126,2.097203728362184,0.9040441191385663,0.0637541264295578,0.19042280688881874,-0.23435061372573748,1.7014218009478672,0.040322580645161255,0.0
train,audio_163.wav,68,1.1319243233683072,0.7820250278904887,0.006831007078289986,0.470454229041934,-0.4013245778212848,1.3423423423423424,0.06060606060606055,0.029411764705882353
train,audio_659.wav,133,2.2139108089409536,0.9253593555767146,0.003778699552640319,0.2782762919863065,-0.2089761365522016,1.6236559139784945,0.06106870229007633,0.007518796992481203
train,audio_532.wav,148,2.4635999979192564,0.8704332423622947,0.056370314210653305,0.41594432128800285,-0.31560921095035693,1.7707317073170732,0.06164383561643838,0.006756756756756757
train,audio_464.wav,78,1.2983837826871758,0.7994640602801855,0.06223267689347267,0.3752800439085279,-0.41579087746186066,1.525179856115108,0.03947368421052633,0.0
train,audio_5.wav,115,2.5521526853084775,0.8781484963237376,0.048517465591430664,0.029841995798051357,-0.27679008604641825,1.8156682027649769,0.026548672566371723,0.06086956521739131
train,audio_231.wav,140,2.3325558147284235,0.8985097609460354,0.23946769535541534,0.30257661427770344,-0.2036779203134841,1.7484662576687116,0.07246376811594202,0.014285714285714285
train,audio_384.wav,120,1.99964381344573,0.9250519875023099,0.27302002906799316,0.2084312685765326,-0.20354451820963904,1.5377358490566038,0.0,0.0
train,audio_54.wav,98,2.6908292147171884,0.9566049052744495,0.5750281810760498,0.21050746086984873,-0.12083095998475046,1.8102564102564103,0.04255319148936165,0.0
train,audio_656.wav,111,1.8476999984394424,0.9284979807766708,0.055632613599300385,0.1325377207249403,-0.18397887609164937,1.5191256830601092,0.0,0.02702702702702703
train,audio_444.wav,109,1.8144081065756688,0.8512149169291326,0.0014829762512817979,0.5766505648692449,-0.3020912218424196,2.182857142857143,0.05607476635514019,0.05504587155963303
train,audio_5062.wav,88,1.441803073047601,0.5156273971026001,0.0016124327667057514,0.34787607938051224,-1.2892686680511192,1.4714285714285715,0.0,0.011363636363636364
train,audio_312.wav,105,1.7478243228481212,0.9352879987822638,0.20479103922843933,0.08186423731967807,-0.2113122840473427,1.6727272727272726,0.029126213592232997,0.0
train,audio_120.wav,69,1.5333333333333334,0.8983593328275542,0.3099377453327179,0.09532802812755108,-0.2625574904368637,1.60625,0.014925373134328401,0.0
train,audio_446.wav,110,2.1692268062202578,0.8810668197545138,0.28782710433006287,0.12702126863102117,-0.28720421668810725,1.6646706586826348,0.01851851851851849,0.0
train,audio_546.wav,100,1.664594593188687,0.8525315054506063,0.016835585236549377,0.5343785605260304,-0.2874511646652173,1.5813953488372092,0.010204081632653073,0.04
train,audio_430.wav,124,2.064097295553972,0.8168165544385931,0.0037387986667454243,0.30039308965206146,-0.3847286994744451,1.6135265700483092,0.040983606557377095,0.024193548387096774
train,audio_179.wav,77,1.281737836755289,0.7930761297093931,0.00011742538481485099,0.222677913804849,-0.4629309815704507,1.633587786259542,0.026666666666666616,0.05194805194805195
train,audio_674.wav,133,2.2139108089409536,0.9023099907960995,0.009352571330964565,0.263615363410541,-0.21464759083688617,1.65625,0.007633587786259555,0.015037593984962405
train,audio_737.wav,94,1.5647189175973657,0.8041017746671717,0.0657852366566658,0.19172675390210417,-0.3665647344616037,1.5928571428571427,0.0,0.0425531914893617
train,audio_669.wav,138,2.297140538600388,0.8808423166257747,0.13842809200286865,0.19251954776700586,-0.2849909074415238,1.7941176470588236,0.03676470588235292,0.007246376811594203
train,audio_540.wav,139,2.3137864845322746,0.8283679413316634,0.037594836205244064,0.20075830817222595,-0.3530406771792109,1.7,0.0,0.0
train,audio_692.wav,154,3.439136084549151,0.7583460589604718,0.04828859120607376,0.31533293426036835,-0.46193236112594604,1.7352941176470589,0.08552631578947367,0.0
train,audio_572.wav,112,2.042007001166861,0.8151019700204155,0.025885004550218582,0.46599286581788746,-0.3004157224814573,1.6,0.018181818181818188,0.0
train,audio_479.wav,100,1.6497566608925183,0.7351108817756176,0.03704652935266495,0.32154718041419983,-0.4717262893031284,1.5248618784530388,0.0,0.03
train,audio_419.wav,90,1.4826941788808747,0.8473936692294147,0.01741408184170723,0.3536038116684982,-0.3857069053015597,1.7,0.022727272727272707,0.08888888888888889
train,audio_5037.wav,135,2.996005326231691,0.6147677128237706,0.051972441375255585,0.4215354865247553,-0.6230340890264509,2.046808510638298,0.11194029850746268,0.007352941176470588
train,audio_433.wav,128,2.130681079281519,0.8638871935871748,0.00012180999328847975,0.22499083975950876,-0.2928256145709767,1.84375,0.04761904761904767,0.0703125
train,audio_405.wav,133,2.2139108089409536,0.9348022169170943,0.0017837411724030972,0.19307943433523178,-0.24462166091778653,1.7488584474885844,0.03053435114503822,0.045112781954887216
train,audio_267.wav,73,1.215046604527297,0.9030995988648505,0.0023727156221866608,0.27173556201159954,-0.26072282328472274,1.4193548387096775,0.0,0.0273972602739726
train,audio_358.wav,152,2.5301837816468042,0.9190520653010983,0.0859990268945694,0.36321463342756033,-0.2445607160801416,1.7173913043478262,0.00666666666666671,0.02631578947368421
train,audio_331.wav,127,2.1162897025633973,0.9436834598854771,0.2851976156234741,0.2539799967780709,-0.14217209835083056,1.7121951219512195,0.016000000000000014,0.0
train,audio_487.wav,81,1.3483216204828363,0.8462431511761229,0.19253435730934143,0.08502230942249298,-0.27953276875043154,1.4576271186440677,0.08860759493670889,0.037037037037037035
train,audio_494.wav,145,2.413662160123596,0.8382940231212255,0.056310057640075684,0.2622120856410927,-0.2956891750929291,2.0914285714285716,0.07746478873239437,0.034722222222222224
train,audio_536.wav,110,2.030018904551049,0.8696362240409309,0.15934886038303375,0.15961261093616486,-0.34429826794645424,1.5658536585365854,0.0,0.0
train,audio_634.wav,94,1.5647189175973657,0.8485596489577376,0.004910011775791645,0.396307294567426,-0.27099804966538044,1.4701986754966887,0.010869565217391353,0.031914893617021274
train,audio_317.wav,135,2.2472027008047273,0.9185980420605635,0.07479438930749893,0.3496807888150215,-0.21476136818547564,1.6717171717171717,0.0,0.007407407407407408
train,audio_5054.wav,121,2.062499267578385,0.5745136961956655,0.018567878752946854,0.46305803656578065,-0.7084439574099006,1.617801047120419,0.050420168067226934,0.024793388429752067
train,audio_723.wav,142,2.3637243223279354,0.9660957161809357,0.21134310960769653,0.09792528618127108,-0.16690385868022967,1.6595744680851063,0.014285714285714235,0.007042253521126761
train,audio_155.wav,131,2.1804260985352863,0.8607461438265466,0.07034287601709366,0.30690624482101864,-0.32009263542513033,1.5747126436781609,0.0,0.007633587786259542
train,audio_410.wav,100,2.164127423822715,0.8463051067292691,0.19900108873844147,0.07391118654049933,-0.3048335944071855,1.7121212121212122,0.0,0.01
train,audio_251.wav,30,1.4955134596211366,0.8855776011943817,0.3561387062072754,0.008895517326891422,-0.3176472003643329,1.4324324324324325,0.0,0.0
train,audio_779.wav,136,2.2638486467366143,0.9193886664202985,0.15672113001346588,0.4407064880837094,-0.19081322255760735,1.7535545023696681,0.02238805970149249,0.014705882352941176
train,audio_382.wav,133,2.2139108089409536,0.9194293808107986,0.11135613173246384,0.2432149230606026,-0.17942118145170666,1.6290322580645162,0.007751937984496138,0.0
train,audio_559.wav,66,1.0986324315045333,0.7934682732042292,0.00017902173567563295,0.31499000390370685,-0.47608932846724383,1.744186046511628,0.03125,0.015151515151515152
train,audio_161.wav,43,0.7157123834886818,0.8954244398966779,0.04439668729901314,0.1869060229510069,-0.5417548803955383,1.3543307086614174,0.0,0.0
train,audio_535.wav,152,2.5301837816468042,0.7186280283300827,0.0178502406924963,0.2079394206404686,-0.4500408244545138,1.610878661087866,0.0,0.006578947368421052
train,audio_363.wav,79,1.7906802459918656,0.9493897530851485,0.28412169218063354,0.31964914314448833,-0.1883154600124641,1.6307692307692307,0.012987012987012991,0.012658227848101266
train,audio_5057.wav,128,2.130681079281519,0.6334516364322553,0.0008248056983575225,0.4719308540225029,-0.65266630242104,1.6217948717948718,0.007936507936507908,0.015625
train,audio_660.wav,124,2.064097295553972,0.9207088384296624,0.048933640122413635,0.29375611818753755,-0.2296790862166929,1.695067264573991,0.008264462809917328,0.008130081300813009
train,audio_293.wav,135,2.2472027008047273,0.9595821580769102,0.35369059443473816,0.19282023111979166,-0.15890119624694274,1.6022727272727273,0.015037593984962405,0.007407407407407408
train,audio_74.wav,91,2.0195295162006213,0.9202141971378536,0.18711648881435394,0.15247175629649842,-0.2020712119878365,1.5141242937853108,0.0561797752808989,0.0
train,audio_215.wav,143,2.380367791792725,0.9085196797455941,0.19069336354732513,0.18470029029995202,-0.22680761550392292,1.5813953488372092,0.0,0.006993006993006993
train,audio_228.wav,75,1.2452059570652985,0.8348910967136423,0.012129259295761585,0.38173399567604066,-0.3887031408551435,1.4609375,0.028169014084507005,0.0547945205479452
train,audio_602.wav,124,2.066298607227254,0.850263102701114,0.07961152493953705,0.1558682401664555,-0.3020103705850641,1.813793103448276,0.040983606557377095,0.06451612903225806
train,audio_396.wav,160,2.663351349101899,0.7892001963686198,0.05487924814224243,0.16615428858333164,-0.34618285920365444,2.2467532467532467,0.15822784810126578,0.0125
train,audio_576.wav,115,1.91428378216699,0.8695813822357551,0.021267801523208618,0.2251091650687158,-0.27262739265928226,1.6312056737588652,0.053097345132743334,0.05217391304347826
train,audio_5040.wav,132,2.1972648630090665,0.7431739889875506,0.06241541728377342,0.4620769441127777,-0.48493210471474335,1.5636363636363637,0.03076923076923077,0.0
train,audio_198.wav,75,1.2497760817853467,0.859062850508425,0.08522511273622513,0.03436644896864891,-0.3411282779040356,1.3983739837398375,0.0,0.06666666666666667
train,audio_600.wav,126,2.0973891874177455,0.8450809943849447,0.15949314832687378,0.2505699164337582,-0.3157765638260614,1.6257668711656441,0.04878048780487809,0.04
train,audio_710.wav,80,1.3316756745509495,0.908571976920939,0.0012441824655979872,0.12062875957538684,-0.27786717986706916,1.6058823529411765,0.05128205128205132,0.0125
train,audio_246.wav,76,1.2649800266311584,0.9001185650888243,0.194194495677948,0.11942040858169396,-0.2535793589545296,1.5763888888888888,0.04054054054054057,0.02631578947368421
train,audio_490.wav,118,1.9642216199626505,0.8348295534808007,0.00063155876705423,0.4658273657162984,-0.3172796770068089,1.6228571428571428,0.051724137931034475,0.025423728813559324
train,audio_657.wav,98,1.6313027013249133,0.9228824921408478,0.23957374691963196,0.06675039404737097,-0.23902992096547931,1.598802395209581,0.01041666666666663,0.061224489795918366
train,audio_688.wav,70,1.1468888081060462,0.9460329791797059,0.037020500749349594,0.15586157267292342,-0.345944837144271,1.530612244897959,0.014705882352941124,0.014285714285714285
train,audio_698.wav,104,1.7311783769162343,0.9123363098186439,0.00014067649317439646,0.1768302574221577,-0.21055031369593816,1.794871794871795,0.02941176470588236,0.028846153846153848
train,audio_499.wav,74,1.2317999989596282,0.8088502600990437,0.09820001572370529,0.194838447868824,-0.3096895025446524,1.3544303797468353,0.0,0.0
train,audio_463.wav,82,1.3649675664147232,0.8515877868162423,0.17712126672267914,0.37819433253672385,-0.4023485281830462,1.6293103448275863,0.0,0.0
train,audio_604.wav,117,1.9475756740307637,0.9370225636113403,0.20075246691703796,0.10641272366046906,-0.1670731837314512,1.6511627906976745,0.034782608695652195,0.008547008547008548
train,audio_97.wav,118,2.6187305814469597,0.9122690211160708,0.15515409409999847,0.1426367647945881,-0.17405624798366,1.6878980891719746,0.017241379310344862,0.059322033898305086
train,audio_234.wav,69,1.148468708388815,0.859707667865759,0.005466874688863754,0.4363252490758896,-0.2900682291111073,1.4692307692307693,0.014925373134328401,0.043478260869565216
train,audio_782.wav,110,1.8121817741877357,0.9333454664457929,0.1391279250383377,0.13161640108696052,-0.2031351147898639,1.4333333333333333,0.01851851851851849,0.045454545454545456
train,audio_758.wav,76,1.3659897752969286,0.85004738414366,0.07870622724294662,0.023041568603366612,-0.32871482696405047,1.5254237288135593,0.0,0.0
train,audio_727.wav,135,2.2472027008047273,0.9429741020003954,0.10846283286809921,0.20825093653466967,-0.18620046152316938,1.6568627450980393,0.03007518796992481,0.0
train,audio_643.wav,34,0.5659621616841536,0.8250204864969275,0.0013551950687542558,0.12598661752417684,-0.45054765907274624,1.4217687074829932,0.0,0.058823529411764705
train,audio_261.wav,92,1.5328223925358213,0.9107546538344004,0.023358821868896484,0.43405862152576447,-0.3191642191383865,1.601123595505618,0.022222222222222254,0.0
train,audio_205.wav,110,1.8310521475328652,0.8461055356896284,0.12483538687229156,0.07187570817768574,-0.2505308483636867,1.6833333333333333,0.04629629629629628,0.06363636363636363
train,audio_128.wav,109,2.4189968930315136,0.8334514952580864,0.19366750121116638,0.12784371099301747,-0.3419401566681161,1.6181818181818182,0.0,0.009174311926605505
train,audio_650.wav,142,2.3265458678722655,0.9694802007624801,0.4508557617664337,0.2157247131690383,-0.16870036404795627,1.697674418604651,0.0714285714285714,0.0
train,audio_35.wav,124,2.7518863737239236,0.8305787922393891,0.10088218748569489,0.11236351976792018,-0.33591473396913507,1.7431192660550459,0.05785123966942152,0.024390243902439025
train,audio_141.wav,80,1.3315579227696406,0.8766830787062645,0.14466899633407593,0.23605453222990036,-0.31048943581968147,1.37984496124031,0.05128205128205132,0.0
train,audio_260.wav,90,1.4980026631158456,0.8690636309829576,0.13852445781230927,0.3053906311591466,-0.3291500690149553,1.648,0.03409090909090906,0.0
train,audio_722.wav,145,2.416236274580257,0.9219474387579951,0.17498700320720673,0.0893644355237484,-0.19300728006880413,1.6825396825396826,0.06293706293706292,0.006896551724137931
train,audio_5047.wav,114,1.9445960698689955,0.5916540698033937,0.024254528805613518,0.5776672578520246,-0.7261748685076487,1.8444444444444446,0.2142857142857143,0.0
train,audio_324.wav,116,1.9309297280988769,0.9434419347390789,0.016546286642551422,0.04998657596297562,-0.17144953060517082,1.5817307692307692,0.0,0.0603448275862069
train,audio_279.wav,148,2.4635999979192564,0.954037385111725,0.5161665678024292,0.12564325104467572,-0.18953518182562107,1.7004608294930876,0.03448275862068961,0.006802721088435374
train,audio_450.wav,110,2.2167894087847837,0.856367230008949,0.19224387407302856,0.3983778953552246,-0.27112865866658803,1.5625,0.1089108910891089,0.0
train,audio_32.wav,112,2.5961984237366713,0.9241690952330828,0.12618529796600342,0.015681548858992755,-0.20141935677666628,1.599009900990099,0.018181818181818188,0.0
train,audio_254.wav,61,1.0153129161118508,0.8802789630459957,0.3477521240711212,0.09789335308596492,-0.24421581039736578,1.4596774193548387,0.0,0.01639344262295082
train,audio_544.wav,73,1.2151540530277414,0.7770071120243774,0.003366328775882721,0.20814521859089533,-0.5710807968998513,1.5555555555555556,0.14084507042253525,0.0136986301369863
train,audio_176.wav,156,2.599133622125958,0.7867153827766536,1.3093912457406987e-05,0.29232428624079776,-0.5470521705190964,1.6075949367088607,0.025974025974025983,0.01282051282051282
train,audio_301.wav,88,1.4648432420060444,0.8981240976771171,0.22688131034374237,0.14522181770631246,-0.29376399517059326,1.4879518072289157,0.0,0.022727272727272728
train,audio_213.wav,147,2.4469515062484652,0.9137782673953342,0.10345834493637085,0.024611417111009358,-0.2597363719561775,1.726530612244898,0.006896551724137945,0.0
train,audio_295.wav,124,2.064097295553972,0.9318502547760164,0.3400295674800873,0.12815682031214237,-0.20117044853437116,1.5614035087719298,0.008196721311475419,0.0
train,audio_40.wav,99,2.1970705725699067,0.9599858343300193,0.3191841244697571,0.038176982663571835,-0.14521702435045986,1.6479591836734695,0.020618556701030966,0.0
train,audio_496.wav,82,1.3649675664147232,0.799699666614576,0.047975365072488785,0.3571042815844218,-0.45193511704959527,1.5702479338842976,0.050000000000000044,0.012195121951219513
train,audio_45.wav,83,2.1347736625514404,0.8161396621221519,0.06492984294891357,0.15513696074485778,-0.3592142363309283,1.5529411764705883,0.0,0.012195121951219513
train,audio_146.wav,119,1.9806924101198402,0.8884892963311252,0.15310999751091003,0.3183531877067354,-0.22119066171133633,1.6744186046511629,0.017094017094017144,0.0
train,audio_415.wav,73,1.6594939964110602,0.9095410435167077,0.27060315012931824,0.03449975475668907,-0.2762744102174471,1.541899441340782,0.014084507042253502,0.0
train,audio_595.wav,92,1.531427025733592,0.8931955883576387,0.04299327731132507,0.19458155259490012,-0.33819273424012986,1.6,0.0,0.0
train,audio_783.wav,138,2.299590385462589,0.8805407307286194,0.1986551135778427,0.04664844647049904,-0.28471048671579013,1.6748466257668713,0.007352941176470562,0.0
train,audio_673.wav,119,1.9808675658945374,0.9233468161160204,0.18833181262016296,0.16202018153853714,-0.21176617015056087,1.7077922077922079,0.008547008547008517,0.058823529411764705
train,audio_48.wav,78,1.7310252996005326,0.8904003111215738,0.27804678678512573,0.2752681255340576,-0.2322873829289974,1.5389221556886228,0.03947368421052633,0.05128205128205128
train,audio_777.wav,65,1.0819864855726464,0.9342485747658289,0.3311721980571747,0.08571186129535947,-0.3058935725646396,1.4492753623188406,0.015873015873015928,0.0
train,audio_330.wav,102,1.6948782896684083,0.8776356218218365,0.014391866512596607,0.4568408690392971,-0.3128319968549925,1.7837837837837838,0.07999999999999996,0.0784313725490196
train,audio_200.wav,72,1.19850686020333,0.8741728074641691,0.07888878136873245,0.08708268925547599,-0.3202516475808196,1.4491525423728813,0.014285714285714235,0.06944444444444445
train,audio_259.wav,85,1.414780292942743,0.9222321873202043,0.2140059918165207,0.2907365012913942,-0.26855012604979434,1.452991452991453,0.06024096385542166,0.011764705882352941
train,audio_721.wav,86,1.4315513501422708,0.7445658155998518,0.03536439314484596,0.4321844205260277,-0.41385123598588974,1.6940298507462686,0.0,0.011627906976744186
train,audio_223.wav,102,1.7597508744840435,0.931123402188806,0.30028238892555237,0.07089498160140854,-0.23069724626057472,1.381294964028777,0.0,0.0
train,audio_175.wav,143,2.3801597869507325,0.9277012941269052,0.07437894493341446,0.20538106018846686,-0.16535672256675396,1.6813186813186813,0.0,0.0
train,audio_400.wav,51,1.4857839968682003,0.8358118062218031,0.12336941808462143,0.07628093473613262,-0.37445513271538283,1.3162393162393162,0.0,0.0
train,audio_506.wav,122,2.030805403690198,0.7809642643522715,0.0067898272536695,0.5220364341512322,-0.3806304040315137,1.755813953488372,0.0,0.04918032786885246
train,audio_153.wav,117,1.9475756740307637,0.8771074174815773,0.16831691563129425,0.09506337663957051,-0.2732049690014651,1.6772151898734178,0.07826086956521738,0.008547008547008548
train,audio_5050.wav,69,1.148570269300194,0.6338487611366108,0.0019611623138189316,0.4768681451678276,-1.0036329131836843,1.607843137254902,0.08955223880597019,0.057971014492753624
train,audio_281.wav,112,1.8643459443713293,0.9181315066747456,0.01799754612147808,0.24356992393732071,-0.30521842791483955,1.8777777777777778,0.0636363636363636,0.0
train,audio_543.wav,118,1.9642216199626505,0.8861575225778555,0.08098448067903519,0.3242130637168884,-0.26656366010484134,1.5797101449275361,0.008620689655172376,0.0
train,audio_445.wav,107,1.781116214711895,0.8422881211545841,0.010347298346459866,0.23605417180806398,-0.3684220811225486,1.8243243243243243,0.06666666666666665,0.018691588785046728
train,audio_124.wav,95,2.111111111111111,0.9152253099178013,0.17199692130088806,0.10164932906627655,-0.17160174323710872,1.7365591397849462,0.032258064516129004,0.0
train,audio_249.wav,38,1.8234165067178503,0.884931968623086,0.2163594514131546,0.012353613041341305,-0.2630547483762105,1.3918918918918919,0.0,0.0
train,audio_420.wav,89,1.4814891879379313,0.889712744409895,0.031648777425289154,0.049523250199854374,-0.32618135663252024,1.563953488372093,0.0,0.0
train,audio_203.wav,133,2.2139085056533734,0.9125704656642183,0.224481001496315,0.2052569270133972,-0.2304536799720792,1.8285714285714285,0.007633587786259555,0.007518796992481203
train,audio_278.wav,66,1.6146912438168488,0.8696199247632364,0.12539635598659515,0.054204163451989494,-0.3579638630452782,1.5286624203821657,0.0,0.0
train,audio_516.wav,110,1.8310540525075556,0.7988702656348434,0.0051484243012964725,0.4593856409192085,-0.3970146898731848,1.8657718120805369,0.06481481481481477,0.045454545454545456
train,audio_326.wav,75,2.9592803030303028,0.9181093597412109,0.27454662322998047,0.004849728662520647,-0.1995556889748087,1.5905172413793103,0.013698630136986356,0.02666666666666667
train,audio_603.wav,118,1.9642216199626505,0.9363415064793317,0.0016681816196069121,0.18938212717572847,-0.24492638263638175,1.625,0.017241379310344862,0.025423728813559324
train,audio_199.wav,87,1.4481957894123572,0.9007967326832914,0.06322357058525085,0.1373938205651939,-0.3566708852431273,1.4871794871794872,0.02352941176470591,0.011494252873563218
train,audio_406.wav,56,1.0065187817977368,0.8645655579332795,0.14400175213813782,0.21083209291100502,-0.3621600410599253,1.376068376068376,0.0,0.0
train,audio_538.wav,137,2.280494592668501,0.8729915631948596,0.07688689976930618,0.17475036829710006,-0.3223940279250755,1.653061224489796,0.007407407407407418,0.0
train,audio_631.wav,137,2.5193693760997817,0.895693779046083,0.12233971804380417,0.057699237018823624,-0.23899682347333576,1.8634146341463416,0.022222222222222254,0.0
train,audio_5061.wav,95,1.5813648635292525,0.5234615421706909,0.012973849661648273,0.4632822424173355,-0.7786965530930142,1.5248618784530388,0.010752688172043001,0.031578947368421054
train,audio_196.wav,53,2.0019074778798664,0.9372833714170276,0.10755380988121033,0.13482468237634748,-0.3486871984373567,1.9615384615384615,0.0,0.018867924528301886
train,audio_756.wav,121,2.014159457758311,0.9098131938660441,0.1995777040719986,0.10934818867180082,-0.29664353183645153,1.5765306122448979,0.0,0.05785123966942149
train,audio_649.wav,125,2.048015728760797,0.9641390895843506,0.6679844260215759,0.09955270122736692,-0.1637196363516215,1.4915254237288136,0.0,0.008
train,audio_27.wav,71,1.5777777777777777,0.8645663649683267,0.37944334745407104,0.09015047252178192,-0.31455505572406045,1.7,0.08695652173913049,0.0
train,audio_681.wav,104,1.7311783769162343,0.9406117900059774,0.19503946602344513,0.18973417986523022,-0.20885227848004034,1.6820809248554913,0.07843137254901966,0.009615384615384616
train,audio_556.wav,72,1.1985081070958545,0.8772995648008806,0.13291403651237488,0.3835405960679054,-0.33119568085506795,1.4181818181818182,0.0,0.0
train,audio_185.wav,72,1.19850686020333,0.838205768312845,0.056540101766586304,0.2381027340888977,-0.5141651979514531,1.543103448275862,0.0,0.041666666666666664
train,audio_369.wav,128,2.1329534010087787,0.927048919237374,0.25238296389579773,0.1244216337800026,-0.2114100525647531,1.6898395721925135,0.02400000000000002,0.015748031496062992
train,audio_241.wav,143,2.3801597869507325,0.94435448157829,0.10180430859327316,0.46196872037318015,-0.15429383661916632,1.7464114832535884,0.007092198581560294,0.006993006993006993
train,audio_98.wav,76,1.6866400355082112,0.8553115370634355,0.2419363260269165,0.4918337970972061,-0.4726434230804443,1.5742574257425743,0.08108108108108103,0.0
train,audio_389.wav,132,2.1972648630090665,0.9173808623895501,0.2223503589630127,0.09803636868794759,-0.21079339681616152,1.5,0.007751937984496138,0.0
train,audio_357.wav,76,1.2650918908234021,0.9046542136684844,0.22251781821250916,0.23200170882046223,-0.30572304594105687,1.5161290322580645,0.04054054054054057,0.013157894736842105
train,audio_112.wav,98,2.174877940523746,0.9246688482104516,0.16551852226257324,0.23800905793905258,-0.21363176605594691,1.6518987341772151,0.04166666666666663,0.0
train,audio_675.wav,137,2.280494592668501,0.9378671411180148,0.14505968987941742,0.09173273853957653,-0.18839789848157631,1.7560975609756098,0.06666666666666665,0.0
train,audio_113.wav,91,2.0195295162006213,0.9208453491657644,0.3792605996131897,0.036890758822361626,-0.21521599217966278,1.7626262626262625,0.0786516853932584,0.0
train,audio_483.wav,129,2.1473270252134062,0.918108334606008,0.2232867032289505,0.11164691895246506,-0.2445881704099817,1.680473372781065,0.06299212598425197,0.0
train,audio_474.wav,79,1.3150297286190626,0.694810581169551,0.043877340853214264,0.08050558269023896,-0.5902404933780818,1.4833333333333334,0.06493506493506496,0.05063291139240506
train,audio_725.wav,105,1.7819961114299139,0.9139706591177466,0.0009918747236952186,0.1507549611851573,-0.2539588424912855,1.6105769230769231,0.009708737864077666,0.047619047619047616
train,audio_774.wav,94,1.5647189175973657,0.8917114441382125,0.1746072620153427,0.10449856732572828,-0.26001735113989666,1.5547945205479452,0.03260869565217395,0.0
train,audio_588.wav,98,1.6313027013249133,0.8734996518006131,0.22084899246692657,0.2095759684840838,-0.3165787967763641,1.8125,0.10416666666666663,0.0
train,audio_395.wav,142,2.3637243223279354,0.8318682793580311,0.08610039204359055,0.17156635142034954,-0.3245643040969569,1.9033816425120773,0.021428571428571463,0.035211267605633804
train,audio_210.wav,146,2.43030557763453,0.9295493164227331,0.0016358764842152596,0.05580482197304567,-0.1888212118020037,1.6179245283018868,0.0,0.0136986301369863
train,audio_309.wav,111,1.8186379671395878,0.8416696085451959,0.03374702110886574,0.21874289427484786,-0.28686573048202535,1.6578947368421053,0.0,0.06306306306306306
train,audio_457.wav,123,2.0474513496220847,0.86245023441718,0.001730924705043435,0.3362278598878119,-0.3005466141478854,1.7048192771084338,0.05785123966942152,0.032520325203252036
train,audio_492.wav,122,2.030805403690198,0.8578291625446701,0.00022947404067963362,0.3569199510596015,-0.2806891194632854,1.7588235294117647,0.050000000000000044,0.02459016393442623
train,audio_738.wav,80,1.3107300664069101,0.8742629431886598,0.004861032590270042,0.16231322148814797,-0.3192235966793839,1.463768115942029,0.02564102564102566,0.1
train,audio_305.wav,143,2.3803702682598225,0.938785666873405,0.21478863060474396,0.21102784425020218,-0.1831600006992356,1.6153846153846154,0.007092198581560294,0.0
train,audio_123.wav,96,2.1304926764314245,0.8578042951153799,0.09617948532104492,0.05693541653454304,-0.32513643798665104,1.5789473684210527,0.0,0.0
train,audio_5053.wav,85,1.414780292942743,0.6753957955714535,0.060137178748846054,0.31628768891096115,-0.5673476989785876,1.5466666666666666,0.03614457831325302,0.023529411764705882
train,audio_89.wav,88,2.068641278796427,0.8923849145305046,0.0030441300477832556,0.15160248279571534,-0.22870360197742468,1.6149068322981366,0.10465116279069764,0.03409090909090909
train,audio_747.wav,77,1.281737836755289,0.8292033006618549,0.12596185505390167,0.2780823975801468,-0.38907261718032704,1.3923076923076922,0.013333333333333308,0.03896103896103896
train,audio_115.wav,77,1.708832667554372,0.7857733505370813,0.1866776943206787,0.18897932767868042,-0.5129184616936577,1.6844660194174756,0.0,0.0
train,audio_235.wav,90,1.4990006662225184,0.8423596503420009,0.06782633811235428,0.5595647245645523,-0.4387369992132685,1.5850340136054422,0.0,0.022222222222222223
train,audio_414.wav,108,1.797762160643782,0.8186803722961081,0.10998523235321045,0.32741653732955456,-0.40056462873799603,1.5838509316770186,0.009433962264150941,0.027777777777777776
train,audio_56.wav,101,2.241455836662228,0.9016936223695774,0.3450455069541931,0.04951494373381138,-0.24607653920865777,1.8588235294117648,0.19191919191919193,0.04950495049504951
train,audio_43.wav,104,2.3049645390070923,0.8089975173800037,0.0650584027171135,0.2896702289581299,-0.3790205699313653,1.537117903930131,0.0,0.038461538461538464
train,audio_394.wav,133,2.2139108089409536,0.942720502960428,0.05314597114920616,0.05312453875214689,-0.20627377569843056,1.6725663716814159,0.0,0.03007518796992481
train,audio_423.wav,132,2.1972648630090665,0.855471094195364,0.037104200571775436,0.31036699089136993,-0.3328106082456875,1.7171052631578947,0.007692307692307665,0.06060606060606061
train,audio_579.wav,108,1.7996794321011569,0.7760930611280564,0.030029628425836563,0.5542585658175605,-0.4626766812112918,1.608294930875576,0.018867924528301883,0.009259259259259259
train,audio_172.wav,117,1.9475756740307637,0.8203384402470711,0.043317608535289764,0.3358290759580476,-0.33827922570375585,1.5789473684210527,0.02608695652173909,0.0
train,audio_144.wav,125,2.0805592543275635,0.8554158273339272,0.0673716589808464,0.07237280781070392,-0.34845964106771943,1.6932773109243697,0.024390243902439046,0.0
train,audio_151.wav,99,1.6514673975939036,0.7904620800752926,0.0004292648518458009,0.36591576252664837,-0.5084462139352227,1.852112676056338,0.13978494623655913,0.031578947368421054
train,audio_65.wav,83,1.381951381951382,0.8235416824379599,0.11577119678258896,0.2948860277732213,-0.36145726528975963,1.5576923076923077,0.13580246913580252,0.0
train,audio_481.wav,104,1.7145394802596126,0.7333390391312348,0.08396883308887482,0.1738566788179534,-0.49813450524129693,1.508108108108108,0.0,0.009615384615384616
train,audio_262.wav,115,1.9141145139813582,0.9491235832805219,0.12150104343891144,0.25900014986594516,-0.1932634770181316,1.5757575757575757,0.03539823008849563,0.0
train,audio_229.wav,86,1.8466526736202447,0.9275232012881789,0.4541391432285309,0.011964904144406319,-0.22957776651025458,1.484375,0.011904761904761862,0.011627906976744186
train,audio_22.wav,101,2.241455836662228,0.9375905108333814,0.29114842414855957,0.04723959416151047,-0.1729101722057049,1.7387387387387387,0.030303030303030276,0.0
train,audio_434.wav,129,2.1473270252134062,0.8454436907010485,0.08838538080453873,0.22857252260049185,-0.2791050244330799,1.71875,0.07199999999999995,0.031496062992125984
train,audio_488.wav,134,2.2305567548728407,0.8180272958023631,0.059060901403427124,0.22538364359310695,-0.36002407602118475,1.6981132075471699,0.022727272727272707,0.0
train,audio_439.wav,94,1.5647189175973657,0.8827125181754432,0.21951428055763245,0.1783873438835144,-0.2921103329885573,1.5106382978723405,0.04347826086956519,0.010638297872340425
train,audio_160.wav,103,1.714380825565912,0.8608910505054066,0.07442712783813477,0.2523700131901673,-0.2687682225861182,1.5294117647058822,0.04950495049504955,0.009708737864077669
train,audio_594.wav,104,1.7311783769162343,0.8397108830362506,7.54327920731157e-05,0.3826292589306831,-1.2935379289194664,1.5128205128205128,0.019607843137254943,0.0
train,audio_651.wav,104,1.703949086328983,0.9506920959609441,0.568759024143219,0.09804450441151857,-0.22790715561676644,1.5036496350364963,0.02941176470588236,0.009615384615384616
train,audio_569.wav,119,1.9808675658945374,0.8940332701601902,0.07479982823133469,0.3520965203642845,-0.2570384964044543,1.64375,0.07964601769911506,0.0
train,audio_440.wav,72,1.1985081070958545,0.7298510815448093,0.023513467982411385,0.18196874856948853,-0.5492569697653796,1.4453125,0.0,0.013888888888888888
train,audio_658.wav,120,1.9975135118264242,0.9260794997732672,0.018986042588949203,0.2376664388510916,-0.22131640659624796,1.5604395604395604,0.025423728813559365,0.0
train,audio_274.wav,54,1.3824420262375976,0.9291353325049082,0.2334935963153839,0.07563625201582909,-0.28571233004149643,1.5,0.0,0.018518518518518517
train,audio_5065.wav,107,1.781116214711895,0.5378770325042748,0.01269586756825447,0.6434358850121498,-0.7703921009048565,1.5112781954887218,0.00952380952380949,0.009345794392523364
train,audio_158.wav,112,1.8641810918774968,0.8506691610174519,0.10153476148843765,0.26094307377934456,-0.31728903484344484,1.5742574257425743,0.027272727272727226,0.008928571428571428
train,audio_493.wav,108,1.797762160643782,0.891878013809522,0.20517486333847046,0.08351856801244947,-0.2827484411983643,1.4879518072289157,0.0,0.0
train,audio_646.wav,141,2.3470783763960483,0.9013918413126722,0.1844690442085266,0.21549149851004282,-0.23811339437041099,1.6723163841807909,0.007194244604316502,0.02127659574468085
train,audio_64.wav,66,1.0989010989010988,0.7997950515850927,0.0192936509847641,0.3471180473764737,-0.5077385435615919,1.2916666666666667,0.0,0.0
train,audio_451.wav,86,1.4433404940923737,0.81981490396483,0.05491573363542557,0.22692792969090597,-0.3234722204022593,1.6081081081081081,0.011904761904761862,0.023255813953488372
train,audio_277.wav,104,1.7311783769162343,0.8971311887009785,0.1450236290693283,0.11711364405022727,-0.2497971830608636,1.7542857142857142,0.02941176470588236,0.0
train,audio_491.wav,92,1.531427025733592,0.8183450202366499,0.007669455837458372,0.5354379067818323,-0.3555915482477053,1.643312101910828,0.022222222222222254,0.021739130434782608
train,audio_52.wav,117,2.596537949400799,0.8948372724728707,0.3477783799171448,0.08754077234438487,-0.216587301456567,1.6367924528301887,0.02608695652173909,0.03418803418803419
train,audio_743.wav,32,1.3262599469496021,0.9722515251487494,0.8025173544883728,0.008425692096352577,-0.17253564043742856,1.3032786885245902,0.0,0.0
train,audio_243.wav,75,1.248335552596538,0.841960003276666,0.12114877253770828,0.47023138403892517,-0.34422327189459984,1.4660194174757282,0.013698630136986356,0.0
train,audio_661.wav,83,1.3816135123466102,0.9327863526033111,0.14745430648326874,0.04774622234981507,-0.25972730633732233,1.50625,0.0,0.0
train,audio_456.wav,108,1.797762160643782,0.8448266646376362,0.1994430422782898,0.34059606306254864,-0.3064429127651712,1.527027027027027,0.037735849056603765,0.0
train,audio_90.wav,84,2.1374045801526718,0.8802210656659943,0.22426721453666687,0.026502382409359728,-0.27020478230695677,1.688259109311741,0.0,0.0
train,audio_735.wav,50,0.8322972965943435,0.851826083958149,0.15598450601100922,0.0863818097859621,-0.3375463778689756,1.5771812080536913,0.02083333333333337,0.02
train,audio_775.wav,79,1.3150297286190626,0.9555710542805588,0.38423478603363037,0.09827467706054449,-0.16361670388279806,1.437956204379562,0.0,0.0
train,audio_587.wav,114,1.8976378362351032,0.8395469576128546,0.09667730331420898,0.21141662541776896,-0.3463273509267415,1.7067669172932332,0.0535714285714286,0.0
train,audio_103.wav,86,1.9085663559698178,0.8815512688354005,0.01653999835252762,0.18181325991948447,-0.34468281609671453,1.7891566265060241,0.059523809523809534,0.011627906976744186
train,audio_111.wav,95,2.128136200716846,0.9294779537539734,0.2308874875307083,0.1735471785068512,-0.1810671840320266,1.6185567010309279,0.0,0.0
train,audio_421.wav,96,1.5980108094611394,0.8771150644558171,0.1594952791929245,0.09346292061465127,-0.326944256057577,1.7151898734177216,0.08510638297872342,0.010416666666666666
train,audio_683.wav,137,2.280494592668501,0.9020828188118273,0.1830032914876938,0.12593011620144048,-0.2733833933534532,1.7087378640776698,0.0,0.03676470588235294
train,audio_152.wav,117,1.9475756740307637,0.8554384567565219,0.013319984078407288,0.39074083666006726,-0.2967571658489729,1.7483870967741935,0.060869565217391286,0.017094017094017096
train,audio_134.wav,80,1.7777777777777777,0.8903387838974595,0.47337856888771057,0.06325822100043296,-0.20757618954307153,1.5965909090909092,0.038461538461538436,0.0
train,audio_12.wav,95,2.108300044385264,0.888611294642875,0.12028609961271286,0.05068067600950599,-0.20390958598879882,1.6368421052631579,0.0,0.06315789473684211
train,audio_232.wav,69,1.1494252873563218,0.853139462361561,0.00029226441984064877,0.42806423306465147,-0.2891620066975863,1.4272727272727272,0.0,0.028985507246376812
train,audio_36.wav,85,1.8863737239236573,0.9127098328488714,0.02864452823996544,0.12083051167428493,-0.22903879055186685,1.5510204081632653,0.0,0.0
train,audio_268.wav,65,1.081890812250333,0.9158420958198034,0.44562608003616333,0.38618743792176247,-0.25821357727602356,1.4144736842105263,0.0,0.03076923076923077
train,audio_68.wav,59,0.9972954699121028,0.8422788653712151,0.2555437684059143,0.10749911703169346,-0.3560806451421795,1.4361702127659575,0.08771929824561409,0.06779661016949153
train,audio_729.wav,73,1.2151540530277414,0.8917821082350326,0.23511843383312225,0.13793961827953657,-0.3354348866055236,1.3217391304347825,0.0,0.0684931506849315
train,audio_247.wav,101,1.9588828549262993,0.8977153667128912,0.19381266832351685,0.15353883164269583,-0.23759644627850005,1.5792079207920793,0.0,0.0
train,audio_224.wav,66,1.2668918918918919,0.9308120495442188,0.3225841522216797,0.2134267178674539,-0.3003851095835368,1.7403846153846154,0.046875,0.0
train,audio_425.wav,123,2.0474513496220847,0.8484823033819354,0.026516973972320557,0.6068429350852966,-0.2540115004494077,1.7804878048780488,0.0826446280991735,0.04065040650406504
train,audio_392.wav,150,2.4942346804625557,0.92390933106731,0.001365081057883799,0.08479228094220162,-0.20250814641013762,1.721311475409836,0.07432432432432434,0.013333333333333334
train,audio_615.wav,127,2.1140351333496326,0.9068046098198709,0.0003751492768060416,0.0678887011276351,-0.22564785603431148,1.6597938144329898,0.040000000000000036,0.03937007874015748
train,audio_245.wav,99,1.6478029294274301,0.9004216691610789,0.1934310346841812,0.2498676267762979,-0.23106823702448445,1.3603603603603605,0.05154639175257736,0.020202020202020204
train,audio_271.wav,85,1.414780292942743,0.8551006583168226,0.03020092472434044,0.2854011771934373,-0.3103850229479755,1.661764705882353,0.02409638554216864,0.0
train,audio_321.wav,131,2.18061891707718,0.8887394200583906,0.061562176793813705,0.2409847779199481,-0.24320599494045878,1.688622754491018,0.03100775193798455,0.007633587786259542
train,audio_5043.wav,117,1.9475756740307637,0.5346126505452343,0.04555990546941757,0.623108321428299,-0.8844711742669237,1.6145251396648044,0.02608695652173909,0.02564102564102564
train,audio_187.wav,146,2.43030557763453,0.9290939379126242,0.1197436973452568,0.11242834329605103,-0.22395159618125357,1.6267942583732058,0.02083333333333337,0.0136986301369863
train,audio_221.wav,141,2.3470759345648546,0.9376694033402361,0.16950726509094238,0.14479618752375245,-0.1602790957950563,1.5934579439252337,0.03597122302158273,0.0
train,audio_219.wav,150,2.496889292090271,0.9194348751505216,0.18300263583660126,0.3560459267348051,-0.2695330140271695,1.5836909871244635,0.013513513513513487,0.0
train,audio_601.wav,131,2.18061891707718,0.8718526900838349,0.04057178646326065,0.17290617525577545,-0.275949894422953,1.950920245398773,0.06201550387596899,0.0
train,audio_100.wav,104,2.30803373280071,0.8673009662888944,0.03236394003033638,0.3262583187648228,-0.28979996360392063,1.797979797979798,0.06862745098039214,0.04807692307692308
train,audio_227.wav,124,2.243338956756928,0.8821013036424354,0.008229540660977364,0.01106012319214642,-0.2592497632093045,1.6775700934579438,0.032786885245901676,0.024193548387096774
train,audio_411.wav,85,1.414905404210384,0.8282550601690424,0.06671600788831711,0.20272493064403535,-0.3766490883117027,1.4108527131782946,0.0,0.08235294117647059
train,audio_28.wav,120,2.721416270384046,0.9098405663544933,0.11545183509588242,0.06191216675298555,-0.23877930914904683,1.8916666666666666,0.0431034482758621,0.05084745762711865
train,audio_653.wav,65,1.0819864855726464,0.8377878620074346,0.15198343992233276,0.024456410203129053,-0.3972538363881957,1.553072625698324,0.0,0.015384615384615385
train,audio_29.wav,118,2.6187305814469597,0.9331351712682826,0.3524625301361084,0.1480816826224327,-0.19058850286208792,1.6455696202531647,0.0,0.0423728813559322
train,audio_470.wav,98,1.6313027013249133,0.7463227340533417,0.062189165502786636,0.45269113566194263,-0.4361778486342657,1.963768115942029,0.03125,0.08163265306122448
train,audio_356.wav,94,1.5901293566002526,0.897751911933012,0.25854701548814774,0.10786861181259155,-0.3051908733850733,1.4550898203592815,0.0,0.0
train,audio_365.wav,81,1.3483216204828363,0.7791125011388902,0.07262330502271652,0.0994692265521735,-0.47976447854723253,1.7770700636942676,0.08860759493670889,0.012345679012345678
train,audio_58.wav,84,1.8641810918774966,0.9001162600304399,0.12152661383152008,0.15475965291261673,-0.251517729532151,1.507936507936508,0.024390243902439046,0.011904761904761904
train,audio_708.wav,97,1.6146567553930262,0.8473215383818354,0.003455887781456113,0.26973041594028474,-0.39687430449021166,1.5319148936170213,0.0,0.061855670103092786
train,audio_319.wav,120,1.9975135118264242,0.9344561776767174,0.22208648920059204,0.06327327837546666,-0.16016307762902826,1.5909090909090908,0.008474576271186418,0.0
train,audio_5067.wav,59,1.3132506152384371,0.5915991650041887,0.03841228038072586,0.2565552393595378,-0.7083180069731437,1.5263157894736843,0.03508771929824561,0.03389830508474576
train,audio_135.wav,80,1.7754105636928539,0.9357612900435924,0.28508612513542175,0.04964237939566374,-0.20854460191154156,1.4855491329479769,0.0,0.0
train,audio_612.wav,69,1.3078755670126299,0.9244948394488597,0.40630464255809784,0.07077391485550574,-0.31614228657313753,1.5333333333333334,0.0,0.014492753623188406
train,audio_373.wav,118,1.9663164165549678,0.9013704675865375,0.1637675017118454,0.29416119390063816,-0.26318006717721965,1.655367231638418,0.025862068965517238,0.0
train,audio_680.wav,106,1.7644702687800082,0.954382984799409,0.4081990718841553,0.11291368571647371,-0.16546955516016795,1.6290322580645162,0.06730769230769229,0.02830188679245283
train,audio_63.wav,107,2.377143872745046,0.9537498805196115,0.1658898890018463,0.23139906781060354,-0.1802945619406919,1.6203208556149733,0.0,0.018691588785046728
train,audio_700.wav,111,1.8476999984394424,0.8870350305825578,5.1339666242711246e-05,0.17254673391580583,-0.3375377110623006,1.6666666666666667,0.00917431192660545,0.018018018018018018
train,audio_429.wav,135,2.2472027008047273,0.8019486921161045,0.04514966905117035,0.4982442753389478,-0.4222809772464742,1.7044334975369457,0.022556390977443663,0.0
train,audio_745.wav,118,1.9333268479501924,0.9015865998584671,0.12782591581344604,0.0778996091749933,-0.2823089115752835,1.5658536585365854,0.0,0.0
train,audio_731.wav,50,0.8331849222690542,0.8647993436455726,0.15383462607860565,0.22149401468535265,-0.3545123860089466,1.1481481481481481,0.0625,0.0
train,audio_461.wav,127,2.1140351333496326,0.9403498714833748,0.3115999698638916,0.1837753638625145,-0.21383636032098216,1.5714285714285714,0.008000000000000007,0.0
train,audio_79.wav,77,1.708832667554372,0.8515330570471751,0.03532303869724274,0.21225232779979705,-0.3059937572558129,1.443661971830986,0.0,0.03896103896103896
train,audio_5038.wav,123,2.0474513496220847,0.5933711942800177,0.03613785281777382,0.48515411218007404,-0.6950672019911038,1.5754189944134078,0.0,0.0
train,audio_760.wav,135,2.2472027008047273,0.9316971204898975,0.2707304060459137,0.10067947208881378,-0.17276238043764083,1.5341614906832297,0.045454545454545414,0.0
train,audio_72.wav,104,2.30803373280071,0.8865962486284283,0.11980395764112473,0.14780282229185104,-0.24765430905434868,1.7852348993288591,0.0490196078431373,0.038461538461538464
train,audio_696.wav,125,2.0807432414858584,0.9253657385632396,0.012092328630387783,0.08981112059619692,-0.20554913824515586,1.621761658031088,0.0,0.024
train,audio_744.wav,61,1.3661603754701426,0.9435882812640706,0.14118045568466187,0.015036194771528243,-0.20842832326889038,1.4357142857142857,0.03389830508474578,0.0
train,audio_662.wav,93,1.5480729716654789,0.8951205663569938,0.15795351564884186,0.11287285247817636,-0.25770910139437075,1.5675675675675675,0.01098901098901095,0.021505376344086023
train,audio_570.wav,104,1.7311783769162343,0.8506266906535109,0.014441775158047676,0.5091762708293067,-0.3891137625551708,1.5454545454545454,0.019607843137254943,0.009615384615384616
train,audio_10.wav,74,2.0487264673311185,0.9180780298806526,0.2957931160926819,0.031888514012098315,-0.20917085931542215,1.7554347826086956,0.02777777777777779,0.02702702702702703
train,audio_628.wav,121,2.014159457758311,0.8085679586802944,0.0010248030303046107,0.11605808990342277,-0.34342035169316987,1.7325581395348837,0.04201680672268904,0.04132231404958678
train,audio_606.wav,125,2.0807432414858584,0.7253361951708793,0.060205839574337006,0.43498690832744946,-0.49302094520031975,1.707182320441989,0.10569105691056913,0.024
train,audio_73.wav,122,2.707501109631602,0.9191877587286176,0.08991535753011703,0.04208469316363335,-0.18645576102824152,1.864864864864865,0.10833333333333328,0.0
train,audio_605.wav,97,1.6146567553930262,0.7673481377489749,0.00228115520440042,0.3923603941996892,-0.4590680664077751,1.5620915032679739,0.04210526315789476,0.030927835051546393
train,audio_106.wav,88,1.9529516200621393,0.9121779031543569,0.10374485701322556,0.1550831092255456,-0.22371083395821706,1.570469798657718,0.05813953488372092,0.0
train,audio_306.wav,125,2.0829623056726354,0.9556053539514542,0.17615588009357452,0.13181043602526188,-0.17506511268716843,1.691358024691358,0.12195121951219512,0.008
train,audio_75.wav,103,2.285841100754549,0.9179561744386806,0.019287845119833946,0.04228693645979677,-0.2125723250707507,1.5918367346938775,0.00990099009900991,0.019417475728155338
train,audio_550.wav,125,2.0807432414858584,0.8717244559004903,0.08098715543746948,0.15177449719472366,-0.28434423653529695,1.6236559139784945,0.0,0.0
train,audio_340.wav,93,1.5480729716654789,0.9139627425866301,0.001224064501002431,0.2103556603193283,-0.2209931798866367,1.5390070921985815,0.0,0.010752688172043012
train,audio_272.wav,79,1.7049378453038675,0.9334162643438653,0.2665547728538513,0.057256683707237244,-0.20622246236453656,1.4930555555555556,0.012987012987012991,0.02531645569620253
train,audio_518.wav,141,2.3470783763960483,0.7915029100584963,0.039947401732206345,0.7175006220738093,-0.3680258047959161,1.96875,0.1151079136690647,0.028368794326241134
train,audio_34.wav,95,2.1719250114311843,0.9010819768827213,0.035240571945905685,0.042963176220655444,-0.21592895634481887,1.5142857142857142,0.0674157303370787,0.02197802197802198
train,audio_87.wav,88,1.9555555555555555,0.9158876301212744,0.33212292194366455,0.13806480467319487,-0.21094235676781364,1.8166666666666667,0.12790697674418605,0.011363636363636364
train,audio_211.wav,142,2.3265434854734393,0.9513886461795216,0.3502980172634125,0.16103691309690477,-0.1792893411837261,1.7391304347826086,0.11428571428571432,0.014084507042253521
train,audio_431.wav,102,1.6978864850524606,0.8602137231067115,0.22418488562107086,0.1022770915712629,-0.35034195796004747,1.7115384615384615,0.030000000000000027,0.0196078431372549
train,audio_555.wav,127,2.1140351333496326,0.8796088541087907,0.01140541397035122,0.5699482162793478,-0.25115755565724895,1.8214285714285714,0.02400000000000002,0.023622047244094488
train,audio_648.wav,123,2.0474513496220847,0.9463458923789544,0.1077580451965332,0.12844912558794022,-0.22273684599538468,1.5963855421686748,0.07438016528925617,0.0
train,audio_5051.wav,30,0.49937837795660606,0.5709980939786571,0.0017511894693598151,0.5325928777456284,-1.2802890332246888,1.2427184466019416,0.0,0.0
train,audio_422.wav,113,1.8809918903032161,0.8770317025152983,0.058111343532800674,0.23288088850677013,-0.2775254950300703,1.8506493506493507,0.018018018018018056,0.0
train,audio_627.wav,144,2.397016214191709,0.8139216157842721,0.005214098375290632,0.19652267545461655,-0.3398753698321955,1.8592233009708738,0.04225352112676062,0.034722222222222224
train,audio_122.wav,113,2.511111111111111,0.9215029251945802,0.014536741189658642,0.07175207106774906,-0.3276665390178721,1.5938864628820961,0.0,0.0
train,audio_88.wav,78,1.7310252996005326,0.9343321327215586,0.3114365339279175,0.2858604235308511,-0.22898625559726,1.6243093922651934,0.02631578947368418,0.0
train,audio_165.wav,92,1.531427025733592,0.787502107338683,0.012572397477924824,0.4094165286847523,-0.39898035818300687,1.7179487179487178,0.022222222222222254,0.05434782608695652
train,audio_276.wav,111,1.8476999984394424,0.8334943011617036,0.002642517676576972,0.2797921651176044,-0.34074740421118976,1.5163398692810457,0.0,0.009009009009009009
train,audio_746.wav,134,2.1954728612315746,0.9556074169144702,0.43077561259269714,0.04778968100436032,-0.17397542281432432,1.6327683615819208,0.022727272727272707,0.007462686567164179
train,audio_252.wav,51,0.8488681757656459,0.8890260344042498,0.22665931284427643,0.13330503708372513,-0.25568972813962687,1.1058823529411765,0.061224489795918324,0.0
train,audio_266.wav,57,0.9487350199733688,0.8507048837099856,0.13179409503936768,0.3599333368241787,-0.33919761921308056,1.3706896551724137,0.0,0.0
train,audio_611.wav,72,1.199786288067438,0.8316422073101556,0.06830817461013794,0.08458444529346057,-0.35794734020622404,1.3897058823529411,0.042857142857142816,0.027777777777777776
train,audio_5058.wav,86,1.4315513501422708,0.5099625865993804,0.024793632328510284,0.4366425648331642,-0.7973506087828264,1.3831775700934579,0.059523809523809534,0.05813953488372093
train,audio_81.wav,98,2.1777777777777776,0.9486524154032979,0.1675267517566681,0.12873214483261108,-0.18198772837653399,1.674757281553398,0.03125,0.0
train,audio_3.wav,81,1.8048128342245988,0.8397191384933705,0.00779919745400548,0.14896940759250096,-0.32942694864032535,1.541899441340782,0.0,0.024691358024691357
train,audio_21.wav,80,1.7754105636928539,0.8696253448724747,0.21254299581050873,0.13333195944627127,-0.28388781115921025,1.5747126436781609,0.012820512820512775,0.0
train,audio_190.wav,129,2.1304355006523426,0.674411205040623,0.03645865619182587,0.28985344452990425,-0.6687275409794643,1.6985645933014355,0.015748031496062964,0.023255813953488372
train,audio_189.wav,133,2.2159280239920025,0.9342717515843871,0.005454761441797018,0.0715879817855441,-0.1838442524006063,1.6578947368421053,0.01526717557251911,0.03759398496240601
train,audio_519.wav,127,2.1140351333496326,0.8779794496344769,0.2279261201620102,0.21221701469686297,-0.28977798255999654,1.7261146496815287,0.016000000000000014,0.0
train,audio_748.wav,94,1.5647189175973657,0.8279502808334346,0.0231342650949955,0.20538674481213093,-0.34069992728361675,1.4087591240875912,0.021739130434782594,0.031914893617021274
train,audio_505.wav,93,1.5480729716654789,0.8385266169745434,0.150216206908226,0.24134675165017447,-0.37036556491978295,1.5779816513761469,0.08791208791208793,0.0
train,audio_361.wav,36,0.5992540535479273,0.8405815679579973,0.2132016271352768,0.07213589688763022,-0.4618428502764021,1.1830985915492958,0.0,0.0
train,audio_5052.wav,84,1.398259458278497,0.5891863071564807,0.002079280326142907,0.3651685655117035,-0.7389131909325009,1.3831775700934579,0.0,0.047619047619047616
train,audio_16.wav,94,2.122854561878952,0.9256610510514137,0.3507677912712097,0.16731604437033334,-0.1673441140085126,1.5621890547263682,0.0,0.010638297872340425
train,audio_327.wav,136,2.2638486467366143,0.959395075792118,0.021470431238412857,0.10400978997349739,-0.1715810624863078,1.6940639269406392,0.02985074626865669,0.007352941176470588
train,audio_313.wav,64,1.0653405396407596,0.8954839741345495,0.3864205777645111,0.08006112165749073,-0.27626538816321095,1.5378787878787878,0.0,0.015625
train,audio_589.wav,91,1.5147810798017052,0.7559102132793639,0.011988036334514618,0.32981031636397046,-0.510764205529823,1.4919354838709677,0.0898876404494382,0.12087912087912088
train,audio_416.wav,125,2.0807432414858584,0.9056227715015411,0.11543675512075424,0.08095792625099421,-0.24113720072640316,1.7317073170731707,0.05691056910569103,0.0
train,audio_762.wav,139,2.310236508384995,0.9317938386321926,0.08274759352207184,0.11464875284582376,-0.18131029471373503,1.6170212765957446,0.0,0.014388489208633094
train,audio_714.wav,68,1.1319243233683072,0.7946465379175018,0.05946974456310272,0.14561773464083672,-0.45221271095093357,1.4539473684210527,0.0,0.0
train,audio_455.wav,90,1.4981351338698181,0.8563970180814742,0.014891241677105427,0.219022823497653,-0.2903163584363537,1.5316455696202531,0.05681818181818177,0.044444444444444446
train,audio_42.wav,69,1.7940717628705147,0.8771315413540688,0.19697396457195282,0.023348802328109743,-0.2681608251340951,1.4649122807017543,0.02985074626865669,0.014492753623188406
train,audio_561.wav,99,1.6479486472568001,0.7527732910794561,0.0006561634945683181,0.3095797581805123,-0.6663901378064016,1.4936708860759493,0.0,0.0
train,audio_226.wav,64,1.063328258986889,0.8522444033296779,0.1100926473736763,0.2678117025643587,-0.330438389166549,1.3777777777777778,0.016129032258064502,0.0
train,audio_110.wav,83,1.8419884598313359,0.9403587299657156,0.3681752681732178,0.11722603227410998,-0.21734563076473282,1.5925925925925926,0.012345679012345734,0.0
train,audio_739.wav,115,1.8841744704599332,0.8350010740692201,0.0005964748561382294,0.21025703185134464,-0.2880992960522867,1.7230769230769232,0.017699115044247815,0.14782608695652175
train,audio_504.wav,122,2.030805403690198,0.8827547144266914,0.13800598680973053,0.328237427605523,-0.3070434935945877,1.7734375,0.04166666666666663,0.0
train,audio_379.wav,145,2.413662160123596,0.9316641811666817,0.06319627165794373,0.23583854013122618,-0.2053413946970462,1.597938144329897,0.020979020979020935,0.0
train,audio_520.wav,112,1.8643459443713293,0.742403791129445,0.0040976363234221935,0.32667194306850433,-0.5303503447446918,1.5714285714285714,0.08256880733944949,0.036036036036036036
train,audio_5068.wav,102,1.6978864850524606,0.680923053043479,0.0007079651695676148,0.3953694850206375,-0.5423694737164166,1.564516129032258,0.020000000000000018,0.029411764705882353
train,audio_30.wav,85,1.9041218637992832,0.8604740287451184,0.021529071033000946,0.267536461353302,-0.3769526681329451,1.740506329113924,0.048192771084337394,0.0
train,audio_5041.wav,76,1.2649800266311584,0.6901729693755011,0.0001300582371186465,0.36309355646371844,-0.573411866062789,1.3529411764705883,0.0,0.039473684210526314
train,audio_485.wav,126,2.0973891874177455,0.8028264354973559,0.03826470673084259,0.30178872495889664,-0.33624827552428044,1.915151515151515,0.13709677419354838,0.007936507936507936
train,audio_475.wav,75,1.2288094372564782,0.7277038145065308,0.06082748994231224,0.067061897367239,-0.5775542135872143,1.702970297029703,0.014084507042253502,0.0136986301369863
train,audio_145.wav,128,2.130492676431425,0.7706831761752255,0.0705401822924614,0.31044814363121986,-0.39163486120856333,1.7125984251968505,0.0,0.0
train,audio_308.wav,101,1.6812405391205738,0.9051485190739726,0.050811246037483215,0.2018800601363182,-0.43513342929368154,1.5870967741935484,0.0,0.0594059405940594
train,audio_184.wav,119,1.9808655050582815,0.8248694582505762,0.004459644667804241,0.14293536585238245,-0.38264804377255585,1.5917159763313609,0.05982905982905984,0.058823529411764705
train,audio_586.wav,111,1.8476999984394424,0.8634069266619983,0.13438943028450012,0.08074953802861273,-0.298858692023376,1.7191011235955056,0.02752293577981646,0.018018018018018018
train,audio_398.wav,83,1.3816135123466102,0.930543745138559,0.27349746227264404,0.07502906396985054,-0.1997279075566184,1.5594405594405594,0.012345679012345734,0.0
train,audio_726.wav,129,2.2093084243798895,0.9006404003431631,0.22708028554916382,0.31292126327753067,-0.2700679953369137,1.6228571428571428,0.03937007874015752,0.015503875968992248
train,audio_466.wav,112,1.8643459443713293,0.8480981107069445,0.07700501382350922,0.38002834841609,-0.28694111410039813,1.5472972972972974,0.018181818181818188,0.05357142857142857
train,audio_218.wav,106,1.7644684330771248,0.8882858214325874,0.1525997817516327,0.23883149524529776,-0.25572171351725004,1.5533333333333332,0.0,0.02830188679245283
train,audio_644.wav,96,1.6477486668361616,0.87193733598623,0.02381979674100876,0.5860587706168493,-0.26746604322551043,1.6608187134502923,0.021276595744680882,0.041666666666666664
train,audio_351.wav,102,1.6936769394261424,0.8255560321404654,0.11647979170084,0.22747644356318883,-0.4055869294124658,1.5508982035928143,0.020000000000000018,0.0
train,audio_248.wav,67,1.8447136563876652,0.8914531358883749,0.13198252022266388,0.08386919051408767,-0.2501206334231877,1.4303030303030304,0.0,0.0
train,audio_83.wav,120,2.6631158455392807,0.8986392211169004,0.08912752568721771,0.4431176155805588,-0.16437933386825934,1.715736040609137,0.025423728813559365,0.0
train,audio_71.wav,104,2.30803373280071,0.824336803267495,0.029984232038259506,0.12033987417817116,-0.3114616070954613,1.5555555555555556,0.009803921568627416,0.0
train,audio_287.wav,116,1.9309297280988769,0.9333109000119669,0.22126954793930054,0.19446000223979354,-0.21278720236216925,1.6120218579234973,0.00877192982456143,0.0
train,audio_367.wav,70,1.162327311370882,0.7781689673130001,0.037983331829309464,0.12162522003054618,-0.5391477100901524,1.475,0.08823529411764708,0.0
train,audio_166.wav,95,1.5813648635292525,0.8631449195245902,0.14989718794822693,0.46242152580193113,-0.2796957959934157,1.5337837837837838,0.0,0.021052631578947368
train,audio_94.wav,80,1.7754105636928539,0.7998936843825504,0.023902734741568565,0.3556737133434841,-0.36239395255134216,1.4848484848484849,0.038461538461538436,0.025
train,audio_108.wav,137,3.0403905903240123,0.8527389917785523,0.16714222729206085,0.10545799434185028,-0.28883511233639403,1.793103448275862,0.051851851851851816,0.0072992700729927005
train,audio_511.wav,114,1.8976378362351032,0.8709051347724354,0.059272121638059616,0.039528203941881654,-0.30554029762698637,1.5678391959798994,0.008928571428571397,0.0
train,audio_5059.wav,137,2.2829266870172082,0.5438927933845642,0.02990960329771042,0.6494240430848939,-0.6882737041853249,1.5783132530120483,0.007407407407407418,0.058394160583941604
train,audio_310.wav,102,2.30643994211288,0.9152419041915267,0.09695997089147568,0.08325375057756901,-0.2564988241730144,1.590643274853801,0.010000000000000009,0.0784313725490196
train,audio_50.wav,97,2.149822695035461,0.9061453580501077,0.002180203329771757,0.0470693310101827,-0.22696429992067643,1.8763440860215055,0.04210526315789476,0.05154639175257732
train,audio_6.wav,74,1.64225477141589,0.9365277221879443,0.12522448599338531,0.19342052936553955,-0.23748051716731144,1.6772151898734178,0.02777777777777779,0.013513513513513514
train,audio_515.wav,104,1.7311783769162343,0.7270491251803413,0.00023275996500160545,0.45899451337754726,-0.4352593063929323,1.6923076923076923,0.0,0.08653846153846154
train,audio_742.wav,60,1.198849104859335,0.9410231148203214,0.34231796860694885,0.05644167183587948,-0.31495966911315915,1.4227642276422765,0.0,0.0
train,audio_545.wav,108,1.797762160643782,0.80311762113814,0.07275742292404175,0.652305644005537,-0.4260661809043437,1.6369047619047619,0.037735849056603765,0.046296296296296294
train,audio_489.wav,114,1.8976378362351032,0.8484748470221173,0.056742507964372635,0.22525380817907198,-0.2704815482711104,1.8492063492063493,0.017857142857142905,0.017543859649122806
train,audio_697.wav,127,2.1140351333496326,0.9539405628452151,0.3723766505718231,0.07917813379317522,-0.19065524158432678,1.6682242990654206,0.008000000000000007,0.0
train,audio_225.wav,107,1.778383499260392,0.8436159915595411,0.0030758101493120193,0.41009794771671293,-0.6537651929814062,1.6388888888888888,0.0,0.028037383177570093
train,audio_553.wav,106,1.7644702687800082,0.8549269409498798,0.07939182221889496,0.38346129059791567,-0.289867086437236,1.6748466257668713,0.07692307692307687,0.03773584905660377
train,audio_237.wav,68,1.2781954887218046,0.8842960686751586,0.02955864928662777,0.28064019680023194,-0.2973962546601469,1.6556291390728477,0.0,0.0
train,audio_197.wav,128,2.130678862583698,0.8764686039260899,0.01030103862285614,0.25121502081553143,-0.30823912656280034,1.7006369426751593,0.024193548387096753,0.007936507936507936
train,audio_449.wav,147,2.44695405198737,0.9062101611880218,0.15046122670173645,0.29229564287445764,-0.21095083447320143,1.78743961352657,0.07586206896551728,0.0
train,audio_567.wav,108,1.797762160643782,0.7979405742797907,0.00010537211346672848,0.303905970283917,-0.5638109752878339,1.796875,0.009433962264150941,0.037037037037037035
train,audio_477.wav,84,1.398259458278497,0.9074082158400588,0.0015493950340896845,0.33815547327200574,-0.23172738117041136,1.5912408759124088,0.03658536585365857,0.07142857142857142
train,audio_728.wav,83,1.8248701772515092,0.9061038091958288,0.14994171261787415,0.24729328602552414,-0.2476918308631233,1.588235294117647,0.07407407407407407,0.012048192771084338
train,audio_377.wav,48,0.8105190171190481,0.8616740348516032,0.012754956260323524,0.09652623347938061,-0.3077722300310789,1.474025974025974,0.0,0.08333333333333333
train,audio_633.wav,102,1.6978864850524606,0.8899940640446456,0.013306121341884136,0.24443146400153637,-0.2422920139522529,1.5932203389830508,0.040000000000000036,0.029411764705882353
train,audio_690.wav,83,1.8104359087965647,0.796883589279535,0.0065756975673139095,0.12244418760140736,-0.41448321204570154,1.4831460674157304,0.0,0.0
train,audio_525.wav,145,2.413662160123596,0.9115709401410201,0.2142883539199829,0.1680619064718485,-0.23640359622287954,1.5879396984924623,0.006993006993006978,0.0
train,audio_31.wav,88,2.0174232003668044,0.9307284690439701,0.27430081367492676,0.12756012912307466,-0.1896499436807508,1.7230769230769232,0.023255813953488413,0.0
train,audio_676.wav,106,1.7644702687800082,0.9300713773008507,0.022464504465460777,0.20243504904210569,-0.23474522456372499,1.6,0.009615384615384581,0.03773584905660377
train,audio_263.wav,92,1.5328223925358213,0.9139187389417834,0.14065031707286835,0.21414890959858895,-0.2588800209775459,1.570469798657718,0.0,0.0
train,audio_5070.wav,15,0.24968918897830303,0.41646548062562944,0.09643491357564926,0.3490874469280243,-0.8488104002816337,1.125,0.0,0.13333333333333333
train,audio_510.wav,128,2.130681079281519,0.9350208179093897,0.19958364963531494,0.0675942737609148,-0.17958705826640528,1.5253456221198156,0.03968253968253965,0.0
train,audio_577.wav,84,1.398259458278497,0.8112039047751636,0.13956303894519806,0.5362853407859802,-0.46675411276153905,1.5618556701030928,0.0,0.011904761904761904
train,audio_230.wav,137,2.465209284122118,0.9397248266278392,0.12419597059488297,0.14825346659530292,-0.1767732244751468,1.722007722007722,0.007407407407407418,0.0
train,audio_314.wav,88,1.4648432420060444,0.8093815699473701,0.045246824622154236,0.14979693790276846,-0.4377862935114389,1.7183098591549295,0.08139534883720934,0.06818181818181818
train,audio_641.wav,54,0.8998397160505784,0.7818189782814847,0.08047319948673248,0.157442170381546,-0.49242153469097827,1.3937007874015748,0.0,0.018518518518518517
train,audio_689.wav,113,2.1942306782090317,0.734649406861415,0.11388279497623444,0.16054094769060612,-0.4809488718326275,1.6118143459915613,0.0,0.04424778761061947
train,audio_352.wav,110,1.8310540525075556,0.9107635517697252,0.0003784821310546249,0.2606583225794814,-0.23456305894412025,1.6466666666666667,0.02777777777777779,0.00909090909090909
train,audio_193.wav,43,1.8175093781370528,0.9649205741494201,0.6428043246269226,0.0015130534302443266,-0.2577286074238439,1.4814814814814814,0.0,0.023255813953488372
train,audio_5049.wav,48,0.7990054047305697,0.4515415416559942,0.0016240113181993365,0.6804763853549958,-0.7843251471558335,2.0707964601769913,0.19565217391304346,0.0
train,audio_300.wav,111,1.8476999984394424,0.9234761966241373,0.06513412296772003,0.1599409791524522,-0.2100602266069478,1.6577540106951871,0.0,0.05405405405405406
train,audio_581.wav,52,0.8655891884581172,0.8225991470882525,0.042985767126083374,0.24509508907794952,-0.4769654472668966,1.588235294117647,0.07999999999999996,0.0
train,audio_164.wav,65,1.0819864855726464,0.7923069929274229,0.06012365594506264,0.4563683897256851,-0.5234222005641375,1.4242424242424243,0.09523809523809523,0.015384615384615385
train,audio_502.wav,134,2.2305567548728407,0.8572289864810656,0.011193533428013325,0.36682961668287006,-0.2700112637311425,1.8285714285714285,0.0757575757575758,0.014925373134328358
train,audio_380.wav,131,2.2329537525022185,0.891484837609393,0.12779061496257782,0.26639433205127716,-0.2348068130307081,1.7081081081081082,0.023255813953488413,0.015267175572519083
train,audio_15.wav,79,1.8236380424746075,0.9393629810855358,0.21242378652095795,0.06546503119170666,-0.2164870997964641,1.5477707006369428,0.012987012987012991,0.0
train,audio_238.wav,30,1.0861694424330195,0.8049952993790309,0.12140683084726334,0.018771862611174583,-0.43148887989132906,1.503875968992248,0.0,0.0
train,audio_53.wav,81,2.054794520547945,0.9235330788196359,0.3132248520851135,0.2006868072785437,-0.2290793029088823,1.7953216374269005,0.025316455696202556,0.0
train,audio_283.wav,52,1.8706844411667494,0.9537028959737375,0.5964567065238953,0.003923100419342518,-0.14895020522080463,1.5376344086021505,0.0,0.019230769230769232
train,audio_614.wav,109,1.8144081065756688,0.9210196198775954,0.0005621295422315598,0.22628251276910305,-0.21362867217020387,1.6174863387978142,0.0,0.037037037037037035
train,audio_121.wav,106,2.3524189968930314,0.8999616505121285,0.11512671411037445,0.019161370848970755,-0.20578684737126077,1.6434108527131783,0.06730769230769229,0.0660377358490566
train,audio_216.wav,135,2.2472003628812436,0.9397471201640588,0.1483575701713562,0.29464467739065486,-0.21435352981954997,1.9664804469273742,0.06015037593984962,0.0
train,audio_552.wav,133,2.2139108089409536,0.8301278132476136,0.006061135325580835,0.28134280774328446,-0.31821522416110243,1.5773809523809523,0.015625,0.015384615384615385
train,audio_514.wav,88,1.4648432420060444,0.8332068834446765,0.008141622878611088,0.47233929981788,-0.3608350453256559,1.6911764705882353,0.046511627906976716,0.045454545454545456
train,audio_593.wav,124,2.064097295553972,0.8747979358379399,0.03938454017043114,0.41568199338184464,-0.26622137213470015,1.7328244274809161,0.032786885245901676,0.0
train,audio_565.wav,77,1.281737836755289,0.8366818953087771,0.013754495419561863,0.34071818739175797,-0.4368060164981418,1.729032258064516,0.026666666666666616,0.07792207792207792
train,audio_140.wav,77,1.281624500665779,0.8739480649900232,0.0006126275984570384,0.29291400002936524,-0.3293303985504716,1.394736842105263,0.013333333333333308,0.012987012987012988
train,audio_117.wav,72,1.5978695073235685,0.8230594272034877,0.0008356692851521075,0.20315812466045222,-0.3561673441283502,1.5063291139240507,0.0,0.041666666666666664
train,audio_495.wav,133,2.2139108089409536,0.850637225252121,0.022240500897169113,0.28696486353874207,-0.32382299823175587,1.6602870813397128,0.01526717557251911,0.007518796992481203
train,audio_652.wav,85,1.414905404210384,0.8346880306215847,0.05635932832956314,0.36910060739942957,-0.4427382018186178,1.5642458100558658,0.012048192771084376,0.0
train,audio_645.wav,112,2.287581699346405,0.8935069740421439,0.0033047266770154238,0.3590467150012652,-0.20956821167391113,1.7430555555555556,0.08181818181818179,0.07142857142857142
train,audio_242.wav,64,1.0652463382157125,0.8056568636675365,0.053756263107061386,0.46306549943983555,-0.4733626926244374,1.2784810126582278,0.016129032258064502,0.015625
train,audio_4.wav,102,2.263648468708389,0.9144870966088539,0.16384685039520264,0.14848970941134862,-0.2146493064139189,1.6467391304347827,0.040000000000000036,0.029411764705882353
train,audio_93.wav,99,2.1970705725699067,0.951150000772693,0.11696455627679825,0.1501519431670507,-0.20132644698844546,1.7797619047619047,0.07216494845360821,0.0
train,audio_582.wav,38,0.6325459454117011,0.7622260306226579,0.1260586827993393,0.44540660579999286,-0.4651945865515507,1.2923076923076924,0.0,0.0
train,audio_222.wav,99,1.680165980033179,0.9071981707456136,0.10381833463907242,0.19544901805264608,-0.29957883450223605,1.4379084967320261,0.01041666666666663,0.01020408163265306
train,audio_5042.wav,67,1.1152783774364203,0.466633058168483,3.457169214016176e-06,0.7846928089857101,-1.3359801521175922,1.7582938388625593,0.01538461538461533,0.014925373134328358
train,audio_253.wav,62,1.0319573901464714,0.8985328883413346,0.1212863028049469,0.1417044075205922,-0.2941194830720716,1.3937007874015748,0.0,0.016129032258064516
train,audio_167.wav,127,2.1140351333496326,0.9066409464544198,0.08245884627103806,0.2791128204419063,-0.1864491645764424,1.6071428571428572,0.040000000000000036,0.0
train,audio_583.wav,104,1.7311783769162343,0.8729812796585835,0.1524214744567871,0.34114170713084085,-0.2578383097042637,1.570469798657718,0.02941176470588236,0.028846153846153848
train,audio_682.wav,129,2.1473270252134062,0.9422639618779338,0.15846018493175507,0.2075086608529091,-0.19339365817882395,1.6772486772486772,0.03149606299212604,0.0
train,audio_5045.wav,82,1.3649675664147232,0.7793626720994348,0.1273966133594513,0.23393339812755584,-0.45295172747154044,1.617283950617284,0.050000000000000044,0.012195121951219513
train,audio_173.wav,126,2.0973891874177455,0.832292459589779,0.03210603445768356,0.4620322259142995,-0.32672046435536917,1.6122448979591837,0.024193548387096753,0.015873015873015872
train,audio_338.wav,155,2.5828732590340677,0.9369649461680843,0.08425929397344589,0.115082748234272,-0.19141626940515133,1.5367965367965368,0.0,0.0064516129032258064
train,audio_188.wav,126,2.0973870053558277,0.943943187121361,0.19439399242401123,0.11714374087750912,-0.23776121324865676,1.7553191489361701,0.024193548387096753,0.007936507936507936
train,audio_59.wav,104,2.30803373280071,0.882106896274938,0.03450421243906021,0.06604371313005686,-0.3452308468268304,1.6242774566473988,0.039215686274509776,0.009615384615384616
train,audio_318.wav,127,2.1140351333496326,0.8953166808786355,0.08617686480283737,0.35204029745525783,-0.2884243107753042,1.782258064516129,0.05600000000000005,0.015748031496062992
train,audio_17.wav,111,2.5170068027210886,0.9228603303342969,0.13081876933574677,0.19534972906112671,-0.15713277177193868,1.7294117647058824,0.07407407407407407,0.00909090909090909
train,audio_551.wav,113,1.8809918903032161,0.8620938278767651,0.023076238110661507,0.20670705868138206,-0.3480230744122065,1.7300613496932515,0.08108108108108103,0.0
train,audio_275.wav,57,1.4608384764351698,0.9353598079137635,0.46368956565856934,0.04697879124432802,-0.23210334813310987,1.5,0.018181818181818188,0.0
train,audio_368.wav,131,2.18061891707718,0.9417591911779702,0.001802430720999837,0.08501705382433203,-0.17020229872874015,1.646808510638298,0.0078125,0.007692307692307693
train,audio_730.wav,52,0.8655891884581172,0.8972695713432935,0.1372205764055252,0.10564964776858687,-0.2761468472225326,1.3461538461538463,0.0,0.019230769230769232
train,audio_5060.wav,60,0.9987567559132121,0.5453330999240279,0.005441918969154358,0.7844071090221405,-0.8771732194083077,2.044642857142857,0.375,0.0
train,audio_685.wav,115,1.91428378216699,0.9017531918442767,0.11491537094116211,0.10198171330349785,-0.19897520944111746,1.6788321167883211,0.008849557522123908,0.0
train,audio_7.wav,74,1.64225477141589,0.8844606176493028,0.00033897810499183834,0.10905477851629257,-0.22928364493630146,1.5391304347826087,0.0,0.05405405405405406
train,audio_204.wav,132,2.1627023949471407,0.945317839356986,0.10442820191383362,0.17166097505161396,-0.19566002299612967,1.613861386138614,0.0,0.007575757575757576
train,audio_5064.wav,66,1.0986324315045333,0.6242097737079467,0.002636013552546501,0.282051940759023,-0.6690448936751702,1.4166666666666667,0.0,0.0
train,audio_127.wav,87,1.9307589880159786,0.8158295055820899,0.0002159974683308974,0.0970058124512434,-0.43904470029566367,1.5748792270531402,0.0,0.022988505747126436
train,audio_412.wav,45,1.334203036053131,0.7806541909360223,0.004168687388300896,0.04957380394140879,-0.4257300820930925,1.4251968503937007,0.046511627906976716,0.044444444444444446
train,audio_132.wav,72,1.5978695073235685,0.8638982363217683,0.060520585626363754,0.06324220150709152,-0.2893664387861888,1.5935483870967742,0.02857142857142858,0.027777777777777776
train,audio_156.wav,103,1.714380825565912,0.894151521719311,0.0010756042320281267,0.43892390131950376,-0.3829226469560103,1.7391304347826086,0.02970297029702973,0.0
train,audio_426.wav,88,1.4648432420060444,0.8424135507719422,0.01737239956855774,0.1956148658479963,-0.5510690304854734,1.6015037593984962,0.03488372093023251,0.06818181818181818
train,audio_709.wav,107,1.7830157336557757,0.9610165001075959,0.5880120992660522,0.1432465272290366,-0.17303482651161156,1.4971098265895955,0.00952380952380949,0.0
train,audio_291.wav,87,1.5406598052703404,0.9429511242899401,0.2690403163433075,0.19359912630170584,-0.1854718071200472,1.4202898550724639,0.0117647058823529,0.0
train,audio_523.wav,110,1.8310540525075556,0.8305349632617876,0.008486532606184483,0.40481309841076535,-0.3643965462985264,1.6256983240223464,0.0,0.00909090909090909
train,audio_632.wav,105,1.7478243228481212,0.8708267119535733,0.006197331007570028,0.2609223744698933,-0.24154043049905627,1.4385964912280702,0.009708737864077666,0.02857142857142857
train,audio_684.wav,112,1.937984496124031,0.8846571497436214,0.005299941636621952,0.19730706725801742,-0.26547120415078707,1.6931818181818181,0.009090909090909038,0.026785714285714284
train,audio_512.wav,46,0.765713512866796,0.777753896387024,0.0025192410685122013,0.36016598840554553,-0.4916450405457242,1.0602409638554218,0.022727272727272707,0.06521739130434782
train,audio_764.wav,142,2.3662451792441135,0.8904389104257423,0.0005284114158712327,0.42467596464686924,-0.22416294348967802,1.6310160427807487,0.0071428571428571175,0.028169014084507043
train,audio_585.wav,134,2.2305567548728407,0.8572684523976172,0.007517170626670122,0.34897393323481085,-0.25788310920081686,1.9935483870967743,0.06060606060606055,0.0
train,audio_562.wav,114,1.867790344629847,0.7859324946868838,0.0666249468922615,0.3716792678460479,-0.369080366338453,1.6624203821656052,0.0,0.02631578947368421
train,audio_465.wav,111,1.8476999984394424,0.8450968285670152,0.051847297698259354,0.5395542904734612,-0.3173983612481286,1.5866666666666667,0.01834862385321101,0.009009009009009009
train,audio_37.wav,101,2.241455836662228,0.9047130964475103,0.20054620504379272,0.07584155031612941,-0.20835086630012603,1.7801418439716312,0.04040404040404044,0.0
train,audio_47.wav,94,2.0833333333333335,0.9119323595090115,0.2390996664762497,0.16522271452205523,-0.2734842937770465,1.5724137931034483,0.0,0.031914893617021274
train,audio_233.wav,83,1.381491344873502,0.914848592266979,0.3430505692958832,0.45200005173683167,-0.25680579181170343,1.574468085106383,0.024691358024691357,0.012048192771084338
train,audio_621.wav,132,2.1972648630090665,0.9023242045183327,0.0018817989621311426,0.0935775674879551,-0.2410748061469257,1.595505617977528,0.0,0.030303030303030304
train,audio_590.wav,91,1.5147810798017052,0.7830757660443312,0.027368854731321335,0.3266215190291405,-0.44382248650426454,1.4427480916030535,0.011235955056179803,0.02197802197802198
train,audio_349.wav,96,1.5980108094611394,0.8656363618386725,0.00035191309871152043,0.07430977746844292,-0.379376918034464,1.6601941747572815,0.0957446808510638,0.010416666666666666
train,audio_387.wav,109,1.816343130546538,0.9265846670220751,0.037455976009368896,0.24036694850240434,-0.21665299992983034,1.4917127071823204,0.01869158878504673,0.03669724770642202
train,audio_630.wav,126,2.0973891874177455,0.8206955245474264,0.09243953973054886,0.11813344035504593,-0.4087463003682688,1.64375,0.07258064516129037,0.015873015873015872
train,audio_5046.wav,117,1.9475756740307637,0.6965101696656979,0.041366465389728546,0.359370369464159,-0.5938332143432565,1.5,0.017391304347826098,0.008547008547008548
train,audio_183.wav,63,1.0486935026779138,0.8502989573670285,0.008175970986485481,0.14849551976658404,-0.414051136909387,1.268041237113402,0.032786885245901676,0.015873015873015872
train,audio_607.wav,125,2.0807432414858584,0.7800230968197187,0.04629604518413544,0.18176408298313618,-0.4036370283402996,1.7236842105263157,0.04065040650406504,0.032
train,audio_133.wav,96,2.1333333333333333,0.8900994531189402,0.06780710816383362,0.07140203352485384,-0.26924025215133573,1.4619565217391304,0.0,0.0
train,audio_443.wav,90,1.4981351338698181,0.821985299664515,0.11674000322818756,0.2254744976758957,-0.36907805345670375,1.6604938271604939,0.03409090909090906,0.011111111111111112
train,audio_55.wav,92,2.041722148246782,0.8874322763927605,0.18367236852645874,0.13283316791057587,-0.27100387525774233,1.6037735849056605,0.011111111111111072,0.043478260869565216
train,audio_686.wav,62,1.1505344418052257,0.9071238685038782,0.37805992364883423,0.20246097445487976,-0.3779064728492914,1.4956521739130435,0.033333333333333326,0.0
train,audio_740.wav,118,1.9642216199626505,0.934176889200837,0.05257231742143631,0.2259735380195909,-0.19077413886368458,1.6906077348066297,0.1293103448275862,0.0
train,audio_699.wav,103,1.7145324309843475,0.8735885636031049,0.09933096170425415,0.3061021951337655,-0.3028153123309327,1.6467065868263473,0.05940594059405946,0.04854368932038835
train,audio_44.wav,111,2.4633821571238346,0.9499367348648406,0.4699721932411194,0.2095764552553495,-0.20471525843909863,1.6578947368421053,0.0,0.0
train,audio_500.wav,98,1.6313027013249133,0.8232596405230614,0.05745511129498482,0.5778527536562511,-0.4325942846413597,1.7922077922077921,0.010526315789473717,0.0
train,audio_265.wav,75,1.248335552596538,0.8201974608500798,0.10137207806110382,0.42885902225971223,-0.34507999990247956,1.4444444444444444,0.0,0.0
train,audio_125.wav,83,1.8419884598313359,0.8693445748593434,0.2727537751197815,0.1618301160633564,-0.2714751135735285,1.9266666666666667,0.18518518518518523,0.024096385542168676
train,audio_413.wav,86,1.8732582850157036,0.884926030628903,0.17432449758052826,0.04199459084442684,-0.3005031410528689,1.6101694915254237,0.011904761904761862,0.0
train,audio_256.wav,104,1.7310252996005326,0.8970535211265087,0.13567200303077698,0.2195646824049098,-0.2612579843175341,1.5684931506849316,0.019607843137254943,0.0
train,audio_350.wav,122,2.030805403690198,0.9152781337173911,0.11776922643184662,0.12928173960083061,-0.23426281241407365,1.6470588235294117,0.01666666666666672,0.0
train,audio_364.wav,129,2.1473270252134062,0.9165015546388404,0.1929084062576294,0.02584199695330527,-0.2561738237376331,1.6031128404669261,0.015748031496062964,0.0
train,audio_131.wav,66,1.4705882352941175,0.8535236742610883,0.08459903299808502,0.09790236254533131,-0.28133651932918124,1.5174825174825175,0.015625,0.0
train,audio_168.wav,90,1.4981351338698181,0.7917702473148153,0.1550842821598053,0.24906525654452188,-0.4476770522354466,1.4807692307692308,0.0,0.03333333333333333
train,audio_557.wav,98,2.2245773232149118,0.8718461227812329,0.08928776532411575,0.18566807359457016,-0.2513049394773517,1.5086705202312138,0.0,0.02040816326530612
train,audio_670.wav,134,2.2305567548728407,0.8235462039931497,0.01860637217760086,0.3635189705528319,-0.3495623194185415,1.8883248730964468,0.06818181818181823,0.029850746268656716
train,audio_342.wav,109,1.8144081065756688,0.8921043142647517,0.0002459567622281611,0.21977413445711136,-0.22456334792412486,1.5416666666666667,0.0,0.03669724770642202
train,audio_2.wav,86,1.9111111111111112,0.8790339685456697,0.13117116689682007,0.11768390238285065,-0.24213134378626724,1.55,0.0714285714285714,0.0
train,audio_5048.wav,81,1.3483216204828363,0.6055774810367528,0.029509959742426872,0.7645296912926894,-0.5800343926359969,1.6101694915254237,0.0,0.0
train,audio_741.wav,63,1.0486945937088727,0.8106277680822781,0.09666169434785843,0.1881517954170704,-0.44847962693761767,1.5614035087719298,0.05084745762711862,0.0
train,audio_294.wav,85,1.414905404210384,0.956261520876604,0.41112226247787476,0.09712203554809093,-0.19931436233700447,1.4797297297297298,0.03614457831325302,0.0
train,audio_370.wav,137,2.280494592668501,0.9251795549652655,0.01819588802754879,0.16714033717289567,-0.20027593949261835,1.7211538461538463,0.007407407407407418,0.051094890510948905
train,audio_417.wav,131,2.18061891707718,0.8520052931994275,0.19440163671970367,0.1296781286597252,-0.25474003682817725,1.6496350364963503,0.09302325581395354,0.022900763358778626
train,audio_753.wav,94,1.5647189175973657,0.9084309101738828,0.22465378046035767,0.06782941799610853,-0.20896133152021973,1.5496688741721854,0.0,0.010638297872340425
train,audio_533.wav,147,2.44695405198737,0.88308975313391,0.07028186321258545,0.5829854905605316,-0.2006899043917656,1.934065934065934,0.0482758620689655,0.006802721088435374
train,audio_239.wav,142,2.3635153129161117,0.9255701629707301,0.007582688704133034,0.520028443499045,-0.18924431855279417,1.5896226415094339,0.014285714285714235,0.0
train,audio_566.wav,87,1.4481972960741576,0.8420849177001537,0.18312087655067444,0.29400307685136795,-0.3102334643734826,1.5217391304347827,0.04705882352941182,0.011494252873563218
train,audio_736.wav,122,2.032971210336492,0.8836431569700343,0.0010690445778891444,0.14541388303041458,-0.31640979171086503,1.547872340425532,0.0,0.00819672131147541
train,audio_541.wav,88,1.4648432420060444,0.8588650358671491,0.18778008222579956,0.25408775235215825,-0.28232451082221116,1.4454545454545455,0.023255813953488413,0.011363636363636364
train,audio_531.wav,117,1.9475756740307637,0.8885100970067618,0.0005755384336225688,0.2315920158289373,-0.24135869668339782,1.9467455621301775,0.05217391304347829,0.08547008547008547
train,audio_280.wav,107,1.781116214711895,0.946678674666681,0.37522315979003906,0.029751947335898875,-0.16168640880357651,1.8070175438596492,0.01904761904761909,0.0
train,audio_33.wav,83,2.108739837398374,0.9211297559450908,0.24522724747657776,0.36281526567680494,-0.2292182828852317,1.5970873786407767,0.012345679012345734,0.0
train,audio_307.wav,146,2.427721755650221,0.906415177649525,0.030107693746685982,0.0897833365439014,-0.23661687619901794,1.7004608294930876,0.02777777777777779,0.0410958904109589
train,audio_617.wav,95,1.5813648635292525,0.8184229843894412,0.0010879727778956294,0.029367886173228424,-0.3789263365566127,1.5307262569832403,0.010752688172043001,0.042105263157894736
train,audio_613.wav,131,2.18061891707718,0.950153877716938,0.15752926468849182,0.2860776036977768,-0.17592322791747173,1.5771428571428572,0.023255813953488413,0.015267175572519083
train,audio_472.wav,37,1.5485504573717017,0.8180070377986979,0.015326505526900291,0.010491899214684963,-0.4229035073138298,1.6470588235294117,0.1428571428571429,0.0
train,audio_568.wav,88,1.4648432420060444,0.8737503738904541,0.06388948857784271,0.5816844488893237,-0.30656997081075055,1.5961538461538463,0.023255813953488413,0.022727272727272728
train,audio_521.wav,131,2.18061891707718,0.8977395051535759,0.05088943988084793,0.24635289907455443,-0.2767284250126948,1.497175141242938,0.03875968992248058,0.0
train,audio_401.wav,132,2.1972648630090665,0.922541688666726,0.018626682460308075,0.1279457346536219,-0.2115718302819482,1.7252252252252251,0.01538461538461533,0.022727272727272728
train,audio_573.wav,96,1.5980108094611394,0.8203594969740758,0.05376734584569931,0.578715850909551,-0.3432521930195036,1.5602836879432624,0.05434782608695654,0.010638297872340425
train,audio_180.wav,118,1.9642195764443464,0.8512501366394387,0.10352721810340881,0.1562134282042583,-0.2877432246453206,1.7048192771084338,0.051724137931034475,0.025423728813559324
train,audio_320.wav,58,1.4913595960472543,0.9336304654335154,0.20821383595466614,0.03273425484076142,-0.22371042979524491,1.385321100917431,0.017857142857142905,0.0
train,audio_85.wav,86,1.9085663559698178,0.925988624088986,0.21921847760677338,0.19522267047848021,-0.3542964931275961,1.6058394160583942,0.011904761904761862,0.011627906976744186
train,audio_296.wav,111,1.8476999984394424,0.8559172881023215,0.027141230180859566,0.25305200687476564,-0.3001762448587198,1.7448275862068965,0.05504587155963303,0.07207207207207207
train,audio_250.wav,37,1.8389662027833,0.9599580756715826,0.794032633304596,0.02410294860601425,-0.19516488339038604,1.3953488372093024,0.0,0.0
train,audio_346.wav,120,1.9975135118264242,0.9162476836755457,0.01897437311708927,0.3825284188443964,-0.2591756328807529,1.6515837104072397,0.008474576271186418,0.008333333333333333
train,audio_335.wav,105,1.7478243228481212,0.9277100132778286,0.013287198729813099,0.2432611130643636,-0.261843740229021,1.5357142857142858,0.03883495145631066,0.047619047619047616
train,audio_20.wav,89,2.0688052068805205,0.8548607998684551,0.1480003148317337,0.18521632999181747,-0.3290373474198624,1.7687074829931972,0.04597701149425293,0.0
train,audio_5071.wav,56,0.9321729721856646,0.6096139169115175,0.0060819764621555805,0.6186884442965189,-0.8655742637827614,1.4662162162162162,0.0,0.03571428571428571
train,audio_558.wav,82,1.3649675664147232,0.8450463812559752,0.004064056556671858,0.3451592022819178,-0.4180655524904444,1.6228813559322033,0.0,0.024390243902439025
train,audio_289.wav,58,0.9654648640494384,0.8477637129996357,0.059300120919942856,0.3816163241863251,-0.44514559490093286,1.4112903225806452,0.017857142857142905,0.0
train,audio_620.wav,131,2.1463204837413152,0.9573703890917563,0.03143574297428131,0.07654346731634668,-0.17911246554394092,1.7285714285714286,0.046511627906976716,0.0
train,audio_665.wav,92,1.531427025733592,0.8851851618484311,0.20491357147693634,0.1230233150223891,-0.3055758577404601,1.5421686746987953,0.07777777777777772,0.0
train,audio_751.wav,124,2.064097295553972,0.9395981267375011,0.008974261581897736,0.053653258002466626,-0.19703074888512676,1.5636363636363637,0.04166666666666663,0.00819672131147541
train,audio_442.wav,72,1.1985081070958545,0.695815687533468,0.03606553375720978,0.27508433784047764,-0.6457716239148391,1.5217391304347827,0.014285714285714235,0.041666666666666664
train,audio_362.wav,138,2.297140538600388,0.9170488344667398,0.011435506865382195,0.23054241873323916,-0.2118792029230586,1.6666666666666667,0.014705882352941124,0.007246376811594203
train,audio_311.wav,89,1.4814891879379313,0.8839664927872128,0.00693579250946641,0.18980726413428783,-0.3498073148520994,1.5495495495495495,0.09195402298850575,0.02247191011235955
train,audio_724.wav,136,2.2662629885718273,0.9555554258472779,0.47342851758003235,0.058529594292243324,-0.1316336292613497,1.7127659574468086,0.015151515151515138,0.0
train,audio_39.wav,93,2.0639147802929427,0.8959439364812707,0.20400509238243103,0.02239041163453034,-0.21632479354360365,1.5294117647058822,0.01098901098901095,0.0
train,audio_290.wav,25,0.4161482153483785,0.8827907645702362,0.06688693165779114,0.13351101242005825,-0.3315145901271275,0.9846153846153847,0.0,0.04
train,audio_23.wav,71,1.5756768752774077,0.8774425460838936,0.2990388721227646,0.44755295664072037,-0.3764635260142978,1.4453781512605042,0.0,0.014084507042253521
train,audio_624.wav,88,1.4648432420060444,0.9220362495292317,0.2671132981777191,0.07844849055012067,-0.287908193161067,1.3893129770992367,0.011627906976744207,0.0
train,audio_206.wav,142,2.3637218631787897,0.9020175551864463,0.27770745754241943,0.18802311142476705,-0.2425292910079308,1.6168224299065421,0.0,0.0
train,audio_288.wav,84,1.398259458278497,0.8994804176368884,0.11904776841402054,0.2742763639738162,-0.27490612893974425,1.6715328467153285,0.07499999999999996,0.0
train,audio_60.wav,78,1.7333333333333334,0.9001082241153106,0.2213788777589798,0.2473908449922289,-0.3211951800755092,1.4680851063829787,0.0,0.01282051282051282
train,audio_80.wav,106,2.3524189968930314,0.9287428702667074,0.3884890526533127,0.2394039244391024,-0.24442197054692136,1.5876777251184835,0.009615384615384581,0.009433962264150943
train,audio_214.wav,143,2.380367791792725,0.9145565056665377,0.057957228273153305,0.21943256482481957,-0.2314599991258317,1.5260416666666667,0.0,0.0
train,audio_599.wav,125,2.0807432414858584,0.8503276297301054,0.02958475984632969,0.43434401154518126,-0.3507333532411453,1.934640522875817,0.08130081300813008,0.04
train,audio_5063.wav,72,1.5538674033149171,0.7480644130975835,0.050532497465610504,0.19857589900493622,-0.5691714052101743,1.4122137404580153,0.02857142857142858,0.0
train,audio_207.wav,85,1.4149039321844867,0.9025181444252238,0.15238988399505615,0.1532458427051703,-0.31261723132031466,1.448,0.03614457831325302,0.0
train,audio_438.wav,70,1.1652162152320809,0.9147850922175816,0.301644504070282,0.010534487199038267,-0.2629855597412721,1.3583333333333334,0.014705882352941124,0.014285714285714285
train,audio_332.wav,127,2.1140351333496326,0.9273609293727424,0.28193560242652893,0.2188391344000896,-0.21796486018581077,1.7477064220183487,0.024390243902439046,0.0
train,audio_159.wav,97,1.614513981358189,0.7926364075840544,0.1412794291973114,0.15085594024923113,-0.39455524603806125,1.5164835164835164,0.021052631578947323,0.0
train,audio_478.wav,75,1.2484459448915153,0.8615708658347527,0.02875249646604061,0.3380038246512413,-0.38720957537099465,1.4365079365079365,0.0273972602739726,0.013333333333333334
train,audio_46.wav,95,2.108300044385264,0.8573358334993061,0.22008320689201355,0.15116839773125118,-0.2788473841705604,1.5222222222222221,0.010752688172043001,0.0
train,audio_130.wav,90,1.9973368841544605,0.9189754517541991,0.08351482450962067,0.06134304963052273,-0.19912784716868048,1.6467065868263473,0.125,0.03333333333333333
train,audio_437.wav,62,1.032048647776986,0.8979152741877022,0.004636195953935385,0.0812565166503191,-0.35564055032950026,1.5675675675675675,0.033333333333333326,0.06451612903225806
train,audio_771.wav,118,1.9642216199626505,0.926959779196403,0.004449944477528334,0.32612105997072327,-0.22987120888092688,1.6326530612244898,0.008620689655172376,0.01694915254237288
train,audio_759.wav,109,1.8144081065756688,0.9014901196191071,0.2871823012828827,0.13437827676534653,-0.2732708023513433,1.5635359116022098,0.0,0.0
train,audio_25.wav,86,1.9085663559698178,0.9081280144841172,0.19883495569229126,0.07049075407641274,-0.2421635299169717,1.5161290322580645,0.059523809523809534,0.023255813953488372
train,audio_191.wav,55,0.9102494083378846,0.5715887803161008,0.05627372860908508,0.3485601892073949,-0.9087073775178172,1.2647058823529411,0.07547169811320753,0.0
train,audio_182.wav,45,1.1125395569620253,0.828031914970941,0.12214688956737518,0.06487292299667995,-0.49242171915168437,1.3359375,0.0,0.044444444444444446
train,audio_236.wav,73,1.4989733059548254,0.9036203034936565,0.09333795309066772,0.19772099951903024,-0.24729364086883235,1.493421052631579,0.09859154929577463,0.0136986301369863
train,audio_24.wav,98,2.174877940523746,0.8605974091052198,0.138206347823143,0.07159061171114445,-0.294765667855641,1.5203252032520325,0.02083333333333337,0.04081632653061224
train,audio_428.wav,131,2.18061891707718,0.8231743855672028,0.12146341055631638,0.6529231011867523,-0.29496094799919437,1.8443396226415094,0.03100775193798455,0.0
train,audio_678.wav,131,2.3699817389288724,0.9279419491138622,0.04546404257416725,0.3243934013522588,-0.38585787324615,1.5665236051502145,0.007751937984496138,0.022900763358778626
train,audio_591.wav,55,0.9155270262537778,0.6919641907242211,0.006100209429860115,0.2347839392721653,-0.6448729191144194,1.2371134020618557,0.0,0.05454545454545454
train,audio_597.wav,137,2.280494592668501,0.8628527033720573,0.052914321422576904,0.2895357087254524,-0.3072977230016161,1.701657458563536,0.014814814814814836,0.043795620437956206
train,audio_580.wav,76,1.2650918908234021,0.7915157170214675,0.08946235477924347,0.3424864560365677,-0.49639324250550815,1.416,0.04054054054054057,0.0
train,audio_19.wav,101,2.241455836662228,0.9272454107678173,0.052581723779439926,0.1850417753060659,-0.20074665795493096,1.595,0.010101010101010055,0.009900990099009901
train,audio_476.wav,101,1.6812405391205738,0.8950541657948922,0.007316787261515856,0.4231042368337512,-0.2438245737493335,2.0084745762711864,0.1717171717171717,0.0297029702970297
train,audio_375.wav,43,0.7157756750711354,0.723661303823424,0.01648918353021145,0.18049337714910507,-0.5130918540135778,1.934782608695652,0.0,0.046511627906976744
train,audio_642.wav,45,0.7490675669349091,0.6588435715504197,0.001262999721802771,0.13494320772588253,-0.30335982696159736,1.1428571428571428,0.0,0.0
train,audio_66.wav,48,0.800533689126084,0.7607453255396751,0.08313845843076706,0.1424618475139141,-0.49854797301840054,1.2524271844660195,0.0,0.0
train,audio_186.wav,139,2.3137840773369844,0.9305063347807891,0.13648614287376404,0.04063872913164752,-0.18584001923460583,1.5576923076923077,0.007299270072992692,0.02877697841726619
train,audio_713.wav,142,2.3637243223279354,0.8024719781788863,0.16336828470230103,0.5107564992374845,-0.3807880471293564,1.8333333333333333,0.0071428571428571175,0.0
train,audio_354.wav,117,1.9475756740307637,0.8965249123991045,0.13579313457012177,0.11706529131957463,-0.2572279414261721,1.8,0.08695652173913049,0.017094017094017096
train,audio_768.wav,145,2.413662160123596,0.9226381381010187,0.32427018880844116,0.3479706092665975,-0.1641625904629373,1.6936936936936937,0.0,0.006896551724137931
train,audio_14.wav,76,1.6866400355082112,0.9555410825108227,0.6294998526573181,0.04325618036091328,-0.2047591961754693,1.478527607361963,0.0,0.0
train,audio_208.wav,120,1.9975114336722166,0.8837103438874085,0.28948262333869934,0.07015211973339319,-0.2447497872803157,1.832214765100671,0.05932203389830504,0.0
train,audio_418.wav,107,1.7652396271549946,0.8062584499285972,0.042069610208272934,0.306427582167089,-0.38351867621143654,1.4649122807017543,0.00952380952380949,0.009345794392523364
train,audio_212.wav,144,2.39701372040666,0.869997842737508,0.08860379457473755,0.07291208313157162,-0.2402767630578252,1.7407407407407407,0.007042253521126751,0.0
train,audio_177.wav,113,1.8808255659121171,0.9009584568243111,0.0460958257317543,0.2118928496326719,-0.24206509427959416,1.8023952095808384,0.00917431192660545,0.0
train,audio_503.wav,136,2.2638486467366143,0.8274073899494183,0.0038504658732563257,0.3532293294556439,-0.27541388493214375,1.680473372781065,0.022556390977443663,0.02962962962962963
train,audio_564.wav,51,0.8489432425262303,0.8103489562430802,0.0352860651910305,0.3637983649969101,-0.6818885446295195,1.4871794871794872,0.04081632653061229,0.0392156862745098
train,audio_257.wav,97,1.614513981358189,0.8374965434759548,0.021566525101661682,0.2665186364735876,-0.3998419956995104,1.5,0.0,0.0
train,audio_408.wav,99,2.9040188761226946,0.9093143607517986,0.028175847604870796,0.017353641135352,-0.23102450023030888,1.7782426778242677,0.04123711340206182,0.04040404040404041
train,audio_468.wav,115,1.91428378216699,0.7639303731124686,0.006714652292430401,0.29118187725543976,-0.4134394748969892,1.5932203389830508,0.0,0.05217391304347826
train,audio_574.wav,126,2.0973891874177455,0.8581850316668688,0.0012668152339756489,0.23941606879234315,-0.30051135131021733,1.7118644067796611,0.024193548387096753,0.007936507936507936
train,audio_26.wav,118,2.6187305814469597,0.9152033516931963,0.008408886380493641,0.1315832883119583,-0.22596301829692014,1.6744186046511629,0.0431034482758621,0.01694915254237288
train,audio_480.wav,119,1.9604511920758232,0.8663279511535368,0.04961219057440758,0.35632408995713505,-0.2801773266648943,1.767741935483871,0.05982905982905984,0.03361344537815126
train,audio_706.wav,137,2.280494592668501,0.8454349563069588,0.0665278434753418,0.09639544785022736,-0.3176231354598528,1.5862068965517242,0.14814814814814814,0.0
train,audio_57.wav,119,2.64092321349312,0.8767285106875816,0.04733229801058769,0.3931030531724294,-0.2750185835005041,1.840637450199203,0.0854700854700855,0.0
train,audio_209.wav,125,2.082960136308911,0.9567381134033203,0.3852527439594269,0.09354038769379258,-0.20072806935350906,1.6577540106951871,0.0,0.04
train,audio_712.wav,137,2.280494592668501,0.8651200482880113,0.14967718720436096,0.4707701414823532,-0.32241230946279165,1.6343612334801763,0.022222222222222254,0.0
train,audio_353.wav,84,1.5,0.9075256872567392,0.30304522067308426,0.22119159251451492,-0.2353055147024301,1.6272727272727272,0.04878048780487809,0.011904761904761904
train,audio_575.wav,117,1.9475756740307637,0.8267953333436934,0.06696192920207977,0.36991555616259575,-0.39900073118356316,1.6555555555555554,0.04347826086956519,0.0
train,audio_383.wav,76,1.2650918908234021,0.9434166578085799,0.22795644402503967,0.09359795153141022,-0.19122451943236513,1.4793388429752066,0.0,0.0
train,audio_781.wav,94,1.5507712612389672,0.9510887864025983,0.016049649566411972,0.15723327035084367,-0.2021630017842701,1.525974025974026,0.010869565217391353,0.031914893617021274
train,audio_118.wav,86,1.9085663559698178,0.9067116329489753,0.1829884946346283,0.1437227837741375,-0.27569195787711315,1.6685714285714286,0.023809523809523836,0.0
train,audio_337.wav,146,2.4303081060554828,0.8987505616934875,0.06571228057146072,0.06042562120340087,-0.2435137705186827,1.706140350877193,0.02083333333333337,0.0136986301369863
train,audio_715.wav,143,2.3803702682598225,0.8104687061265007,0.015673639252781868,0.254686681760682,-0.3454221332809071,1.7345971563981042,0.014184397163120588,0.013986013986013986
train,audio_323.wav,94,1.5647189175973657,0.8303872482547311,0.018004154786467552,0.35125240832567217,-0.46669759074583955,1.6219512195121952,0.03260869565217395,0.0851063829787234
train,audio_374.wav,78,1.2983837826871758,0.9006362132346019,0.08926569670438766,0.18058260281880698,-0.2714222376601501,1.4088050314465408,0.013157894736842146,0.038461538461538464
train,audio_348.wav,73,1.2673611111111112,0.8997559669899614,0.24571695923805237,0.08910270531972249,-0.31971164743105573,1.5407407407407407,0.0,0.0273972602739726
train,audio_547.wav,83,1.3816135123466102,0.8144526533692716,0.12525016069412231,0.4619386600596564,-0.3729205506246225,1.5379746835443038,0.0,0.0963855421686747
train,audio_41.wav,101,2.3059360730593608,0.9357938763528767,0.2824719548225403,0.07746717120919909,-0.1717307685031396,1.6169154228855722,0.010101010101010055,0.0
train,audio_284.wav,109,1.8144081065756688,0.8993583270533733,0.11645288020372391,0.10798492882814673,-0.2823405248983216,1.6781609195402298,0.028037383177570097,0.0
train,audio_13.wav,109,2.421035242443635,0.9061774447423603,0.22744452953338623,0.0626605608101402,-0.21024620105409556,1.6666666666666667,0.028037383177570097,0.009174311926605505
train,audio_548.wav,123,2.0474513496220847,0.8159923660985338,0.05765116587281227,0.17792067925135294,-0.4035306174523259,1.6288209606986899,0.008333333333333304,0.00819672131147541
train,audio_687.wav,122,1.9988633512705378,0.9386668367021275,0.009341194294393063,0.0448365936920579,-0.22642116078520463,1.6067961165048543,0.03361344537815125,0.01652892561983471
train,audio_104.wav,104,2.30803373280071,0.9146673263301357,0.025980228558182716,0.15182387083768845,-0.2657039664352439,1.8280254777070064,0.11764705882352944,0.009615384615384616
train,audio_181.wav,101,1.681238790007449,0.7932422650922643,0.03520758077502251,0.31155645567923784,-0.4679575320210946,1.5923076923076922,0.010101010101010055,0.0297029702970297
train,audio_755.wav,100,1.9904458598726114,0.9515621876716613,0.27653324604034424,0.06250493507832289,-0.17628630497170694,1.6573033707865168,0.04081632653061229,0.0
train,audio_733.wav,136,2.2662629885718273,0.9118866442209658,0.05636702477931976,0.2363998256623745,-0.278815694493001,1.7259615384615385,0.02985074626865669,0.03676470588235294
train,audio_5072.wav,132,2.1972648630090665,0.7077995595719778,0.06488781422376633,0.5281558148562908,-0.5306764422456917,1.8888888888888888,0.1461538461538462,0.0
train,audio_776.wav,73,1.2151540530277414,0.9387370072407265,0.26038989424705505,0.09388820920139551,-0.20447918108412225,1.2882882882882882,0.0,0.0
train,audio_70.wav,70,1.1513157894736843,0.8690254676377489,0.052145492285490036,0.14099881649017335,-0.3125701124244451,1.5039370078740157,0.02941176470588236,0.0
train,audio_49.wav,95,2.0805957074025407,0.8961284511967709,0.3103753924369812,0.1300397738814354,-0.18746086609486734,1.6772151898734178,0.032258064516129004,0.010526315789473684
train,audio_527.wav,128,2.130681079281519,0.8837102097459137,0.12985928356647491,0.26310397926718,-0.27429698286062437,1.673003802281369,0.0,0.0
train,audio_273.wav,104,1.7311783769162343,0.8534382488100956,0.10334457457065582,0.18072014600038527,-0.3360964556649139,1.5337423312883436,0.019607843137254943,0.0
train,audio_139.wav,76,1.2649800266311584,0.7917744112203587,0.0008004537667147815,0.36664059162139895,-0.21878609180450442,1.7058823529411764,0.0,0.0
train,audio_467.wav,127,2.1140351333496326,0.8034066987221478,0.03374499827623367,0.37798042098681134,-0.3718587789127264,1.655367231638418,0.008196721311475419,0.04032258064516129
train,audio_407.wav,119,1.9808675658945374,0.9180685397581894,0.06560710817575455,0.1563990233199937,-0.18859141007130284,1.695906432748538,0.05128205128205132,0.01680672268907563
train,audio_404.wav,136,2.2638486467366143,0.8885700925454205,0.13407260179519653,0.14971482213586568,-0.2277871833992496,1.5854922279792747,0.022556390977443663,0.02962962962962963
train,audio_534.wav,154,2.563475673510578,0.8600936608421275,0.015626169741153717,0.49835111607204785,-0.27989518951121767,2.0210526315789474,0.09210526315789469,0.006493506493506494
train,audio_96.wav,79,1.7532179316466932,0.9027225363858139,0.10624788701534271,0.16412229537963868,-0.2566879009284811,1.5227272727272727,0.0,0.0379746835443038
train,audio_137.wav,91,2.0195295162006213,0.8697089028882456,0.15194140374660492,0.09629552811384201,-0.2647532136107979,1.5789473684210527,0.0,0.01098901098901099
train,audio_150.wav,114,1.9445960698689955,0.8195916361976088,0.10160374641418457,0.5245495080947876,-0.37638019784392274,1.8235294117647058,0.1607142857142857,0.0
train,audio_339.wav,108,1.797762160643782,0.8955266114186358,0.1785133332014084,0.23081924603320658,-0.268246711989646,1.5582822085889572,0.0,0.037037037037037035
train,audio_409.wav,120,2.0096463022508035,0.9547754170993964,0.4651935398578644,0.10482184030115604,-0.15924613380908215,1.542857142857143,0.008474576271186418,0.008333333333333333
train,audio_78.wav,107,2.374611628939192,0.8486319066625889,0.08179371803998947,0.23731056042015553,-0.31024724444357454,1.8351063829787233,0.05714285714285716,0.028037383177570093
train,audio_244.wav,102,1.6977363515312918,0.89393049390877,0.23711931705474854,0.18619945645332336,-0.2560077076178437,1.5364238410596027,0.010000000000000009,0.0
train,audio_752.wav,83,1.9317909069089163,0.9521800135991659,0.35677671432495117,0.048839773051440716,-0.1777278904963021,1.474820143884892,0.012345679012345734,0.0
train,audio_508.wav,114,1.8976378362351032,0.9033014209646928,0.06471473723649979,0.25916263796389105,-0.23903427751066175,1.6666666666666667,0.0892857142857143,0.0
train,audio_664.wav,79,1.3150297286190626,0.8743316544620674,0.02773137576878071,0.19177962591250738,-0.32751458248799403,1.403225806451613,0.0,0.038461538461538464
train,audio_701.wav,86,1.4315513501422708,0.7798666601437468,0.020501527935266495,0.09566903380411011,-0.4952835935376066,1.5175438596491229,0.0357142857142857,0.023255813953488372
train,audio_5044.wav,32,1.3262599469496021,0.9356017308309674,0.6276893615722656,0.029532507061958313,-0.24074352078321504,1.3032786885245902,0.0,0.0
train,audio_734.wav,122,2.030805403690198,0.9330085541625492,0.15950824320316315,0.1814640611410141,-0.2556559845508762,1.8881987577639752,0.06666666666666665,0.0
train,audio_51.wav,79,1.7584203153192632,0.9457809140410605,0.214817076921463,0.11107630530993144,-0.21232958719025768,1.7378048780487805,0.025974025974025983,0.0
train,audio_704.wav,57,0.9488189181175516,0.7459515932898381,0.13996154069900513,0.11552805593237281,-0.5374863492720054,1.4166666666666667,0.0,0.017543859649122806
train,audio_129.wav,85,1.8863737239236573,0.9405680828234728,0.37137657403945923,0.04493511561304331,-0.18339951613159608,1.599009900990099,0.02409638554216864,0.0
train,audio_107.wav,116,2.5743453173546382,0.9012536133671629,0.23285944759845734,0.48395394616656834,-0.23194261011898135,1.5592417061611374,0.018018018018018056,0.0
train,audio_143.wav,111,2.038941954445261,0.842895106275429,0.034051332622766495,0.18116329312324525,-0.41002798821591124,1.553191489361702,0.0,0.009009009009009009
train,audio_458.wav,143,2.490017619486564,0.8813384576138361,0.06806810200214386,0.4101613077024619,-0.25695681417584265,1.6594827586206897,0.049645390070921946,0.006993006993006993
train,audio_424.wav,105,1.7478243228481212,0.8424077695146912,0.021161619573831558,0.34521181384722394,-0.29214757564421895,1.617283950617284,0.02941176470588236,0.0
train,audio_563.wav,109,1.816343130546538,0.840519651428822,0.0652960017323494,0.42731442196028574,-0.28384797155398955,1.68,0.08411214953271029,0.01834862385321101
train,audio_625.wav,75,1.2484459448915153,0.7961021772523721,0.06162871792912483,0.13790815472602844,-0.3646270291010539,1.5918367346938775,0.0273972602739726,0.013333333333333334
train,audio_302.wav,96,1.5980108094611394,0.9084263564188101,0.0006605605012737215,0.0998530425131321,-0.21758604026348285,1.7483870967741935,0.0,0.041666666666666664
train,audio_154.wav,92,1.531427025733592,0.8379695694083753,0.04245802015066147,0.4433231074362993,-0.37120400780723206,1.5961538461538463,0.022222222222222254,0.021739130434782608
train,audio_754.wav,83,1.7962257617728532,0.9324480230549732,0.406906396150589,0.0849747471511364,-0.2588704347363066,1.552325581395349,0.0,0.0
train,audio_749.wav,80,1.3316756745509495,0.8183514885604382,0.020120617002248764,0.2968676000833511,-0.36268381411055,1.4918032786885247,0.038461538461538436,0.05
train,audio_366.wav,152,2.5301837816468042,0.9145750540194154,0.00043471207027323544,0.10381366995473702,-0.2758792221346636,1.7031963470319635,0.06000000000000005,0.006578947368421052
train,audio_693.wav,64,2.5684952981987923,0.7029096774058416,0.1066480278968811,0.01440304797142744,-0.5916503167921497,1.6624472573839661,0.0,0.0
train,audio_608.wav,110,2.4027270952531126,0.9492049974474039,0.23749764263629913,0.19555749661392635,-0.17285313087611925,1.5853658536585367,0.0,0.00909090909090909
train,audio_220.wav,146,2.43030557763453,0.9328471714094894,0.2547292709350586,0.18584707975387574,-0.21879773043558673,1.5862068965517242,0.00694444444444442,0.0
train,audio_761.wav,110,1.8310540525075556,0.888994498567825,0.06756074726581573,0.21427195239812136,-0.33928742867249706,1.6793478260869565,0.01851851851851849,0.0
train,audio_640.wav,89,1.4814891879379313,0.8583043914712086,0.003073235275223851,0.11628954733411472,-0.3154231307432012,1.6689189189189189,0.04597701149425293,0.02247191011235955
train,audio_67.wav,120,1.9980019980019978,0.9224711403250694,0.2358914017677307,0.14938992431217973,-0.18324791494016948,1.75,0.016949152542372836,0.008333333333333333
train,audio_299.wav,109,1.8144081065756688,0.9254148564207445,0.3177682161331177,0.1365662929084566,-0.21362970338601134,1.4967741935483871,0.009345794392523366,0.045871559633027525
train,audio_102.wav,85,1.8863737239236573,0.9003987110712949,0.21700666844844818,0.24636974632740022,-0.2694096769605364,1.7881355932203389,0.09638554216867468,0.023529411764705882
train,audio_258.wav,62,1.0319573901464714,0.8871407495230758,0.1585945039987564,0.26666679978370667,-0.311367982955206,1.352,0.01666666666666672,0.03225806451612903
train,audio_679.wav,123,2.0474513496220847,0.8890931634762422,0.1346748024225235,0.25862852670252323,-0.25663272785192187,1.6042780748663101,0.0,0.056910569105691054
train,audio_82.wav,73,1.6200621393697292,0.8871081442865607,0.1306033730506897,0.16400639712810516,-0.3012097613956345,1.5145228215767634,0.0,0.0
train,audio_325.wav,112,1.9322775535554662,0.8780257394869945,0.014557413756847382,0.456391945714131,-0.3033457335477756,1.7094972067039107,0.036363636363636376,0.026785714285714284
train,audio_399.wav,134,2.2305567548728407,0.8350168143524163,0.03344952315092087,0.2943590266837014,-0.34321757063250585,1.5765306122448979,0.037878787878787845,0.03731343283582089
train,audio_285.wav,46,2.077312138728324,0.9700965563888135,0.5314032435417175,0.004312151111662388,-0.14939910075703605,1.5,0.0,0.0
train,audio_784.wav,86,1.4187907283675658,0.9295545949261317,0.4859018623828888,0.1826121775167329,-0.2214477079763957,1.4444444444444444,0.011904761904761862,0.023255813953488372
train,audio_0.wav,88,1.9529516200621393,0.9379357753152197,0.4434601366519928,0.12333478778600693,-0.18110085779815463,1.558011049723757,0.03488372093023251,0.0
train,audio_435.wav,143,2.3429299937023518,0.8699217356376715,0.01824222505092621,0.2583447926574283,-0.29066636434798376,1.6771300448430493,0.09219858156028371,0.02097902097902098
train,audio_91.wav,84,1.8641810918774966,0.9162616358389929,0.18684183061122894,0.23167777912957327,-0.2812443615870716,1.5380952380952382,0.0,0.0
train,audio_109.wav,84,1.8641810918774966,0.8725411214289212,0.05181474983692169,0.2205638438463211,-0.34592101513737383,1.9304812834224598,0.060975609756097615,0.047619047619047616
train,audio_772.wav,53,0.8822351343900041,0.9007534418641677,0.007052750326693058,0.11020517246797681,-0.5167743693628619,1.13,0.07843137254901966,0.0
train,audio_270.wav,126,2.097203728362184,0.8094228109019617,0.06140119209885597,0.4372989498078823,-0.35128353000097556,1.6746987951807228,0.032258064516129004,0.05555555555555555
train,audio_528.wav,137,2.280494592668501,0.8486378987630208,0.07111119478940964,0.6190215945243835,-0.2988262175125535,1.9644670050761421,0.023076923076923106,0.022727272727272728
train,audio_441.wav,109,1.8144081065756688,0.71964203405681,0.040230222046375275,0.24539344757795334,-0.5098167657449575,1.7225806451612904,0.09345794392523366,0.07339449541284404
train,audio_381.wav,124,2.0619006691823794,0.8747873133704346,0.0071556782349944115,0.22581709947969233,-0.24625274190785099,1.65,0.040983606557377095,0.024193548387096774
train,audio_86.wav,77,1.708832667554372,0.9232748692685907,0.17049770057201385,0.03511799871921539,-0.20500017499166823,1.707070707070707,0.06666666666666665,0.025974025974025976
train,audio_101.wav,101,2.241455836662228,0.9402222807454591,0.29738640785217285,0.09499681430558364,-0.30136823933026946,1.7898089171974523,0.1515151515151515,0.0
train,audio_333.wav,96,1.5980108094611394,0.8921284011254708,0.2258140742778778,0.15515798330307007,-0.2822671184714112,1.5546875,0.021276595744680882,0.03125
train,audio_149.wav,113,1.898521505376344,0.76366002807575,0.030978091061115265,0.4361675481001536,-0.44633962610151545,1.8278145695364238,0.06306306306306309,0.02654867256637168
train,audio_719.wav,127,2.1162897025633973,0.8683002109485348,0.17127744853496552,0.2741604386163609,-0.2628444984980992,1.653179190751445,0.02400000000000002,0.015748031496062992
train,audio_638.wav,103,1.7145324309843475,0.8373744771318529,0.08297953009605408,0.18277597853115626,-0.3343282169236606,1.664864864864865,0.0,0.019417475728155338
train,audio_147.wav,105,1.7476697736351532,0.8517464094218754,0.19589641690254211,0.2123815885611943,-0.29611731961647175,1.8214285714285714,0.06796116504854366,0.0
train,audio_62.wav,79,1.7962710322874036,0.9074754671268324,0.2336612194776535,0.08935500308871269,-0.2194336886034281,1.4767441860465116,0.012987012987012991,0.0
train,audio_763.wav,122,2.0276895972875497,0.9549102729461232,0.13090747594833374,0.0744976932182908,-0.18926661693921654,1.6010928961748634,0.008333333333333304,0.01639344262295082
train,audio_498.wav,52,0.8655891884581172,0.7499035965078152,0.007566869258880615,0.4776000715792179,-0.5106532755918685,1.3771929824561404,0.0,0.038461538461538464
train,audio_1.wav,109,2.4189968930315136,0.8744046589650145,0.06534208357334137,0.14504854381084442,-0.21885210399419233,1.565217391304348,0.009345794392523366,0.01834862385321101
train,audio_304.wav,110,1.8310540525075556,0.9286118985577063,0.0761672854423523,0.09359752088785171,-0.18216999365111528,1.4691358024691359,0.01851851851851849,0.0
train,audio_347.wav,95,1.5813648635292525,0.9240972123647991,0.22983711957931519,0.08298143073916435,-0.23929887646354286,1.6129032258064515,0.0,0.0
train,audio_560.wav,104,1.7311783769162343,0.8694798857725871,0.017778785899281502,0.13291586604383257,-0.2858127632724284,1.4873096446700507,0.039215686274509776,0.0
train,audio_452.wav,118,1.9333268479501924,0.8100082979742753,0.03558022528886795,0.40669052116572857,-0.44613553716973653,1.7471264367816093,0.08620689655172409,0.01694915254237288
train,audio_716.wav,111,1.8476999984394424,0.8968693014603477,0.12239440530538559,0.14236362231895328,-0.275009407922681,1.605263157894737,0.0092592592592593,0.00909090909090909
train,audio_473.wav,98,1.6056443313484647,0.6547756252278175,0.010533267632126808,0.08113699965178967,-0.6066910917380915,1.372093023255814,0.021739130434782594,0.02127659574468085
train,audio_95.wav,98,2.174877940523746,0.928860104661815,0.40524664521217346,0.136018206179142,-0.22400605659607783,1.5793991416309012,0.0,0.0
train,audio_732.wav,118,1.9642216199626505,0.8783512529680284,0.073776975274086,0.23684024065732956,-0.27801620649254843,1.75,0.0431034482758621,0.0423728813559322
train,audio_292.wav,144,2.399572576134876,0.93968226943441,0.22238686680793762,0.3503612010524823,-0.1827185965305191,1.733009708737864,0.10563380281690138,0.013888888888888888
train,audio_469.wav,123,2.0474513496220847,0.7893179266393023,0.03608541935682297,0.3453686982393265,-0.3669504039560165,1.6988636363636365,0.09090909090909094,0.008130081300813009
train,audio_329.wav,105,1.7478243228481212,0.8594260212920961,0.08523891866207123,0.11026168366273244,-0.3577666920649912,1.453125,0.01941747572815533,0.009523809523809525
train,audio_169.wav,97,1.614513981358189,0.7805398331628632,0.07055506855249405,0.3233629230942045,-0.4337925829781563,1.424778761061947,0.021052631578947323,0.0
train,audio_174.wav,132,2.1972648630090665,0.8371240009807728,0.02969023957848549,0.5457151574747903,-0.30401876205824335,1.598802395209581,0.038461538461538436,0.015151515151515152
train,audio_513.wav,61,1.015402701845099,0.8480262626878551,0.02284647524356842,0.2434695065021515,-0.3371491205124628,1.4471544715447155,0.0,0.08196721311475409
train,audio_584.wav,113,1.8809918903032161,0.895168741192438,0.37337881326675415,0.153978953404086,-0.2335929268062507,1.7008547008547008,0.11711711711711714,0.0
train,audio_345.wav,129,2.1473270252134062,0.9015790147740558,0.017517302185297012,0.0954974964261055,-0.2382900461760336,1.6022727272727273,0.0,0.015503875968992248
train,audio_750.wav,97,1.6146567553930262,0.9377791620406908,0.21207216382026672,0.09538020832198006,-0.19525000282564636,1.547945205479452,0.04210526315789476,0.0
train,audio_116.wav,101,2.241455836662228,0.8838489838682189,0.06015726551413536,0.5336578786373138,-0.2730371920050338,1.6618357487922706,0.04040404040404044,0.039603960396039604
train,audio_114.wav,94,2.088888888888889,0.8913671749978676,0.00012479683209676296,0.20183582603931427,-0.2848597263432961,1.8112244897959184,0.04347826086956519,0.06382978723404255
train,audio_157.wav,99,1.6218872870249017,0.8266097362896409,0.040675219148397446,0.32148995995521545,-0.40373604160816534,1.6541353383458646,0.04123711340206182,0.030303030303030304
train,audio_385.wav,116,1.9309297280988769,0.8846516446263968,0.24207395315170288,0.34583064913749695,-0.28102665557535983,1.5333333333333334,0.0,0.034482758620689655
train,audio_264.wav,57,0.9487350199733688,0.7797413931407949,0.03099106438457966,0.3071772865951061,-0.5678126349865541,1.373015873015873,0.0,0.0
train,audio_390.wav,138,2.297140538600388,0.9287383480189854,0.0021025531459599733,0.15990989417251614,-0.16396492931839465,1.6785714285714286,0.014705882352941124,0.050724637681159424
train,audio_766.wav,101,1.6812405391205738,0.8919864860178884,0.004505906719714403,0.08029161617159844,-0.2681678561558799,1.5138888888888888,0.030303030303030276,0.04950495049504951
train,audio_571.wav,78,1.5773289299567372,0.8170404026969376,0.09026452898979187,0.6227985769510269,-0.39745449271098554,1.6164383561643836,0.02631578947368418,0.01282051282051282
train,audio_393.wav,123,2.049634908781873,0.923463016172977,0.035001445561647415,0.21261352114379406,-0.2046288324730897,1.638036809815951,0.04958677685950408,0.024390243902439025
train,audio_691.wav,117,2.980640168902943,0.7991190737861599,0.029838623479008675,0.06872887723147869,-0.4221163074290695,1.6690909090909092,0.017391304347826098,0.0
test,audio_128.wav,100,2.2192632046160674,0.9239034748077393,0.4385116994380951,0.08438256968344961,-0.17956782389087836,1.8466257668711656,0.0625,0.01020408163265306
test,audio_156.wav,70,1.5566170819267027,0.877260203233787,0.03784751519560814,0.28033299557864666,-0.22060550842255958,1.5645933014354068,0.0,0.0
test,audio_19.wav,103,2.288278681240558,0.9546097988642536,0.4310339093208313,0.08411681205034256,-0.19504688060674186,1.5784753363228698,0.00990099009900991,0.009708737864077669
test,audio_108.wav,65,1.102068497795863,0.7758073820732534,0.0042741610668599606,0.32863530814647673,-0.4779204229599814,1.5086206896551724,0.0,0.031746031746031744
test,audio_206.wav,92,2.0426287744227354,0.891647992817604,0.09834370762109756,0.03831564262509346,-0.2457000329759386,1.5345911949685536,0.0444444444444444,0.0
test,audio_161.wav,105,2.3302263648468706,0.7790239562768312,0.0213382039219141,0.11686017683574132,-0.3654685375182777,1.6542056074766356,0.0,0.0
test,audio_215.wav,104,2.31935771632471,0.8786366397562699,0.20866437256336212,0.14237727103754877,-0.25863056939623136,1.6233766233766234,0.009803921568627416,0.0
test,audio_213.wav,69,1.5312916111850865,0.8487743920267554,0.0006223466480150819,0.20522909760475158,-0.3599674534797669,1.66,0.04477611940298509,0.014492753623188406
test,audio_11.wav,76,1.6866400355082112,0.9557773023843765,0.31590017676353455,0.29034412120069775,-0.2246775581723168,1.443661971830986,0.013513513513513487,0.0
test,audio_155.wav,94,2.09528241035493,0.8857380180480949,0.015597330406308174,0.355731121131352,-0.2470000557197157,1.845679012345679,0.08695652173913049,0.010638297872340425
test,audio_39.wav,126,2.097203728362184,0.8704691759049498,0.0013597942888736725,0.5898233850797018,-0.2847242898936691,1.5751633986928104,0.032258064516129004,0.007936507936507936
test,audio_168.wav,78,1.7310252996005326,0.9182872130320623,0.22428327798843384,0.13892275467514992,-0.22565482982999172,1.5966850828729282,0.013157894736842146,0.01282051282051282
test,audio_133.wav,95,2.108300044385264,0.7869664604465166,0.021460838615894318,0.5270697474479675,-0.3661558945337082,1.7428571428571429,0.07526881720430112,0.021052631578947368
test,audio_28.wav,36,1.9396551724137931,0.8814346475733651,0.2748901844024658,0.013611862435936928,-0.26684339311387806,1.4406779661016949,0.05882352941176472,0.0
test,audio_40.wav,124,2.0639147802929427,0.8926021156291808,0.07573281228542328,0.4241794254630804,-0.2640740388878408,1.7049180327868851,0.03418803418803418,0.008403361344537815
test,audio_181.wav,109,2.4384787472035794,0.8550210726712275,0.03865169361233711,0.3401851087808609,-0.29093372170714427,1.6077586206896552,0.037735849056603765,0.009259259259259259
test,audio_201.wav,111,2.4133221907421376,0.8989318845508335,0.3203476071357727,0.3834036849439144,-0.21340840857396115,1.7377049180327868,0.01834862385321101,0.018018018018018018
test,audio_182.wav,103,2.285841100754549,0.8969944156344655,0.09285060316324234,0.15237029641866684,-0.2320408436907343,1.6386138613861385,0.03960396039603964,0.038834951456310676
test,audio_126.wav,79,1.7555555555555555,0.9104198471403324,0.13431912660598755,0.1722263072927793,-0.24117123449835395,1.4870129870129871,0.051948051948051965,0.012658227848101266
test,audio_10.wav,101,2.241455836662228,0.8590536619945377,0.008932488970458508,0.07969040530068534,-0.27524831852822157,1.5198019801980198,0.02020202020202022,0.009900990099009901
test,audio_134.wav,68,1.5090989791389258,0.8675569088937825,0.0027847224846482277,0.19637563824653625,-0.318794950606331,1.4701986754966887,0.01538461538461533,0.08955223880597014
test,audio_69.wav,125,2.0807432414858584,0.8829846178796142,0.0022921476047486067,0.1527869411640697,-0.3220394314895236,1.6296296296296295,0.008130081300813052,0.072
test,audio_112.wav,75,1.7433751743375172,0.9378081234296163,0.487545371055603,0.07682485239846366,-0.2075324712780244,1.6071428571428572,0.04109589041095896,0.0
test,audio_180.wav,82,1.8197958277851751,0.8898388788603792,0.01091328077018261,0.30142397806048393,-0.24151456195574542,1.6729559748427674,0.050000000000000044,0.036585365853658534
test,audio_177.wav,84,1.8641810918774966,0.8603747909267744,0.2290077805519104,0.2957504859992436,-0.29684995047900137,1.638036809815951,0.03658536585365857,0.0
test,audio_77.wav,149,2.4802459438511435,0.9253208893773165,0.0011899846140295267,0.16493716053664684,-0.2194467222881827,1.6036866359447004,0.020408163265306145,0.013422818791946308
test,audio_111.wav,128,2.131202131202131,0.8676707077538595,0.15182450413703918,0.029083839617669582,-0.2643368360719401,1.5838509316770186,0.05555555555555558,0.0
test,audio_18.wav,79,1.7532179316466932,0.8939962924658498,0.21837763488292694,0.3147995046206883,-0.24050865189954382,1.5032258064516129,0.013513513513513487,0.0
test,audio_175.wav,96,2.1304926764314245,0.9110285433190356,0.08591116964817047,0.31596394181251525,-0.2835011067363502,1.5934959349593496,0.0,0.0
test,audio_33.wav,94,1.8380915134923739,0.9023524517233067,0.08132193237543106,0.07689911623795827,-0.29386726118147033,1.748792270531401,0.03260869565217395,0.0
test,audio_15.wav,99,2.1970705725699067,0.9032652230074107,0.11574442684650421,0.3980114055531366,-0.22071255425434552,1.679144385026738,0.0,0.0
test,audio_4.wav,98,2.366081735448522,0.9005491319967776,0.13579143583774567,0.07106141839176416,-0.2754909273905632,1.6533333333333333,0.01041666666666663,0.0
test,audio_27.wav,98,1.6313027013249133,0.865776216129766,0.011082861572504044,0.38988277528967175,-0.25429641659837376,1.5241379310344827,0.01041666666666663,0.07142857142857142
test,audio_96.wav,87,2.101449275362319,0.8782443440166013,0.24069593846797943,0.1699815034866333,-0.2692776096628068,1.5629629629629629,0.011904761904761862,0.03488372093023256
test,audio_116.wav,104,2.30803373280071,0.8911681746562513,0.008361738175153732,0.07048497295805387,-0.20007878356838818,1.6772486772486772,0.009803921568627416,0.038461538461538464
test,audio_1.wav,113,2.507767421216156,0.8998878987665374,0.14047208428382874,0.13297160383727816,-0.2751512250174189,1.6470588235294117,0.04504504504504503,0.008849557522123894
test,audio_22.wav,108,2.4096385542168672,0.9250555181254944,0.07001524418592453,0.0776410321039813,-0.1947670602349322,1.7574257425742574,0.0,0.027777777777777776
test,audio_114.wav,100,2.2192632046160674,0.9061230763010099,0.00015818289830349386,0.18431984037160873,-0.20953468432681985,1.8055555555555556,0.05102040816326525,0.06
test,audio_146.wav,86,2.080309627479439,0.9149044739992119,0.10145775228738785,0.33061041434605914,-0.2656669381042245,1.650887573964497,0.13095238095238093,0.0
test,audio_46.wav,155,2.5574181626187964,0.9411158089996665,0.16862672567367554,0.17025979215811407,-0.19295081998406122,1.732,0.0326797385620915,0.012903225806451613
test,audio_144.wav,99,2.1970705725699067,0.935526559148172,0.20251208543777466,0.2588979857308524,-0.204047148389562,1.7633136094674555,0.04123711340206182,0.0
test,audio_75.wav,108,1.797762160643782,0.914018022479636,0.0011555809760466218,0.11404717713594437,-0.1802872429979338,1.6363636363636365,0.018867924528301883,0.046296296296296294
test,audio_200.wav,86,1.9145146927871772,0.9009922100014465,0.37905800342559814,0.1454532061304365,-0.199786150406818,1.5555555555555556,0.011904761904761862,0.05813953488372093
test,audio_196.wav,101,2.241455836662228,0.8642353675890677,0.10289839655160904,0.14068144228723314,-0.2522367865588622,1.6857142857142857,0.13131313131313127,0.0
test,audio_190.wav,116,2.5985663082437274,0.9388171556437838,0.228827103972435,0.1548975184559822,-0.17988193168932076,1.7638888888888888,0.01754385964912286,0.008620689655172414
test,audio_158.wav,81,1.7976031957390146,0.8964031562209129,0.08603045344352722,0.18810806955610002,-0.27194875616785985,1.6666666666666667,0.06329113924050633,0.037037037037037035
test,audio_17.wav,93,2.0639147802929427,0.8607638470167595,0.0018689697608351707,0.19616125524044037,-0.2382247382472125,1.861244019138756,0.06593406593406592,0.010752688172043012
test,audio_105.wav,122,2.0313020313020314,0.8961766020196383,0.09829632192850113,0.10680844485759736,-0.2538555286725518,1.5805084745762712,0.0,0.0
test,audio_141.wav,67,1.4968722073279714,0.907936597270752,0.33409062027931213,0.1078488640487194,-0.23768102765944477,1.5142857142857142,0.01538461538461533,0.0
test,audio_129.wav,90,1.9973368841544605,0.9178649382458792,0.3552515506744385,0.21593082589762552,-0.2100265983010636,1.622340425531915,0.011363636363636354,0.0
test,audio_6.wav,109,2.4205009770829635,0.916557917781516,0.029295938089489937,0.1272220147980584,-0.24763856597939368,1.7837837837837838,0.05607476635514019,0.01834862385321101
test,audio_70.wav,155,2.9415497459948075,0.9240403770759542,0.1694738268852234,0.17750195346095346,-0.1616943298914786,1.6808510638297873,0.013071895424836555,0.012903225806451613
test,audio_35.wav,108,1.7976031957390146,0.9418806144622741,0.07123065739870071,0.26658489741384983,-0.16830337888948405,1.708955223880597,0.09433962264150941,0.0
test,audio_203.wav,108,2.4,0.8949871075650057,0.11963081359863281,0.20243718581540243,-0.21710554054935183,1.6521739130434783,0.00952380952380949,0.009345794392523364
test,audio_90.wav,74,1.6446820096236123,0.9018154581253593,0.27885180711746216,0.061069502184788384,-0.2364544907646,1.6228571428571428,0.01388888888888884,0.013513513513513514
test,audio_16.wav,73,1.6200621393697292,0.9164565815909268,0.1875194013118744,0.257194588581721,-0.2645713687379718,1.4502923976608186,0.0,0.0
test,audio_138.wav,88,1.9529516200621393,0.8549400564057357,0.1716587394475937,0.0945312138646841,-0.3718488860719751,1.4784688995215312,0.0,0.0
test,audio_100.wav,105,2.3302263648468706,0.8365525445250409,0.001328017096966505,0.1253771185874939,-0.34600198893319994,1.5853658536585367,0.0,0.02857142857142857
test,audio_115.wav,96,2.1304926764314245,0.8313856424453357,0.1523415446281433,0.05969598703086376,-0.31096642887482373,1.4852941176470589,0.010752688172043001,0.010526315789473684
test,audio_118.wav,70,1.5534842432312472,0.9049203719411577,0.2528797388076782,0.08454900341374534,-0.2530306349817656,1.5639810426540284,0.0,0.014285714285714285
test,audio_137.wav,119,2.64092321349312,0.8985053402285615,0.09901395440101624,0.14442793428897857,-0.28575564428817396,1.6297872340425532,0.008547008547008517,0.008403361344537815
test,audio_101.wav,107,2.515279736718383,0.8982844558831687,0.08255638182163239,0.2659916430711746,-0.2097755281126862,1.7721518987341771,0.08571428571428574,0.0
test,audio_193.wav,83,1.8693693693693694,0.8490807630391006,0.11490451544523239,0.18428253134091696,-0.37599691062675183,1.8106060606060606,0.0,0.0
test,audio_102.wav,146,2.4357691024357693,0.9771040974006261,0.6067332029342651,0.008974766475148499,-0.10900032687532808,1.5917159763313609,0.013986013986013957,0.013793103448275862
test,audio_52.wav,143,2.3803702682598225,0.8820012389467313,0.04443133994936943,0.5620260135485575,-0.21906443424180194,1.7192118226600985,0.028368794326241176,0.02097902097902098
test,audio_172.wav,85,2.0442520442520444,0.8802646361145318,0.34857505559921265,0.20841002960999808,-0.23193036238126363,1.5634517766497462,0.03614457831325302,0.011764705882352941
test,audio_191.wav,68,1.5090989791389258,0.929945179644753,0.3414151966571808,0.1609496921300888,-0.2132206253273777,1.464705882352941,0.0,0.0
test,audio_194.wav,103,2.285841100754549,0.8813483497422885,0.0003146762610413134,0.10937713980674743,-0.2395662265819508,1.7962962962962963,0.1188118811881188,0.02912621359223301
test,audio_67.wav,101,1.6812405391205738,0.9096899357172522,0.29493650794029236,0.040863252710551023,-0.22140970846422675,1.5521472392638036,0.02020202020202022,0.009900990099009901
test,audio_160.wav,78,1.7310252996005326,0.9405727543127842,0.3124888837337494,0.08226202925046285,-0.22844094496506914,1.6081081081081081,0.03947368421052633,0.0
test,audio_179.wav,72,1.5978695073235685,0.7806751307100057,0.1295957714319229,0.05202851444482803,-0.6803484010696411,1.902097902097902,0.08571428571428574,0.013888888888888888
test,audio_55.wav,126,2.0973891874177455,0.8230453457624193,0.0681280791759491,0.31746792876058155,-0.362087020003088,1.75,0.032258064516129004,0.015873015873015872
test,audio_145.wav,84,1.8641810918774966,0.9024510370301349,0.04563130438327789,0.1255015954375267,-0.29602687517801923,1.5696202531645569,0.04878048780487809,0.011904761904761904
test,audio_197.wav,94,2.0861074123391035,0.8908732551949243,0.3214852213859558,0.055934060364961624,-0.25952089534086337,1.548913043478261,0.0,0.0
test,audio_139.wav,81,1.8907563025210083,0.9133400179966978,0.285473495721817,0.09862300008535385,-0.22502255154126458,1.623456790123457,0.03797468354430378,0.0
test,audio_91.wav,90,2.0775623268698062,0.9356046885251998,0.44915834069252014,0.15381582743591732,-0.18094937783017911,1.5585106382978724,0.0,0.0
test,audio_8.wav,56,0.9735744089012517,0.8834489823452064,0.3038315176963806,0.2522040704886119,-0.3131731805347261,1.8584070796460177,0.11111111111111116,0.0
test,audio_136.wav,70,1.6595542911332386,0.9713437761579241,0.6332119107246399,0.02615250274538994,-0.1653179785897655,1.4150943396226414,0.0,0.0
test,audio_199.wav,91,2.0195295162006213,0.8090895366163723,0.0007910018903203309,0.03365040437451431,-0.36025687056980776,1.60989010989011,0.0449438202247191,0.06593406593406594
test,audio_110.wav,143,2.380952380952381,0.9460679361453423,0.14170262217521667,0.2504450134001672,-0.17354358422136074,1.6261261261261262,0.007092198581560294,0.006993006993006993
test,audio_208.wav,91,2.0195295162006213,0.8915556835269917,0.0019506672397255898,0.3386628329753876,-0.2952569858433486,1.7916666666666667,0.0449438202247191,0.01098901098901099
test,audio_152.wav,103,2.298081213743864,0.9539185736364532,0.269279807806015,0.2683648392558098,-0.13168711527440344,1.553648068669528,0.0,0.0
test,audio_94.wav,104,2.30803373280071,0.9224562503110904,0.19707249104976654,0.21267980550016677,-0.1932268670631716,1.8514285714285714,0.12745098039215685,0.0
test,audio_174.wav,78,1.7310252996005326,0.8310399701834745,0.06554840505123138,0.04438837319612503,-0.3153711239133977,1.5142857142857142,0.0,0.01282051282051282
test,audio_23.wav,120,2.6079905025679198,0.9231638285020988,0.30075961351394653,0.1278196315873753,-0.20881414976423998,1.7772727272727273,0.03389830508474578,0.0
test,audio_56.wav,137,2.280494592668501,0.7760332874192374,0.01655542477965355,0.2693316798657179,-0.383091038685173,1.7055837563451777,0.0,0.021897810218978103
test,audio_97.wav,80,1.7754105636928539,0.8292011165991425,0.1564648449420929,0.026812224090099333,-0.28031416267756903,1.625668449197861,0.02564102564102566,0.0
test,audio_148.wav,107,2.374611628939192,0.9279591887493,0.05849883705377579,0.4275360941886902,-0.2011791749501219,1.7714285714285714,0.01904761904761909,0.0
test,audio_59.wav,117,1.9475756740307637,0.8686632200375072,0.05046805366873741,0.385066351720265,-0.2799105788676815,1.5963855421686748,0.060869565217391286,0.008547008547008548
test,audio_5.wav,85,2.314814814814815,0.8524484434548546,0.055088162422180176,0.3522913847118616,-0.2770181484847878,1.5240641711229947,0.07228915662650603,0.0
test,audio_119.wav,133,2.95162006213937,0.9389332573628053,0.0009770187316462398,0.07393037378787995,-0.15710740215175753,1.8353909465020577,0.022900763358778664,0.045112781954887216
test,audio_80.wav,108,1.9249042282170017,0.9228929172925375,0.11621802300214767,0.12734486411015192,-0.22567499115741685,2.028368794326241,0.16981132075471694,0.009259259259259259
test,audio_58.wav,134,2.2305567548728407,0.8433153100534162,0.014040734618902206,0.36807742723348463,-0.28925445445704906,1.8545454545454545,0.037878787878787845,0.014925373134328358
test,audio_123.wav,93,2.0639147802929427,0.8965908863638463,0.2539671063423157,0.46086892911366056,-0.277088924133215,1.5384615384615385,0.05494505494505497,0.010752688172043012
test,audio_188.wav,79,1.7532179316466932,0.9277228412183025,0.06699124723672867,0.16137260594405234,-0.21149015426635742,1.601123595505618,0.038961038961038974,0.012658227848101266
test,audio_121.wav,90,1.9973368841544605,0.8761597721889202,0.004209484439343214,0.12524177879095078,-0.2740647103937561,1.5095541401273886,0.011363636363636354,0.06666666666666667
test,audio_107.wav,8,1.2345679012345678,0.8831916153430939,0.6346615552902222,0.05799619108438492,-0.3084683020909627,0.8947368421052632,0.0,0.0
test,audio_214.wav,106,2.3037969181282736,0.923507950426835,0.16552619636058807,0.24815394481023154,-0.2095504528811189,1.5694444444444444,0.0,0.018867924528301886
test,audio_73.wav,129,2.1473270252134062,0.9153616023556755,0.0022226921282708645,0.06772336198223962,-0.22630144449817838,1.5714285714285714,0.007874015748031482,0.06976744186046512
test,audio_169.wav,95,2.108300044385264,0.9042218473396804,0.24117988348007202,0.2576539771897452,-0.254237928887275,1.511111111111111,0.0,0.0
test,audio_7.wav,137,3.0444444444444443,0.8871587822307241,0.001476662582717836,0.2345473596027919,-0.22263967423211958,2.0277777777777777,0.20740740740740737,0.029197080291970802
test,audio_42.wav,87,1.5930181858132118,0.8740452169458529,0.12120586633682251,0.1141599602997303,-0.33348538654821896,1.5413533834586466,0.02352941176470591,0.0
test,audio_88.wav,122,2.030805403690198,0.8950246087672402,0.008181118406355381,0.27701600454747677,-0.2872673728533329,1.66,0.04201680672268904,0.008264462809917356
test,audio_64.wav,64,1.0653405396407596,0.7856745280878386,0.015285800211131573,0.34189742151647806,-0.4311888566963866,1.4403669724770642,0.0,0.015625
test,audio_195.wav,80,1.7777777777777777,0.8911827871575951,0.15352535247802734,0.058878248929977416,-0.26741620926629933,1.5739644970414202,0.0,0.075
test,audio_57.wav,143,2.3803702682598225,0.848771751526144,0.03648623451590538,0.30696207222839195,-0.2801782972093108,1.6464088397790055,0.03546099290780147,0.013986013986013986
test,audio_13.wav,93,2.0639147802929427,0.8842771403411384,0.07236988097429276,0.13834304468972342,-0.2526278786943318,1.7971014492753623,0.01098901098901095,0.0
test,audio_125.wav,78,1.7310252996005326,0.9521625693409871,0.6035326272249222,0.19047731682658195,-0.180807882276023,1.4961832061068703,0.03947368421052633,0.0
test,audio_209.wav,102,2.263648468708389,0.8532295135014197,0.03182867169380188,0.04409108217805624,-0.28004764444040187,1.6687898089171975,0.0,0.0
test,audio_211.wav,90,2.0035618878005343,0.895642978835989,0.2930237054824829,0.08030110544392041,-0.23616909608692108,1.5153061224489797,0.011363636363636354,0.011111111111111112
test,audio_63.wav,108,1.797762160643782,0.8809475851659145,0.027908680960536003,0.529978334903717,-0.3000121306973868,1.6046511627906976,0.009433962264150941,0.0
test,audio_86.wav,106,1.7644702687800082,0.879521107607164,0.003713694866746664,0.11400142684578896,-0.2519159527716446,1.6111111111111112,0.0,0.009433962264150943
test,audio_78.wav,107,1.781116214711895,0.9136043158403345,0.017859647050499916,0.06056296080350876,-0.3077609093624981,1.6045197740112995,0.02857142857142858,0.018691588785046728
test,audio_38.wav,79,1.31491344873502,0.8662452163009704,0.052615076303482056,0.260628679767251,-0.33635403312304435,1.532967032967033,0.0,0.05063291139240506
test,audio_186.wav,89,1.9751442521083,0.8941740220349826,0.0903577134013176,0.2879709005355835,-0.27196442351049305,1.5894039735099337,0.011494252873563204,0.0
test,audio_154.wav,75,1.6644474034620504,0.8736664923032122,0.18985967338085175,0.3669916093349457,-0.2650248130971254,1.5570469798657718,0.014084507042253502,0.0410958904109589
test,audio_21.wav,90,1.9973368841544605,0.832523045528818,0.12911754846572876,0.08415695792064071,-0.2903417313160462,1.530054644808743,0.05681818181818177,0.0
test,audio_120.wav,82,1.6666666666666665,0.885356078607246,0.0002124906750395894,0.23480021208524704,-0.2856496637700149,1.7272727272727273,0.0,0.06097560975609756
test,audio_183.wav,103,2.285841100754549,0.8950733434854691,0.00018512904352974147,0.17973074104104722,-0.2539164528014168,1.7531645569620253,0.010000000000000009,0.0196078431372549
test,audio_25.wav,107,2.325764635879267,0.8492577552238357,0.07340310513973236,0.2669772207736969,-0.3107262751655122,1.624113475177305,0.0,0.018691588785046728
test,audio_122.wav,107,2.374611628939192,0.8804195881516577,0.050286490470170975,0.37856851518154144,-0.25262738132257295,1.8695652173913044,0.06666666666666665,0.0
test,audio_36.wav,140,2.330226364846871,0.8635615269520454,0.04482356458902359,0.4142226241528988,-0.2781230500727328,1.6526315789473685,0.021897810218978075,0.014388489208633094
test,audio_76.wav,154,2.563475673510578,0.9072012100126836,0.06539389491081238,0.06998421268071979,-0.2286669084404697,1.6595744680851063,0.006802721088435382,0.020134228187919462
test,audio_163.wav,62,1.4783023366714354,0.7686667416668159,0.00022408852237276733,0.2882542014122009,-0.4014355789967466,1.5344827586206897,0.06666666666666665,0.06451612903225806
test,audio_83.wav,109,1.8144081065756688,0.9113944339870677,0.002863965928554535,0.2405987810343504,-0.22077775651027223,1.5635359116022098,0.009345794392523366,0.009174311926605505
test,audio_103.wav,68,1.1235955056179774,0.8587394372067031,0.435260534286499,0.22943507134914398,-0.3493876746389957,1.3566433566433567,0.0,0.0
test,audio_93.wav,111,2.4633821571238346,0.9197890806367044,0.010040347464382648,0.08766977808305196,-0.21063645958538113,1.655813953488372,0.00917431192660545,0.02702702702702703
test,audio_26.wav,89,2.0081227436823106,0.9040132796719728,0.3726809620857239,0.18066462874412537,-0.23458863187719275,1.5670731707317074,0.011494252873563204,0.0
test,audio_72.wav,148,2.4635999979192564,0.9335183714692658,0.04750122129917145,0.2230783253132055,-0.19416291518458004,1.7003891050583657,0.013698630136986356,0.006756756756756757
test,audio_210.wav,127,2.7777777777777777,0.8520198393653737,0.00027831149054691195,0.270079230889678,-0.29993616315929084,1.7586206896551724,0.07199999999999995,0.007874015748031496
test,audio_104.wav,49,1.174496644295302,0.8222465590212722,0.006101544015109539,0.18270759284496307,-0.375760036801535,1.625,0.021276595744680882,0.16326530612244897
test,audio_81.wav,118,1.9663164165549678,0.8910543315617715,0.0929270014166832,0.09162809001281857,-0.24871828089503042,1.736842105263158,0.06034482758620685,0.05084745762711865
test,audio_166.wav,85,1.8863737239236573,0.9080048651087519,0.32605597376823425,0.1698730245232582,-0.24807954471603583,1.5517241379310345,0.0,0.0
test,audio_202.wav,108,2.4,0.9123139383478297,0.03452668339014053,0.06874355673789978,-0.2137083041283392,1.6666666666666667,0.0,0.009259259259259259
test,audio_185.wav,99,2.1970705725699067,0.860024690101243,0.036625735461711884,0.1959970941146215,-0.27628628648900194,1.6608187134502923,0.0,0.030303030303030304
test,audio_9.wav,90,1.5,0.8264121177050078,0.0006356962257996202,0.25045060366392136,-0.33277678712249714,1.5671641791044777,0.011363636363636354,0.08888888888888889
test,audio_207.wav,85,1.877208480565371,0.8672280278860355,0.23489010334014893,0.19522249400615693,-0.28257644017537437,1.543859649122807,0.03614457831325302,0.047058823529411764
test,audio_127.wav,101,2.2444444444444445,0.9228651873250999,0.19296808540821075,0.2677682141462962,-0.21805059135052096,1.536764705882353,0.02020202020202022,0.019801980198019802
test,audio_12.wav,76,1.9747793395207587,0.909164195390124,0.21593597531318665,0.12094300519675016,-0.22469912670289516,1.8051948051948052,0.08333333333333337,0.0
test,audio_132.wav,86,1.9085663559698178,0.8525803954188906,0.04550905153155327,0.08707690797746181,-0.3279489280460598,1.7228915662650603,0.011904761904761862,0.011627906976744186
test,audio_109.wav,69,1.1546184738955825,0.7934022482106651,0.11884398013353348,0.46453639306128025,-0.45365674981982,1.3471074380165289,0.02985074626865669,0.0
test,audio_32.wav,109,2.0683111954459203,0.918979534041991,0.25362008810043335,0.3182829363005502,-0.18630865070677022,1.6742081447963801,0.03738317757009346,0.009174311926605505
test,audio_178.wav,84,1.8600531443755537,0.8927228440131459,0.21052411198616028,0.05396040342748165,-0.25264729258002044,1.4794520547945205,0.0,0.011904761904761904
test,audio_61.wav,116,1.9309297280988769,0.8684419122492445,0.19540363550186157,0.23234762416945565,-0.2999617410084558,1.4620253164556962,0.06194690265486724,0.0
test,audio_34.wav,118,1.9640479360852197,0.9114382663520716,0.07296407222747803,0.2814322795186724,-0.20241243487685998,1.5823529411764705,0.02631578947368418,0.0
test,audio_106.wav,56,1.4767932489451476,0.8060270800321762,0.03007340244948864,0.13066063821315765,-0.33455620561876603,1.5625,0.05555555555555558,0.05357142857142857
test,audio_49.wav,104,1.7311783769162343,0.9015446462689375,0.004133251029998064,0.056188592953341346,-0.2708262850542744,1.451086956521739,0.0,0.019230769230769232
test,audio_149.wav,86,2.0417853751187085,0.9350469535462153,0.33821138739585876,0.2260052732058934,-0.19526536581744214,1.5166666666666666,0.011904761904761862,0.03488372093023256
test,audio_30.wav,114,1.8976378362351032,0.8829122158257585,0.21114195883274078,0.2756389558315277,-0.2761134241567875,1.5545023696682465,0.008928571428571397,0.0
test,audio_131.wav,94,2.088888888888889,0.9136523453353413,0.00035386861418373883,0.1614639699459076,-0.18129138914735227,1.6644295302013423,0.03260869565217395,0.010638297872340425
test,audio_162.wav,99,2.2948539638386647,0.7951966905337288,0.00034511490957811475,0.37298755986349924,-0.3913178346594985,1.9722222222222223,0.061855670103092786,0.010101010101010102
test,audio_204.wav,95,2.111111111111111,0.9219693548781307,0.005550185218453407,0.22230679045120874,-0.2201017097479061,1.48,0.0,0.0
test,audio_198.wav,109,2.411504424778761,0.9234490300263833,0.17849324643611908,0.18389155296608806,-0.17811250306557916,1.7815533980582525,0.03738317757009346,0.0
test,audio_135.wav,87,1.9944979367262725,0.9471079119663129,0.5410703172286352,0.13428895175457,-0.17616631025000462,1.50253807106599,0.0,0.0
test,audio_187.wav,86,1.9085663559698178,0.9068898319504982,0.2660059332847595,0.2321881592273712,-0.20082602311694436,1.7086092715231789,0.011904761904761862,0.0
test,audio_3.wav,98,2.1777777777777776,0.906752969290377,0.009624993428587914,0.042791567742824554,-0.25318744360453477,1.5729166666666667,0.032258064516129004,0.0
test,audio_98.wav,132,2.929427430093209,0.9351481348567177,0.0016059019835665822,0.035814007478100915,-0.1591452701347947,1.7425742574257426,0.01538461538461533,0.007575757575757576
test,audio_159.wav,88,1.9529516200621393,0.9301040335135027,0.5001679062843323,0.13162659853696823,-0.18639108611316213,1.8717948717948718,0.08139534883720934,0.0
test,audio_167.wav,73,1.6200621393697292,0.8414261662592627,0.1927955597639084,0.12291633188724518,-0.34272921595835515,1.432,0.028169014084507005,0.0136986301369863
test,audio_205.wav,85,1.8956289027653879,0.8522313593503307,0.03496278449892998,0.0851416327059269,-0.2815002438786266,1.6987951807228916,0.048192771084337394,0.023529411764705882
test,audio_95.wav,76,1.6866400355082112,0.9233254104068405,0.30697229504585266,0.10493094846606255,-0.21792044904496932,1.5348837209302326,0.0,0.0
test,audio_68.wav,134,2.2305567548728407,0.8847357671871776,0.0013170266756787896,0.22464324368370903,-0.28073954658784867,1.5919282511210762,0.022727272727272707,0.05223880597014925
test,audio_31.wav,116,1.9309297280988769,0.8833343264614714,0.015298843383789062,0.3347213052213192,-0.30978836835320317,1.5396039603960396,0.0,0.0
test,audio_157.wav,79,1.7584203153192632,0.8459126535991702,0.023379385471343994,0.15054197311401368,-0.31901508037860576,1.5268817204301075,0.06493506493506496,0.02531645569620253
test,audio_89.wav,123,2.0474513496220847,0.8458214130222312,0.03566465526819229,0.1586239379313257,-0.2823323700430685,1.6944444444444444,0.04958677685950408,0.016260162601626018
test,audio_82.wav,94,1.5647189175973657,0.9042151056012099,0.011574452742934227,0.17623665602877736,-0.2541615251725364,1.381679389312977,0.0,0.0425531914893617
test,audio_53.wav,129,2.1473270252134062,0.8693452011649461,0.010526109486818314,0.34058750834729934,-0.29180689783335084,1.8502673796791445,0.047244094488189003,0.0
test,audio_37.wav,171,2.8462050599201065,0.8940043305618721,0.11456358432769775,0.4038564898073673,-0.2471264740122398,1.896039603960396,0.07100591715976334,0.005847953216374269
test,audio_113.wav,109,2.4189968930315136,0.8590136413852825,0.00045441227848641574,0.2271777968853712,-0.25312512497748096,1.8586387434554974,0.15887850467289721,0.01834862385321101
test,audio_85.wav,158,2.6300594572381253,0.9232072306223184,0.05790631100535393,0.10997943622483448,-0.20756448267576785,1.7135135135135136,0.032258064516129004,0.0
test,audio_173.wav,97,2.152685308477585,0.9293856705663744,0.008642036467790604,0.18518419936299324,-0.1954240698868384,1.5786516853932584,0.010526315789473717,0.030927835051546393
test,audio_41.wav,133,2.2139108089409536,0.8666949606171452,0.08498436957597733,0.19705727463588119,-0.30190896528738514,1.7085201793721974,0.007633587786259555,0.0
test,audio_51.wav,139,2.3137864845322746,0.8509955035491312,0.017200453206896782,0.45000547336207497,-0.28426831573936745,1.6104651162790697,0.06617647058823528,0.043478260869565216
test,audio_143.wav,93,2.0639147802929427,0.948090107851131,0.45136454701423645,0.037944987416267395,-0.1840686128564077,1.5357142857142858,0.022222222222222254,0.0
test,audio_92.wav,103,2.285841100754549,0.8070243974864291,0.11267995834350586,0.09778171564851489,-0.3517457728483239,1.5892857142857142,0.0,0.0
test,audio_74.wav,159,2.6467054031700123,0.9195962099873889,0.003536590375006199,0.03635296858847141,-0.19031947425857904,1.6299559471365639,0.0,0.02531645569620253
test,audio_0.wav,83,1.8395390070921986,0.8551493706518268,0.018815094605088234,0.2135996696140085,-0.4782467792322347,1.672514619883041,0.0,0.012048192771084338
test,audio_147.wav,124,2.7518863737239236,0.9427153645984588,0.2382740080356598,0.1172101916745305,-0.18448392539124908,1.8076923076923077,0.1311475409836066,0.0
test,audio_130.wav,104,2.30803373280071,0.8920835440930647,0.35323357582092285,0.09204258397221565,-0.2607324982472223,2.046979865771812,0.18367346938775508,0.0
test,audio_192.wav,94,2.0861074123391035,0.9187693428644474,0.08080054074525833,0.07427487336099148,-0.23815123707640407,1.680722891566265,0.04347826086956519,0.02127659574468085
test,audio_43.wav,167,2.7583245243128967,0.9155244491413467,0.002447013044729829,0.13706512323447637,-0.21457195041155577,1.6423076923076922,0.0060606060606061,0.023952095808383235
test,audio_65.wav,77,1.281737836755289,0.883955430481341,0.1764981895685196,0.19092810650666556,-0.30801589802058055,1.3969465648854962,0.026666666666666616,0.012987012987012988
test,audio_14.wav,99,2.1970705725699067,0.8784918447435907,0.0947275161743164,0.6280605707849775,-0.27665536175556704,1.5956284153005464,0.030927835051546393,0.030303030303030304
test,audio_117.wav,110,2.4411895250776743,0.9492709211327813,0.12125900387763977,0.2383958138525486,-0.2665063111327548,1.8109452736318408,0.05555555555555558,0.00909090909090909
test,audio_212.wav,92,2.041722148246782,0.8566760195257224,0.042240750044584274,0.18331254522005716,-0.2830712482431583,1.6842105263157894,0.0444444444444444,0.010869565217391304
test,audio_79.wav,115,1.9163253212188245,0.9175232919014018,0.05194764584302902,0.13987008854746819,-0.21805314961658473,1.7028985507246377,0.026548672566371723,0.0
test,audio_171.wav,93,2.0639147802929427,0.9348005593143484,0.23584169149398804,0.13239153581006186,-0.1838293620518276,1.6896551724137931,0.06593406593406592,0.0
test,audio_60.wav,128,2.130681079281519,0.8251292576508907,0.05404288321733475,0.45736557692289354,-0.31149338027577345,1.63125,0.03968253968253965,0.0
test,audio_153.wav,105,2.3302263648468706,0.9250371240434192,0.3819378912448883,0.20509934851101466,-0.15808964788956908,1.6805555555555556,0.009708737864077666,0.01904761904761905
test,audio_176.wav,74,1.6473731077471059,0.9131473568645684,0.29610365629196167,0.32942006417683195,-0.22361600594442402,1.3870967741935485,0.028169014084507005,0.0
test,audio_2.wav,121,2.6853084775854414,0.9529130561046364,0.2389557808637619,0.0180386311840266,-0.16101490415173414,1.82010582010582,0.05084745762711862,0.008333333333333333
test,audio_50.wav,68,2.0631067961165046,0.9456566028735217,0.45855244994163513,0.045754449519639216,-0.22713805304633247,1.6666666666666667,0.015151515151515138,0.014705882352941176
test,audio_29.wav,38,1.265991471215352,0.8395510196293655,0.13466587662696838,0.1346890777349472,-0.47759056344945383,1.4195804195804196,0.0,0.0
test,audio_142.wav,87,1.9307589880159786,0.9292999026419102,0.3409309983253479,0.05168432742357254,-0.1855939566472356,1.4680851063829787,0.0,0.011494252873563218
test,audio_47.wav,78,1.3622386995859799,0.9057628947954911,0.33193469047546387,0.169938325881958,-0.3409344130426117,1.4926470588235294,0.02631578947368418,0.05128205128205128
test,audio_84.wav,93,1.5480729716654789,0.9379117956324932,0.029177125543355942,0.19686009176075459,-0.2304821019324415,1.4662576687116564,0.01098901098901095,0.0
test,audio_164.wav,56,1.2663952962460425,0.8798961857599872,0.2554563581943512,0.25948430101076764,-0.3131446744393611,1.4230769230769231,0.01851851851851849,0.0
test,audio_48.wav,63,2.2287719422376604,0.9746180512602367,0.6404542326927185,0.0008529880433343351,-0.13444521520044897,1.5979899497487438,0.016393442622950838,0.0
test,audio_189.wav,72,1.5978695073235685,0.8493890152729162,0.00027927683549933136,0.07958932469288509,-0.31944367625029974,1.6467065868263473,0.08571428571428574,0.041666666666666664
test,audio_151.wav,88,2.039870190078813,0.9370709698096934,0.011073647066950798,0.15113252933536256,-0.2044689540576218,1.563157894736842,0.03488372093023251,0.045454545454545456
test,audio_66.wav,49,0.8156513506624566,0.44878748339619867,0.007807634305208921,0.7294482343337115,-0.6630298390107996,1.6615384615384616,0.1063829787234043,0.02040816326530612
test,audio_44.wav,67,1.1740649919447312,0.8766394285346145,0.07269426435232162,0.14395548372219005,-0.3961114524886901,1.4789915966386555,0.032786885245901676,0.0
test,audio_150.wav,115,2.5555555555555554,0.9166353120835519,0.00011780954082496464,0.397565891345342,-0.20266452668205137,1.722466960352423,0.026548672566371723,0.034782608695652174
test,audio_87.wav,126,2.0973891874177455,0.891054649998695,0.006033627782016993,0.20626356303691865,-0.22305457053521666,1.7625899280575539,0.06451612903225812,0.05555555555555555
test,audio_99.wav,75,1.6644474034620504,0.8648365447918575,0.09058760106563568,0.1793913170695305,-0.2892019871754345,1.4444444444444444,0.01388888888888884,0.05405405405405406
test,audio_62.wav,121,1.9824792254404515,0.8715575481668761,0.0035812726709991693,0.4503288045525551,-0.31755926297166465,1.5695652173913044,0.008403361344537785,0.01652892561983471
test,audio_20.wav,96,2.1304926764314245,0.8898698241288608,0.0002703106147237122,0.28622486335890635,-0.2632802237182533,1.7857142857142858,0.021276595744680882,0.052083333333333336
test,audio_124.wav,101,2.241455836662228,0.8870770818378666,0.06631987541913986,0.3107249935468038,-0.25775665480397814,1.7453416149068324,0.04040404040404044,0.0297029702970297
test,audio_54.wav,129,2.1473270252134062,0.8467971343710748,0.07511050254106522,0.4210954076713986,-0.31227713857676154,1.5568862275449102,0.015748031496062964,0.015503875968992248
test,audio_45.wav,177,2.925556367062285,0.9427847178642359,0.044659003615379333,0.20280937167505422,-0.1937183524601291,1.7361111111111112,0.011428571428571455,0.011299435028248588
test,audio_71.wav,155,3.1049679487179485,0.9452230195124303,0.042413730174303055,0.18562579403320947,-0.13985928573083034,1.6386861313868613,0.05882352941176472,0.012903225806451613
test,audio_184.wav,110,2.4411895250776743,0.8543556542559103,0.038762450218200684,0.3928947382503086,-0.27698123678074205,1.854368932038835,0.0092592592592593,0.06363636363636363
test,audio_24.wav,90,1.9973368841544605,0.8182204316473669,0.04961683601140976,0.23637444153428078,-0.3405379346104897,1.795031055900621,0.09302325581395354,0.07954545454545454
test,audio_140.wav,101,2.241455836662228,0.9236632014560228,0.18440525233745575,0.2535618373325893,-0.19979678043702834,1.60625,0.0,0.009900990099009901
test,audio_165.wav,72,1.7467248908296944,0.8385905768567076,0.019284667447209358,0.10879741236567497,-0.36608656427259717,1.6626506024096386,0.05797101449275366,0.028169014084507043
test,audio_170.wav,82,1.8197958277851751,0.8926127030536896,0.09073426574468613,0.08752479155858357,-0.2538668071694891,1.6575342465753424,0.09999999999999998,0.012195121951219513
