split,filename,duration_loaded_s,rms,rms_dbfs,peak,clip_fraction,zcr,spectral_centroid,spectral_bandwidth,spectral_flatness,speech_ratio
train,audio_192.wav,60.508375,0.04985341,-26.046103,0.4777832,0.0,0.08470384543877045,963.751296797275,900.0457980396724,0.0031147888,0.510342576544156
train,audio_436.wav,60.0746875,0.08825397,-21.085316,0.9456482,0.0,0.14278650601281626,1709.8198636642326,1435.5393658919581,0.026420511,0.7453170272421309
train,audio_447.wav,60.0746875,0.07496246,-22.503124,0.9193115,0.0,0.14674346964464047,1610.9757470876891,1429.8706243822894,0.026236288,0.6188962697475539
train,audio_126.wav,45.06,0.01840025,-34.703526,0.3289795,0.0,0.05941842203794098,903.7300890397338,1120.821466631749,0.0033189964,0.6562361296049711
train,audio_61.wav,45.3,0.012944575,-37.758244,0.17614746,0.0,0.16976022815051864,2208.8249665781836,1621.3134410243326,0.089340344,0.6247240618101545
train,audio_639.wav,60.0746875,0.034571208,-29.22571,0.95047,0.0,0.14972192025216377,2281.832487398716,2206.43182221133,0.07219508,0.36471267536764135
train,audio_703.wav,52.16,0.04340996,-27.248213,0.9323425,0.0,0.22676503797680658,2342.774401566461,1766.1074847743373,0.1263583,0.41851993865030673
train,audio_509.wav,60.0746875,0.0954667,-20.402962,0.9382019,0.0,0.12995140593791613,1525.3682752591926,1391.139701361448,0.043066386,0.6603446751179521
train,audio_672.wav,60.0746875,0.06298372,-24.015434,0.8299866,0.0,0.18133991917027298,2007.4934664865982,1653.691594230447,0.04129728,0.5727869995162272
train,audio_344.wav,60.0746875,0.07495555,-22.503925,0.9345093,0.0,0.09855316609104527,1313.9472738703544,1260.0066303299943,0.014870689,0.6049136751647689
train,audio_592.wav,60.0746875,0.06342684,-23.95454,0.8129883,0.0,0.08828918213215713,1292.4998406863008,1457.4978027186485,0.018618597,0.4761520815235202
train,audio_705.wav,60.0746875,0.07294895,-22.73962,0.94259644,0.0,0.12678440464796936,1394.920795690266,1239.8838549426252,0.020991268,0.6082428643511463
train,audio_497.wav,60.0746875,0.032808773,-29.680199,0.5392761,0.0,0.1265480661201731,1573.0534503564857,1539.8134694765524,0.02585798,0.736583107485994
train,audio_702.wav,60.0746875,0.045881312,-26.767282,0.97683716,0.0,0.2760430753786618,2678.9202259049716,1801.8009318218535,0.15446733,0.3835225942706735
train,audio_598.wav,60.0746875,0.058714554,-24.625084,0.601532,0.0,0.1459908923518642,1715.6537479488861,1520.2228163185798,0.020916654,0.7075307299767477
train,audio_99.wav,45.06,0.0046462826,-46.657887,0.09048462,0.0,0.15102418806856002,1861.6181925146254,1719.552151135112,0.07551727,0.6948513093652907
train,audio_194.wav,26.53875,0.054574426,-25.260218,0.99993896,2.355046865432622e-06,0.17104635691409192,1531.8342759988705,1068.8695314019255,0.004623158,0.6138194150063586
train,audio_5055.wav,60.08,0.0817924,-21.74574,0.9499817,0.0,0.46159081689965054,3862.731709435277,2352.788241511098,0.5100508,1.0
train,audio_178.wav,60.0746875,0.07458684,-22.546757,0.7689209,0.0,0.16635274061667776,1870.7936710776114,1634.5141812658933,0.031053646,0.6154786489734133
train,audio_609.wav,45.9733125,0.056415007,-24.972107,1.0,1.3594843747663386e-06,0.18780796338081776,2005.9728011782092,1509.7191531307915,0.051978637,0.6253628123925158
train,audio_77.wav,39.96,0.046648707,-26.623209,0.5184021,0.0,0.2573707624468351,2628.0294037511826,1875.2243745292526,0.089333385,0.8395895895895896
train,audio_18.wav,45.012,0.06882842,-23.244644,0.6699829,0.0,0.17677950424811195,1973.941692474258,1605.0640385066024,0.053721532,0.707366924375722
train,audio_9.wav,45.06,0.042767294,-27.377766,0.33966064,0.0,0.15631760317284224,1737.7652777366109,1556.4168728020388,0.073553145,0.7170439414114514
train,audio_138.wav,42.96,0.05781202,-24.759636,1.0,4.5100093109869646e-05,0.11834382999767279,1559.554140890838,1563.0557645668316,0.029924698,0.6222067039106145
train,audio_269.wav,60.08,0.029962432,-30.46846,0.68481445,0.0,0.14613366408720252,1750.1000538486746,1648.260018069984,0.04225576,0.5174766977363515
train,audio_717.wav,60.0746875,0.076171264,-22.364178,0.6522522,0.0,0.09116718073818242,1082.8512932777298,1147.9284983955772,0.010311878,0.6663372156534314
train,audio_529.wav,60.0746875,0.048529875,-26.279816,0.7347107,0.0,0.11920791808838216,1472.9921948078795,1397.0176849982647,0.016780715,0.6537643246167532
train,audio_578.wav,60.0746875,0.08013695,-21.923344,0.9557495,0.0,0.08460009050432757,1077.2335269508815,1084.225794281937,0.01175725,0.6836489994225937
train,audio_171.wav,60.08,0.047371116,-26.489727,0.6689148,0.0,0.2225223362872358,2273.371122732028,1722.9063743666304,0.103783354,0.4786950732356858
train,audio_596.wav,60.0746875,0.06288194,-24.029482,0.93927,0.0,0.16476533892310252,1921.3688173645512,1586.9522981854095,0.019959146,0.5769484859991989
train,audio_5066.wav,60.0746875,0.16025987,-15.903503,0.9500122,0.0,0.4491764886401465,3859.5460969116166,2355.8290010596893,0.4970996,1.0
train,audio_501.wav,60.0746875,0.09470194,-20.472822,0.9135742,0.0,0.15984416611185087,1759.1140722240978,1438.9385740214661,0.022632152,0.7614635947960612
train,audio_8.wav,45.06,0.056700412,-24.928276,0.55874634,0.0,0.13560676447747946,1505.92483461111,1300.1821122404288,0.01843622,0.783843763870395
train,audio_84.wav,45.06,0.009586603,-40.366707,0.06478882,0.0,0.05705447775682272,1232.4599758323272,1631.222498710189,0.018918935,0.9629383044829116
train,audio_11.wav,42.66,0.014473048,-36.7888,0.1643982,0.0,0.09868018733887977,1407.8684725226885,1551.6832355312827,0.039041318,0.5963431786216596
train,audio_142.wav,60.08,0.030240078,-30.38834,0.6633606,0.0,0.3122893784323515,2950.358458095063,1960.423723330091,0.14009881,0.20555925432756325
train,audio_610.wav,46.08,0.060566753,-24.355314,0.83309937,0.0,0.17750850916684746,1904.203513970841,1442.5425641793195,0.044107586,0.6799045138888888
train,audio_654.wav,60.0746875,0.054373015,-25.292332,0.6907959,0.0,0.18511223316827563,2004.4633261412127,1671.069826619993,0.03521642,0.5724540805975895
train,audio_170.wav,60.08,0.049810883,-26.053514,0.689209,0.0,0.19253021509402563,2049.517216295877,1646.6530747628858,0.059106186,0.6378162450066578
train,audio_255.wav,60.08,0.053886145,-25.370457,0.6320801,0.0,0.25783850266267266,2379.7050889802376,1656.7068871764047,0.12999442,0.6296604527296937
train,audio_162.wav,60.08,0.052464314,-25.60272,0.68917847,0.0,0.25585287433433185,2626.6844646917843,1907.2730414125754,0.08437872,0.6023635153129161
train,audio_5069.wav,60.0746875,0.114312485,-18.838127,0.9500122,0.0,0.4524582457764647,3846.5216079853503,2364.8200808543074,0.5023567,1.0
train,audio_769.wav,60.0746875,0.055860545,-25.057898,0.7129822,0.0,0.12413624282207057,1238.2346915642677,929.8611424357624,0.016395912,0.6025832427343047
train,audio_720.wav,60.0106875,0.074475214,-22.559765,0.7678833,0.0,0.12131600664361879,1419.9370876778285,1323.3891056568261,0.016444724,0.7575431876197053
train,audio_623.wav,60.0746875,0.059736386,-24.475222,0.9853821,0.0,0.19479431071071904,2176.8688265834394,1638.4217082294151,0.06221507,0.6436987291860653
train,audio_718.wav,60.0746875,0.067813054,-23.373735,0.94018555,0.0,0.10395611840462717,1185.5379276930305,1190.3372584368983,0.010203867,0.6326239732832568
train,audio_136.wav,45.06,0.039371077,-28.096455,0.6932678,0.0,0.11540034945640115,1398.7298481924556,1335.8106710604889,0.022657977,0.9997780736795384
train,audio_119.wav,45.06,0.011277896,-38.955437,0.1199646,0.0,0.04878002274240071,914.7496889937823,1279.550619235407,0.0055215205,1.0
train,audio_542.wav,60.0746875,0.083588965,-21.557022,0.90689087,0.0,0.14832924590129826,1752.752479625301,1575.782534267608,0.017112158,0.6356202435509964
train,audio_5073.wav,60.0746875,0.12826407,-17.8379,0.9500122,0.0,0.45019986372336884,3851.292673090959,2352.2412933038636,0.49549872,1.0
train,audio_322.wav,60.0746875,0.047921687,-26.389359,0.930542,0.0,0.1377645561126831,1642.3936997154126,1649.5966889949798,0.023915363,0.6366190003069097
train,audio_5039.wav,60.0746875,0.06696965,-23.482439,0.9500122,0.0,0.4706264043774967,3892.378531606017,2339.265209872241,0.5248913,1.0
train,audio_707.wav,60.0746875,0.06576706,-23.639832,0.91259766,0.0,0.15439635173934754,1622.587030951276,1285.995338339491,0.021090282,0.6576813237688502
train,audio_148.wav,60.08,0.041587602,-27.620724,0.68444824,0.0,0.2294403446912964,2196.4434191212513,1577.975617707488,0.06929181,0.6488015978695073
train,audio_316.wav,60.0746875,0.08661807,-21.24783,1.0,4.161486482971718e-06,0.13496295304177763,1648.2952703286753,1199.1559606919252,0.077034384,0.6854800534751013
train,audio_647.wav,60.0746875,0.073060855,-22.726305,0.9246216,0.0,0.14646324432007324,1671.1190871506874,1511.5226976964655,0.024535712,0.6688341075432145
train,audio_286.wav,60.0746875,0.05654287,-24.952442,0.96432495,0.0,0.12691671521304926,1481.8534494522175,1336.4911286206986,0.01760141,0.5657957022248347
train,audio_92.wav,41.4,0.11220751,-18.999561,1.0,1.5096618357487922e-05,0.1822933960697899,1919.484955526642,1420.4293096329445,0.025835589,0.6640096618357488
train,audio_462.wav,60.0746875,0.062472794,-24.086182,0.9105835,0.0,0.16998981826314913,2090.966539150112,1823.2729240671079,0.060956538,0.43379335098497185
train,audio_376.wav,45.8453125,0.07308064,-22.723953,0.80807495,0.0,0.18538116821155942,2000.9293038810524,1513.0078432517575,0.038454972,0.6829487747520534
train,audio_76.wav,45.06,0.016102444,-35.862164,0.378479,0.0,0.30199637369647214,3076.0096853779314,2017.4792980480104,0.085182264,0.606080781180648
train,audio_105.wav,45.06,0.011638541,-38.68203,0.109680176,0.0,0.1715339506600843,1943.1564381425546,1687.0427885992553,0.10258652,0.539502885042166
train,audio_355.wav,60.2026875,0.050551,-25.925406,0.7494812,0.0,0.07896191454907822,1227.0689752998715,1395.4487955475904,0.024999365,0.2768979374882558
train,audio_663.wav,60.0746875,0.048880477,-26.21729,0.6995239,0.0,0.12571909329227696,1560.1000118702502,1481.212648828823,0.017390754,0.5373311346813081
train,audio_767.wav,60.0746875,0.07151353,-22.912235,0.9303894,0.0,0.12690631241677763,1230.4655740981482,904.4858208373006,0.011525972,0.555308756287746
train,audio_655.wav,60.0746875,0.06917035,-23.201601,0.9494629,0.0,0.19381124646304926,2075.063760833128,1576.2621222443643,0.06966698,0.6426999724301521
train,audio_372.wav,60.0106875,0.04950984,-26.106169,0.94039917,0.0,0.15251752020159948,1769.429884418952,1528.2771413100736,0.04957165,0.6792123486337329
train,audio_667.wav,60.0746875,0.07395391,-22.620777,0.91119385,0.0,0.21592499063748335,2221.4904037884266,1490.1321780191543,0.042884726,0.7477358912603582
train,audio_517.wav,60.0746875,0.040214073,-27.912437,0.42471313,0.0,0.1291705460427763,1674.7159148242013,1691.065082007039,0.052225523,0.6779893778057522
train,audio_765.wav,60.167,0.05712011,-24.864218,0.9388428,0.0,0.22456620304969255,2419.2577060321782,1764.3485469952032,0.073557265,0.5858693303638207
train,audio_38.wav,45.06,0.013653339,-37.295223,0.10165405,0.0,0.05051777096738407,1013.9440458261654,1460.5829129861,0.0063309697,0.9995561473590768
train,audio_371.wav,60.0746875,0.049109314,-26.176722,0.9447632,0.0,0.23045477124251,2290.4194307733683,1627.5161700210244,0.06589586,0.6335447021676143
train,audio_507.wav,60.0746875,0.065727785,-23.64502,0.9668884,0.0,0.12152709148219042,1519.1483732264528,1460.2509470970197,0.024484668,0.5310056752271911
train,audio_5056.wav,60.08,0.096728906,-20.288876,0.9500122,0.0,0.46039079401730737,3862.8531206226185,2355.124994182169,0.506975,1.0
train,audio_282.wav,60.0746875,0.06749008,-23.415201,0.98117065,0.0,0.1437305597744674,1879.59171527585,1504.0761855344688,0.07118484,0.5732863778941838
train,audio_459.wav,60.0746875,0.09742974,-20.22617,0.93917847,0.0,0.12545154637566577,1623.3500982309483,1522.4560526293665,0.029020587,0.6924713507664938
train,audio_303.wav,60.0746875,0.05046732,-25.939796,0.96273804,0.0,0.23830270576731025,2506.8186463849433,1711.481782171722,0.07082235,0.5707894860044008
train,audio_297.wav,43.7546875,0.08677635,-21.231974,0.8536377,0.0,0.17809322154936014,1924.6802731410999,1499.292096656898,0.04369091,0.6856408241974075
train,audio_432.wav,60.0746875,0.09348429,-20.585228,0.81173706,0.0,0.12180016488432091,1548.9665870476383,1489.5403627136625,0.020636575,0.7045344597090081
train,audio_454.wav,60.0746875,0.07602618,-22.380735,0.9472046,0.0,0.11265285608771637,1282.679347064095,1168.053108532201,0.014984312,0.5926737030467283
train,audio_482.wav,60.0746875,0.059526905,-24.505733,0.9309082,0.0,0.12662933796604528,1575.219419778791,1399.0581402772614,0.03400528,0.6144018643459443
train,audio_484.wav,54.2506875,0.062273864,-24.113884,0.9559021,0.0,0.14524036467932178,1772.037360859346,1537.8716756724766,0.046884093,0.48441782419808044
train,audio_757.wav,60.0746875,0.06432781,-23.832024,0.9406433,0.0,0.19423483532373503,2070.7917458053234,1747.0845571802079,0.05831733,0.598421756251333
train,audio_773.wav,60.0746875,0.059701126,-24.48035,0.9678955,0.0,0.149945580372004,1725.245017955545,1584.555620863158,0.072702855,0.32825805377680906
train,audio_668.wav,60.0746875,0.07258136,-22.783499,0.91625977,0.0,0.20831697060169774,2141.7614052204867,1461.4996871946346,0.041843005,0.7485681885569525
train,audio_240.wav,60.08,0.011464675,-38.812767,0.118927,0.0,0.08252465052421368,1465.5619172095317,1719.9195407736524,0.01674112,0.9998335552596538
train,audio_163.wav,60.0746875,0.08461378,-21.451178,0.9389343,0.0,0.0879393881075233,1446.505740249584,1673.7849857113847,0.017187705,0.5706230265450819
train,audio_659.wav,60.0746875,0.07187374,-22.868595,0.9734497,0.0,0.19331158715462715,1865.5515566905458,1514.9515380756995,0.070528336,0.5892664859887952
train,audio_532.wav,60.0746875,0.10165895,-19.857088,0.9359741,0.0,0.1249941484270972,1478.0332082818757,1370.3247179540112,0.01830224,0.7278387840136497
train,audio_464.wav,60.0746875,0.05566211,-25.088806,0.9999695,1.0403716207429294e-06,0.174589154564747,2050.3356113429936,1852.8268073972172,0.10297992,0.43262813476973977
train,audio_5.wav,45.06,0.0045035905,-46.92882,0.045684814,0.0,0.12923863226647436,1715.6510876969292,1717.8150446608327,0.033611346,0.9682645361739902
train,audio_231.wav,60.02,0.075802095,-22.406376,0.6386719,0.0,0.15046350522655338,1633.6908913474563,1521.2844649851884,0.04936034,0.6067977340886371
train,audio_384.wav,60.0106875,0.060083248,-24.424932,0.9999695,1.0414811528363177e-06,0.17640018431356214,1965.1699176032307,1591.816944714291,0.022553813,0.6032373400154765
train,audio_54.wav,36.42,0.014698622,-36.65447,0.22259521,0.0,0.07857427772440297,1395.2040387808427,1573.995985210839,0.014954431,0.828116419549698
train,audio_656.wav,60.0746875,0.06020574,-24.407242,0.97229004,0.0,0.18381350907123836,2030.09722573541,1573.8314282279343,0.061121326,0.6296277030155172
train,audio_444.wav,60.0746875,0.10468316,-19.602463,0.9550171,0.0,0.12551721402713048,1606.7600692986136,1506.9151139119208,0.023951907,0.5704565670857631
train,audio_5062.wav,61.0346875,0.15374413,-16.264029,0.9500122,0.0,0.4473968145887942,3819.776242264084,2371.6296362629587,0.49114078,1.0
train,audio_312.wav,60.0746875,0.018613592,-34.603394,0.34405518,0.0,0.0633845627704727,1032.4212023890498,1278.97861977435,0.0042716204,0.992764215377733
train,audio_120.wav,45.0,0.00945573,-40.4861,0.24139404,0.0,0.12117663088758054,1944.2545629481706,1936.078264941879,0.03655827,0.5031111111111111
train,audio_446.wav,50.7093125,0.0861862,-21.291246,0.93899536,0.0,0.10737334537073555,1317.7714549646646,1348.8457763119095,0.01090457,0.6448519687582039
train,audio_546.wav,60.0746875,0.09401808,-20.535772,0.9472046,0.0,0.07805738182423436,926.3981379281668,935.6449608879828,0.0067266584,0.5889335670701574
train,audio_430.wav,60.0746875,0.04387176,-27.156298,0.9315491,0.0,0.1261374807548269,1533.3928956556665,1550.3879798649652,0.03001055,0.5484839184556723
train,audio_179.wav,60.0746875,0.05606428,-25.026274,0.7371521,0.0,0.16898757385985352,1855.1301352161215,1603.7833604751752,0.03249437,0.5139383787889034
train,audio_674.wav,60.0746875,0.08023871,-21.912323,0.94503784,0.0,0.15208335500582557,1728.511240166506,1384.239982286213,0.034150608,0.7551381353419442
train,audio_737.wav,60.0746875,0.05434889,-25.296188,0.5586853,0.0,0.11151244954643809,1878.5502854565614,1573.1460176455378,0.1136691,0.47531978422692583
train,audio_669.wav,60.0746875,0.082943834,-21.624317,0.8871155,0.0,0.11664720476864181,1448.6326783411187,1510.5670662147409,0.03731712,0.6320465670337444
train,audio_540.wav,60.0746875,0.06743706,-23.422028,0.9445801,0.0,0.11312033174517311,1441.5900588382424,1352.1879246681426,0.0104961945,0.7504772704810159
train,audio_692.wav,44.7786875,0.03552142,-28.990192,0.5661621,0.0,0.10823444129633765,1330.0356190698483,1423.3280784355568,0.01316665,0.6098883536950475
train,audio_572.wav,54.848,0.074285984,-22.581863,0.9570923,0.0,0.13634949008659983,1472.7750234259115,1242.2961452369047,0.025403302,0.7509845390898483
train,audio_479.wav,60.615,0.053361584,-25.455425,0.97021484,0.0,0.16135673560706038,1773.626840263071,1300.9740811685283,0.089718275,0.5628969726965273
train,audio_419.wav,60.7003125,0.013120632,-37.640907,0.13110352,0.0,0.09698805025943008,1594.8149725658218,1370.2343056585642,0.07068692,0.5176250122270787
train,audio_5037.wav,45.06,0.12642758,-17.963163,0.9500122,0.0,0.4496911055025516,3841.379562157188,2349.5112465013017,0.49877372,1.0
train,audio_433.wav,60.0746875,0.076146305,-22.367023,0.9220276,0.0,0.14425915186001997,1718.044497981462,1510.880866320723,0.023817053,0.7175182975358798
train,audio_405.wav,60.0746875,0.06584446,-23.629616,0.93136597,0.0,0.1781823454144474,2084.347210453098,1733.6293764619675,0.039015003,0.5664615400621101
train,audio_267.wav,60.08,0.079180636,-22.027622,0.73535156,0.0,0.1329873679064736,1728.244682259996,1677.9206618543424,0.06301453,0.4761984021304927
train,audio_358.wav,60.0746875,0.06142191,-24.233534,0.9587097,0.0,0.1763039905126498,2069.37215337417,1718.4543175777737,0.048955325,0.6675024318686635
train,audio_331.wav,60.0106875,0.053281073,-25.46854,0.95040894,0.0,0.17242950266577808,1893.947888954563,1544.1608641451758,0.062328152,0.6023926988005261
train,audio_487.wav,60.0746875,0.07332029,-22.695515,0.9999695,2.080743241485859e-06,0.1134278644099534,1418.1391513478022,1319.1185723718795,0.030190138,0.5826861354875962
train,audio_494.wav,60.0746875,0.06490944,-23.753843,0.7646179,0.0,0.14318668858189082,1678.598493223051,1663.533962331447,0.06438419,0.6480266751283559
train,audio_536.wav,54.1866875,0.046370633,-26.675138,0.5090637,0.0,0.11942319558497878,1464.2547213494881,1515.866002728069,0.028994516,0.5225764630842216
train,audio_634.wav,60.0746875,0.070150234,-23.079416,0.9433594,0.0,0.13296106493425433,1622.9445349695627,1547.605633199161,0.026304146,0.7175182975358798
train,audio_317.wav,60.0746875,0.06198127,-24.154793,0.816864,0.0,0.16064225563831558,1689.6758626875048,1353.9946990758162,0.032650527,0.707452702105192
train,audio_5054.wav,58.6666875,0.12915671,-17.77766,0.9500122,0.0,0.4551130795125277,3860.1356369399837,2347.104327036232,0.50475633,1.0
train,audio_723.wav,60.0746875,0.058332883,-24.68173,0.92385864,0.0,0.22000093625166445,2164.1417278470526,1584.2212449137094,0.045696884,0.6618428102518219
train,audio_155.wav,60.08,0.042838946,-27.363224,0.61746216,0.0,0.2899371645656515,2731.7101560098868,1574.154823739236,0.06643393,0.7032290279627164
train,audio_410.wav,46.208,0.07807437,-22.14983,0.90026855,0.0,0.15751714320493398,1720.8445647897058,1447.405140675105,0.033865873,0.5916724376731302
train,audio_251.wav,20.06,0.025819775,-31.76095,0.550354,0.0,0.07018598966118585,980.2684423848592,1331.7613703694374,0.00574709,0.56580259222333
train,audio_779.wav,60.0746875,0.048951678,-26.204647,0.90756226,0.0,0.1696374235394474,1839.1114121545968,1668.6131443064994,0.072321035,0.6458627021572105
train,audio_382.wav,60.0746875,0.062324382,-24.106842,0.60006714,0.0,0.14739819563498668,1663.6120643844963,1465.941043189389,0.042602208,0.6950462705278325
train,audio_559.wav,60.0746875,0.051518306,-25.760767,0.76309204,0.0,0.15579065152713048,1745.4962004680017,1539.3020088562664,0.03433658,0.3509745681157309
train,audio_161.wav,60.08,0.03211059,-29.867035,0.6720581,0.0,0.3125994601847229,3045.9735043750593,2168.397503187883,0.1930337,0.2791278295605859
train,audio_535.wav,60.0746875,0.06664358,-23.524834,0.81555176,0.0,0.11588487485436086,1415.497200006117,1477.2084561589288,0.024158584,0.6576813237688502
train,audio_363.wav,44.1173125,0.05728955,-24.838493,0.5657654,0.0,0.18540344514959203,2075.153115790749,1660.8381942418785,0.06279988,0.5560175497997526
train,audio_5057.wav,60.0746875,0.1275522,-17.886242,0.9499817,0.0,0.4505694880783955,3832.9601030311287,2362.8575237179048,0.4991083,1.0
train,audio_660.wav,60.0746875,0.06502435,-23.73848,0.94299316,0.0,0.19409634809836884,1795.740381913291,1377.0048814114841,0.05441396,0.5999198913852027
train,audio_293.wav,60.0746875,0.039049115,-28.167778,0.441864,0.0,0.18420036305758988,2116.654184534318,1760.8530534263737,0.05102862,0.6967992967087844
train,audio_74.wav,45.06,0.07611025,-22.371138,0.6500244,0.0,0.15812685475371643,1746.8461334872725,1439.5909968012459,0.042509787,0.6025299600532623
train,audio_215.wav,60.07475,0.10167031,-19.856117,0.9317932,0.0,0.12612090129826897,1158.673005258063,882.584282942195,0.0010693179,0.7164407675437684
train,audio_228.wav,60.231,0.04362332,-27.205624,0.9415283,0.0,0.11153724943974104,1173.16431751627,1007.6345418231753,0.0022191424,0.4351579751290863
train,audio_602.wav,60.0106875,0.047348656,-26.493847,0.66308594,0.0,0.10003729225674775,1205.424849420041,1210.513494787616,0.011964048,0.5765754225028666
train,audio_396.wav,60.0746875,0.05209157,-25.664652,0.8423462,0.0,0.09288884352113848,1300.4927191792442,1376.6230307593687,0.009963108,0.5524789454793252
train,audio_576.wav,60.0746875,0.06498786,-23.743355,0.89901733,0.0,0.1601621015729028,1822.5679116907688,1574.832744390956,0.022698553,0.5351671617101629
train,audio_5040.wav,60.0746875,0.09041975,-20.874733,0.9500122,0.0,0.4634741568533622,3825.451769191216,2351.958281861493,0.51325065,1.0
train,audio_198.wav,60.01075,0.046829317,-26.589643,0.6404724,0.0,0.13623030604381872,1461.748317379767,1172.810297087687,0.030939193,0.5795628283265915
train,audio_600.wav,60.0746875,0.05608353,-25.023293,0.90618896,0.0,0.10373018267310254,1240.4214307490677,1227.8440667946804,0.012426872,0.5884341886922009
train,audio_710.wav,60.0746875,0.061602548,-24.208027,0.5958557,0.0,0.12652108386734354,1650.2420676503034,1629.7562356479352,0.04232239,0.46675232393010785
train,audio_246.wav,60.08,0.03945862,-28.077162,0.66903687,0.0,0.1994397726327176,2067.5575990427255,1522.6224070660228,0.07909436,0.6644474034620506
train,audio_490.wav,60.0746875,0.08515424,-21.395874,0.9360962,0.0,0.14257389886401464,1773.53007523201,1685.0061751623755,0.018567452,0.8026675128355849
train,audio_657.wav,60.0746875,0.060872674,-24.311552,0.9682312,0.0,0.1933649014855193,2021.8526307779634,1432.0400952883263,0.05345669,0.6115720535375236
train,audio_688.wav,61.0346875,0.044935107,-26.948284,0.42321777,0.0,0.13721919028505897,1693.9239646028657,1543.1080703676903,0.041030806,0.4371284771467045
train,audio_698.wav,60.0746875,0.06491723,-23.752802,0.6739197,0.0,0.17396401152629826,1893.7680706879119,1554.9772441745122,0.04423791,0.6007521886817971
train,audio_499.wav,60.0746875,0.05524399,-25.1543,0.99612427,2.080743241485859e-06,0.11847452095123169,1448.3133990689257,1396.0101184333876,0.04333937,0.43912005368317564
train,audio_463.wav,60.0746875,0.054242346,-25.313229,0.98223877,0.0,0.18499325118591878,2096.379610910647,1814.961500784766,0.09598124,0.4334604320663341
train,audio_604.wav,60.0746875,0.06940895,-23.17169,0.93640137,0.0,0.16296923112932757,1796.1375982825093,1553.9376983683749,0.02060975,0.7214352966879769
train,audio_97.wav,45.06,0.020334216,-33.835453,0.33840942,0.0,0.14514054526292433,1626.6323260213337,1299.1919960972978,0.03094842,0.8324456280514869
train,audio_234.wav,60.08,0.055360466,-25.136005,0.6722412,0.0,0.1879660977284074,2058.522690387889,1753.3466866629549,0.09598725,0.5106524633821571
train,audio_782.wav,60.7003125,0.05857572,-24.645649,0.6786499,0.0,0.2027910609866579,2041.4828292526472,1452.5152687390269,0.08622155,0.6365751823765322
train,audio_758.wav,55.6373125,0.04524153,-26.889256,0.684906,0.0,0.23258334831056793,2452.7036327380297,1864.171760606005,0.093170844,0.5041580683826165
train,audio_727.wav,60.0746875,0.07145773,-22.919016,0.88900757,0.0,0.12268635309171105,1615.1214723782955,1547.925174834226,0.03480718,0.609740999485016
train,audio_643.wav,60.0746875,0.036797866,-28.683548,0.9673462,0.0,0.07627850366178429,1256.9466097813727,1525.6601532797017,0.012412324,0.19875259442672924
train,audio_261.wav,60.02,0.03811164,-28.378847,0.6687012,0.0,0.18679104458187573,2036.8966192925095,1754.422678132701,0.11634714,0.5766411196267911
train,audio_205.wav,60.07475,0.07469629,-22.53402,0.72229004,0.0,0.12473895483105858,1165.6388068978356,914.6184135263865,0.010480887,0.6653377666989875
train,audio_128.wav,45.06,0.007076241,-43.003944,0.05505371,0.0,0.08085556148768583,1360.8615517888134,1565.0141847323257,0.022079581,0.9984465157567688
train,audio_650.wav,61.0346875,0.082023576,-21.721228,0.93359375,0.0,0.1092297315285059,1371.9232629621888,1346.427258660296,0.012880412,0.6029358305471786
train,audio_35.wav,45.06,0.043195646,-27.2912,0.6261902,0.0,0.16751459535167518,1722.878074877437,1181.9553397774112,0.017025162,0.551930758988016
train,audio_141.wav,60.08,0.035152882,-29.080782,0.6633606,0.0,0.3326735157680146,3045.628961628224,1920.986578251967,0.16196415,0.3453728362183755
train,audio_260.wav,60.08,0.041328404,-27.675028,0.7156677,0.0,0.1429733654726244,1839.1031228296463,1663.1756221102778,0.100896895,0.5183089214380826
train,audio_722.wav,60.0106875,0.062380195,-24.099066,0.9336548,0.0,0.22847690092885706,2212.970259602141,1568.8190479179098,0.044903982,0.6638817460639823
train,audio_5047.wav,58.624,0.13650575,-17.29698,0.9499817,0.0,0.4491098173929729,3846.192167870852,2361.8492476840693,0.49529758,1.0
train,audio_324.wav,60.0746875,0.061092462,-24.280247,0.9048462,0.0,0.2271288022220373,2516.658702615782,1751.1306661262063,0.029725568,0.7610526480058677
train,audio_279.wav,60.0746875,0.06436095,-23.82755,0.7914429,0.0,0.14922908777879493,1722.1720935110463,1494.689987159584,0.041367374,0.556473972502978
train,audio_450.wav,49.6213125,0.06594229,-23.616718,0.8748474,0.0,0.10212525816038687,1304.9041212387754,1343.3109372115377,0.016324695,0.5364630369259177
train,audio_32.wav,43.14,0.06429687,-23.836203,0.82333374,0.0,0.10805918670336037,1589.597389559744,1642.2666599994022,0.04315338,0.6933240611961057
train,audio_254.wav,60.08,0.047565676,-26.454126,0.6871338,0.0,0.11256000114411716,1382.3034572145757,1388.550937708672,0.034526087,0.42892809587217046
train,audio_544.wav,60.0746875,0.075537786,-22.436714,0.9432678,0.0,0.12799503006408122,1504.1063296568136,1368.5807692884446,0.028292574,0.38102570238089045
train,audio_176.wav,60.02,0.051907018,-25.695478,0.66674805,0.0,0.3111136489047143,2983.1377414631984,1849.1876219968058,0.09925301,0.5533155614795068
train,audio_301.wav,60.0746875,0.013659063,-37.29158,0.24377441,0.0,0.061559847286950735,1081.3589608741295,1369.0518123196366,0.005687874,0.9997555126691254
train,audio_213.wav,60.07475,0.08984011,-20.930595,0.9466858,0.0,0.11942182558671771,1197.2765816998278,797.3253208561397,0.029397309,0.6440309780731506
train,audio_295.wav,60.0746875,0.051336993,-25.791393,0.97891235,0.0,0.21558039801098536,2666.2212162163573,1621.34346224162,0.11811339,0.472911323924906
train,audio_40.wav,45.06,0.012291589,-38.20784,0.12451172,0.0,0.14985629992234303,1745.2237164154456,1620.8665170671463,0.08073621,0.6074123391034176
train,audio_496.wav,60.0746875,0.043947626,-27.141293,0.667511,0.0,0.12955187354360853,1596.2875290809177,1537.570399215345,0.022893995,0.6611769724145464
train,audio_45.wav,38.88,0.011328487,-38.91656,0.18395996,0.0,0.1456516978979172,2285.029614804104,1720.215764538558,0.1430531,0.6633230452674898
train,audio_146.wav,60.08,0.042265117,-27.480358,0.6974182,0.0,0.24205846178648693,2316.4529145527304,1632.912578197117,0.09015177,0.6121837549933422
train,audio_415.wav,43.9893125,0.059111524,-24.566557,0.9437256,0.0,0.17716562002727892,1906.3638319926015,1535.2641571202857,0.04381938,0.4437441480814232
train,audio_595.wav,60.0746875,0.06469115,-23.783102,0.8869324,0.0,0.14912440964131157,1790.4738135744808,1584.32867533245,0.02224218,0.524846675232393
train,audio_783.wav,60.0106875,0.07194098,-22.860472,0.93582153,0.0,0.12441002738670444,1322.2259470133147,1108.384296011813,0.030688344,0.6360648259528772
train,audio_673.wav,60.0746875,0.04398495,-27.133919,0.5863037,0.0,0.1135712279460719,1199.829894503683,1101.9593652054186,0.013510506,0.47673989148923995
train,audio_48.wav,45.06,0.030327292,-30.363329,0.45584106,0.0,0.165342626747282,1840.1701005573107,1557.630746653126,0.053715512,0.6373723923657346
train,audio_777.wav,60.0746875,0.06490489,-23.754452,0.95098877,0.0,0.14234926348202398,1806.515261173267,1649.9704867686974,0.024723843,0.47415456801169376
train,audio_330.wav,60.1813125,0.04577263,-26.787882,0.59713745,0.0,0.09678011816746968,1279.408680345142,1064.906160538478,0.23698515,0.5240829534915843
train,audio_200.wav,60.07475,0.042014584,-27.531998,0.5489197,0.0,0.13862636276631157,1490.9269917621327,1214.5239442150348,0.032416526,0.4905555162526686
train,audio_259.wav,60.08,0.040876765,-27.77047,0.71469116,0.0,0.14917825085288733,2003.025101484493,1753.570326104144,0.1361385,0.41261651131824234
train,audio_721.wav,60.0746875,0.050908927,-25.864122,0.69207764,0.0,0.12596323391727696,1545.0334659321704,1499.909156996557,0.023847008,0.5793569463012188
train,audio_223.wav,57.96275,0.04544627,-26.850035,0.94641113,0.0,0.14362527223132654,1342.023351278344,1030.6876179096928,0.0030672818,0.6143600847095764
train,audio_175.wav,60.08,0.047210068,-26.519308,0.64004517,0.0,0.288832376435347,2840.8951290204873,1757.609052150105,0.06481196,0.7561584553928096
train,audio_400.wav,34.3253125,0.06002293,-24.433655,0.91882324,0.0,0.2156652800029129,2309.80623143694,1638.662332340174,0.11330508,0.45418377472892635
train,audio_506.wav,60.0746875,0.066431,-23.552586,0.5492859,0.0,0.13420647470039948,1726.2945322262697,1688.5987797151263,0.03250821,0.6727407029791042
train,audio_153.wav,60.0746875,0.07132574,-22.935074,0.9685974,0.0,0.115090686376498,1411.1056945867335,1415.2697744164311,0.031344708,0.5093659455157382
train,audio_5050.wav,60.0746875,0.13036974,-17.696465,0.9500122,0.0,0.4533444339838549,3832.0000144102028,2365.224015308988,0.5063393,1.0
train,audio_281.wav,60.0746875,0.04649584,-26.651718,0.6390991,0.0,0.15418959616344874,1803.3372855543564,1572.9242275846575,0.04839403,0.4409511077356832
train,audio_543.wav,60.0746875,0.0801582,-21.921041,0.92211914,0.0,0.15745282331890811,1789.8592248809116,1562.1322125830582,0.017798694,0.6581807021468068
train,audio_445.wav,60.0746875,0.08212492,-21.7105,0.64886475,0.0,0.08165057267393476,1073.82181534683,1191.8813377123963,0.015379745,0.7027034056565005
train,audio_124.wav,45.0,0.025903745,-31.73275,0.27111816,0.0,0.11566136344701178,1581.228338082754,1586.4671231454693,0.02953792,0.7484444444444445
train,audio_249.wav,20.84,0.012703753,-37.92136,0.15786743,0.0,0.06749756444844125,1067.6523939458766,1392.7975967689872,0.005950667,0.9985604606525912
train,audio_420.wav,60.0746875,0.10688655,-19.42154,0.94277954,0.0,0.13111976999417443,1583.6542073663597,1565.436232254074,0.028592246,0.6232242156898444
train,audio_203.wav,60.07475,0.057020713,-24.879349,0.9520874,0.0,0.1291448641394807,1614.4079068493347,1255.362987414519,0.05456016,0.5158573277458499
train,audio_278.wav,40.8746875,0.07520957,-22.474537,0.95303345,0.0,0.07781874923556752,1237.0501523477028,1396.7663616326518,0.019708537,0.4611656052416303
train,audio_516.wav,60.0746875,0.06447278,-23.812473,0.936676,0.0,0.16660598368841545,1978.9798678183865,1451.993300872507,0.08108029,0.6350428373014841
train,audio_326.wav,25.344,0.07016742,-23.07729,0.9352112,0.0,0.16435219428007888,1883.7477473344095,1638.6452847698304,0.022153007,0.70864898989899
train,audio_603.wav,60.0746875,0.077891245,-22.170227,0.90856934,0.0,0.1741756434129494,1821.2730233719037,1500.616544131106,0.026102766,0.7409110534282846
train,audio_199.wav,60.07475,0.046844915,-26.586752,0.8260498,0.0,0.14084215837217043,1478.558727916305,1158.0474121488976,0.029734699,0.5023741255685625
train,audio_406.wav,55.6373125,0.058897756,-24.598024,0.94747925,0.0,0.17551973344266714,2139.1942980207964,1859.865932430788,0.08117508,0.3839150210571368
train,audio_538.wav,60.0746875,0.05758166,-24.794315,0.8981018,0.0,0.11278549174017977,1463.728797645171,1406.554135055485,0.016828636,0.6407024589183257
train,audio_631.wav,54.3786875,0.07039356,-23.04934,0.94625854,0.0,0.09844209727841118,1200.5826486670076,1004.2976125057111,0.033385094,0.5621687724625571
train,audio_5061.wav,60.0746875,0.13708743,-17.260048,0.9500122,0.0,0.44260192139647137,3836.7077000548697,2369.7933914892365,0.49345893,1.0
train,audio_196.wav,26.47475,0.057208348,-24.850811,0.8026123,0.0,0.17320044019070996,1550.204879163657,1088.3427087381026,0.00621734,0.5418275904399475
train,audio_756.wav,60.0746875,0.06182909,-24.176142,0.9355774,0.0,0.19827892237433423,2117.803553250831,1731.8644899668293,0.06573613,0.6182304319102784
train,audio_649.wav,61.0346875,0.07297483,-22.736538,0.69937134,0.0,0.12606423554226737,1465.1191149568872,1336.4505040511322,0.014757999,0.6140770361116373
train,audio_27.wav,45.0,0.009713528,-40.25246,0.11148071,0.0,0.22141650813708064,2162.5259142770337,1599.5316008884204,0.06454591,0.6515555555555556
train,audio_681.wav,60.0746875,0.055171404,-25.16572,0.95196533,0.0,0.19242214807340213,2341.341807669805,1923.2265231066592,0.12427733,0.40915735100577927
train,audio_556.wav,60.0746875,0.06574907,-23.642208,1.0,2.080743241485859e-06,0.19383172696820905,2003.3131308157242,1628.3592287216773,0.06370124,0.38368905372999235
train,audio_185.wav,60.07475,0.04905771,-26.185854,0.6880188,0.0,0.08735130503079228,1033.89914671103,1011.6093190759332,0.0017152327,0.41622728350929467
train,audio_369.wav,60.0106875,0.06304406,-24.007118,0.9353943,0.0,0.16354444351882705,1807.8602873760442,1524.7686796243893,0.027661465,0.6898771156387768
train,audio_241.wav,60.08,0.050647467,-25.908844,0.66534424,0.0,0.211491681748211,2141.5430948292155,1451.215935679365,0.043934524,0.6765978695073236
train,audio_98.wav,45.06,0.02432368,-32.279415,0.34753418,0.0,0.19034800033281563,2115.4187160297174,1741.8751708404666,0.10365315,0.4047936085219707
train,audio_389.wav,60.0746875,0.06696246,-23.483372,0.95809937,0.0,0.17186817316494674,1660.9202403484728,1182.6392908504397,0.06519876,0.7012052705226307
train,audio_357.wav,60.0746875,0.044080257,-27.115118,0.6216736,0.0,0.12843617364347537,1897.5372703285075,1912.0360934839393,0.047225453,0.41398467532602645
train,audio_112.wav,45.06,0.04148286,-27.642628,0.49066162,0.0,0.1294492421510983,1486.8796224335501,1350.3064137904735,0.03809509,0.6859742565468264
train,audio_675.wav,60.0746875,0.090079054,-20.907524,0.9739685,0.0,0.15933833014314247,1801.3363811897905,1453.9241894245088,0.03946742,0.7353294596829988
train,audio_113.wav,45.06,0.01781073,-34.986366,0.3036499,0.0,0.22935719783115155,2420.5390395595755,1886.1482521231799,0.14325424,0.6165113182423435
train,audio_483.wav,60.0746875,0.082328044,-21.689043,0.8051758,0.0,0.13182813540279628,1679.6544532060389,1504.5667435968912,0.034822397,0.6330453237896577
train,audio_474.wav,60.0746875,0.03861336,-28.265247,0.7230835,0.0,0.12150856150133156,1501.2367968755439,1540.0362324599466,0.030005215,0.5516466481827309
train,audio_725.wav,58.9226875,0.06896477,-23.227453,0.7175598,0.0,0.09055997316731716,1200.7845600117926,1233.2575557618047,0.0069560315,0.5373142560749626
train,audio_774.wav,60.0746875,0.06802638,-23.346453,0.94052124,0.0,0.1523499266602863,1702.7970896912118,1524.549751270595,0.06330526,0.4191449185649114
train,audio_588.wav,60.0746875,0.07254381,-22.787992,0.93914795,0.0,0.09464138960552597,1403.899673698462,1514.2581496944724,0.02451215,0.4828988914840381
train,audio_395.wav,60.0746875,0.07959928,-21.981815,0.9366455,0.0,0.09588647428428762,1241.7627794590485,1220.6983803718024,0.012286518,0.6307929192307492
train,audio_210.wav,60.07475,0.10419465,-19.643093,0.9999695,4.161482153483784e-06,0.11048549850199733,1123.459120913658,926.3862475877369,0.00085334043,0.7550593219280979
train,audio_309.wav,61.0346875,0.05551944,-25.1111,0.62005615,0.0,0.11578633119675623,1463.7310292888058,1182.635159692927,0.14897928,0.6012974179641699
train,audio_457.wav,60.0746875,0.07848675,-22.104073,0.93478394,0.0,0.10356081214630493,1312.835528114536,1262.1321823797246,0.007350888,0.668168269705939
train,audio_492.wav,60.0746875,0.07775061,-22.185925,0.90283203,0.0,0.12278095352030625,1560.6293539148483,1440.1886827505873,0.014609681,0.7873532425782489
train,audio_738.wav,61.0346875,0.07577996,-22.408913,0.80688477,0.0,0.08868096227883356,1246.8296722142761,1308.8674465432025,0.019104185,0.410094669527062
train,audio_305.wav,60.0746875,0.060683273,-24.33862,0.88217163,0.0,0.11044876362766312,1384.5905976915135,1433.861287165481,0.0337602,0.5288417022560459
train,audio_123.wav,45.06,0.012302231,-38.200325,0.09768677,0.0,0.07480681093299313,1273.2495684649498,1584.706704197585,0.01626528,1.0
train,audio_5053.wav,60.08,0.09069972,-20.847881,0.9499817,0.0,0.4540822230196372,3837.3750739425527,2360.500848193991,0.50034773,1.0
train,audio_89.wav,42.54,0.008418621,-41.49518,0.19628906,0.0,0.17883923325499412,1943.7791145789129,1588.4513115669963,0.04667729,0.579924776680771
train,audio_747.wav,60.0746875,0.056958277,-24.888863,0.87091064,0.0,0.18001096194657124,2024.5346264325526,1742.2509817517123,0.037495304,0.6260540264982651
train,audio_115.wav,45.06,0.02554222,-31.854828,0.23217773,0.0,0.10782229379298869,1618.7689487479274,1716.114772093821,0.033434745,1.0
train,audio_235.wav,60.04,0.042178348,-27.498209,0.65966797,0.0,0.20977245524562865,2148.8287991866887,1639.7742658799464,0.15317291,0.5024983344437042
train,audio_414.wav,60.0746875,0.05598733,-25.038204,0.5392151,0.0,0.167580920751498,1781.7718292964782,1463.072607980185,0.023122963,0.6793990813518589
train,audio_56.wav,45.06,0.056950912,-24.889986,0.59091187,0.0,0.08552061376747282,1390.516774114345,1706.0712120497333,0.017389262,0.9982245894363071
train,audio_43.wav,45.12,0.011270052,-38.961483,0.088012695,0.0,0.0878395572512741,1363.256427941817,1596.3161529202548,0.021214196,1.0
train,audio_394.wav,60.0746875,0.05848321,-24.659376,0.9529419,0.0,0.23543706048185753,2331.0817675805124,1675.9053781617404,0.073599264,0.6102403778629727
train,audio_423.wav,60.0746875,0.077043094,-22.265324,0.9884033,0.0,0.15705784214796936,1679.813178951232,1367.4924624582825,0.027912414,0.6646726210602427
train,audio_579.wav,60.0106875,0.05171551,-25.727585,0.9291382,0.0,0.10557678690436521,1325.9916810647085,1321.9156062175896,0.026506195,0.4705828440975618
train,audio_172.wav,60.0746875,0.0741961,-22.592377,0.9361572,0.0,0.17001517507906125,1862.8081514151115,1532.3621114530051,0.037637845,0.5456541076472516
train,audio_144.wav,60.08,0.035580307,-28.975807,0.65652466,0.0,0.12896085559161258,1653.6475778717693,1707.7943371769718,0.040092696,0.6496338215712384
train,audio_151.wav,59.9466875,0.09014904,-20.90078,0.99679565,2.0851861080731108e-06,0.0632587703294412,1462.4318151553007,1274.6111843801696,0.13491102,0.49994422127160904
train,audio_65.wav,60.06,0.026929332,-31.395489,0.60388184,0.0,0.15539422756783752,1968.2686714498238,1753.6272945808953,0.10659529,0.47835497835497837
train,audio_481.wav,60.6576875,0.058703482,-24.626722,0.61569214,0.0,0.12368664739943949,1543.3041408435265,1258.311906461164,0.06607374,0.5699195176209116
train,audio_262.wav,60.08,0.046781715,-26.598476,0.68573,0.0,0.1747921737185888,1939.835731866037,1665.5641833002765,0.09096181,0.6755992010652463
train,audio_229.wav,46.57075,0.045522697,-26.83544,0.7188721,0.0,0.15851005662301418,1485.4170472265444,1096.0393498366602,0.0055141104,0.6282913631410274
train,audio_22.wav,45.06,0.019866535,-34.037556,0.22116089,0.0,0.13691982610383846,1715.5405350042065,1586.7704369142148,0.040837996,0.7174877940523746
train,audio_434.wav,60.0746875,0.122920945,-18.207481,0.94329834,0.0,0.11838089578478696,1511.0939143155072,1405.7780732002018,0.02335107,0.737493432654144
train,audio_488.wav,60.0746875,0.056572933,-24.947826,0.9678345,0.0,0.10395319261817576,1310.8311428686548,1269.714850295997,0.014812874,0.7044564318374523
train,audio_439.wav,60.0746875,0.05684034,-24.906866,1.0,1.0403716207429294e-06,0.15650974481940746,1713.1823398583172,1466.1702048803133,0.029161613,0.4425272707411087
train,audio_160.wav,60.08,0.05213586,-25.65727,0.6847534,0.0,0.24493273111166583,2522.094192712895,1865.4337454286142,0.071702555,0.5624167776298269
train,audio_594.wav,60.0746875,0.060938194,-24.302208,0.8866577,0.0,0.15213861986101865,1827.9428403064903,1608.6031688869643,0.021242846,0.5915084868314963
train,audio_651.wav,61.0346875,0.05627843,-24.99316,0.5866089,0.0,0.11498991440039319,1402.1899086760357,1354.9797447844762,0.016744567,0.560337103388954
train,audio_569.wav,60.0746875,0.05506793,-25.182026,0.59103394,0.0,0.09885582244507324,1333.3294910859488,1443.3022304624637,0.017093409,0.5411597022456421
train,audio_440.wav,60.0746875,0.06603033,-23.60513,0.6824646,0.0,0.09319670127330226,1166.691586221669,1233.474072611716,0.011637898,0.5172675679752807
train,audio_658.wav,60.0746875,0.068417154,-23.2967,0.8763428,0.0,0.17200861091461384,1664.7679500795136,1391.9690629769486,0.055933774,0.637706188650586
train,audio_274.wav,39.0613125,0.07106098,-22.967377,0.7615967,0.0,0.15826411329024828,1758.2415393010274,1172.3567226868613,0.26982826,0.4603019931805927
train,audio_5065.wav,60.0746875,0.1078572,-19.343018,0.9500122,0.0,0.4565953078187417,3846.687096099818,2361.750268461676,0.5115336,1.0
train,audio_158.wav,60.08,0.07148963,-22.915138,0.6918335,0.0,0.2240678695498419,2363.7308783390245,1651.2830262412833,0.048093345,0.7260319573901465
train,audio_493.wav,60.0746875,0.061319146,-24.248077,0.74295044,0.0,0.11532507437999334,1381.4285723112816,1419.4437850212257,0.02678446,0.6303819724405557
train,audio_646.wav,60.0746875,0.06971277,-23.133753,0.9279785,0.0,0.15631274186501332,1687.3477370341093,1425.4310100307018,0.020782331,0.7394909461659704
train,audio_64.wav,60.06,0.052883387,-25.533615,0.7749939,0.0,0.11852935897702681,1713.0230043847737,1759.0025248042564,0.036445532,0.6213786213786214
train,audio_451.wav,59.584,0.036721412,-28.701612,1.0,2.097878625134264e-06,0.11067096513676791,1394.7557290617572,1424.7997582163955,0.020475226,0.39557599355531686
train,audio_277.wav,60.0746875,0.07290892,-22.744387,0.95373535,0.0,0.21197615419024635,2335.1080793927563,1897.0445036576539,0.041141704,0.6579258110997248
train,audio_491.wav,60.0746875,0.06338014,-23.960936,0.70654297,0.0,0.13028624594290947,1642.3580460090127,1559.4374196034926,0.021815354,0.6613434318738654
train,audio_52.wav,45.06,0.053361703,-25.455406,0.56573486,0.0,0.12980589222320835,1658.8944471047384,1673.401906546186,0.037147697,0.8515312916111851
train,audio_743.wav,24.128,0.009276239,-40.65256,0.19671631,0.0,0.21728171622461667,2237.5354157092984,1703.056281585507,0.0767449,0.3763262599469496
train,audio_243.wav,60.08,0.041193567,-27.703411,0.6980591,0.0,0.10133920213429855,1232.224895646804,931.0080671399833,0.41686615,0.4452396804260985
train,audio_661.wav,60.0746875,0.07676279,-22.296984,0.9425354,0.0,0.09280432080143143,1287.2536312858242,1355.6987194966785,0.01482829,0.5626329724977762
train,audio_456.wav,60.0746875,0.08278814,-21.640636,0.770874,0.0,0.10886428772053929,1330.4018343993748,1284.5863195464465,0.010828636,0.6549295408319852
train,audio_90.wav,39.3,0.01625856,-35.77836,0.23898315,0.0,0.10766930726914271,1536.9755019304955,1679.6296709792846,0.038825195,0.9071246819338422
train,audio_735.wav,60.0746875,0.022662353,-32.8939,0.89001465,0.0,0.2932619788199068,2631.498046252262,1588.5555387117668,0.029851979,0.28947299975551266
train,audio_775.wav,60.0746875,0.07101967,-22.972427,0.9347229,0.0,0.14731399800266312,1754.235530595192,1541.0175152211964,0.023729794,0.5809435130228517
train,audio_587.wav,60.0746875,0.09836304,-20.14336,0.89089966,0.0,0.12209957036451398,1562.2620914043039,1492.0499581560402,0.031450532,0.5919298373378971
train,audio_103.wav,45.06,0.015220922,-36.35118,0.34875488,0.0,0.15459675574106946,1902.0141902323887,1641.3981758486773,0.062719405,0.6822015090989791
train,audio_111.wav,44.64,0.029796809,-30.516605,0.4338379,0.0,0.14634133538633817,1759.223543893707,1416.0563932045857,0.034108017,0.5772849462365591
train,audio_421.wav,60.0746875,0.0940806,-20.529999,0.9405823,0.0,0.1389186163240679,1699.5811465794645,1681.738058117726,0.031337902,0.5338354860356119
train,audio_683.wav,60.0746875,0.056672476,-24.932556,0.7702942,0.0,0.26206464297603194,2588.9307736590645,2004.04703380351,0.07587776,0.7381592704914195
train,audio_152.wav,60.0746875,0.07359168,-22.663425,0.9559326,0.0,0.12969946321571238,1529.7781793596916,1461.1039703953763,0.039302807,0.48040199959425506
train,audio_134.wav,45.0,0.09448455,-20.492783,0.6758728,0.0,0.08226513899688959,1533.4848601954043,1875.9513910656476,0.032456003,0.9984444444444445
train,audio_12.wav,45.06,0.029868772,-30.495653,0.25231934,0.0,0.05893869952296428,1087.1240466742604,1452.3305243794794,0.008471575,0.9997780736795384
train,audio_232.wav,60.03,0.066413276,-23.554901,0.6396179,0.0,0.19879390302298466,2134.7039326641775,1767.3909500736938,0.095780246,0.6006996501749126
train,audio_36.wav,45.06,0.016771574,-35.508522,0.21176147,0.0,0.14148174020967383,1769.7841501004832,1601.2348152819097,0.062358376,0.6038615179760319
train,audio_268.wav,60.08,0.046823412,-26.590738,0.7160034,0.0,0.10743065089865202,1545.6544699476478,1669.7614932098995,0.050290074,0.4742010652463382
train,audio_68.wav,59.16,0.054362174,-25.294064,0.59375,0.0,0.08707729053996958,1630.0970900296002,1827.4696723657396,0.030707872,0.8012170385395537
train,audio_729.wav,60.0746875,0.07789967,-22.169287,0.67123413,0.0,0.14426532852030627,1697.6386264594062,1286.1839938218989,0.18706313,0.4461113509745681
train,audio_247.wav,51.56,0.03976461,-28.010065,0.66430664,0.0,0.2094725615668024,2322.879432350168,1911.3631241760963,0.12685221,0.6243211792086889
train,audio_224.wav,52.096,0.039711677,-28.021637,0.9355469,0.0,0.14736196916986563,1417.3347100707435,1117.3784150426482,0.007078895,0.379107800982801
train,audio_425.wav,60.0746875,0.117077485,-18.630531,0.9484558,0.0,0.14628834730775633,1668.9254132444937,1489.9920637232938,0.017045913,0.7469035939637638
train,audio_392.wav,60.1386875,0.059893142,-24.452457,0.92684937,0.0,0.18455147624293317,1910.725343509494,1394.4542456191764,0.030579245,0.7251571627664803
train,audio_615.wav,60.0746875,0.07880411,-22.069023,0.7859802,0.0,0.08745923404211052,1064.9074024722875,1219.058851353924,0.007329815,0.5768600544114357
train,audio_245.wav,60.08,0.047315504,-26.49993,0.67245483,0.0,0.17585665772175071,1892.810852691986,1496.917091175507,0.07077808,0.6301597869507324
train,audio_271.wav,60.08,0.03982649,-27.99656,0.65426636,0.0,0.1591713991512731,1908.2154703019125,1782.5582506173153,0.06897501,0.4201065246338216
train,audio_321.wav,60.0746875,0.050911427,-25.863695,0.89328,0.0,0.07212811303678429,1252.9848882876115,1475.1680949575916,0.009813699,0.5346677833322062
train,audio_5043.wav,60.0746875,0.124464005,-18.099125,0.9500122,0.0,0.4614238307256991,3864.1732864075398,2350.9111190976537,0.5118809,1.0
train,audio_187.wav,60.07475,0.09835035,-20.144482,0.8847351,0.0,0.09006903555675766,950.6754831441817,861.407132603225,0.0007956725,0.6996283796436938
train,audio_221.wav,60.07475,0.08567054,-21.343369,0.97280884,0.0,0.13835686532539948,1432.2251651837419,1044.7887728756955,0.02055166,0.5481504292568842
train,audio_219.wav,60.07475,0.058955982,-24.589443,0.9567871,0.0,0.17086170262566577,1740.3611823210697,1173.3253749401354,0.053034674,0.565628654301516
train,audio_601.wav,60.0746875,0.048742462,-26.241852,0.499115,0.0,0.09505295023302264,1158.8400454728314,1191.0823010013953,0.011252849,0.7796076758618179
train,audio_100.wav,45.06,0.016675558,-35.55839,0.14764404,0.0,0.13256982194364322,1676.7736118600485,1511.3401947250488,0.077665605,0.6422547714158899
train,audio_227.wav,55.27475,0.051971797,-25.684645,0.9999695,1.1307151999782902e-06,0.15560308034099132,1430.939627087456,1016.9526909799678,0.0024959918,0.7256477867380675
train,audio_411.wav,60.0746875,0.059675552,-24.484072,0.9130249,0.0,0.1752240502247004,1850.9943247582216,1492.163330415282,0.038497686,0.5015423509277513
train,audio_28.wav,44.0946875,0.05772942,-24.772055,0.57699585,0.0,0.13946242559523808,1574.952006544332,1398.6139416243445,0.031137988,0.7393180867876658
train,audio_653.wav,60.0746875,0.055273846,-25.149605,0.9109192,0.0,0.16967578385069906,2075.238568602635,1969.9728404643795,0.06268797,0.3315872429631864
train,audio_29.wav,45.06,0.06850437,-23.285635,0.5157471,0.0,0.049935776985799867,1024.4442848203419,1424.1460460788817,0.0077444543,0.9735907678650688
train,audio_470.wav,60.0746875,0.06596987,-23.613089,0.8123779,0.0,0.10173967262400133,1169.5302803529319,1191.5629327336565,0.017600225,0.5449882698099762
train,audio_356.wav,59.1146875,0.06256193,-24.073795,0.5861206,0.0,0.1505439149188092,1911.8912398933498,1785.1572287217948,0.053405926,0.6154138935437999
train,audio_365.wav,60.0746875,0.074920595,-22.507975,1.0,2.080743241485859e-06,0.09267461093541944,1347.0004623535372,1465.7426929205724,0.019949835,0.36471267536764135
train,audio_58.wav,45.06,0.0300692,-30.437563,0.45407104,0.0,0.11559362519414244,1391.8183421643762,1348.1381980596154,0.018884895,0.6193963604083444
train,audio_708.wav,60.0746875,0.07645155,-22.332275,0.64801025,0.0,0.12926352103445407,1585.2720507356646,1529.918335861014,0.04141611,0.5463199454845271
train,audio_319.wav,60.0746875,0.07309843,-22.72184,0.9999695,1.0403716207429294e-06,0.1788770571529627,1708.9423923760112,1228.7963839404363,0.082505755,0.6615098913331842
train,audio_5067.wav,44.9266875,0.13598347,-17.330278,0.9500122,0.0,0.4517348166592477,3860.100468596633,2354.6921471471383,0.49804404,1.0
train,audio_135.wav,45.06,0.03796273,-28.41285,0.39944458,0.0,0.07252953738628799,1096.7323400126566,1239.2523777273534,0.008716529,0.6628939192188193
train,audio_612.wav,52.7573125,0.07269603,-22.769785,0.9447937,0.0,0.20694869752179681,2431.50859408932,1754.2869547442776,0.16069204,0.4617369393105458
train,audio_373.wav,60.0106875,0.06891529,-23.233688,0.9546814,0.0,0.1932692357755748,2023.510586014703,1521.1176055965016,0.027287642,0.5782303360547236
train,audio_680.wav,60.0746875,0.057551846,-24.798815,0.8246765,0.0,0.21643927887816244,2445.7350587022415,1897.6066705618473,0.1144628,0.42180826991401327
train,audio_63.wav,45.012,0.06461906,-23.792786,0.68811035,0.0,0.1689565922090182,2161.1393792393637,1881.5737038467923,0.0692606,0.7533990935750466
train,audio_700.wav,60.0746875,0.07981512,-21.958296,0.958313,0.0,0.13012272698901464,1571.56294206654,1357.3865332245146,0.03342931,0.5356665400881194
train,audio_429.wav,60.0746875,0.074271135,-22.5836,0.986145,0.0,0.14737316390645805,1633.6521635763563,1441.873679809285,0.03410173,0.5951705949365114
train,audio_745.wav,61.0346875,0.095253915,-20.422344,0.94522095,0.0,0.1889811624549476,1782.5374474818807,1191.0286079802008,0.028416416,0.7115625848006513
train,audio_731.wav,60.0106875,0.073153086,-22.715347,0.78744507,0.0,0.1163977241961013,1508.8839759395876,1149.2437809206272,0.3139139,0.3474495688788768
train,audio_461.wav,60.0746875,0.07531305,-22.462595,0.72991943,0.0,0.15828439684587217,1900.6600980292587,1563.7416454269203,0.032350883,0.6849806750971447
train,audio_79.wav,45.06,0.021313723,-33.426815,0.60110474,0.0,0.33444633001442203,3162.120090502766,1964.1868819451604,0.13256939,0.5268530847758545
train,audio_5038.wav,60.0746875,0.14138074,-16.992195,0.9499817,0.0,0.445886604319241,3848.9169059117808,2355.362962726514,0.49334753,1.0
train,audio_760.wav,60.0746875,0.06189838,-24.166414,0.6876831,0.0,0.14748629431591212,1750.9583207455328,1611.8410009920813,0.037937462,0.7038686218717326
train,audio_72.wav,45.06,0.027073132,-31.34923,0.8354187,0.0,0.15879248599400933,1912.0814052303574,1735.5954654687446,0.08644088,0.6489125610297382
train,audio_696.wav,60.0746875,0.08844407,-21.066626,0.93478394,0.0,0.15984189050016645,1800.519984126383,1524.8596412856411,0.033062942,0.6155670805611765
train,audio_744.wav,44.6506875,0.03247632,-29.768661,0.7137146,0.0,0.21979259964173758,2219.6801583722813,1667.2255784966317,0.054256216,0.40895226977188204
train,audio_662.wav,60.0746875,0.06702931,-23.474705,0.6911316,0.0,0.10050043951814247,1315.836178455671,1278.09928067356,0.015219894,0.6042478373274934
train,audio_570.wav,60.0746875,0.06264435,-24.062363,0.9243469,0.0,0.09573888461218376,1279.08307048322,1435.204055902242,0.018599616,0.5930950535531292
train,audio_10.wav,36.12,0.03697408,-28.642054,0.59762573,0.0,0.09881634029892057,1435.8697028534227,1541.2111540740295,0.036208346,0.603266888150609
train,audio_628.wav,60.0746875,0.061308507,-24.249584,0.61376953,0.0,0.1714702662075566,1858.2887135161006,1640.6865436077687,0.034998264,0.6272192427134973
train,audio_606.wav,60.0746875,0.071154505,-22.955952,0.9801941,0.0,0.18406220091960718,2024.4883308851252,1641.131554272719,0.054911993,0.5290081617153647
train,audio_73.wav,45.06,0.1441746,-16.822226,1.0,0.0003217931646693298,0.11651883528400266,1284.718064569204,1138.2682504119139,0.004691799,0.7139369729249889
train,audio_605.wav,60.0746875,0.06806889,-23.341026,0.94158936,0.0,0.18075508696737683,1990.0356689624984,1600.6428810337554,0.04774253,0.5822751886974027
train,audio_106.wav,45.06,0.028974196,-30.759773,0.6540222,0.0,0.20835861229753716,2374.718834824573,1894.923047131203,0.10689079,0.5153129161118508
train,audio_306.wav,60.0106875,0.04515563,-26.905764,0.9335327,0.0,0.1754083274325225,1994.8449869176472,1666.8029034972947,0.065290876,0.5747309593811936
train,audio_75.wav,45.06,0.022126528,-33.101734,0.17550659,0.0,0.19771717952629245,2220.4156475886302,1732.4272443665461,0.0978782,0.7070572569906791
train,audio_550.wav,60.0746875,0.05564253,-25.091862,0.68743896,0.0,0.13763289572237017,1823.2270556325445,1798.6190360678775,0.031265877,0.7095282434885741
train,audio_340.wav,60.0746875,0.043081272,-27.314228,0.9628601,0.0,0.23882934732856193,2617.4279957162794,1753.5274539127233,0.07798955,0.5140268103766665
train,audio_272.wav,46.336,0.07833747,-22.12061,0.73776245,0.0,0.1698122909473457,1869.8964323379835,1266.363682638346,0.17478266,0.5561550414364641
train,audio_518.wav,60.0746875,0.0760273,-22.38061,0.9454956,0.0,0.1640449452812916,1907.2308054906396,1430.323001383252,0.062858574,0.6649171083911173
train,audio_34.wav,43.74,0.08743902,-21.165894,1.0,2.857796067672611e-06,0.10037589285714285,1629.561010033584,1870.6562312907445,0.033222347,0.6454046639231824
train,audio_87.wav,45.0,0.059883013,-24.453926,1.0,8.333333333333334e-06,0.10200814749500112,1370.3429365902048,1337.4562952837878,0.020833107,0.5975555555555555
train,audio_211.wav,61.03475,0.08127517,-21.800842,0.9272156,0.0,0.11512110398918741,1150.9614607766282,943.1544967312873,0.0011009198,0.7122950450358198
train,audio_431.wav,60.0746875,0.08334813,-21.582085,0.94451904,0.0,0.1471075675141478,1762.5086187237282,1544.7853468500657,0.02917483,0.6851471345564636
train,audio_555.wav,60.0746875,0.069575906,-23.150824,0.9472046,0.0,0.09175201294107856,1085.9174375547977,917.5160579085812,0.023557559,0.6199730543750227
train,audio_648.wav,60.0746875,0.05931166,-24.537199,0.801239,0.0,0.1540901194241012,1696.4032013512094,1469.6051942235542,0.023476455,0.6608440534959087
train,audio_5051.wav,60.0746875,0.082544744,-21.666212,0.9499817,0.0,0.4701943632448402,3900.0413470712915,2336.068379790241,0.5181909,1.0
train,audio_422.wav,60.0746875,0.07217948,-22.831724,0.90963745,0.0,0.1399468677180426,1630.7978732487188,1519.5258780051875,0.02602527,0.6443645670233408
train,audio_627.wav,60.0746875,0.080483556,-21.885857,0.7999573,0.0,0.17098621109354195,1857.8595647217653,1656.2863860789162,0.03501919,0.658014242687488
train,audio_122.wav,45.0,0.010959639,-39.204075,0.11361694,0.0,0.06663276216396356,1188.400107137149,1428.5570324202135,0.016222324,0.7768888888888889
train,audio_88.wav,45.06,0.102811344,-19.75918,1.0,0.00043553040390590324,0.059611697775682274,1144.0261549427157,1485.2910199263586,0.014242148,0.356635596981802
train,audio_165.wav,60.0746875,0.07890325,-22.058104,0.9019165,0.0,0.09254230037033954,1440.3735921457392,1625.873596438007,0.01673825,0.5859372968024178
train,audio_276.wav,60.0746875,0.06939026,-23.17403,0.9139404,0.0,0.18443442597370174,2146.6399387291185,1918.4761548977508,0.042362124,0.6794875129396221
train,audio_746.wav,61.0346875,0.09904325,-20.083502,0.94241333,0.0,0.19244104787844038,1779.3214081311733,1133.9527115271958,0.025917798,0.7438393126859214
train,audio_252.wav,60.08,0.040157188,-27.924732,0.51260376,0.0,0.09526205483441505,1247.4527993727775,1360.9222532799704,0.026386451,0.422103861517976
train,audio_266.wav,60.08,0.028036011,-31.045675,0.35583496,0.0,0.11710591664586453,1462.129471002951,1465.6068287116814,0.04538677,0.4136151797603196
train,audio_611.wav,60.0106875,0.045181755,-26.900738,0.6083374,0.0,0.18061427440853048,2564.052785159756,1783.775911239789,0.19385241,0.45891825518579504
train,audio_5058.wav,60.0746875,0.09012304,-20.903282,0.9500122,0.0,0.45344358563581894,3856.562659212035,2362.3142367142036,0.5044906,1.0
train,audio_81.wav,45.0,0.058143415,-24.70999,0.6161499,0.0,0.20197334620084426,2365.247752280563,1898.4665571204139,0.092836596,0.6793333333333333
train,audio_3.wav,44.88,0.016248062,-35.783966,0.26394653,0.0,0.11100180649922031,1502.993837241516,1592.798397243288,0.044964004,0.5407754010695187
train,audio_21.wav,45.06,0.03257513,-29.742277,0.45385742,0.0,0.16858324550698914,1906.2391322470824,1436.4572082295258,0.07270442,0.6327119396360409
train,audio_190.wav,60.551,0.049149662,-26.169588,0.5154114,0.0,0.0793637637260568,903.217242666568,848.2920081328037,0.0021818487,0.5597099965318492
train,audio_189.wav,60.02,0.06675861,-23.509855,0.61990356,0.0,0.12590514638514078,1523.2546295478137,1508.248284664118,0.031292275,0.5843052315894702
train,audio_519.wav,60.0746875,0.06301465,-24.01117,0.73654175,0.0,0.11231248959720373,1449.2343972166038,1490.0535233068208,0.023929758,0.6537643246167532
train,audio_748.wav,60.0746875,0.06250547,-24.08164,0.8233032,0.0,0.1521776303470373,1788.5420574720442,1691.649747630525,0.032058325,0.5867695940990122
train,audio_505.wav,60.0746875,0.060705967,-24.335373,0.9266052,0.0,0.11364079664613848,1475.1476034785167,1460.0442170125702,0.027153268,0.5680377030675358
train,audio_361.wav,60.0746875,0.0355232,-28.989758,0.85562134,0.0,0.23792657966461384,2679.6477986923555,1798.268800261309,0.19666994,0.30711770244331277
train,audio_5052.wav,60.0746875,0.13365248,-17.48046,0.9499817,0.0,0.44790767258239017,3838.713294103827,2367.297587947105,0.49177107,1.0
train,audio_16.wav,44.28,0.0152663095,-36.325317,0.19378662,0.0,0.11300960290133213,1532.1377508286785,1565.9518456914568,0.019543841,0.9126016260162602
train,audio_327.wav,60.0746875,0.056650437,-24.935934,0.6706848,0.0,0.17333139147802928,1909.3702846943108,1532.4499541418609,0.024399118,0.5965907021988254
train,audio_313.wav,60.0746875,0.052430138,-25.60838,0.5887146,0.0,0.09942179957972704,1274.53823123499,1235.1746033969864,0.017513022,0.586681162511249
train,audio_589.wav,60.0746875,0.047244,-26.513065,0.9300842,0.0,0.12651458211967376,1536.5663952817774,1561.494936415418,0.015149712,0.5968351895297
train,audio_416.wav,60.0746875,0.084765755,-21.435593,0.5968933,0.0,0.13539824504826897,1520.0985553711932,1277.2038469797942,0.046217393,0.6781558372650711
train,audio_762.wav,60.167,0.063699365,-23.917297,0.9463501,0.0,0.20685953600216053,2291.739747300057,1705.041075496671,0.05596654,0.643209732910067
train,audio_714.wav,60.0746875,0.02875791,-30.824854,0.37545776,0.0,0.18501665747752996,2096.5263381649766,1905.6878267557452,0.118087634,0.36338099969309035
train,audio_455.wav,60.0746875,0.06882991,-23.244457,0.94473267,0.0,0.10393856368591878,1271.5113884892462,1262.9639165760989,0.009995455,0.4952168914736344
train,audio_42.wav,38.46,0.009992589,-40.00644,0.113098145,0.0,0.09804870272290096,1688.0849754069357,1942.5532136622487,0.03468261,0.7602704108164327
train,audio_561.wav,60.0746875,0.06176011,-24.185839,0.9335022,0.0,0.14186390801847537,1630.4563940356998,1433.665591973287,0.026819536,0.5732863778941838
train,audio_226.wav,60.188375,0.03954138,-28.058964,0.5812988,0.0,0.09739211247715568,1086.3343141343055,1001.4568640852864,0.0016028049,0.4919554648219029
train,audio_110.wav,45.06,0.043171886,-27.29598,0.8747864,0.0,0.19399640489793654,2104.57609607857,1706.7599485543788,0.06702201,0.5359520639147803
train,audio_739.wav,61.0346875,0.058146622,-24.70951,0.479187,0.0,0.09072496006716907,1168.3982224410295,1178.9117300617509,0.016374009,0.652492691143868
train,audio_504.wav,60.0746875,0.07849518,-22.10314,0.89611816,0.0,0.11901741688165779,1625.741896766748,1690.3395692071665,0.032117866,0.6395372427030935
train,audio_379.wav,60.0746875,0.040777985,-27.791485,0.73864746,0.0,0.17975446800099867,1989.812025437269,1702.757707388601,0.049656846,0.611072675159567
train,audio_520.wav,60.0746875,0.038962923,-28.18697,0.45632935,0.0,0.12479682038531957,1621.5970720923165,1641.4493073877845,0.042519793,0.8268041344368209
train,audio_5068.wav,60.0746875,0.12518781,-18.04876,0.9500122,0.0,0.4595692072028961,3857.457836015084,2361.6395761654744,0.5059416,1.0
train,audio_30.wav,44.64,0.07265492,-22.774698,0.4606018,0.0,0.08681323488241881,1484.6220607095368,1750.6786458698323,0.029459428,0.6922043010752689
train,audio_5041.wav,60.08,0.13980703,-17.08942,0.9499817,0.0,0.4525643175861208,3862.2753930369904,2359.8927874849273,0.5010092,1.0
train,audio_485.wav,60.0746875,0.054150045,-25.328024,0.75775146,0.0,0.14074755794357524,1655.0030212265535,1580.0180632268828,0.0309474,0.6157335400204953
train,audio_475.wav,61.0346875,0.03522747,-29.06237,0.69070435,0.0,0.11273377344773919,1454.6497156930493,1548.9919166293405,0.027057588,0.6699469051922319
train,audio_145.wav,60.08,0.037055004,-28.623064,0.65249634,0.0,0.13018168060409385,1648.6984837623138,1657.8106254307736,0.039049778,0.6637816245006658
train,audio_308.wav,60.0746875,0.0497314,-26.067387,0.8167114,0.0,0.18617331838798268,1798.3889654848365,1261.1706460984876,0.09473607,0.6446974859419785
train,audio_184.wav,60.07475,0.06883401,-23.24394,0.93811035,0.0,0.09174583628079228,988.4503930454141,907.5919541959248,0.0009556436,0.6074099351224932
train,audio_586.wav,60.0746875,0.08498956,-21.412687,0.8370056,0.0,0.0944567399717044,1355.910299066296,1443.288115133801,0.019947506,0.6305484318998746
train,audio_398.wav,60.0746875,0.061993577,-24.153065,0.5697632,0.0,0.1555370833680093,1762.2319032204066,1527.0834616593925,0.035158936,0.6072441075952331
train,audio_726.wav,58.3893125,0.07096924,-22.978596,0.927948,0.0,0.10620029382171604,1496.462903759608,1536.1321915155563,0.025589507,0.6146555073756006
train,audio_466.wav,60.0746875,0.10130805,-19.887121,0.9821472,0.0,0.07774919898468709,899.3330579250526,898.1071464305734,0.005630186,0.6042478373274934
train,audio_218.wav,60.07475,0.06155094,-24.215305,0.93356323,0.0,0.17859748200316244,1831.4918474747628,1224.9347746105746,0.060977533,0.5060362298636283
train,audio_644.wav,58.2613125,0.04268791,-27.393902,0.94226074,0.0,0.15767654882443796,1705.2100743920903,1343.1112819137581,0.052484725,0.49243655470343206
train,audio_351.wav,60.224,0.0430057,-27.32948,1.0,1.0377922422954303e-06,0.07679513687116055,1187.5210368506862,1343.90712308307,0.024747133,0.3589930924548353
train,audio_248.wav,36.32,0.03246177,-29.772556,0.5152893,0.0,0.22644207610789982,2427.6548965292677,1917.4669575263904,0.14594203,0.5883810572687225
train,audio_83.wav,45.06,0.01505944,-36.44382,0.27346802,0.0,0.10655646771688485,1199.2838149765807,1075.4876660798034,0.006817135,0.5796715490457168
train,audio_71.wav,45.06,0.0132095,-37.58227,0.17196655,0.0,0.1719837717716885,2020.2001417878116,1653.4518558688098,0.053781785,0.7638703950288505
train,audio_287.wav,60.0746875,0.060470723,-24.369097,0.9484253,0.0,0.12481762597786285,1491.8178993846686,1347.5495483698478,0.017038448,0.5792789184296631
train,audio_367.wav,60.224,0.035517037,-28.991264,0.46081543,0.0,0.08332382118545575,1318.360328910872,1486.661871846824,0.02780003,0.2548817747077577
train,audio_166.wav,60.0746875,0.07615522,-22.366007,0.9885254,0.0,0.1222682907165446,1586.6796170404255,1401.5370422721764,0.041048888,0.46841691852329653
train,audio_94.wav,45.06,0.01783097,-34.9765,0.82440186,0.0,0.06609336864876858,1335.0554804846572,1635.8984787080974,0.025119025,0.02108300044385264
train,audio_108.wav,45.06,0.031037914,-30.162148,0.29675293,0.0,0.13524751428333703,1909.3663011964452,1909.6559990251883,0.042448517,1.0
train,audio_511.wav,60.0746875,0.07350062,-22.67418,0.8132019,0.0,0.1558735488099201,1717.4264155600447,1476.9976685423944,0.04940339,0.600663757094034
train,audio_5059.wav,60.0106875,0.1143464,-18.83555,0.9500122,0.0,0.44598642900283236,3800.4469099010867,2375.2274397441874,0.49736595,1.0
train,audio_310.wav,44.224,0.062858865,-24.03267,0.75738525,0.0,0.14539675418268144,1785.0401796343572,1562.1680770103183,0.026125876,0.6618578147612156
train,audio_50.wav,45.12,0.008118425,-41.810566,0.063446045,0.0,0.046509735763350324,850.8134013519449,1279.5266223297035,0.0024869083,1.0
train,audio_6.wav,45.06,0.016164767,-35.828613,0.2418518,0.0,0.12362063526181495,1587.2754160452885,1578.1950789043865,0.027149344,0.5388371060807812
train,audio_515.wav,60.0746875,0.07278733,-22.758884,0.94815063,0.0,0.11627302919024633,1497.5661948105683,1076.3139373778854,0.056374673,0.6765692705434381
train,audio_742.wav,50.048,0.039034106,-28.171116,0.9397583,0.0,0.2312913648851149,2274.8479001804567,1638.925924747135,0.052528173,0.4162004475703325
train,audio_545.wav,60.0746875,0.07798873,-22.159365,0.94696045,0.0,0.07943217636900798,905.9442457201444,876.957371933227,0.0052525047,0.5958364327737868
train,audio_489.wav,60.0746875,0.07069089,-23.012732,0.9999695,4.161486482971718e-06,0.10734677981441411,1316.0735473019818,1236.2280049697897,0.021088757,0.5667944589807479
train,audio_697.wav,60.0746875,0.0884469,-21.066349,0.8918762,0.0,0.17328100293358856,1896.2140246268143,1527.5551296177036,0.039669476,0.6596788372806767
train,audio_225.wav,60.167,0.048815344,-26.228874,0.6910095,0.0,0.10065134462772146,1107.5367532784207,1004.7990535806106,0.0014432375,0.6262070570246149
train,audio_553.wav,60.0746875,0.06264186,-24.062708,0.9543152,0.0,0.13424450992426765,1633.1083369574949,1566.8374182339317,0.029590294,0.5007100536311571
train,audio_237.wav,53.2,0.044830084,-26.968609,0.6413574,0.0,0.19828238054407066,2107.5318468571954,1577.466245045059,0.14891703,0.5468045112781955
train,audio_197.wav,60.07475,0.060359262,-24.38512,0.90341187,0.0,0.09339923071321571,992.6950729241039,881.1827780399493,0.0011939956,0.4862275748130454
train,audio_449.wav,60.0746875,0.06811909,-23.334625,0.9269409,0.0,0.11318534922187085,1358.7617546744507,1374.759811415306,0.019355638,0.6017509454377103
train,audio_567.wav,60.0746875,0.068888456,-23.237072,0.8215027,0.0,0.16209344571820905,1796.56929273319,1489.0182307523232,0.024161736,0.6040813778681745
train,audio_477.wav,60.0746875,0.07571227,-22.416676,0.94573975,0.0,0.14798302783788284,1792.063684423048,1474.9592611110713,0.0665954,0.5429907562981497
train,audio_728.wav,45.4826875,0.054923706,-25.204803,0.78338623,0.0,0.12308938090789184,1654.6152384315312,1631.6226962315761,0.03993914,0.5382858587676904
train,audio_377.wav,59.2213125,0.042075165,-27.519484,0.5308533,0.0,0.17712894911784569,2148.105739319307,1629.1601635989575,0.07033197,0.45017577075820464
train,audio_633.wav,60.0746875,0.06710056,-23.465477,0.90689087,0.0,0.1216021866677763,1529.4164137396554,1537.0224447689689,0.033864897,0.6856465129344201
train,audio_690.wav,45.8453125,0.080224186,-21.913893,0.97869873,0.0,0.12618508042529988,1413.6940572281876,1326.4470281225174,0.019312272,0.4473739818002113
train,audio_525.wav,60.0746875,0.09381106,-20.55492,0.9274292,0.0,0.20218159641311584,2019.787136856899,1410.1725485520446,0.06457935,0.6709980805143597
train,audio_31.wav,43.62,0.013736083,-37.24274,0.14590454,0.0,0.12543243611047444,1501.8822550860589,1355.3789876114606,0.030398872,0.6444291609353507
train,audio_676.wav,60.0746875,0.07638126,-22.340263,0.97924805,0.0,0.15080738702563248,1713.607535666672,1371.246265565757,0.030812003,0.6746601886193748
train,audio_263.wav,60.02,0.046190392,-26.708967,0.72042847,0.0,0.17152231176078628,1977.3043574290343,1780.1361675319965,0.10731654,0.558813728757081
train,audio_5070.wav,60.0746875,0.107993074,-19.332083,0.9499817,0.0,0.4575533403378828,3844.012287058395,2354.661234181777,0.51243514,1.0
train,audio_510.wav,60.0746875,0.092369564,-20.689423,0.8885193,0.0,0.11831035182256991,1496.1200606608304,1448.236379705075,0.04418736,0.5904317022040273
train,audio_577.wav,60.0746875,0.0821525,-21.707584,1.0,1.0403716207429294e-06,0.09308747191245006,1254.4516538483956,1348.456191768712,0.020994864,0.38559813565405565
train,audio_230.wav,55.573375,0.0527868,-25.549492,0.9999695,1.124639271953521e-06,0.1588925872616049,1448.6415308843182,1021.0631160015507,0.003394964,0.6880992921520422
train,audio_314.wav,60.0746875,0.04529994,-26.878048,0.74468994,0.0,0.1319627215795606,1791.178665822637,1416.5343496606874,0.1314079,0.4637560536623682
train,audio_641.wav,60.0106875,0.049240433,-26.153563,0.9091797,0.0,0.14313327849050317,1651.4117920420722,1640.2313961204527,0.020371906,0.29778029121895994
train,audio_689.wav,51.4986875,0.061357718,-24.242615,0.8753967,0.0,0.11371359223300971,1270.6297878081461,1208.4262025433877,0.0151984,0.6120544334260946
train,audio_352.wav,60.0746875,0.052390825,-25.614895,0.66030884,0.0,0.15467495162699735,1664.4506733150804,1331.1679656299539,0.023971088,0.6565941354251739
train,audio_193.wav,23.65875,0.06552415,-23.671972,0.95584106,0.0,0.16235042001267963,1486.6911171581057,1061.3765748829105,0.004018041,0.6707877635124425
train,audio_5049.wav,60.0746875,0.13818112,-17.191027,0.9500122,0.0,0.448530214921771,3827.0244206707594,2376.183406432666,0.49879956,1.0
train,audio_300.wav,60.0746875,0.060728002,-24.33222,0.6722412,0.0,0.21091604423268975,2459.350223560741,1807.6638468327476,0.0281992,0.7703743777277243
train,audio_581.wav,60.0746875,0.045988537,-26.747007,0.6108093,0.0,0.13256868446238348,2110.9258098726746,1589.197551062518,0.17161456,0.25185316194944835
train,audio_164.wav,60.0746875,0.07973452,-21.967072,0.92037964,0.0,0.1043514246629494,1571.1435698027049,1771.0041626603174,0.021770675,0.44910762124230774
train,audio_502.wav,60.0746875,0.08231674,-21.690237,0.92056274,0.0,0.12722457296521306,1516.067902223626,1413.1969894723863,0.020169161,0.8012474055732708
train,audio_380.wav,58.6666875,0.07446975,-22.560402,0.9293213,0.0,0.15894649096642235,1833.0860748188368,1579.8041617111685,0.019692572,0.6497724965296532
train,audio_15.wav,43.32,0.017087229,-35.34657,0.20950317,0.0,0.05560704188783753,1092.6981468046233,1532.6665529451761,0.010735831,0.9298245614035088
train,audio_238.wav,27.62,0.076639816,-22.31091,0.70401,0.0,0.16047152099167572,1649.1119598314547,1314.00809416892,0.05662841,0.6368573497465605
train,audio_53.wav,39.42,0.026425378,-31.559574,0.28015137,0.0,0.1280478260524981,1841.1789692917791,1849.3126036706276,0.031851787,0.7430238457635718
train,audio_283.wav,27.7973125,0.056015253,-25.033875,0.51412964,0.0,0.16264051258992807,1976.0925819450615,1636.687591141024,0.034523163,0.7108600876433648
train,audio_614.wav,60.0746875,0.0729365,-22.7411,0.7991333,0.0,0.2011744756990679,1994.699056633071,1392.5739977095293,0.035364013,0.7235108380713591
train,audio_121.wav,45.06,0.06711885,-23.463108,0.7090759,0.0,0.12982842661415575,1551.1664048907471,1470.4278713531792,0.019223813,0.6160674656014203
train,audio_216.wav,60.07475,0.07525769,-22.468983,0.9999695,5.201852691854731e-06,0.134564720997004,1213.1190122168916,912.8345345203605,0.001682629,0.6295490201790269
train,audio_552.wav,60.0746875,0.08066529,-21.866266,0.91467285,0.0,0.13884092043941412,1661.3854232490603,1537.761400052159,0.026990952,0.6369519192255474
train,audio_514.wav,60.0746875,0.07051567,-23.034286,0.9946289,1.0403716207429294e-06,0.11775867853278961,1496.7423864471282,1510.0063531687476,0.042492148,0.4800690806756173
train,audio_593.wav,60.0746875,0.07643231,-22.334461,0.9465027,0.0,0.09125495433172437,1271.3386686593906,1415.5752517146632,0.01746172,0.5516466481827309
train,audio_565.wav,60.0746875,0.06952007,-23.157797,0.67144775,0.0,0.12915429167360187,1617.7635537693277,1567.789100652454,0.020647973,0.5305843247207903
train,audio_140.wav,60.08,0.041452747,-27.648933,0.67089844,0.0,0.2799813950948577,2721.709771779033,1885.3907107045593,0.109252036,0.4324234354194407
train,audio_117.wav,45.06,0.03133859,-30.078411,0.276062,0.0,0.12172904648324828,2239.9738538230968,1620.0699753614656,0.21616676,0.6478029294274301
train,audio_495.wav,60.0746875,0.08812694,-21.097828,0.93792725,0.0,0.10789845310419441,1325.5357035972638,1396.4123841741482,0.0158251,0.6674140002809004
train,audio_652.wav,60.0746875,0.047552843,-26.45647,0.6376343,0.0,0.14595773343874835,1843.699455686078,1812.8917686232537,0.04294298,0.4016666753364302
train,audio_645.wav,48.96,0.03641619,-28.774109,0.6923523,0.0,0.1589086749540535,1642.6680646661155,1239.8839209294053,0.036261126,0.5573937908496732
train,audio_242.wav,60.08,0.043739855,-27.182453,0.6841736,0.0,0.08766212660176402,1250.505689310452,940.5396627754207,0.4639285,0.40612516644474034
train,audio_4.wav,45.06,0.011330899,-38.914715,0.12265015,0.0,0.2625659564288884,2617.569991262346,1780.4621538263684,0.12174271,0.6249445184198846
train,audio_93.wav,45.06,0.012366616,-38.154984,0.29699707,0.0,0.15886528941091635,1866.1108063436377,1641.043282084062,0.061889317,0.4904571682201509
train,audio_582.wav,60.0746875,0.04941505,-26.122816,0.92904663,0.0,0.09257383384653795,2524.5745133970304,1762.493377333595,0.25972697,0.20557743225880284
train,audio_222.wav,58.92275,0.05069987,-25.899864,0.9567566,0.0,0.1476291389148142,1374.4163066624824,1035.3893805870937,0.0031874976,0.5407079608470412
train,audio_5042.wav,60.0746875,0.12087745,-18.353094,0.9499817,0.0,0.4497499427846205,3820.6889773071252,2359.289640875812,0.5042107,1.0
train,audio_253.wav,60.08,0.046889212,-26.57854,0.6208191,0.0,0.08775736135380263,1147.0320917061151,1257.7270105664534,0.020157138,0.4903462050599201
train,audio_167.wav,60.0746875,0.07202221,-22.85067,0.9597473,0.0,0.15253977769224367,1808.9144293353545,1474.1969276349564,0.04811286,0.5168566211850874
train,audio_583.wav,60.0746875,0.070902474,-22.986773,0.9107666,0.0,0.1400876305550932,1723.4795494263508,1561.7560310488313,0.020397287,0.578113702214431
train,audio_682.wav,60.0746875,0.06939522,-23.173409,0.94467163,0.0,0.18903993893558588,2269.7269554664663,1814.8723467757536,0.09569622,0.5268441887442195
train,audio_5045.wav,60.0746875,0.12416126,-18.120277,0.9500122,0.0,0.4589824244756991,3849.6571675959062,2353.916318064897,0.508804,1.0
train,audio_173.wav,60.0746875,0.08358288,-21.557653,0.98535156,0.0,0.140208563061751,1680.385291270906,1521.2313084781217,0.032691494,0.5082007293005062
train,audio_338.wav,60.0106875,0.07623022,-22.357456,0.96221924,0.0,0.1605369824641786,1790.454744741775,1525.0798037124337,0.02537975,0.749699793057695
train,audio_188.wav,60.07475,0.074684255,-22.53542,0.94039917,0.0,0.10775021325732356,1075.9163723957058,888.2321704514833,0.0011947547,0.6687460205826907
train,audio_59.wav,45.06,0.017750284,-35.015892,0.177948,0.0,0.10111701242511649,1518.173780160066,1590.2873597729904,0.023966564,0.8812694185530404
train,audio_318.wav,60.0746875,0.04345292,-27.23962,0.95547485,0.0,0.13882531624500666,1571.455030017863,1445.6636702250673,0.02988853,0.4536020266439172
train,audio_17.wav,44.1,0.18559882,-14.628496,1.0,0.0013492063492063493,0.08715294505214237,1468.9784135633877,1547.8459696209272,0.02502093,0.6925170068027211
train,audio_551.wav,60.0746875,0.07785353,-22.174435,0.9491272,0.0,0.12548958159953397,1592.1202905995415,1574.9868425670136,0.032307573,0.5476516211590781
train,audio_275.wav,39.0186875,0.078345865,-22.119678,0.8675232,0.0,0.14813366943234238,1665.3938344404535,1125.761002340157,0.2603783,0.4907904705918158
train,audio_368.wav,60.0746875,0.047978885,-26.378996,0.46444702,0.0,0.1983088304136152,2254.0713364702015,1798.317746928401,0.060293835,0.6483595940469936
train,audio_730.wav,60.0746875,0.060294054,-24.39451,0.6470337,0.0,0.1286816146180093,1656.3570380746394,1214.093126041173,0.2880328,0.36687664833878664
train,audio_5060.wav,60.0746875,0.1359083,-17.33508,0.9499817,0.0,0.4388322080975366,3831.548332626319,2369.0170423314166,0.48667222,1.0
train,audio_685.wav,60.0746875,0.09088866,-20.829807,0.98010254,0.0,0.15018744538531958,1634.0505972708654,1372.9374507600262,0.040004265,0.6052465940834066
train,audio_7.wav,45.06,0.11197829,-19.017323,0.8937683,0.0,0.0731821680164189,866.808220525525,944.2716014880947,0.00827529,0.608965823346649
train,audio_204.wav,61.03475,0.07482831,-22.51868,0.743927,0.0,0.13533869952080602,1333.7805944016218,1065.4490562403635,0.007679643,0.6281667410778287
train,audio_5064.wav,60.0746875,0.1063021,-19.469164,0.9499817,0.0,0.46300993206974034,3876.9048241725095,2349.517381533982,0.5138866,1.0
train,audio_127.wav,45.06,0.029502591,-30.602797,0.473938,0.0,0.17134847528844022,1897.799265218464,1579.8730386525076,0.07522749,0.5909897913892588
train,audio_412.wav,33.728,0.049093697,-26.179485,0.59973145,0.0,0.19418104246961163,1995.8677633526784,1548.0005672241753,0.039371405,0.45185009487666034
train,audio_132.wav,45.06,0.01295309,-37.752533,0.12036133,0.0,0.08626121519303306,1256.1903407380437,1469.5601196388063,0.02264106,1.0
train,audio_156.wav,60.08,0.03393045,-29.388208,0.6416626,0.0,0.324978352783325,2937.854850854357,1747.0073603222863,0.14919454,0.4921770972037284
train,audio_426.wav,60.0746875,0.060638312,-24.345057,0.5378418,0.0,0.12661861008239014,1517.6415949959944,1498.0190244117764,0.021504175,0.5637981887130082
train,audio_709.wav,60.0106875,0.094934866,-20.451487,0.93133545,0.0,0.13183626291236256,1615.1052678802932,1535.489326102795,0.040206414,0.5435698432883309
train,audio_291.wav,56.4693125,0.0521622,-25.652884,0.7739868,0.0,0.1804857667788206,2171.9917138715114,1785.6363592764274,0.03747034,0.5571167525724702
train,audio_523.wav,60.0746875,0.067577064,-23.404015,0.92907715,0.0,0.16980159266810918,1932.4907493801359,1520.5375156030186,0.0505201,0.5466528644031649
train,audio_632.wav,60.0746875,0.076864064,-22.285534,0.9272156,0.0,0.1217715571945739,1499.7685831294627,1511.3762419049588,0.025545837,0.748068810178996
train,audio_684.wav,57.792,0.086533114,-21.256353,0.9919739,1.0814645625692137e-06,0.1411197015570934,1588.7912759511094,1373.7824101689457,0.037053302,0.5997369878183831
train,audio_512.wav,60.0746875,0.07812977,-22.14367,0.95544434,0.0,0.12830808921438083,1647.2089230749057,1659.7065009380162,0.04467275,0.4126529996514755
train,audio_764.wav,60.0106875,0.049434327,-26.119427,0.951355,0.0,0.18179064009913362,1740.2847842282363,1257.1579374618193,0.033409465,0.7400348479593739
train,audio_585.wav,60.0746875,0.066611454,-23.529022,0.7994995,0.0,0.15573831245838882,1825.2880971312657,1522.3932615519016,0.021297496,0.6683347291652578
train,audio_562.wav,61.0346875,0.07555083,-22.435215,0.9319153,0.0,0.13656164246805375,1633.6482637420409,1469.9729301753123,0.025806451,0.57852348306035
train,audio_465.wav,60.0746875,0.10604152,-19.490482,0.9449768,0.0,0.07515662710136485,877.3813060194159,904.0379277403686,0.007350645,0.6367074318946728
train,audio_37.wav,45.06,0.023086913,-32.73268,0.20373535,0.0,0.0976436827435101,1346.0124293001356,1384.023643904434,0.025846757,0.8379937860630271
train,audio_47.wav,45.12,0.04315824,-27.298725,0.46780396,0.0,0.12365622576445823,1452.9096038188263,1331.503389271899,0.021143842,0.7404698581560284
train,audio_233.wav,60.08,0.048966486,-26.20202,0.513855,0.0,0.21159959279830254,2223.5732630574325,1798.4753126808841,0.10551254,0.5627496671105193
train,audio_621.wav,60.0746875,0.08246846,-21.674242,1.0,1.0403716207429294e-05,0.16900870453978029,1852.4001045763987,1341.5156065470023,0.05706072,0.617398134613684
train,audio_590.wav,60.0746875,0.110616975,-19.123566,0.98117065,0.0,0.08776579144474035,1183.1761942350183,1379.5266615713572,0.0098610325,0.6734949724041428
train,audio_349.wav,60.0746875,0.0615014,-24.2223,0.9561157,0.0,0.06988793587716378,933.2633789996978,1154.2571055777769,0.0070263054,0.3956741348009509
train,audio_387.wav,60.0106875,0.06584912,-23.629,0.9324951,0.0,0.14249481943518827,1674.7465010409182,1436.279106742351,0.023492984,0.6303877121887663
train,audio_630.wav,60.0746875,0.07064242,-23.018688,0.94522095,0.0,0.23121482554510653,2361.448156985751,1708.9244969568197,0.1296009,0.5305843247207903
train,audio_5046.wav,60.0746875,0.14327745,-16.876444,0.9500122,0.0,0.4462594795481025,3856.2155847461827,2355.398679828874,0.4926649,1.0
train,audio_183.wav,60.07475,0.06409747,-23.863182,0.9144592,0.0,0.09204459158621837,1058.4076758631722,1011.4278555061663,0.0012843814,0.39567372315323823
train,audio_607.wav,60.0746875,0.06536536,-23.693047,0.8668213,0.0,0.18118452740096538,1959.8911332615983,1548.9374050508923,0.044515014,0.640203080540369
train,audio_133.wav,45.0,0.05180709,-25.712215,0.58709717,0.0,0.05806608948011553,1019.8221977970827,1363.873851420873,0.01344349,0.9853333333333333
train,audio_443.wav,60.0746875,0.08011831,-21.925364,0.9458618,0.0,0.12138210250915446,1623.1135042808264,1559.1212662926655,0.021393983,0.5856824057553358
train,audio_55.wav,45.06,0.012817541,-37.843903,0.19546509,0.0,0.12425203156201464,1910.1516477421958,1536.1561631037923,0.12229612,0.5849977807367954
train,audio_686.wav,53.888,0.073249824,-22.703869,0.9917908,1.159812945368171e-06,0.1549072039107441,1828.8563931846436,1600.4321888480822,0.054166794,0.4513064133016627
train,audio_740.wav,60.0746875,0.046256837,-26.696482,0.48718262,0.0,0.1252753490138149,1462.6420566740042,1437.364509844675,0.032347057,0.532503810361061
train,audio_699.wav,60.0746875,0.05800381,-24.730871,0.9399414,0.0,0.12157780511401464,1394.6380161113593,1217.58367573675,0.014539028,0.6084093238104651
train,audio_44.wav,45.06,0.06599057,-23.610363,0.71188354,0.0,0.15307005075438207,1698.499538491237,1407.6875453247844,0.04376257,0.6034176653351088
train,audio_500.wav,60.0746875,0.07136815,-22.929913,0.9651184,0.0,0.1127555837008988,1310.3600190270415,1245.297306216516,0.032176346,0.5127731625736713
train,audio_265.wav,60.08,0.042178325,-27.498215,0.70043945,0.0,0.12303712400149776,1447.5990549806347,1418.487797065555,0.032497786,0.48834886817576567
train,audio_125.wav,45.06,0.004729273,-46.504112,0.03829956,0.0,0.09104977326935877,1417.94144105587,1604.172004604983,0.022041563,0.991566799822459
train,audio_413.wav,45.9093125,0.09652696,-20.307028,0.9406738,0.0,0.178301891608582,1892.5006497394095,1508.5926718148798,0.026695212,0.6188286962476295
train,audio_256.wav,60.08,0.033695117,-29.448662,0.32925415,0.0,0.2587843495173906,2414.7519352863405,1710.3117504967656,0.13110758,0.6021970705725699
train,audio_350.wav,60.0746875,0.053364154,-25.455008,0.8405762,0.0,0.18658422884071238,2069.5745537781013,1748.6631301204927,0.051717132,0.6040813778681745
train,audio_364.wav,60.0746875,0.04166321,-27.604944,0.7475586,0.0,0.229449601052763,2235.770257462308,1436.0060044062675,0.1326566,0.574285134650097
train,audio_131.wav,44.88,0.09950277,-20.043297,0.50177,0.0,0.0971084700100245,1286.6970599904712,1391.7348635439985,0.026254326,0.9783868092691622
train,audio_168.wav,60.0746875,0.061373446,-24.240389,0.98986816,0.0,0.12781298112932757,1502.4461048546304,1363.75540497994,0.029439945,0.38785054021296406
train,audio_557.wav,44.0533125,0.07188748,-22.866936,0.63604736,0.0,0.08781925570245121,1162.13095205246,1223.9594960792701,0.013238644,0.6451274237323243
train,audio_670.wav,60.0746875,0.08400985,-21.513395,0.9260254,0.0,0.12256314497336884,1492.1871351449126,1565.2561526676477,0.04322563,0.5897658643667518
train,audio_342.wav,60.0746875,0.049076855,-26.182465,0.95251465,0.0,0.20476441567493342,2103.5285524025107,1660.4410000811504,0.060880195,0.5762826481619234
train,audio_2.wav,45.0,0.117758356,-18.580166,0.6966858,0.0,0.08132871514663408,1385.4885842462902,1761.2364016469764,0.023397028,0.998
train,audio_5048.wav,60.0746875,0.1351648,-17.382729,0.9499817,0.0,0.45076486559587214,3845.7334515311495,2366.8463245979406,0.49643332,1.0
train,audio_741.wav,60.0746875,0.049422227,-26.121555,0.58236694,0.0,0.09850407789613848,1349.385984694241,1486.4822875085406,0.024481539,0.3680418645540187
train,audio_294.wav,60.0746875,0.07141232,-22.924538,0.84558105,0.0,0.15457677523718374,1736.0425690602026,1520.8186765365042,0.039845068,0.556640431962297
train,audio_370.wav,60.0746875,0.053357646,-25.456066,0.9874878,0.0,0.13629321061501332,1519.6421532655313,1278.0831991666307,0.019625103,0.6749931075380126
train,audio_417.wav,60.0746875,0.08071857,-21.86053,0.8336792,0.0,0.13244450108189082,1470.525624937572,1228.3143468701296,0.040455315,0.7007943237324372
train,audio_753.wav,60.0746875,0.058339242,-24.680784,0.46679688,0.0,0.12817220268808255,1494.796612479262,1326.706658660644,0.022595542,0.6632525137979286
train,audio_533.wav,60.0746875,0.100606486,-19.94748,0.8957825,0.0,0.1195629135111518,1438.5438900358333,1369.7566891429517,0.020554146,0.8166501074183699
train,audio_239.wav,60.08,0.064020775,-23.87358,0.686676,0.0,0.21073435419786987,2136.950609996596,1449.5303487473568,0.04107458,0.6592876165113183
train,audio_566.wav,60.0746875,0.07916976,-22.028812,0.8829651,0.0,0.13768588496587883,1636.5176722823032,1529.0896552523247,0.024678743,0.5604689995266309
train,audio_736.wav,60.0106875,0.06904262,-23.217655,0.9473877,0.0,0.12678944258163946,1694.1642867624034,1444.4891806535618,0.080531925,0.5387373707391704
train,audio_541.wav,60.0746875,0.05841594,-24.669373,0.7784729,0.0,0.15784065256741012,1834.9086258203192,1635.7952033668935,0.021401366,0.6356202435509964
train,audio_531.wav,60.0746875,0.05465273,-25.247763,0.70584106,0.0,0.12693687063082557,1495.4835997778616,1388.5180394711072,0.0160454,0.6413682967556011
train,audio_280.wav,60.0746875,0.06815026,-23.33065,0.840271,0.0,0.11978202240762317,1574.394789558232,1536.8352409031938,0.03350003,0.4972144049854608
train,audio_33.wav,39.36,0.029853482,-30.5001,0.41952515,0.0,0.16767357362839724,1835.626889730952,1379.2871114398765,0.052120876,0.6755589430894309
train,audio_307.wav,60.1386875,0.05152948,-25.758884,0.6076355,0.0,0.1767633334718989,1919.7858100867206,1494.2011530427171,0.036627535,0.6433462652473085
train,audio_617.wav,60.0746875,0.067016445,-23.476372,0.9395447,0.0,0.09217527671438082,1096.5552137299564,1205.416294139089,0.007003552,0.49754732390409856
train,audio_613.wav,60.0746875,0.08724742,-21.184948,0.9689636,0.0,0.1850956537117177,1860.7953759701904,1362.2543894756805,0.02942512,0.770873756105681
train,audio_472.wav,23.8933125,0.061973866,-24.155828,0.5606079,0.0,0.12833338781380754,1581.3837717197177,1499.1076673236287,0.030461526,0.5637560719134277
train,audio_568.wav,60.0746875,0.06294995,-24.020092,0.78704834,0.0,0.08726678231108521,1242.2490697431076,1431.998306725882,0.016845515,0.5453211887286139
train,audio_521.wav,60.0746875,0.06759121,-23.402195,0.8413086,0.0,0.14637839651298268,1997.067984537637,1513.5627288164933,0.09381858,0.5707010544166377
train,audio_401.wav,60.0746875,0.0707323,-23.007643,0.8435364,0.0,0.14666902463382156,1675.794533657886,1444.8902984533458,0.019489478,0.6337111616269332
train,audio_573.wav,60.0746875,0.056335878,-24.984299,0.7741089,0.0,0.13113895014980026,1525.0176017507513,1400.8344431088415,0.03858197,0.5298404590119591
train,audio_180.wav,60.07475,0.117121175,-18.627293,1.0,3.1211116151128387e-06,0.11078002767143809,1158.3893636544817,954.3966771144527,0.0006416016,0.7099488553843337
train,audio_320.wav,38.8906875,0.042905156,-27.349812,0.90893555,0.0,0.21656089331619538,2301.7478892919657,1604.5899282723503,0.13611619,0.42118052040093146
train,audio_85.wav,45.06,0.07479421,-22.52264,1.0,0.00041056369285397246,0.15287114141890393,1710.9671139652228,1556.2203639411264,0.0627267,0.4607190412782956
train,audio_296.wav,60.0746875,0.083528325,-21.563324,0.9432068,0.0,0.13308362287782957,1679.7470709599202,1274.1771288361526,0.09375539,0.6065782697579576
train,audio_250.wav,20.12,0.009291188,-40.638577,0.14505005,0.0,0.06411935699205167,891.3035763736933,1260.8621881689596,0.0030300948,1.0
train,audio_346.wav,60.0746875,0.056152277,-25.012653,0.8502197,0.0,0.1272661841502996,1507.9974117368358,1480.2264635702993,0.03888726,0.47307778338422485
train,audio_335.wav,60.0746875,0.07615632,-22.36588,1.0,1.0403716207429294e-06,0.13935065745672437,1620.4401340931731,1473.4963507329333,0.049387198,0.5150255671325797
train,audio_20.wav,43.02,0.03670835,-28.704702,0.3411255,0.0,0.0759049827155473,1203.2891614111693,1412.327956196886,0.012384595,0.998372849837285
train,audio_5071.wav,60.0746875,0.12424601,-18.114351,0.9500122,0.0,0.4607856841919108,3879.6969692208972,2348.9147825545,0.5087086,1.0
train,audio_558.wav,60.0746875,0.05075529,-25.890373,0.7368469,0.0,0.1134304651090213,1404.8296548596018,1414.5757322270697,0.018654661,0.4536020266439172
train,audio_289.wav,60.0746875,0.049946766,-26.029852,0.99334717,1.0403716207429294e-06,0.21563078655542608,2119.8085162243615,1639.0457318327346,0.07606723,0.27066308085248053
train,audio_620.wav,61.0346875,0.06808202,-23.33935,0.94888306,0.0,0.16067716865989515,2010.3956791908754,1434.2004070156013,0.107019685,0.5739359278279257
train,audio_665.wav,60.0746875,0.057619512,-24.788609,0.64993286,0.0,0.1241326668608522,1526.3480770713204,1420.5456418910696,0.013183601,0.6102403778629727
train,audio_751.wav,60.0746875,0.10219278,-19.811596,0.7781677,0.0,0.1389212170231358,1567.843440313034,1318.7009039917752,0.02129374,0.7061990543021968
train,audio_442.wav,60.0746875,0.050761256,-25.889355,0.60269165,0.0,0.10725478008488681,1281.2307939132568,1289.7984269309873,0.017533146,0.48597318962333347
train,audio_362.wav,60.0746875,0.070454516,-23.041822,1.0,1.0403716207429294e-06,0.21887223285619176,2640.767805018152,1572.6329715820625,0.100150146,0.5236814590171609
train,audio_311.wav,60.0746875,0.050194804,-25.986824,0.9498291,0.0,0.15414668462882822,1764.2106191417051,1293.719767207089,0.18305002,0.43379335098497185
train,audio_724.wav,60.0106875,0.059764,-24.471207,0.9432678,0.0,0.2340391744418527,2266.0337711442694,1572.7703441098172,0.04902103,0.5957272194223737
train,audio_39.wav,45.06,0.023349077,-32.634605,0.2394104,0.0,0.1045621741180386,1593.0771499473015,1773.0789285318574,0.03149704,0.9975588104749223
train,audio_290.wav,60.07475,0.0454251,-26.854084,0.9444275,0.0,0.15480986289114515,1423.3418044723192,1174.6723124855537,0.0017475247,0.15697110682940837
train,audio_23.wav,45.06,0.008874219,-41.0374,0.17608643,0.0,0.09477834826381185,1577.8678798716935,1869.648058106816,0.02529298,0.7225920994229915
train,audio_624.wav,60.0746875,0.06482234,-23.765507,0.9760437,0.0,0.18218839724117844,2063.2657430954705,1632.3063676830247,0.057925675,0.6015844859783915
train,audio_206.wav,60.07475,0.08341954,-21.574646,0.94976807,0.0,0.14970891675682424,1382.739690527505,1056.7892488355308,0.00566351,0.60824223155319
train,audio_288.wav,60.0746875,0.04965483,-26.08077,0.7763672,0.0,0.12247797207889481,1466.8962440679395,1371.460187986202,0.017757414,0.4286331077460869
train,audio_60.wav,45.0,0.08228964,-21.693096,1.0,2.638888888888889e-05,0.15449561555765384,2025.3979292022082,1844.9824221945723,0.043366212,0.7264444444444444
train,audio_80.wav,45.06,0.008040168,-41.8947,0.075683594,0.0,0.18949776042822278,2589.2244451326574,2451.066500515378,0.071428284,1.0
train,audio_214.wav,60.07475,0.092646435,-20.663425,0.9323425,0.0,0.12718946352779628,1174.2272278638636,889.5029300719995,0.0015247165,0.7131115818209813
train,audio_599.wav,60.0746875,0.06192976,-24.16201,0.67974854,0.0,0.14912343437916112,1736.200643088812,1491.888007724325,0.020997815,0.669333485921171
train,audio_5063.wav,46.336,0.15050238,-16.449131,0.9499817,0.0,0.45466971366529996,3842.6525704773553,2355.1930361539967,0.5001328,1.0
train,audio_207.wav,60.07475,0.05327529,-25.469484,1.0,2.080741076741892e-06,0.15406898874417443,1443.5609084407818,1080.603673742172,0.029991386,0.47357666906645474
train,audio_438.wav,60.0746875,0.04720166,-26.520855,0.9653015,0.0,0.10899919898468709,1583.3078999396982,1678.6638393874655,0.036827233,0.301790999745109
train,audio_332.wav,60.0746875,0.058149166,-24.70913,0.6186218,0.0,0.18508037460469373,2114.394048243962,1710.4397678276414,0.04460679,0.706121026430641
train,audio_159.wav,60.08,0.06964488,-23.142216,0.6765137,0.0,0.22959018503494757,2329.842035653159,1576.3332314530699,0.07015819,0.6954061251664447
train,audio_478.wav,60.0746875,0.056157786,-25.011799,0.9423218,0.0,0.14250498033871506,1808.9885982517867,1587.5480258491832,0.076676644,0.4477759455677568
train,audio_46.wav,45.06,0.11794519,-18.566395,0.9741211,0.0,0.16237242067894386,1692.1943225062582,1526.199963437964,0.07594918,0.6278295605858855
train,audio_130.wav,45.06,0.029940376,-30.474855,0.43078613,0.0,0.2388645440426004,2667.3915506154444,1906.1682425089953,0.0926754,0.751664447403462
train,audio_437.wav,60.0746875,0.03210319,-29.869038,0.49694824,0.0,0.11952227758821571,1648.6338830997042,1736.0526284264004,0.043717854,0.3059524862280807
train,audio_771.wav,60.0746875,0.07891529,-22.056778,0.9999695,1.0403716207429294e-06,0.15512617291527964,1734.808322965924,1369.7989568018036,0.02495339,0.6766577021312012
train,audio_759.wav,60.0746875,0.070647314,-23.018085,0.93981934,0.0,0.14542621556674434,1783.8424726146727,1693.0453235614598,0.04020364,0.5639646481723272
train,audio_25.wav,45.06,0.006346985,-43.94865,0.05911255,0.0,0.10876223790769914,1744.5468526886532,1997.9513750864196,0.0425336,0.9962272525521527
train,audio_191.wav,60.423,0.048216607,-26.336067,0.6176758,0.0,0.08372193291825253,943.1356533741632,868.3133449921442,0.0028759656,0.4264932227794052
train,audio_182.wav,40.448,0.07378263,-22.640917,0.83325195,0.0,0.14221888519777504,1332.1314700249382,1030.7064105648462,0.0016570481,0.5460838607594937
train,audio_236.wav,48.7,0.03326799,-29.55947,0.5140381,0.0,0.21945771209710532,2126.404337591389,1589.3360412863406,0.17122136,0.48973305954825463
train,audio_24.wav,45.06,0.07481277,-22.520485,1.0,5.9642698624056815e-05,0.09066235508653206,1192.0334623877504,1223.359097976746,0.03499281,0.6407012871726587
train,audio_428.wav,60.0746875,0.109556034,-19.207273,0.94036865,0.0,0.13205862235768975,1553.5908831982367,1473.5396102454629,0.027790857,0.6190627292068727
train,audio_678.wav,55.2746875,0.045826912,-26.77759,0.9808655,0.0,0.2368796496246382,2507.281389914338,1576.6591899026573,0.0931881,0.5570361659665647
train,audio_591.wav,60.0746875,0.04291348,-27.348125,0.93692017,0.0,0.14103558536534622,1682.167660229852,1673.9808654484907,0.02587257,0.46092624285394745
train,audio_597.wav,60.0746875,0.062058806,-24.143932,0.93518066,0.0,0.15048359999167776,1760.412850040491,1510.2177957762212,0.02109525,0.6520217021520087
train,audio_580.wav,60.0746875,0.06796588,-23.354183,0.8092346,0.0,0.09454386339047936,1242.0916471178518,1240.5634693838585,0.026116632,0.4371225401713492
train,audio_19.wav,45.06,0.028535975,-30.892145,0.23883057,0.0,0.16266060087086753,1960.9742656791516,1729.7069511759778,0.03175793,0.7352418996893032
train,audio_476.wav,60.0746875,0.07459923,-22.545315,0.98587036,0.0,0.1604777614222703,1926.0946050546186,1609.9608911821815,0.08080176,0.4875597563449664
train,audio_375.wav,60.0746875,0.055148248,-25.169365,0.94143677,0.0,0.19909684223119176,2097.3936388738675,1537.6176439703272,0.08095513,0.31926924297359016
train,audio_642.wav,60.0746875,0.022304937,-33.031982,0.54364014,0.0,0.07246457847869507,1168.7169448739216,1434.0845516087825,0.012038618,0.23520721601756148
train,audio_66.wav,59.96,0.06598271,-23.611397,0.61376953,0.0,0.12263749062031015,1411.625610535923,1307.9234498113183,0.028658036,0.4294529686457638
train,audio_186.wav,60.07475,0.08512978,-21.39837,0.6992798,0.0,0.09641149040862183,993.522867138179,843.3618260928981,0.0007683826,0.7490667876270812
train,audio_713.wav,60.0746875,0.06321912,-23.98303,0.9378967,0.0,0.2043830881741012,2074.1622963401132,1617.5569763107603,0.1098339,0.5087001076784627
train,audio_354.wav,60.0746875,0.06142404,-24.23323,0.77890015,0.0,0.10172081755575899,1156.5913430556477,1148.8734702150982,0.01038221,0.5706230265450819
train,audio_768.wav,60.0746875,0.07168273,-22.89171,0.94595337,0.0,0.14016142539114515,1647.531665999919,1410.2970206113123,0.034830857,0.6183968913695972
train,audio_14.wav,45.06,0.004314687,-47.301018,0.06542969,0.0,0.10835401874861326,1492.0179544095631,1579.2300290471223,0.025909249,0.7385707944962272
train,audio_208.wav,60.07475,0.08571879,-21.33848,0.9215393,0.0,0.1357457634612184,1240.5445992763428,969.8528514048435,0.009133188,0.6413676294949209
train,audio_418.wav,60.615,0.021953667,-33.169857,0.26150513,0.0,0.08192911528785879,1396.9745988849097,1244.3771913371356,0.07076321,0.5643817536913305
train,audio_212.wav,60.07475,0.0870723,-21.2024,0.94851685,0.0,0.11844721361101865,1201.095239207032,774.8152873699507,0.02733671,0.6580135581088561
train,audio_177.wav,60.08,0.044493098,-27.034147,0.5635071,0.0,0.1162738314403395,1431.5941084231354,1505.4012300312236,0.03660405,0.5922103861517976
train,audio_503.wav,60.0746875,0.093304776,-20.601923,0.87960815,0.0,0.12230470050349534,1631.5509824195635,1648.2372377159759,0.025567435,0.7269284588454996
train,audio_564.wav,60.0746875,0.049189575,-26.162539,0.8746033,0.0,0.13474449432007324,1669.4593538179852,1637.100125826047,0.045302562,0.2616742700492616
train,audio_257.wav,60.08,0.04402866,-27.125292,0.6550598,0.0,0.2674906910467632,2437.417880197677,1645.0017118861558,0.13065773,0.644474034620506
train,audio_408.wav,34.0906875,0.05703758,-24.876778,0.56552124,0.0,0.15002061950146628,1781.8977948770505,1561.2974331922808,0.017115187,0.8069652452740943
train,audio_468.wav,60.0746875,0.078259856,-22.12922,0.81692505,0.0,0.11354099481940745,1212.9738632640444,1169.670215040306,0.014448003,0.6677469191995381
train,audio_574.wav,60.0746875,0.06907954,-23.213013,0.92041016,0.0,0.1731480421937417,2002.961560222908,1692.1403820466844,0.023934264,0.5154365139227732
train,audio_26.wav,45.06,0.05368209,-25.403412,0.46328735,0.0,0.11102174395384956,1651.9009362701343,1792.9050044228488,0.033353265,0.9962272525521527
train,audio_480.wav,60.7003125,0.05853845,-24.651175,0.98583984,0.0,0.14063014742217098,1610.773579397394,1277.4520198472578,0.069975354,0.5584814740451295
train,audio_706.wav,60.0746875,0.07276822,-22.761166,0.91342163,0.0,0.1423996520264647,1541.6441341534319,1287.375335923075,0.020367477,0.6321245949053002
train,audio_57.wav,45.06,0.05305685,-25.50517,0.7857971,0.0,0.11813221100510317,1528.0421718661532,1484.331326338891,0.021481372,0.6952951620062139
train,audio_209.wav,60.01075,0.08708937,-21.200697,0.9411316,0.0,0.11383933220176608,1153.193945762529,957.4465144437909,0.0014887997,0.6613815024808055
train,audio_712.wav,60.0746875,0.07092035,-22.984583,0.890625,0.0,0.21145601437666445,2101.3034251139306,1626.5198189770467,0.118371956,0.5278429455001327
train,audio_353.wav,56.0,0.047181487,-26.524567,0.46899414,0.0,0.13893201269862523,1878.8915401110305,1788.2957045810901,0.053736933,0.5655357142857143
train,audio_575.wav,60.0746875,0.066277385,-23.572693,0.9376221,0.0,0.16147903056341545,1852.3220752093423,1595.658865262015,0.02568423,0.5139383787889034
train,audio_383.wav,60.0746875,0.078756675,-22.074253,0.9122925,0.0,0.14835070166860853,1688.9213656097045,1496.8564211788812,0.028230654,0.5632988103350517
train,audio_781.wav,60.615,0.046027075,-26.739733,0.55740356,0.0,0.21048256557241835,2103.2376026111747,1530.1722956965577,0.0973664,0.5494514559102532
train,audio_118.wav,45.06,0.023259826,-32.66787,0.35476685,0.0,0.12948001026181497,1638.8318028909991,1612.306176240105,0.053138524,0.545716822015091
train,audio_337.wav,60.0746875,0.051315993,-25.794945,0.9577637,0.0,0.18928537991011984,1916.996344005139,1479.9890448157123,0.035680242,0.7454054588298941
train,audio_715.wav,60.0746875,0.058380995,-24.67457,0.6430054,0.0,0.1370311589755326,1511.6235736577212,1497.8958101882456,0.055149835,0.6948798110685137
train,audio_323.wav,60.0746875,0.047336493,-26.496078,0.8652344,0.0,0.18985688353029295,2172.081509503655,1733.7285957463705,0.036813185,0.5459870265658894
train,audio_374.wav,60.0746875,0.05117249,-25.819267,0.4982605,0.0,0.15115978174933423,1793.781908586619,1439.8198962713118,0.070898585,0.5268441887442195
train,audio_348.wav,57.6,0.060727093,-24.33235,0.68536377,0.0,0.07148044230602325,943.7929810824271,1158.0191216005226,0.006719923,0.4979166666666667
train,audio_547.wav,60.0746875,0.078330636,-22.121368,0.99002075,1.0403716207429294e-06,0.0804402723452064,951.8071728143326,959.9786824562124,0.0067017134,0.4712467293317173
train,audio_41.wav,43.8,0.011109149,-39.086384,0.119781494,0.0,0.045252225519287835,1248.717153014628,1601.3192644207902,0.0065006423,1.0
train,audio_284.wav,60.0746875,0.07504942,-22.493053,0.94473267,0.0,0.1522923861934088,1828.0062408099514,1454.5083164779517,0.052519463,0.5231820806392043
train,audio_13.wav,45.0220625,0.068811014,-23.246841,0.7616577,0.0,0.14930801340772817,1810.167064258438,1514.002461855335,0.063604176,0.6983242937837422
train,audio_548.wav,60.0746875,0.057768386,-24.766195,0.7480774,0.0,0.1310983142268642,1713.2585245666278,1713.0644481695726,0.027500814,0.6923829191787306
train,audio_687.wav,61.0346875,0.08542488,-21.368313,0.79489136,0.0,0.15237862723214285,1712.0094492456992,1432.033025863226,0.04050531,0.6442238276389962
train,audio_104.wav,45.06,0.010876749,-39.270016,0.11706543,0.0,0.16599699079210117,1925.7639032326745,1708.775411306309,0.098380335,0.6595650244118952
train,audio_181.wav,60.07475,0.06945882,-23.165453,0.9999695,1.040370538370946e-06,0.1162080117135486,1163.3403555596692,939.2727529325556,0.000800967,0.6530988476855917
train,audio_755.wav,50.24,0.06415944,-23.85479,0.7754822,0.0,0.15429609763681593,1672.2727218876057,1370.2382288494427,0.042681582,0.6393312101910829
train,audio_733.wav,60.0106875,0.029728489,-30.536545,0.7413025,0.0,0.27556016484088636,2578.0949737040723,1489.2267560639398,0.021153491,0.5585671718891739
train,audio_5072.wav,60.0746875,0.16924526,-15.429669,0.9499817,0.0,0.43875093625166445,3820.3744274999367,2377.145644548033,0.48217744,1.0
train,audio_776.wav,60.0746875,0.0627359,-24.049679,0.96047974,0.0,0.13850315464796936,1740.9746096727274,1607.3737307510353,0.02264421,0.5393286481931346
train,audio_70.wav,60.8,0.03599615,-28.874878,0.5682068,0.0,0.10322623746094392,1543.293242399439,1685.6530489544502,0.049876843,0.4575657894736842
train,audio_49.wav,45.66,0.054097928,-25.336388,0.5661926,0.0,0.10369909130720385,1245.4001944120096,1195.0403512385692,0.017543135,0.6423565484012265
train,audio_527.wav,60.0746875,0.06690654,-23.49063,0.88619995,0.0,0.23398814601364848,2252.5979712406875,1496.5249581823427,0.09948354,0.5637097571252452
train,audio_273.wav,60.0746875,0.05781046,-24.759872,0.84191895,0.0,0.18659723233605194,2175.6920864933504,1936.893606978326,0.04098533,0.7014601615697127
train,audio_139.wav,60.08,0.04574519,-26.79309,0.68307495,0.0,0.2693619076593443,2562.192297556704,1559.5558867900652,0.062952876,0.45838881491344874
train,audio_467.wav,60.0746875,0.0722614,-22.821873,0.94189453,0.0,0.07799073891061918,911.7764483081332,918.9391031007319,0.00837967,0.6149792705954567
train,audio_407.wav,60.0746875,0.045453105,-26.848728,0.5425415,0.0,0.17287269317992676,1995.8060742457212,1636.8014459869419,0.038601313,0.6220589994746123
train,audio_404.wav,60.0746875,0.04945207,-26.116312,0.67922974,0.0,0.19942192961468042,2105.878468117604,1541.3429923260219,0.030999586,0.7034576750815391
train,audio_534.wav,60.0746875,0.08558032,-21.352522,0.9328003,0.0,0.11946538729610519,1442.4562817052336,1367.9357976808199,0.023320138,0.726174189420461
train,audio_96.wav,45.06,0.01569601,-36.084217,0.22781372,0.0,0.10624878660971822,1236.8133940069715,1144.59590341892,0.009965819,0.5368397691966267
train,audio_137.wav,45.06,0.05630432,-24.989166,0.69992065,0.0,0.09385790506434435,1297.1557209335563,1387.5178980201622,0.016276233,0.908566355969818
train,audio_150.wav,58.624,0.09131604,-20.789059,0.97769165,0.0,0.05861007323469214,1265.0456921046793,1135.4424587591334,0.12384114,0.5426787663755459
train,audio_339.wav,60.0746875,0.057927538,-24.742298,0.9505005,0.0,0.1906169378328895,1962.9653803190129,1520.938603454183,0.05357336,0.6467730273253606
train,audio_409.wav,59.712,0.05938635,-24.526268,0.83044434,0.0,0.20476579506446752,2314.6706667786884,1729.0829241413114,0.034163028,0.6685423365487674
train,audio_78.wav,45.06,0.062103566,-24.137669,0.70401,0.0,0.20658229559573996,2271.1430319338947,1836.1357847902166,0.082285196,0.6750998668442078
train,audio_244.wav,60.08,0.047968067,-26.380957,0.67074585,0.0,0.16686298676984523,1762.908105943334,1374.7849051018063,0.051533632,0.7251997336884154
train,audio_752.wav,42.9653125,0.07538219,-22.454624,0.9450073,0.0,0.1883622476437049,2259.7978048065256,1790.291158670237,0.028921781,0.6630930474437955
train,audio_508.wav,60.0746875,0.090966105,-20.822409,0.92581177,0.0,0.12255761848784953,1512.7003540552491,1415.2201910789556,0.029190473,0.6813965948636853
train,audio_664.wav,60.0746875,0.058763515,-24.617844,0.9084778,0.0,0.12200659537283622,1569.3180407644045,1546.207195386112,0.014987364,0.5111969995682458
train,audio_701.wav,60.0746875,0.06502654,-23.738186,0.94158936,0.0,0.1289719176514647,1531.9751613886083,1324.3166068474604,0.023948314,0.5672938373587045
train,audio_5044.wav,24.128,0.090834975,-20.834938,0.9499817,0.0,0.48044284863240777,3918.3013229411595,2310.8781016889106,0.5259269,1.0
train,audio_734.wav,60.0746875,0.026543556,-31.520817,0.614624,0.0,0.25808492322736354,2424.291737365601,1444.4872432343054,0.023206947,0.5867695940990122
train,audio_51.wav,44.9266875,0.057602506,-24.791172,0.6300354,0.0,0.1326325325506343,1570.2808597184635,1461.9180064123202,0.03474548,0.5175097763439603
train,audio_704.wav,60.0746875,0.04356171,-27.217903,0.8604126,0.0,0.2662914291361518,2646.62725265403,1816.981919268103,0.15193516,0.3723698104963093
train,audio_129.wav,45.06,0.033825945,-29.415,0.31088257,0.0,0.07225565786554249,1166.4012418819234,1398.098456516683,0.012655153,0.8331114070128717
train,audio_107.wav,45.06,0.006270762,-44.053593,0.31149292,0.0,0.11055328863434657,1379.1154327592806,1388.8405010753013,0.031165805,0.5683533067021749
train,audio_143.wav,54.44,0.03718107,-28.593561,0.63619995,0.0,0.13204990243342515,1657.7096627224853,1660.026525600964,0.04079219,0.6419911829537105
train,audio_458.wav,57.4293125,0.0771458,-22.253754,0.8878784,0.0,0.09544601852254919,1441.5437864917608,1190.8756697616284,0.13507448,0.5862859667700183
train,audio_424.wav,60.0746875,0.10762242,-19.361944,0.92004395,0.0,0.13638456016977363,1630.1151699488132,1571.6906813289768,0.023498982,0.590509730075583
train,audio_563.wav,60.0106875,0.06851168,-23.284706,0.9760742,0.0,0.14834703536321225,1708.881495154193,1488.6827824819568,0.028078137,0.5685768472490837
train,audio_625.wav,60.0746875,0.05653332,-24.953909,0.94573975,0.0,0.2312385569241012,2341.014509852391,1676.179054306873,0.069050305,0.5664615400621101
train,audio_302.wav,60.0746875,0.055629693,-25.093868,0.6916809,0.0,0.12339504358771637,1615.0471250361918,1454.4747184281323,0.029838728,0.5140268103766665
train,audio_154.wav,60.0746875,0.066408426,-23.555536,0.9451294,0.0,0.12380010246754328,1498.4946845405134,1474.4206526253743,0.03563685,0.5018752698463891
train,audio_754.wav,46.208,0.066053785,-23.602047,0.8176575,0.0,0.13543216430426314,1491.4627858749334,1291.316021924378,0.026914055,0.687976108033241
train,audio_749.wav,60.0746875,0.056054402,-25.027805,0.9066467,0.0,0.16925674621338216,1969.132357087607,1736.665608511772,0.03351066,0.545154729269295
train,audio_366.wav,60.0746875,0.053809334,-25.382847,1.0,5.201858103714647e-06,0.2012261645930426,2582.764418184816,1641.2187984350853,0.11078326,0.47141318879103616
train,audio_693.wav,24.9173125,0.038326733,-28.329964,0.43606567,0.0,0.11205623620585875,1357.2101473860155,1401.0383624418084,0.013728698,0.8259317693270493
train,audio_608.wav,45.7813125,0.057651397,-24.783804,0.7150879,0.0,0.19343359289692072,2017.3234045260822,1512.019155043405,0.045103956,0.6981014360389952
train,audio_220.wav,60.07475,0.083096534,-21.608341,0.9660034,0.0,0.13812702854527298,1419.8892338586675,1038.7522583418438,0.02318573,0.5544758821301795
train,audio_761.wav,60.0746875,0.05854472,-24.650246,0.94177246,0.0,0.16132884019224367,1896.2048587490638,1713.9091352238543,0.04674558,0.5881012697735631
train,audio_640.wav,60.0746875,0.03509073,-29.096153,0.77301025,0.0,0.14790988317659787,2317.557717961958,2210.4583829004687,0.07884126,0.2939674051571221
train,audio_67.wav,60.06,0.043606155,-27.209044,1.0,3.121878121878122e-06,0.0813321957715998,1228.9621049286777,1421.5687050629388,0.021267446,0.6561771561771562
train,audio_299.wav,60.0746875,0.054712653,-25.238245,0.5845642,0.0,0.1686923945156458,1871.1011759833875,1432.0687928311577,0.0455085,0.623723594067801
train,audio_102.wav,45.06,0.011915513,-38.477745,0.17477417,0.0,0.2401867060960728,2471.9717989745905,1719.8249967229726,0.08972847,0.7523302263648469
train,audio_258.wav,60.08,0.04962978,-26.085152,0.6812439,0.0,0.18642348976535197,2374.703772424594,1857.9670871550452,0.18568903,0.40645805592543277
train,audio_679.wav,60.0746875,0.05987569,-24.45499,0.9671631,0.0,0.2305805800599201,2361.8735066786835,1506.1980641013133,0.07160382,0.6332898111205323
train,audio_82.wav,45.06,0.040241864,-27.906439,0.7501526,0.0,0.11907475524184602,1458.2961987074082,1315.1396356566825,0.020602357,0.5574789169995561
train,audio_325.wav,57.9626875,0.05276359,-25.553312,0.6826172,0.0,0.13804015007762635,1740.8627964234597,1556.9907893669963,0.03191223,0.6348911961682246
train,audio_399.wav,60.0746875,0.040591713,-27.831251,0.58587646,0.0,0.11596289582639814,1570.8422997042487,1334.1906171265316,0.08292218,0.6374512976035039
train,audio_285.wav,22.144,0.048942678,-26.206245,0.8397217,0.0,0.1638156038374718,2001.472018724288,1674.9261168660219,0.034362566,0.6471278901734104
train,audio_784.wav,60.615,0.046243817,-26.698925,0.5765686,0.0,0.21533219234576048,2110.4255541033112,1469.7776299951247,0.098383896,0.5949022519178421
train,audio_0.wav,45.06,0.0126365395,-37.967438,0.17306519,0.0,0.11875754035389394,1942.4576725822371,1894.84268239056,0.045941614,0.6493564136706613
train,audio_435.wav,61.0346875,0.13685505,-17.274784,0.95199585,0.0,0.1353316600794561,1612.3964890282264,1406.3937936610919,0.024740137,0.7658708418880656
train,audio_91.wav,45.06,0.028130228,-31.016537,0.84033203,0.0,0.20193501081650767,2418.734551822013,2002.5173629493972,0.10773959,0.44895694629383043
train,audio_109.wav,45.06,0.022123288,-33.103004,0.17541504,0.0,0.16251282726869315,1908.1924798150253,1706.7255327444327,0.112100594,0.585219707057257
train,audio_772.wav,60.0746875,0.061697748,-24.194614,0.9246216,0.0,0.15769143745838882,1851.9892198367831,1696.5087041536367,0.081489556,0.23129021686546433
train,audio_270.wav,60.08,0.02387806,-32.440018,0.45773315,0.0,0.1585509106132468,1867.208036092891,1724.243461786995,0.05521829,0.5417776298268975
train,audio_528.wav,60.0746875,0.07533549,-22.460007,0.9670105,0.0,0.12045787907789614,1955.8844799691026,1471.3284555128373,0.12246509,0.5632103787472885
train,audio_441.wav,60.0746875,0.072699085,-22.76942,0.65457153,0.0,0.09264827885735685,1176.0189733672034,1238.0504539508927,0.012784011,0.5851049995058235
train,audio_381.wav,60.1386875,0.05535525,-25.136824,0.9451904,0.0,0.17793410427751913,1963.6610667867058,1520.2295268314417,0.04038718,0.6109212144012953
train,audio_86.wav,45.06,0.02443562,-32.239532,0.31915283,0.0,0.09883973887841135,1434.432219036493,1568.6991188612901,0.018249892,0.91988459831336
train,audio_101.wav,45.06,0.02210292,-33.111008,0.38824463,0.0,0.20697794749833592,2216.6403272665248,1688.1696476797747,0.11894999,0.5417221482467821
train,audio_333.wav,60.0746875,0.05573062,-25.078123,0.8835449,0.0,0.1884882656458056,2137.835002969091,1715.502194154794,0.030726478,0.5837733238312726
train,audio_149.wav,59.52,0.09805024,-20.171028,0.94659424,0.0,0.07002706093566269,1354.99126979667,1177.6507549453183,0.101949446,0.573252688172043
train,audio_719.wav,60.0106875,0.06997247,-23.101456,0.9303589,0.0,0.12547933241002998,1466.968172198512,1367.0117979880908,0.021546511,0.7207049577627318
train,audio_638.wav,60.0746875,0.030087408,-30.432304,0.8461914,0.0,0.1047392539114514,1999.1055242036778,2155.592398375172,0.038767353,0.6268863237948595
train,audio_147.wav,60.08,0.03838355,-28.317097,0.66882324,0.0,0.2371546846397071,2298.7281370766086,1732.8701580658972,0.11246442,0.42676431424766975
train,audio_62.wav,43.98,0.021952067,-33.170494,0.24542236,0.0,0.09757633126847011,1213.7375435903114,1317.7028175534806,0.028737996,0.708731241473397
train,audio_763.wav,60.167,0.05869365,-24.628178,1.0,4.1551016337859624e-06,0.2304233058417816,2435.152029172043,1715.8346100726033,0.061529215,0.6865889939667924
train,audio_498.wav,60.0746875,0.04989983,-26.038017,0.8543396,0.0,0.13697361850865514,1657.96355795779,1567.6361413408808,0.029190272,0.6664152435249872
train,audio_1.wav,45.06,0.017407145,-35.185448,0.17272949,0.0,0.07205891529842468,1041.3623625602231,1171.252694703544,0.009039719,0.8011540168664003
train,audio_304.wav,60.0746875,0.062192548,-24.125233,0.98605347,0.0,0.18127165081974034,1896.3803572332472,1501.801006096342,0.037350077,0.6839819183412315
train,audio_347.wav,60.0746875,0.036216617,-28.821842,0.9584961,0.0,0.26698581578728364,2732.823042554966,1710.412918385937,0.07870139,0.5131945130800722
train,audio_560.wav,60.0746875,0.07157057,-22.905312,0.84417725,0.0,0.16712059701647802,1842.38735841107,1494.6796609840687,0.028982647,0.6311258381493869
train,audio_452.wav,61.0346875,0.073458955,-22.679104,0.9999695,1.0240078643803985e-06,0.12894080725753604,1498.957641497224,1356.7425408952852,0.023582503,0.5383823747766383
train,audio_716.wav,60.0746875,0.06737118,-23.430517,0.91430664,0.0,0.09724338902296938,1070.8492396296233,1079.5779675646852,0.0071309246,0.6961334588715089
train,audio_473.wav,61.0346875,0.041513696,-27.636173,0.7779541,0.0,0.12391368620986239,1527.1560948166941,1553.3208337363153,0.028303307,0.8282175607108663
train,audio_95.wav,45.06,0.0035767015,-48.930344,0.04220581,0.0,0.22709985855336143,2666.1332315192935,2346.9426559386816,0.11028274,0.6389258766089658
train,audio_732.wav,60.0746875,0.07496231,-22.50314,0.9293213,0.0,0.16670903638898135,1818.7992167443902,1563.7829094450528,0.040519662,0.5672938373587045
train,audio_292.wav,60.0106875,0.057598986,-24.791702,0.9382019,0.0,0.17684274512662446,2000.5688844459708,1657.870262190005,0.03286922,0.5718981306454788
train,audio_469.wav,60.0746875,0.08777895,-21.132193,0.9063721,0.0,0.10082195094041278,1074.639964732079,1019.1059042136321,0.010354462,0.6628415670077351
train,audio_329.wav,60.0746875,0.08445348,-21.46765,0.99768066,1.0403716207429294e-06,0.1324162184795273,1628.8343283964598,1181.3644680733587,0.08172185,0.7247644858743543
train,audio_169.wav,60.08,0.047013834,-26.555485,0.7091675,0.0,0.20779865358212682,2198.980341666284,1782.3081718833457,0.10394701,0.5233022636484687
train,audio_174.wav,60.0746875,0.06843342,-23.294636,0.9303894,0.0,0.15462813904377495,1751.8176132467781,1494.2950378617131,0.036252297,0.5491497562929478
train,audio_513.wav,60.0746875,0.056019265,-25.033253,0.96173096,0.0,0.14233268402546603,1704.9886364068343,1603.0730573681506,0.070961766,0.46358959420304935
train,audio_584.wav,60.0746875,0.07031429,-23.059128,0.7486572,0.0,0.14337231347786286,1698.2938288404146,1513.8047443938237,0.022272745,0.5866031346396933
train,audio_345.wav,60.0746875,0.05073691,-25.893518,0.9999695,1.0403716207429294e-06,0.2309082681424767,2290.634385101109,1662.705179813194,0.07549471,0.5599696211486743
train,audio_750.wav,60.0746875,0.08464956,-21.447506,0.61151123,0.0,0.15970730432340213,1703.47773169532,1342.6029065857722,0.022300227,0.7272613777641374
train,audio_116.wav,45.06,0.033534396,-29.490189,0.25442505,0.0,0.14055132987574884,1541.813558506724,1260.3108882862073,0.040636554,0.5725699067909454
train,audio_114.wav,45.0,0.021939402,-33.175503,0.17373657,0.0,0.13521778146522995,1729.6217289320075,1475.13140234058,0.038233094,0.7882222222222223
train,audio_157.wav,61.04,0.07024101,-23.068184,0.76672363,0.0,0.2271908271908272,2345.2388587745295,1613.8199718691867,0.0545445,0.6453145478374837
train,audio_385.wav,60.0746875,0.06330161,-23.971706,0.8510132,0.0,0.12759517258239014,1768.0214681983457,1759.282819453349,0.031197634,0.5716998111725509
train,audio_264.wav,60.08,0.031560462,-30.017132,0.6368408,0.0,0.12031269501997005,1527.7190520857134,1544.5381279335434,0.053394917,0.3312250332889481
train,audio_390.wav,60.0746875,0.042739496,-27.383413,0.8197937,0.0,0.1800382692867843,1864.2793796558137,1494.212735313162,0.033073176,0.7422427291028355
train,audio_766.wav,60.0746875,0.06413466,-23.858145,0.8240967,0.0,0.13357840587549932,1281.8139141979993,923.4599186677049,0.012861252,0.548983296833629
train,audio_571.wav,49.4506875,0.06760125,-23.400906,0.77783203,0.0,0.1375081347300849,1509.539588867078,1327.2282269902937,0.030953042,0.6742070067276618
train,audio_393.wav,60.0106875,0.06601451,-23.607212,0.76431274,0.0,0.11250188739170276,1645.3720736667779,1689.9041427535228,0.03110869,0.5609000896715273
train,audio_691.wav,39.2533125,0.041343875,-27.671776,0.57901,0.0,0.11742131781711666,1388.0743650250058,1417.4859017753533,0.015770098,0.7894875114042923
test,audio_128.wav,45.06,0.02582563,-31.75898,0.27212524,0.0,0.09107837461171511,1273.7681361209327,1367.699354187805,0.025837788,0.5916555703506435
test,audio_156.wav,44.9693125,0.06505724,-23.734089,0.9999695,1.1118693442333592e-05,0.1863104048532355,1921.2358448309187,1548.8809347299896,0.04413045,0.5147955063800452
test,audio_19.wav,45.012,0.06545995,-23.680487,1.0,2.4993335110637162e-05,0.16193844402487784,1644.1249072054263,1289.9543782791259,0.03850479,0.6127254954234427
test,audio_108.wav,58.98,0.007407412,-42.606667,0.12420654,0.0,0.15964470937870825,1855.7258590751635,1678.1219433630524,0.08372147,0.5291624279416751
test,audio_206.wav,45.04,0.07004713,-23.092194,0.71713257,0.0,0.06442754578246393,1047.9482102660957,1371.550159326959,0.016843505,0.9369449378330373
test,audio_161.wav,45.06,0.08666499,-21.243126,0.7761841,0.0,0.07530386759485246,1196.1325794910904,1476.8855325068832,0.013541158,0.8266755437194852
test,audio_215.wav,44.84,0.12414395,-18.121489,0.8142395,0.0,0.08910517697881828,1265.0664903405147,1329.894403512842,0.016109085,0.9870651204281892
test,audio_213.wav,45.06,0.051193535,-25.815697,0.56658936,0.0,0.13858520426558688,1626.5725473386012,1406.1664952747217,0.063127466,0.7412339103417666
test,audio_11.wav,45.06,0.06548033,-23.677784,1.0,2.2192632046160676e-05,0.09335564815842023,1265.5084167652767,1350.7400747861377,0.010551255,0.5588104749223258
test,audio_155.wav,44.8626875,0.09022991,-20.89299,0.87454224,0.0,0.11798058975930466,1400.118332944155,1336.0829678282864,0.035762727,0.7054860456141866
test,audio_39.wav,60.08,0.04362686,-27.204922,0.7008667,0.0,0.1326148797636878,1449.8913718968422,1232.553372507223,0.02340267,0.6739347536617842
test,audio_168.wav,45.06,0.01912623,-34.367413,1.0,1.3870395028850421e-05,0.18113620132571556,2091.3772508731577,1698.8516431365247,0.092695504,0.33377718597425654
test,audio_133.wav,45.06,0.008195804,-41.72817,0.97003174,0.0,0.19149638756378967,2024.635369032709,1707.3858375906525,0.054372966,0.6415889924545051
test,audio_28.wav,18.56,0.0307893,-30.232002,0.46887207,0.0,0.29800669763058696,2829.242934505069,1940.7348789020373,0.13754214,0.6357758620689655
test,audio_40.wav,60.08,0.045748446,-26.792473,0.64953613,0.0,0.1275261586786487,1428.2428008771956,1278.9257238948444,0.029919416,0.6742676431424767
test,audio_181.wav,44.7,0.015431468,-36.231853,0.24697876,0.0,0.16127194699172445,1866.1577836544031,1676.91633718704,0.08786607,0.6771812080536913
test,audio_201.wav,45.9946875,0.026087191,-31.671452,0.52005005,0.0,0.10821798573369565,1542.576117554007,1618.0326795309786,0.03616465,0.9471678114999694
test,audio_182.wav,45.06,0.01845809,-34.67626,0.15390015,0.0,0.11181868135677835,1683.6023459798707,1794.7100448138908,0.020826314,1.0
test,audio_126.wav,45.0,0.026393885,-31.569935,0.3326416,0.0,0.10784842951566319,1585.8202456395284,1733.8593967897866,0.036669593,0.9637777777777777
test,audio_10.wav,45.06,0.05162925,-25.742085,0.40078735,0.0,0.053660885150876414,1072.5389320364984,1478.700386611021,0.012993393,0.9653794940079894
test,audio_134.wav,45.06,0.09956504,-20.037863,0.93029785,0.0,0.06762614058686488,1245.4399693670637,1631.5430667212743,0.014064023,1.0
test,audio_69.wav,60.0746875,0.025259865,-31.95138,0.9888916,0.0,0.2625200904002996,2671.405311596408,2061.4098664031285,0.15450782,0.36671018887946777
test,audio_112.wav,43.02,0.051054817,-25.839264,0.66851807,0.0,0.1346598666627934,1575.671189406791,1508.9730615684268,0.046032183,0.5269642026964203
test,audio_180.wav,45.06,0.08178227,-21.746817,0.92059326,0.0,0.14178335436543155,1887.7394089943757,1731.2759144083757,0.066417664,0.4516200621393697
test,audio_177.wav,45.06,0.024648814,-32.16408,0.7441406,0.0,0.1359712149156867,1536.3670076950193,1313.00170455807,0.029555429,0.7600976475810031
test,audio_77.wav,60.0746875,0.064801864,-23.768251,0.86309814,0.0,0.16365354007157124,1786.8280895158373,1489.0637500485254,0.019176545,0.6941359453596825
test,audio_111.wav,60.06,0.059434697,-24.519197,0.54623413,0.0,0.12100173495505244,1760.796801212712,1784.6837611502103,0.031223673,0.873959373959374
test,audio_18.wav,45.06,0.010283157,-39.75747,0.13934326,0.0,0.17341340553583315,1901.943556253145,1605.2551149343617,0.08295551,0.6815357301375943
test,audio_175.wav,45.06,0.016240615,-35.78795,0.1635437,0.0,0.1416689489960062,1621.8710654120189,1452.7626222858462,0.040744238,0.7893919218819352
test,audio_33.wav,51.14,0.07011261,-23.084078,0.67214966,0.0,0.23000939332844575,2358.0653879115894,1668.5229313162301,0.061186384,0.6642549863120845
test,audio_15.wav,45.06,0.0054971594,-45.197235,0.05340576,0.0,0.062018110716662966,1246.3500330145441,1553.114464947107,0.015625387,0.8257878384376387
test,audio_4.wav,41.4186875,0.14430173,-16.81457,1.0,0.00021276627850653161,0.155854848201352,1622.6954425190565,1164.618217007573,0.023181507,0.7214134924000187
test,audio_27.wav,60.0746875,0.08499781,-21.411846,0.8787842,0.0,0.12329654211051931,1506.276069429969,1424.0512624654857,0.0181321,0.6374512976035039
test,audio_96.wav,41.4,0.023048354,-32.7472,0.2583313,0.0,0.12446844436730259,1696.2945260709914,1775.059709045812,0.06700248,0.7239130434782609
test,audio_116.wav,45.06,0.021028519,-33.543827,0.39022827,0.0,0.18109069919014867,2111.447626676088,1595.2132470892536,0.067784436,0.6857523302263648
test,audio_1.wav,45.06,0.008942099,-40.971214,0.06933594,0.0,0.05898463501220324,1095.4560674140303,1424.0121915862858,0.013884054,0.9121171770972037
test,audio_22.wav,44.82,0.021209033,-33.46958,0.34777832,0.0,0.3108152499721169,3042.5899473923373,1889.4037186979372,0.11174161,0.7186523873270861
test,audio_114.wav,45.06,0.016336242,-35.736958,0.19100952,0.0,0.0873086310184158,1348.0137117309828,1504.960962369114,0.022041645,0.9427430093209055
test,audio_146.wav,41.34,0.006477354,-43.77205,0.0574646,0.0,0.19333717503022974,2225.8840622824046,1736.3443821532167,0.08768278,0.6780358006773101
test,audio_46.wav,60.608,0.064311825,-23.834183,0.9411316,0.0,0.20362029007177032,2164.074218829518,1472.5483339394166,0.04146735,0.7428062302006336
test,audio_144.wav,45.06,0.014110055,-37.009426,0.8918762,0.0,0.05383856015642334,1150.1145674717418,1479.5145229129364,0.01248815,0.2969374167776298
test,audio_75.wav,60.0746875,0.06973409,-23.131096,0.6756592,0.0,0.1762809093084221,1830.1942848935735,1416.1543434900088,0.024090562,0.6765692705434381
test,audio_200.wav,44.92,0.047252305,-26.51154,0.84869385,0.0,0.13945608098709103,1787.1108423545484,1666.575808471776,0.06517974,0.6188780053428317
test,audio_196.wav,45.06,0.01816694,-34.814365,0.09698486,0.0,0.11473255144774795,1352.3352506769577,1298.6902559555365,0.012446462,0.9476253883710608
test,audio_190.wav,44.64,0.016545031,-35.626648,0.2468872,0.0,0.10511836856103024,1392.2927151274173,1346.4403784926142,0.021883246,0.6848118279569892
test,audio_158.wav,45.06,0.023304902,-32.651054,0.22070312,0.0,0.07309203045262924,1372.84977590631,1804.8641762768514,0.016475344,1.0
test,audio_17.wav,45.06,0.0700912,-23.08673,0.9838562,0.0,0.10349959091413358,1527.8524487669647,1570.8649698969705,0.018194571,0.9509542831779849
test,audio_105.wav,60.06,0.05200089,-25.679783,0.8111572,0.0,0.08389561137006825,1163.9797674624126,1295.8797638468639,0.008237791,0.7327672327672328
test,audio_141.wav,44.76,0.006395918,-43.881943,0.05923462,0.0,0.08701592863524682,1286.624752195859,1476.1253628597065,0.012624339,1.0
test,audio_129.wav,45.06,0.062167022,-24.1288,1.0,9.154460719041278e-05,0.1437512133902818,1716.869179301492,1541.9580674692886,0.056683715,0.5903240124278739
test,audio_6.wav,45.032,0.059196595,-24.554064,0.78552246,0.0,0.18638120281971582,2118.4728622801395,1607.4506905392514,0.031636648,0.8378930538283887
test,audio_70.wav,52.6933125,0.05393488,-25.362606,0.6618042,0.0,0.13442429138994308,1561.04306057546,1168.7294472923077,0.07661128,0.6308200874636606
test,audio_35.wav,60.08,0.056986913,-24.884499,0.7206421,0.0,0.1290963944707938,1807.5424026870085,1840.8907243065723,0.039793562,0.6374833555259654
test,audio_203.wav,45.0,0.021872383,-33.20208,0.26519775,0.0,0.07667480143301489,1381.9059463505507,1769.142084579584,0.033390287,0.944
test,audio_90.wav,44.9935,0.09069166,-20.848654,1.0,4.0283596519497264e-05,0.23601085069444444,2478.516468986769,1632.2804188078346,0.041383374,0.6247569093313479
test,audio_16.wav,45.06,0.0050783833,-45.88549,0.10015869,0.0,0.19966293751386732,2181.778155345564,1695.1254726820396,0.087893926,0.6726586773191301
test,audio_138.wav,45.06,0.018406736,-34.700466,0.31259155,0.0,0.21750584160749944,2366.906681932818,1728.6340258862333,0.09492829,0.6628939192188193
test,audio_100.wav,45.06,0.01975415,-34.086834,0.14434814,0.0,0.11987775959618371,1598.7263739093153,1686.1646872265737,0.049669016,0.9420772303595206
test,audio_115.wav,45.06,0.011883553,-38.501076,0.4812622,0.0,0.13478339250055468,1688.4231278928683,1624.0484781146354,0.07279751,0.591433644030182
test,audio_118.wav,45.06,0.081019215,-21.82824,0.83761597,0.0,0.17121023546705125,1919.1383773683312,1791.3665917576047,0.07392108,0.6300488237905015
test,audio_137.wav,45.06,0.010460574,-39.608887,0.1288147,0.0,0.056308242733525624,891.9419991794832,1178.2680369807517,0.008439808,0.8588548601864181
test,audio_101.wav,42.54,0.026397847,-31.56863,0.7994385,0.0,0.1936269829612221,2087.300315193669,1652.6567693572074,0.09473163,0.6530324400564175
test,audio_193.wav,44.4,0.19278991,-14.298314,0.98339844,0.0,0.12402277780905202,1469.668399530237,1326.5760785482662,0.02301794,0.8324324324324325
test,audio_102.wav,59.94,0.0397961,-28.00319,0.9971924,5.109275942609276e-05,0.10581539303586322,1669.0799705229556,1806.4476401837958,0.032722056,0.5562228895562229
test,audio_52.wav,60.0746875,0.089158095,-20.996784,0.82437134,0.0,0.14704287512483355,1717.1530024586605,1413.5034360089649,0.026477484,0.6982090002548911
test,audio_172.wav,41.58,0.012795244,-37.859028,0.114471436,0.0,0.15361217765688867,1811.5654688428453,1515.2029488397598,0.070884645,0.7227032227032227
test,audio_191.wav,45.06,0.09474825,-20.468576,0.9390869,0.0,0.2076006767250943,2197.3305334862466,1652.926387077752,0.055488244,0.5
test,audio_194.wav,45.06,0.0304237,-30.33576,0.6722717,0.0,0.10925972792323053,1372.2756430780942,1337.1175859171656,0.021055797,0.6679982245894364
test,audio_67.wav,60.0746875,0.058711786,-24.625494,0.6604309,0.0,0.1919059093084221,2052.337849351759,1634.8626429222325,0.032140512,0.617143243566602
test,audio_160.wav,45.06,0.07153357,-22.909803,1.0,8.87705281846427e-05,0.18044413551142666,2083.856884504802,1743.854574273419,0.09754463,0.6171770972037284
test,audio_179.wav,45.06,0.014873367,-36.551815,0.124694824,0.0,0.08725099498003107,1470.2958689676611,1737.8734971397155,0.02442661,1.0
test,audio_55.wav,60.0746875,0.078459054,-22.10714,0.95370483,0.0,0.14113538719207724,1586.6478794735258,1309.8987264244122,0.026627544,0.6869781886089711
test,audio_145.wav,45.06,0.0072724037,-42.76644,0.31863403,0.0,0.06481194184047039,1330.5347328006671,1606.1216442107693,0.017818378,0.5539280958721704
test,audio_197.wav,45.06,0.0153575,-36.27359,0.2368164,0.0,0.11325048188928334,1717.400019497258,1823.0685644359014,0.038729567,0.9411895250776742
test,audio_139.wav,42.84,0.08206964,-21.716349,0.98495483,0.0,0.10068507511668612,1501.7966427431766,1637.3872552879725,0.031651806,0.8454715219421102
test,audio_91.wav,43.32,0.020393068,-33.81035,0.33065796,0.0,0.17068861066235863,1859.457388511948,1458.6594890437334,0.039127957,0.6731301939058172
test,audio_8.wav,57.52,0.019686133,-34.11679,0.25079346,0.0,0.1734896467060664,1903.2078095440404,1527.0668117915675,0.0283398,0.5966620305980529
test,audio_136.wav,42.18,0.014913403,-36.528465,0.14294434,0.0,0.05562633325432567,832.386848777812,1080.0652983480766,0.007403894,0.629208155523945
test,audio_199.wav,45.06,0.050734006,-25.894016,0.54364014,0.0,0.09121791449412026,1302.8272317595465,1462.6263707577266,0.039460175,0.6628939192188193
test,audio_110.wav,60.06,0.06614032,-23.590675,1.0,1.0406260406260406e-06,0.23380112524970867,2563.6013929889323,1833.7747897569736,0.120560244,0.578088578088578
test,audio_208.wav,45.06,0.052141078,-25.656399,0.62890625,0.0,0.12158300629576214,1654.7681413213759,1541.243007969686,0.037460335,0.5725699067909454
test,audio_152.wav,44.82,0.050751332,-25.891052,0.5888672,0.0,0.12707424227637742,1684.482604572878,1572.3179828067055,0.0414665,0.7460954930834449
test,audio_94.wav,45.06,0.029132636,-30.712404,1.0,2.0805592543275634e-05,0.20650645870312848,2125.9818445840097,1589.7169554140416,0.0691084,0.4786950732356858
test,audio_174.wav,45.06,0.017747631,-35.017193,0.25531006,0.0,0.13516344367095628,1578.216942184014,1408.6905342560276,0.047625076,0.6551264980026631
test,audio_23.wav,46.0124375,0.065308355,-23.700626,0.6722412,0.0,0.12128048946110387,1484.358828871059,1416.5236435047652,0.03698075,0.7815278206028533
test,audio_56.wav,60.0746875,0.067506514,-23.413086,0.8970032,0.0,0.12009443138315579,1328.668204708144,1206.0156229258469,0.03925562,0.6332117832489765
test,audio_97.wav,45.06,0.01426468,-36.914757,0.119781494,0.0,0.09682204418127358,1424.2096081129614,1637.7649632209102,0.015304266,0.9809143364403018
test,audio_148.wav,45.06,0.0042206245,-47.492466,0.07333374,0.0,0.1702174222043488,2106.4094451046385,1770.8824003023185,0.10945559,0.6395916555703507
test,audio_59.wav,60.0746875,0.073563285,-22.666779,0.8217163,0.0,0.1430088657831225,1806.6766006197251,1726.6237001392956,0.04024121,0.5837733238312726
test,audio_5.wav,36.72,0.013724862,-37.24984,0.13427734,0.0,0.0973749532058263,1495.8151821886627,1705.0619061115751,0.021375528,0.9961873638344226
test,audio_119.wav,45.06,0.009296177,-40.63391,0.085357666,0.0,0.10879083925005546,1471.9516935724532,1514.7125272646745,0.03160806,0.8754993342210386
test,audio_80.wav,56.1066875,0.07253264,-22.78933,1.0,1.1139492061440983e-06,0.20045829341917662,2094.432871534936,1285.1536365019224,0.1894729,0.5035050411771324
test,audio_58.wav,60.0746875,0.06929276,-23.186243,0.9536438,0.0,0.12004209231441411,1340.5122342153254,1218.1582232286648,0.045118805,0.5340019454949307
test,audio_123.wav,45.06,0.014587848,-36.720177,0.3751526,0.0,0.1377704993621034,1646.7519759401857,1447.3636891563458,0.040704373,0.5843320017754106
test,audio_188.wav,45.06,0.015217488,-36.35314,0.29638672,0.0,0.12160077379631684,1781.545646591724,1805.9741553370618,0.033885613,0.8921438082556591
test,audio_121.wav,45.06,0.041466184,-27.64612,1.0,1.3870395028850421e-05,0.10665267223208343,1410.7149769318319,1565.4544231971838,0.039433323,0.666444740346205
test,audio_107.wav,6.48,0.015928369,-35.956573,0.2963562,0.0,0.22980968316640987,2331.081719430028,1767.1729354499548,0.12299379,0.5524691358024691
test,audio_214.wav,46.011,0.06749651,-23.414373,0.8143616,0.0,0.14280815406345068,1678.101647573614,1467.493503003623,0.040368166,0.6655147682076026
test,audio_73.wav,60.0746875,0.08440701,-21.472431,0.87524414,0.0,0.18819633717543274,1908.0383986017919,1457.6719817497167,0.026660798,0.7067868642679165
test,audio_169.wav,45.06,0.034546897,-29.23182,0.9997864,1.8031513537505547e-05,0.1317013811848236,1660.3160535078002,1534.7762806122976,0.050384883,0.5656901908566356
test,audio_7.wav,45.0,0.08318685,-21.598907,0.86938477,0.0,0.11476746486891802,1391.4034951158994,1313.9057628974729,0.028883101,0.7851111111111111
test,audio_42.wav,54.6133125,0.057224087,-24.848423,0.74975586,0.0,0.07594731211094836,1128.992697827408,890.9073842318146,0.21624495,0.39093032490933416
test,audio_88.wav,60.0746875,0.05096415,-25.854704,0.8575134,0.0,0.125129709866012,1597.3137840022423,1573.5506653865607,0.037611485,0.5377420814715016
test,audio_64.wav,60.0746875,0.05968038,-24.483368,0.9510498,0.0,0.15044914072902796,1580.656203022652,1383.217543332874,0.033003002,0.31468640598421754
test,audio_195.wav,45.0,0.030141262,-30.416773,0.39193726,0.0,0.19979197331148635,2456.232283590375,1867.6893912756382,0.07362456,0.6951111111111111
test,audio_57.wav,60.0746875,0.075678416,-22.420559,0.7762451,0.0,0.1097426738307257,1267.8229539321314,1215.4428236403307,0.04107274,0.6217260805559746
test,audio_13.wav,45.06,0.0073530176,-42.67069,0.21688843,0.0,0.20250963778566675,2375.6448041570243,1873.7020569504814,0.10916538,0.5099866844207723
test,audio_125.wav,45.06,0.022176925,-33.081974,0.590271,0.0,0.13330435641779453,1628.894128350634,1490.63158557285,0.053907495,0.618508655126498
test,audio_209.wav,45.06,0.024173789,-32.333103,0.39065552,0.0,0.06718888673175061,1076.877645396928,1308.2782316707883,0.013118789,0.7248113626276076
test,audio_211.wav,44.92,0.08071926,-21.860456,0.58639526,0.0,0.08640784971066102,1232.826298763416,1371.8626888687993,0.015437369,0.6600623330365093
test,audio_63.wav,60.0746875,0.07681236,-22.291378,0.97943115,0.0,0.11355042235352863,1374.1664196063205,1296.9272160562823,0.026744014,0.5145261887546232
test,audio_86.wav,60.0746875,0.052648645,-25.572258,0.92404175,0.0,0.22678746046937417,2741.6321373614646,1608.9929253272985,0.11458048,0.5633768382066074
test,audio_78.wav,60.0746875,0.054357715,-25.294777,0.7168579,0.0,0.13402052471704395,1654.741896988816,1537.389190992541,0.019251095,0.564131107631646
test,audio_38.wav,60.08,0.032268707,-29.82437,0.6608887,0.0,0.301309104052255,2776.1230030223064,1863.2125364399794,0.245609,0.41860852197070575
test,audio_186.wav,45.06,0.10796085,-19.334675,1.0,0.0008585774522858411,0.1178314635566896,1447.1196459923822,1518.0281395106465,0.06338318,0.4760319573901465
test,audio_154.wav,45.06,0.016949797,-35.41671,0.25375366,0.0,0.12168874459174617,1313.9233593413985,1042.2630680115606,0.006427247,0.5874389702618731
test,audio_21.wav,45.06,0.016433582,-35.685356,0.22616577,0.0,0.1207908357832261,1776.1473186662013,1955.4892277971753,0.03731638,0.9997780736795384
test,audio_120.wav,49.2,0.02810579,-31.024084,0.5079346,0.0,0.08440627540134119,1376.0817478244196,1639.8579962598396,0.01775294,0.583739837398374
test,audio_183.wav,45.06,0.0108083,-39.324852,0.092285156,0.0,0.06029639657754604,1000.0558781603261,1311.0995787239483,0.00769009,0.9986684420772304
test,audio_25.wav,46.006375,0.021944098,-33.173645,0.9191284,0.0,0.10388366659421865,1280.760877896481,1312.5995637784026,0.0122131435,0.6599085452831265
test,audio_122.wav,45.06,0.012572496,-38.01157,0.3210144,0.0,0.10810787386287997,1494.1617291316911,1527.4674758234567,0.04096424,0.6502441189525078
test,audio_36.wav,60.08,0.046975467,-26.562578,0.67630005,0.0,0.22936363683641206,2260.146385351938,1618.9980440465308,0.13035846,0.6719374167776299
test,audio_76.wav,60.0746875,0.06560463,-23.66131,0.85842896,0.0,0.15513397501248335,1727.1059840574208,1422.4821658088442,0.017583108,0.734086215596211
test,audio_163.wav,41.94,0.081246,-21.80396,0.90112305,0.0,0.14056633641239571,1978.4535194307782,1892.7990560723906,0.04113979,1.0
test,audio_83.wav,60.0746875,0.048056714,-26.364918,0.685791,0.0,0.17842551077729693,1953.212420273719,1470.4235318982437,0.12960954,0.4281337293681303
test,audio_103.wav,60.52,0.09619517,-20.336935,0.88720703,0.0,0.08321770971006112,1279.3494276683061,1448.9369709396658,0.020603122,0.8904494382022472
test,audio_93.wav,45.06,0.032045383,-29.884691,0.3869629,0.0,0.1405049610328378,1660.216526850605,1503.7461463393631,0.054186184,0.6688859298712827
test,audio_26.wav,44.32,0.036093287,-28.85147,0.44119263,0.0,0.15783964019851116,1894.0823037476923,1630.832437331187,0.075165585,0.677572202166065
test,audio_72.wav,60.0746875,0.058477007,-24.660297,0.9941101,1.0403716207429294e-06,0.10373830985768975,1566.6288449942201,1203.634598870437,0.14574797,0.4764069725706022
test,audio_210.wav,45.72,0.059564773,-24.50021,0.5991211,0.0,0.05504071110321452,804.4041486329108,961.314731367189,0.0036912097,0.7440944881889764
test,audio_104.wav,41.72,0.123726256,-18.150763,0.9215393,0.0,0.1427176004972442,1797.229055025869,1601.1353870592293,0.02302293,0.6040268456375839
test,audio_81.wav,60.0106875,0.10619207,-19.478159,0.9937744,1.0414811528363177e-06,0.21153495709763412,2200.358370762085,1391.1329496972112,0.09619414,0.574397685412286
test,audio_166.wav,45.06,0.012347146,-38.16867,0.15084839,0.0,0.1901750922176614,2109.0826819212293,1553.9742378188616,0.06395034,0.7283621837549934
test,audio_202.wav,45.0,0.07683448,-22.288877,0.9607849,0.0,0.09885042907131748,1399.9053893522357,1514.8708739185897,0.021619732,0.9997777777777778
test,audio_185.wav,45.06,0.014059552,-37.04057,0.20812988,0.0,0.11239547509429776,1786.0488622016578,1987.6451437228925,0.033247035,1.0
test,audio_9.wav,60.0,0.057953116,-24.738464,0.59680176,0.0,0.08593001426845526,1469.00855228771,1743.1120910177278,0.023658294,0.7363333333333333
test,audio_207.wav,45.28,0.03049907,-30.314266,0.22918701,0.0,0.08573093191101788,1219.8530094065236,1351.9296053200833,0.017652616,0.7062720848056537
test,audio_127.wav,45.0,0.018858321,-34.48994,0.24551392,0.0,0.08484486086425239,1364.2754520844196,1506.3198165041733,0.010175337,0.9997777777777778
test,audio_12.wav,38.4853125,0.069967024,-23.10213,0.9913025,1.623996167369045e-06,0.16859847931280852,1873.7603392871042,1494.5020415855147,0.044005536,0.5924338018562276
test,audio_132.wav,45.06,0.06918178,-23.200167,0.99990845,4.7159343098091435e-05,0.06397816937541602,812.066265338553,975.8172236809029,0.0032893552,0.5730137594318686
test,audio_109.wav,59.76,0.008583838,-41.32637,0.19390869,0.0,0.12240541868830516,1598.9669852703523,1688.5178405725183,0.05048434,0.4359103078982597
test,audio_32.wav,52.7,0.06669469,-23.518173,0.6760254,0.0,0.24186735202048948,2445.119769552472,1624.6750286828762,0.050728615,0.674573055028463
test,audio_178.wav,45.16,0.048418485,-26.299778,0.43988037,0.0,0.15890014459264998,1708.1667769694548,1381.729347826801,0.045109928,0.728742249778565
test,audio_61.wav,60.0746875,0.06301488,-24.011137,0.6235962,0.0,0.14468241563332224,1765.3677410560952,1670.212562182289,0.03546499,0.5913420273721773
test,audio_34.wav,60.08,0.040841453,-27.777977,0.5187073,0.0,0.0915004446455317,1323.5495474831146,1434.35471409,0.024411848,0.6406458055925432
test,audio_106.wav,37.92,0.057795644,-24.762098,0.8713074,0.0,0.08593904478644872,1358.8394269338955,1526.8361465618864,0.048234243,0.9214135021097046
test,audio_49.wav,60.0746875,0.066932954,-23.487202,0.8244324,0.0,0.19301348202396804,2049.022295209453,1576.6414014948568,0.036268,0.6944688642783202
test,audio_149.wav,42.12,0.005721597,-44.849655,0.10934448,0.0,0.13159370920365535,1672.1256842113605,1561.090818846262,0.042151216,0.6837606837606838
test,audio_30.wav,60.0746875,0.08261797,-21.658508,0.7633972,0.0,0.14690796386068575,1828.5374834110376,1595.1230108584812,0.030160962,0.6667481624436249
test,audio_131.wav,45.0,0.018434439,-34.6874,0.27163696,0.0,0.16266914643968008,1874.264902372864,1581.5025758125716,0.05912278,0.6546666666666666
test,audio_162.wav,43.14,0.05136985,-25.785835,0.38726807,0.0,0.07210539180185399,1188.0291407808456,1487.7865543218281,0.01386054,0.9564209550301345
test,audio_204.wav,45.0,0.017917946,-34.934235,0.28707886,0.0,0.1912565436847367,2014.4519259136496,1468.6774886122123,0.06756052,0.6091111111111112
test,audio_198.wav,45.2,0.07484605,-22.516623,0.7854309,0.0,0.09771241152399912,1348.1582156444704,1545.6791683873362,0.023876764,0.7132743362831858
test,audio_135.wav,43.62,0.032234095,-29.83369,0.50302124,0.0,0.14076869771372907,1843.3698001792623,1769.0947483591813,0.031668458,0.9894543787253554
test,audio_187.wav,45.06,0.02059248,-33.725826,0.51852417,0.0,0.15285900751608608,1886.2942155761364,1721.0880690849601,0.06441561,0.5366178428761651
test,audio_3.wav,45.0,0.014549061,-36.7433,0.12670898,0.0,0.12511282215063319,1796.361332149892,1401.8058019807695,0.086978965,0.6357777777777778
test,audio_98.wav,45.06,0.008818243,-41.092358,0.1534729,0.0,0.1718914674395385,2035.0044387230107,1647.3038779992457,0.065482154,0.7607634265423879
test,audio_159.wav,45.06,0.023446139,-32.598576,0.52835083,0.0,0.2064982249833592,2177.2212852625926,1669.36988960835,0.10284519,0.49622725255215266
test,audio_167.wav,45.06,0.033617467,-29.4687,0.39657593,0.0,0.18606213251608608,2011.6497121003697,1541.1790303379973,0.06471714,0.5612516644474035
test,audio_205.wav,44.84,0.063573755,-23.934443,0.51968384,0.0,0.0788117509754738,1094.7780504031175,1269.4521313376242,0.015927516,0.5756021409455843
test,audio_95.wav,45.06,0.016669821,-35.56138,0.2427063,0.0,0.1676723360883071,2113.5077643407976,1852.787669231417,0.04934293,0.6584553928095872
test,audio_68.wav,60.0746875,0.032023307,-29.890675,0.9425049,0.0,0.25910049621338216,2652.6870370157685,2074.3503238423555,0.14482635,0.3414083510629997
test,audio_31.wav,60.0746875,0.07478569,-22.52363,0.9118347,0.0,0.14978563737932757,1792.9334244015781,1558.0103748800102,0.025109455,0.5739522157314593
test,audio_157.wav,44.9266875,0.070056975,-23.090973,0.81533813,0.0,0.1346799883151569,1571.721121905595,1408.6409713870703,0.018801931,0.6479444984676425
test,audio_89.wav,60.0746875,0.059616607,-24.492655,0.9501953,0.0,0.16513528836551264,1853.8411529280959,1573.7315748954375,0.047352828,0.6112391346188859
test,audio_82.wav,60.0746875,0.05278947,-25.549053,0.91296387,0.0,0.20543019463631823,2216.3229735778655,1571.0082268338479,0.1429418,0.3925894329454481
test,audio_53.wav,60.0746875,0.070847034,-22.993567,0.9364624,0.0,0.15088995922103862,1742.847675203136,1407.5445029888062,0.02659574,0.6597568651522324
test,audio_37.wav,60.08,0.04886227,-26.220528,0.6467285,0.0,0.21656935170161423,2161.501330963098,1587.1193837095852,0.109150074,0.6790945406125166
test,audio_113.wav,45.06,0.119119845,-18.480318,0.8302307,0.0,0.22692391696250278,2457.820820110916,1740.7760166977446,0.05552217,0.873058144695961
test,audio_85.wav,60.0746875,0.054272007,-25.308483,0.8985596,0.0,0.1842540024758655,2301.5478979071477,1554.3271091171011,0.0922559,0.5871025130176499
test,audio_173.wav,45.06,0.05400497,-25.351324,0.78308105,0.0,0.08185920859218992,1091.4495467226473,1196.974035224313,0.006810744,0.5055481580115402
test,audio_41.wav,60.0746875,0.055310052,-25.143919,0.6201477,0.0,0.13390316817160453,1528.4323928144952,1373.5745811477566,0.016930467,0.6801533507768975
test,audio_51.wav,60.0746875,0.08782042,-21.12809,0.94381714,0.0,0.14058273864014648,1678.9876795897164,1397.570648298866,0.022737734,0.6620092697111408
test,audio_143.wav,45.06,0.0168991,-35.44273,0.23797607,0.0,0.14742431911471046,1832.6292598366379,1694.963512184274,0.07418239,0.6387039502885042
test,audio_92.wav,45.06,0.037842378,-28.440434,0.82992554,0.0,0.06773014546816064,962.0585078374866,1123.5263249448399,0.0076069026,0.49422991566799823
test,audio_74.wav,60.0746875,0.09639296,-20.319096,0.8470154,0.0,0.16078269338798268,1668.3059734479184,1393.9317481571113,0.023609059,0.6989632696799297
test,audio_0.wav,45.12,0.018129557,-34.832256,0.19726562,0.0,0.09041501634167959,1287.2253401750913,1536.3900759173703,0.01949919,0.9995567375886525
test,audio_147.wav,45.06,0.033921093,-29.390604,0.56121826,0.0,0.11034354545706679,1111.547113586649,863.0563319935292,0.0026999477,0.6844207723035952
test,audio_130.wav,45.06,0.051545046,-25.756262,0.526001,0.0,0.09390340719991125,1531.6751625335335,1732.256026037147,0.01785576,0.8484243231247226
test,audio_192.wav,45.06,0.08778299,-21.131792,1.0,6.935197514425211e-06,0.10623058575549146,1267.9242579877982,1337.3540292165387,0.011206632,0.8672880603639591
test,audio_43.wav,60.544,0.058777288,-24.61581,0.94595337,0.0,0.21510180119735756,2210.7184192759473,1471.8085285301545,0.034124203,0.780424154334038
test,audio_65.wav,60.0746875,0.061464634,-24.227495,0.9430542,0.0,0.15393050151880824,1583.377960454553,1366.2432084858021,0.034644607,0.4148169726226208
test,audio_14.wav,45.06,0.014986053,-36.48625,0.95843506,0.0,0.06938685655646772,1345.517012414902,1605.9591673642744,0.017395562,0.09431868619618286
test,audio_117.wav,45.06,0.08012109,-21.925064,0.9992676,1.3870395028850422e-06,0.11007226605835367,1344.7707213177991,1274.7420469888746,0.020802507,0.7094984465157568
test,audio_212.wav,45.06,0.0580851,-24.718704,0.76474,0.0,0.12195135691701797,1658.431515439199,1515.3168951888822,0.030612279,0.651797603195739
test,audio_79.wav,60.0106875,0.093680106,-20.567053,0.98550415,0.0,0.19172905906364546,2118.1826521504418,1359.7243574486647,0.14382736,0.5519016925110215
test,audio_171.wav,45.06,0.040158547,-27.92444,0.48547363,0.0,0.10529887536055026,1517.7055038240198,1597.1173223294647,0.01769926,0.9760319573901465
test,audio_60.wav,60.0746875,0.09073248,-20.844746,0.9151306,0.0,0.15843101125582557,1851.0043958750766,1630.2554839379122,0.038122125,0.6691670264618522
test,audio_153.wav,45.06,0.037386443,-28.545715,0.91537476,0.0,0.09705952199356556,1051.2143337464681,882.3148634548282,0.0018229014,0.808699511762095
test,audio_176.wav,44.92,0.08505301,-21.406208,0.9685364,0.0,0.11668932923436456,1296.2494215311347,1081.4438110877309,0.015785959,0.5670080142475512
test,audio_2.wav,45.06,0.04194236,-27.546942,0.57788086,0.0,0.11668480974040382,1624.4529565315258,1653.1922055640362,0.043637373,0.7749667110519307
test,audio_50.wav,32.96,0.07399899,-22.615486,0.99298096,1.8962378640776698e-06,0.1635317144373673,1804.6002993746092,1393.1447837450155,0.02146129,0.6708131067961165
test,audio_29.wav,30.016,0.07281467,-22.755623,0.74923706,0.0,0.1453666305796136,1788.264883926142,1631.8444866939833,0.028359817,0.4450959488272921
test,audio_142.wav,45.06,0.0073832273,-42.635075,0.087005615,0.0,0.07649342342467273,1349.9521391486705,1537.79464283312,0.018856162,0.8060363959165557
test,audio_47.wav,57.2586875,0.061795313,-24.18089,0.94836426,0.0,0.08138418780562347,1199.9092744982663,892.6729013711666,0.26053813,0.2958503021921346
test,audio_84.wav,60.0746875,0.046247516,-26.69823,0.78182983,0.0,0.19151873023468707,2162.1755395028385,1508.314813043397,0.14917198,0.4434479996254662
test,audio_164.wav,44.22,0.013726588,-37.24875,0.22805786,0.0,0.1946174471512548,2141.5642404248188,1699.3074276540028,0.08828608,0.49819086386250566
test,audio_48.wav,28.2666875,0.06843802,-23.29405,0.76956177,0.0,0.16000356495401485,1824.3033270272826,1497.300886188627,0.023407524,0.641037263386451
test,audio_189.wav,45.06,0.057871073,-24.750769,0.86694336,0.0,0.11738380921344575,1403.8504410264288,1317.645250809899,0.017889943,0.533288948069241
test,audio_151.wav,43.14,0.075994015,-22.384413,1.0,9.996522948539638e-05,0.20299237760718425,2263.8451386331813,1700.4041910912379,0.1072103,0.5994436717663422
test,audio_66.wav,60.0746875,0.06085976,-24.313395,0.9387512,0.0,0.15066694927596538,1618.3047692949406,1406.7482996089896,0.04531118,0.29529908083167306
test,audio_44.wav,57.0666875,0.06862075,-23.270891,0.9463806,0.0,0.0528267779700368,820.7229548132815,675.9447462506719,0.35659596,0.3502919281936594
test,audio_150.wav,45.0,0.0070506856,-43.035374,0.09423828,0.0,0.17472723075427682,2073.266827656566,1646.5903596199487,0.050802298,0.7562222222222222
test,audio_87.wav,60.0746875,0.050903413,-25.86506,0.83795166,0.0,0.14113473701731025,1789.8338320579512,1642.5326159313831,0.05292356,0.5216839455053345
test,audio_99.wav,45.06,0.019442325,-34.225037,0.26483154,0.0,0.16854294361548702,2063.766352392555,1765.3849322144752,0.06906042,0.668220150909898
test,audio_62.wav,61.0346875,0.074063264,-22.607944,0.9196167,0.0,0.10407590053653341,1355.618481907497,1296.563384046896,0.025932701,0.5880262760418
test,audio_20.wav,45.06,0.15721145,-16.070316,1.0,0.0006838104749223258,0.12337752385178612,1492.5994530944524,1454.6166831204764,0.056983136,0.6400355082112739
test,audio_124.wav,45.06,0.0073774653,-42.641853,0.15777588,0.0,0.16367508181717327,1796.443022889612,1458.1068862825036,0.054297645,0.7414558366622281
test,audio_54.wav,60.0746875,0.07331836,-22.695744,1.0,1.0403716207429294e-06,0.13514402671438083,1531.5545345926257,1284.4446089477085,0.024671927,0.7592215939533601
test,audio_45.wav,60.5013125,0.056352757,-24.981697,0.9273987,0.0,0.20849407639233183,2212.0853164780387,1495.316223647228,0.04496874,0.7860986486863405
test,audio_71.wav,49.92,0.05860964,-24.64062,0.74401855,0.0,0.119477815817144,1455.8140748115147,1144.7316315673816,0.072986096,0.6548477564102564
test,audio_184.wav,45.06,0.013075822,-37.67062,0.1494751,0.0,0.09220249403705347,1292.8649598779189,1369.3231647695998,0.02732112,0.8071460275188638
test,audio_24.wav,45.06,0.0020347254,-53.829884,0.04232788,0.0,0.12855176669625026,2098.82514448462,2155.7026438708444,0.092253424,0.7001775410563693
test,audio_140.wav,45.06,0.017141363,-35.31909,0.2886963,0.0,0.0933270468160639,1043.7567229396193,962.9987956006629,0.0048512863,0.7627607634265424
test,audio_165.wav,41.22,0.009784724,-40.189026,0.13442993,0.0,0.20986453659349988,2237.301929689035,1647.6594033038693,0.06252214,0.7324114507520622
test,audio_170.wav,45.06,0.016776837,-35.5058,0.17218018,0.0,0.10119024919569558,1552.1083667490125,1652.667173563,0.023224171,1.0
